employee_id,country_code,business_unit,job_family,career_level,employment_type,hire_date,termination_date,termination_type,regretted_exit,source_system,record_updated_at,country_code_original,career_level_original,valid_employment_dates,retention_eligible,headcount_eligible,regretted_turnover_eligible,country_analysis_eligible,is_senior_assumed,regretted_classification,mature_6m_as_of,mature_12m_as_of,quality_flags,source_csv_line
ACP000001,BG,Supply Chain,Procurement,Individual Contributor,Permanent,2024-09-04,,,,HCM_A,2025-12-21,BG,Individual Contributor,true,true,true,true,true,false,not_applicable,true,true,,2
ACP000002,BG,Digital,Data,Manager,Permanent,2022-11-24,,,,HCM_A,2025-12-22,BG,Manager,true,true,true,true,true,false,not_applicable,true,true,,3
ACP000003,IE,Sales,Field Sales,Individual Contributor,Permanent,2025-09-21,,,,HCM_A,2025-12-23,IE,Individual Contributor,true,true,true,true,true,false,not_applicable,false,false,,4
ACP000004,IT,Digital,Product,Manager,Permanent,2020-05-29,,,,HCM_A,2025-12-24,IT,Manager,true,true,true,true,true,false,not_applicable,true,true,,5
ACP000005,RO,Finance,Accounting,Manager,Permanent,2021-05-21,,,,HCM_B,2025-12-25,RO,Manager,true,true,true,true,true,false,not_applicable,true,true,,6
ACP000006,BG,Finance,Controls,Manager,Permanent,2023-06-21,2024-10-13,Voluntary,false,HCM_A,2025-12-26,BG,Manager,true,true,true,true,true,false,false,true,true,,7
ACP000007,IT,Finance,FP&A,Manager,Permanent,2021-04-06,,,,HCM_A,2025-12-27,IT,Manager,true,true,true,true,true,false,not_applicable,true,true,,8
ACP000008,BG,Digital,Data,Individual Contributor,Permanent,2023-12-02,,,,HCM_A,2025-12-28,BG,Individual Contributor,true,true,true,true,true,false,not_applicable,true,true,,9
ACP000009,GR,Digital,Product,Individual Contributor,Permanent,2021-11-19,,,,HCM_A,2025-12-29,GR,Individual Contributor,true,true,true,true,true,false,not_applicable,true,true,,10
ACP000010,GR,Digital,Software,Individual Contributor,Fixed Term,2025-05-29,,,,HCM_B,2025-12-30,GR,Individual Contributor,true,true,true,true,true,false,not_applicable,true,false,,11
ACP000011,IT,Supply Chain,Manufacturing,Senior Leader,Permanent,2024-11-02,2025-12-08,Voluntary,true,HCM_A,2025-12-31,IT,Senior Leader,true,true,true,true,true,true,true,true,true,,12
ACP000012,IT,Supply Chain,Logistics,Senior Leader,Permanent,2020-04-14,,,,HCM_A,2025-12-20,IT,Senior Leader,true,true,true,true,true,true,not_applicable,true,true,,13
ACP000013,GR,Sales,Field Sales,Individual Contributor,Permanent,2023-05-04,,,,HCM_A,2025-12-21,GR,Individual Contributor,true,true,true,true,true,false,not_applicable,true,true,,14
ACP000014,IE,Finance,Accounting,Senior Leader,Permanent,2021-01-31,,,,HCM_A,2025-12-22,IE,Senior Leader,true,true,true,true,true,true,not_applicable,true,true,,15
ACP000015,RO,Supply Chain,Manufacturing,Individual Contributor,Fixed Term,2021-08-05,2022-03-02,Voluntary,true,HCM_B,2025-12-23,RO,Individual Contributor,true,true,true,true,true,false,true,true,true,,16
ACP000016,IT,Digital,Software,Individual Contributor,Permanent,2021-02-26,2024-01-11,End of Contract,false,HCM_A,2025-12-24,IT,Individual Contributor,true,true,true,true,true,false,false,true,true,,17
ACP000017,RO,Supply Chain,Manufacturing,Individual Contributor,Fixed Term,2023-01-24,2023-05-30,Involuntary,false,HCM_A,2025-12-25,RO,Individual Contributor,true,true,true,true,true,false,false,true,true,,18
ACP000018,IE,Sales,Key Accounts,Individual Contributor,Permanent,2023-02-24,2023-12-11,Voluntary,false,HCM_A,2025-12-26,IE,Individual Contributor,true,true,true,true,true,false,false,true,true,,19
ACP000019,PL,Digital,Product,Individual Contributor,Permanent,2021-08-04,2022-01-26,End of Contract,false,HCM_A,2025-12-27,PL,Individual Contributor,true,true,true,true,true,false,false,true,true,,20
ACP000020,PL,Digital,Product,Senior Leader,Fixed Term,2023-07-18,2024-01-09,Involuntary,false,HCM_B,2025-12-28,PL,Senior Leader,true,true,true,true,true,true,false,true,true,,21
ACP000021,RO,Digital,Data,Senior Leader,Permanent,2020-06-14,2020-07-11,Voluntary,false,HCM_A,2025-12-29,RO,Senior Leader,true,true,true,true,true,true,false,true,true,,22
ACP000022,RO,Digital,Data,Individual Contributor,Permanent,2023-10-26,,,,HCM_A,2025-12-30,RO,Individual Contributor,true,true,true,true,true,false,not_applicable,true,true,,23
ACP000023,IE,Supply Chain,Procurement,Individual Contributor,Permanent,2025-05-27,,,,HCM_A,2025-12-31,IE,Individual Contributor,true,true,true,true,true,false,not_applicable,true,false,,24
ACP000024,RO,Digital,Software,Manager,Permanent,2025-06-27,2025-12-27,Voluntary,false,HCM_A,2025-12-20,RO,Manager,true,true,true,true,true,false,false,true,false,,25
ACP000025,RO,Digital,Product,Manager,Permanent,2025-08-15,,,,HCM_B,2025-12-21,RO,Manager,true,true,true,true,true,false,not_applicable,false,false,,26
ACP000026,RO,Digital,Data,Manager,Permanent,2021-07-01,,,,HCM_A,2025-12-22,RO,Manager,true,true,true,true,true,false,not_applicable,true,true,,27
ACP000027,IE,Finance,FP&A,Manager,Permanent,2023-01-22,,,,HCM_A,2025-12-23,IE,Manager,true,true,true,true,true,false,not_applicable,true,true,,28
ACP000028,BG,Sales,Key Accounts,Senior Leader,Fixed Term,2022-02-03,,,,HCM_A,2025-12-24,BG,Senior Leader,true,true,true,true,true,true,not_applicable,true,true,,29
ACP000029,IE,Finance,Controls,Individual Contributor,Fixed Term,2024-07-23,,,,HCM_A,2025-12-25,IE,Individual Contributor,true,true,true,true,true,false,not_applicable,true,true,,30
ACP000030,BG,Sales,Key Accounts,Individual Contributor,Permanent,2020-05-23,,,,HCM_B,2025-12-26,BG,Individual Contributor,true,true,true,true,true,false,not_applicable,true,true,,31
ACP000031,IE,Supply Chain,Manufacturing,Individual Contributor,Permanent,2024-01-29,,,,HCM_A,2025-12-27,IE,Individual Contributor,true,true,true,true,true,false,not_applicable,true,true,,32
ACP000032,BG,Supply Chain,Logistics,Senior Leader,Permanent,2025-06-18,,,,HCM_A,2025-12-28,BG,Senior Leader,true,true,true,true,true,true,not_applicable,true,false,,33
ACP000033,PL,Finance,Controls,Manager,Fixed Term,2020-03-14,,,,HCM_A,2025-12-29,PL,Manager,true,true,true,true,true,false,not_applicable,true,true,,34
ACP000034,PL,Supply Chain,Procurement,Individual Contributor,Permanent,2023-09-23,,,,HCM_A,2025-12-30,PL,Individual Contributor,true,true,true,true,true,false,not_applicable,true,true,,35
ACP000035,GR,Digital,Software,Senior Leader,Permanent,2023-12-13,,,,HCM_B,2025-12-31,GR,Senior Leader,true,true,true,true,true,true,not_applicable,true,true,,36
ACP000036,GR,Digital,Software,Senior Leader,Permanent,2024-06-26,,,,HCM_A,2025-12-20,GR,Senior Leader,true,true,true,true,true,true,not_applicable,true,true,,37
ACP000037,GR,Finance,FP&A,Individual Contributor,Permanent,2024-10-23,,,,HCM_A,2025-12-21,GR,Individual Contributor,true,true,true,true,true,false,not_applicable,true,true,,38
ACP000038,IT,Supply Chain,Manufacturing,Manager,Permanent,2021-08-12,,,,HCM_A,2025-12-22,IT,Manager,true,true,true,true,true,false,not_applicable,true,true,,39
ACP000039,RO,Finance,FP&A,Individual Contributor,Permanent,2021-03-02,,,,HCM_A,2025-12-23,RO,Individual Contributor,true,true,true,true,true,false,not_applicable,true,true,,40
ACP000040,GR,Digital,Product,Individual Contributor,Permanent,2024-12-25,,,,HCM_B,2025-12-24,GR,Individual Contributor,true,true,true,true,true,false,not_applicable,true,true,,41
ACP000041,RO,Finance,Accounting,Individual Contributor,Fixed Term,2021-04-04,,,,HCM_A,2025-12-25,RO,Individual Contributor,true,true,true,true,true,false,not_applicable,true,true,,42
ACP000042,RO,Digital,Data,Manager,Permanent,2024-03-30,,,,HCM_A,2025-12-26,RO,Manager,true,true,true,true,true,false,not_applicable,true,true,,43
ACP000043,RO,Digital,Product,Manager,Permanent,2020-09-21,,,,HCM_A,2025-12-27,RO,Manager,true,true,true,true,true,false,not_applicable,true,true,,44
ACP000044,RO,Digital,Product,Individual Contributor,Fixed Term,2021-02-03,2025-07-24,Voluntary,false,HCM_A,2025-12-28,RO,Individual Contributor,true,true,true,true,true,false,false,true,true,,45
ACP000045,BG,Digital,Software,Individual Contributor,Permanent,2020-12-27,,,,HCM_B,2025-12-29,BG,Individual Contributor,true,true,true,true,true,false,not_applicable,true,true,,46
ACP000046,GR,Supply Chain,Logistics,Manager,Permanent,2021-10-11,,,,HCM_A,2025-12-30,GR,Manager,true,true,true,true,true,false,not_applicable,true,true,,47
ACP000047,BG,Sales,Field Sales,Individual Contributor,Permanent,2024-01-17,,,,HCM_A,2025-12-31,BG,Individual Contributor,true,true,true,true,true,false,not_applicable,true,true,,48
ACP000048,IT,Finance,Controls,Individual Contributor,Permanent,2021-07-08,,,,HCM_A,2025-12-20,IT,Individual Contributor,true,true,true,true,true,false,not_applicable,true,true,,49
ACP000049,PL,Sales,Field Sales,Manager,Permanent,2025-10-21,,,,HCM_A,2025-12-21,PL,Manager,true,true,true,true,true,false,not_applicable,false,false,,50
ACP000050,PL,Supply Chain,Logistics,Senior Leader,Permanent,2022-05-01,,,,HCM_B,2025-12-22,PL,Senior Leader,true,true,true,true,true,true,not_applicable,true,true,,51
ACP000051,BG,Sales,Commercial Planning,Individual Contributor,Fixed Term,2021-12-04,2022-08-04,Voluntary,true,HCM_A,2025-12-23,BG,Individual Contributor,true,true,true,true,true,false,true,true,true,,52
ACP000052,BG,Supply Chain,Procurement,Individual Contributor,Permanent,2024-07-19,,,,HCM_A,2025-12-24,BG,Individual Contributor,true,true,true,true,true,false,not_applicable,true,true,,53
ACP000053,IE,Finance,Controls,Individual Contributor,Permanent,2025-08-04,2025-12-28,End of Contract,false,HCM_A,2025-12-25,IE,Individual Contributor,true,true,true,true,true,false,false,false,false,,54
ACP000054,GR,Sales,Commercial Planning,Manager,Permanent,2023-07-31,,,,HCM_A,2025-12-26,GR,Manager,true,true,true,true,true,false,not_applicable,true,true,,55
ACP000055,IT,Finance,Accounting,Individual Contributor,Permanent,2020-09-19,,,,HCM_B,2025-12-27,IT,Individual Contributor,true,true,true,true,true,false,not_applicable,true,true,,56
ACP000056,BG,Digital,Data,Individual Contributor,Permanent,2024-05-26,,,,HCM_A,2025-12-28,BG,Individual Contributor,true,true,true,true,true,false,not_applicable,true,true,,57
ACP000057,RO,Sales,Key Accounts,Manager,Permanent,2025-10-01,2025-11-01,End of Contract,false,HCM_A,2025-12-29,RO,Manager,true,true,true,true,true,false,false,false,false,,58
ACP000058,IT,Supply Chain,Logistics,Individual Contributor,Fixed Term,2024-07-14,2025-12-22,Involuntary,false,HCM_A,2025-12-30,IT,Individual Contributor,true,true,true,true,true,false,false,true,true,,59
ACP000059,IE,Finance,Controls,Senior Leader,Permanent,2023-02-24,,,,HCM_A,2025-12-31,IE,Senior Leader,true,true,true,true,true,true,not_applicable,true,true,,60
ACP000060,IE,Supply Chain,Procurement,Senior Leader,Fixed Term,2025-03-12,,,,HCM_B,2025-12-20,IE,Senior Leader,true,true,true,true,true,true,not_applicable,true,false,,61
ACP000061,RO,Finance,Controls,Manager,Permanent,2025-11-15,,,,HCM_A,2025-12-21,RO,Manager,true,true,true,true,true,false,not_applicable,false,false,,62
ACP000062,RO,Supply Chain,Logistics,Individual Contributor,Permanent,2021-04-04,,,,HCM_A,2025-12-22,RO,Individual Contributor,true,true,true,true,true,false,not_applicable,true,true,,63
ACP000063,PL,Sales,Key Accounts,Manager,Permanent,2021-10-16,,,,HCM_A,2025-12-23,PL,Manager,true,true,true,true,true,false,not_applicable,true,true,,64
ACP000064,IE,Finance,Controls,Individual Contributor,Fixed Term,2023-04-02,,,,HCM_A,2025-12-24,IE,Individual Contributor,true,true,true,true,true,false,not_applicable,true,true,,65
ACP000065,PL,Digital,Data,Senior Leader,Permanent,2021-03-04,,,,HCM_B,2025-12-25,PL,Senior Leader,true,true,true,true,true,true,not_applicable,true,true,,66
ACP000066,IT,Sales,Key Accounts,Senior Leader,Permanent,2023-05-07,,,,HCM_A,2025-12-26,IT,Senior Leader,true,true,true,true,true,true,not_applicable,true,true,,67
ACP000067,IT,Finance,FP&A,Individual Contributor,Fixed Term,2022-09-28,,,,HCM_A,2025-12-27,IT,Individual Contributor,true,true,true,true,true,false,not_applicable,true,true,,68
ACP000068,PL,Sales,Key Accounts,Manager,Permanent,2023-03-27,2023-12-26,Voluntary,true,HCM_A,2025-12-28,PL,Manager,true,true,true,true,true,false,true,true,true,,69
ACP000069,PL,Finance,FP&A,Senior Leader,Permanent,2023-11-22,2024-11-26,Involuntary,false,HCM_A,2025-12-29,PL,Senior Leader,true,true,true,true,true,true,false,true,true,,70
ACP000070,IE,Supply Chain,Manufacturing,Senior Leader,Fixed Term,2023-04-28,2023-06-05,End of Contract,false,HCM_B,2025-12-30,IE,Senior Leader,true,true,true,true,true,true,false,true,true,,71
ACP000071,IE,Supply Chain,Manufacturing,Senior Leader,Permanent,2021-07-22,2023-06-09,End of Contract,false,HCM_A,2025-12-31,IE,Senior Leader,true,true,true,true,true,true,false,true,true,,72
ACP000072,IT,Finance,Controls,Manager,Fixed Term,2021-04-10,,,,HCM_A,2025-12-20,IT,Manager,true,true,true,true,true,false,not_applicable,true,true,,73
ACP000073,GR,Sales,Field Sales,Senior Leader,Permanent,2023-01-26,,,,HCM_A,2025-12-21,EL,Senior Leader,true,true,true,true,true,true,not_applicable,true,true,country_alias_mapped,74
ACP000074,RO,Finance,Accounting,Manager,Permanent,2024-11-06,,,,HCM_A,2025-12-22,RO,Manager,true,true,true,true,true,false,not_applicable,true,true,,75
ACP000075,PL,Finance,Accounting,Individual Contributor,Permanent,2020-12-17,,,,HCM_B,2025-12-23,PL,Individual Contributor,true,true,true,true,true,false,not_applicable,true,true,,76
ACP000076,PL,Finance,Accounting,Individual Contributor,Permanent,2025-11-15,,,,HCM_A,2025-12-24,PL,Individual Contributor,true,true,true,true,true,false,not_applicable,false,false,,77
ACP000077,BG,Supply Chain,Logistics,Manager,Permanent,2020-01-24,,,,HCM_A,2025-12-25,BG,Manager,true,true,true,true,true,false,not_applicable,true,true,,78
ACP000078,IE,Supply Chain,Logistics,Individual Contributor,Permanent,2023-03-18,2024-09-02,Voluntary,false,HCM_A,2025-12-26,IE,Individual Contributor,true,true,true,true,true,false,false,true,true,,79
ACP000079,RO,Sales,Field Sales,Manager,Permanent,2025-09-26,,,,HCM_A,2025-12-27,RO,Manager,true,true,true,true,true,false,not_applicable,false,false,,80
ACP000080,IE,Digital,Product,Individual Contributor,Fixed Term,2025-07-03,,,,HCM_B,2025-12-28,IE,Individual Contributor,true,true,true,true,true,false,not_applicable,false,false,,81
ACP000081,RO,Sales,Field Sales,Manager,Permanent,2022-06-13,,,,HCM_A,2025-12-29,RO,Manager,true,true,true,true,true,false,not_applicable,true,true,,82
ACP000082,RO,Digital,Product,Individual Contributor,Permanent,2022-04-11,2023-09-26,Voluntary,true,HCM_A,2025-12-30,RO,Individual Contributor,true,true,true,true,true,false,true,true,true,,83
ACP000083,BG,Finance,Accounting,Senior Leader,Permanent,2024-12-30,,,,HCM_A,2025-12-31,BG,Senior Leader,true,true,true,true,true,true,not_applicable,true,true,,84
ACP000084,IT,Digital,Product,Manager,Fixed Term,2021-11-02,,,,HCM_A,2025-12-20,IT,Manager,true,true,true,true,true,false,not_applicable,true,true,,85
ACP000085,BG,Supply Chain,Manufacturing,Individual Contributor,Permanent,2023-06-08,,,,HCM_B,2025-12-21,BG,Individual Contributor,true,true,true,true,true,false,not_applicable,true,true,,86
ACP000086,IE,Digital,Product,Individual Contributor,Permanent,2025-08-30,,,,HCM_A,2025-12-22,IE,Individual Contributor,true,true,true,true,true,false,not_applicable,false,false,,87
ACP000087,IE,Supply Chain,Manufacturing,Individual Contributor,Fixed Term,2020-09-19,2021-05-13,Voluntary,false,HCM_A,2025-12-23,IE,Individual Contributor,true,true,true,true,true,false,false,true,true,,88
ACP000088,PL,Finance,Controls,Manager,Permanent,2021-08-10,,,,HCM_A,2025-12-24,PL,Manager,true,true,true,true,true,false,not_applicable,true,true,,89
ACP000089,GR,Digital,Software,Manager,Permanent,2021-10-07,2022-01-05,,,HCM_A,2025-12-25,GR,Manager,true,true,true,true,true,false,unknown,true,true,termination_type_unknown|regretted_classification_unknown,90
ACP000090,PL,Digital,Software,Individual Contributor,Permanent,2023-07-06,,,,HCM_B,2025-12-26,PL,Individual Contributor,true,true,true,true,true,false,not_applicable,true,true,,91
ACP000091,IT,Digital,Software,Individual Contributor,Permanent,2022-12-24,2024-06-18,End of Contract,false,HCM_A,2025-12-27,IT,Individual Contributor,true,true,true,true,true,false,false,true,true,,92
ACP000092,IE,Finance,Controls,Individual Contributor,Permanent,2021-06-03,,,,HCM_A,2025-12-28,IE,Individual Contributor,true,true,true,true,true,false,not_applicable,true,true,,93
ACP000093,GR,Sales,Field Sales,Senior Leader,Fixed Term,2021-07-02,2022-01-28,Voluntary,true,HCM_A,2025-12-29,GR,Senior Leader,true,true,true,true,true,true,true,true,true,,94
ACP000094,IT,Supply Chain,Logistics,Individual Contributor,Fixed Term,2021-08-13,2024-06-18,End of Contract,false,HCM_A,2025-12-30,IT,Individual Contributor,true,true,true,true,true,false,false,true,true,,95
ACP000095,IE,Digital,Software,Individual Contributor,Permanent,2025-04-08,,,,HCM_B,2025-12-31,IE,Individual Contributor,true,true,true,true,true,false,not_applicable,true,false,,96
ACP000096,IE,Finance,Controls,Manager,Fixed Term,2022-06-22,2022-08-03,Involuntary,false,HCM_A,2025-12-20,IE,Manager,true,true,true,true,true,false,false,true,true,,97
ACP000097,IT,Sales,Field Sales,Manager,Permanent,2020-08-22,,,,HCM_A,2025-12-21,IT,Manager,true,true,true,true,true,false,not_applicable,true,true,,98
ACP000098,RO,Digital,Software,Manager,Permanent,2024-08-30,2025-03-20,End of Contract,false,HCM_A,2025-12-22,RO,Manager,true,true,true,true,true,false,false,true,true,,99
ACP000099,RO,Supply Chain,Manufacturing,Individual Contributor,Fixed Term,2024-08-09,2025-08-21,Voluntary,false,HCM_A,2025-12-23,RO,Individual Contributor,true,true,true,true,true,false,false,true,true,,100
ACP000100,GR,Digital,Product,Manager,Permanent,2025-06-14,,,,HCM_B,2025-12-24,GR,Manager,true,true,true,true,true,false,not_applicable,true,false,,101
ACP000101,PL,Digital,Product,Individual Contributor,Permanent,2023-09-17,,,,HCM_A,2025-12-25,PL,Individual Contributor,true,true,true,true,true,false,not_applicable,true,true,,102
ACP000102,PL,Sales,Field Sales,Senior Leader,Permanent,2021-11-21,,,,HCM_A,2025-12-26,PL,Sr Mgmt,true,true,true,true,true,true,not_applicable,true,true,seniority_mapping_assumed,103
ACP000103,PL,Digital,Product,Manager,Permanent,2025-04-19,,,,HCM_A,2025-12-27,PL,Manager,true,true,true,true,true,false,not_applicable,true,false,,104
ACP000104,BG,Sales,Commercial Planning,Senior Leader,Permanent,2021-10-25,,,,HCM_A,2025-12-28,BG,Senior Leader,true,true,true,true,true,true,not_applicable,true,true,,105
ACP000105,RO,Sales,Commercial Planning,Individual Contributor,Permanent,2024-06-16,,,,HCM_B,2025-12-29,RO,Individual Contributor,true,true,true,true,true,false,not_applicable,true,true,,106
ACP000106,PL,Digital,Software,Manager,Permanent,2023-07-30,2025-04-28,Involuntary,false,HCM_A,2025-12-30,PL,Manager,true,true,true,true,true,false,false,true,true,,107
ACP000107,GR,Sales,Field Sales,Individual Contributor,Permanent,2020-08-25,,,,HCM_A,2025-12-31,GR,Individual Contributor,true,true,true,true,true,false,not_applicable,true,true,,108
ACP000108,IT,Digital,Product,Individual Contributor,Permanent,2025-03-23,,,,HCM_A,2025-12-20,IT,Individual Contributor,true,true,true,true,true,false,not_applicable,true,false,,109
ACP000109,GR,Sales,Key Accounts,Manager,Permanent,2020-03-14,,,,HCM_A,2025-12-21,GR,Manager,true,true,true,true,true,false,not_applicable,true,true,,110
ACP000110,PL,Supply Chain,Manufacturing,Manager,Permanent,2025-06-14,,,,HCM_B,2025-12-22,PL,Manager,true,true,true,true,true,false,not_applicable,true,false,,111
ACP000111,BG,Supply Chain,Manufacturing,Senior Leader,Permanent,2022-09-21,,,,HCM_A,2025-12-23,BG,Senior Leader,true,true,true,true,true,true,not_applicable,true,true,,112
ACP000112,RO,Digital,Data,Individual Contributor,Permanent,2024-08-04,,,,HCM_A,2025-12-24,RO,Individual Contributor,true,true,true,true,true,false,not_applicable,true,true,,113
ACP000113,RO,Digital,Data,Individual Contributor,Permanent,2024-01-07,,,,HCM_A,2025-12-25,RO,Individual Contributor,true,true,true,true,true,false,not_applicable,true,true,,114
ACP000114,IT,Finance,Accounting,Individual Contributor,Permanent,2020-01-10,,,,HCM_A,2025-12-26,IT,Individual Contributor,true,true,true,true,true,false,not_applicable,true,true,,115
ACP000115,IT,Finance,Accounting,Manager,Permanent,2020-03-21,,,,HCM_B,2025-12-27,IT,Manager,true,true,true,true,true,false,not_applicable,true,true,,116
ACP000116,GR,Finance,Accounting,Individual Contributor,Fixed Term,2023-07-15,,,,HCM_A,2025-12-28,GR,Individual Contributor,true,true,true,true,true,false,not_applicable,true,true,,117
ACP000117,BG,Sales,Commercial Planning,Individual Contributor,Permanent,2020-01-02,,,,HCM_A,2025-12-29,BG,Individual Contributor,true,true,true,true,true,false,not_applicable,true,true,,118
ACP000118,IE,Finance,Accounting,Individual Contributor,Permanent,2020-06-18,,,,HCM_A,2025-12-30,IE,Individual Contributor,true,true,true,true,true,false,not_applicable,true,true,,119
ACP000119,IT,Sales,Commercial Planning,Individual Contributor,Permanent,2024-05-08,2024-11-15,Voluntary,false,HCM_A,2025-12-31,IT,Individual Contributor,true,true,true,true,true,false,false,true,true,,120
ACP000120,,Supply Chain,Manufacturing,Individual Contributor,Permanent,2021-12-02,,,,HCM_B,2025-12-20,,Individual Contributor,true,true,true,true,false,false,not_applicable,true,true,missing_or_unknown_country,121
ACP000121,PL,Finance,Controls,Individual Contributor,Permanent,2024-05-26,,,,HCM_A,2025-12-21,PL,Individual Contributor,true,true,true,true,true,false,not_applicable,true,true,,122
ACP000122,RO,Finance,Controls,Individual Contributor,Fixed Term,2022-11-18,2022-12-07,Involuntary,false,HCM_A,2025-12-22,RO,Individual Contributor,true,true,true,true,true,false,false,true,true,,123
ACP000123,RO,Sales,Key Accounts,Manager,Permanent,2023-08-19,,,,HCM_A,2025-12-23,RO,Manager,true,true,true,true,true,false,not_applicable,true,true,,124
ACP000124,IE,Supply Chain,Manufacturing,Manager,Fixed Term,2024-11-22,,,,HCM_A,2025-12-24,IE,Manager,true,true,true,true,true,false,not_applicable,true,true,,125
ACP000125,IT,Finance,Controls,Manager,Fixed Term,2025-02-28,,,,HCM_B,2025-12-25,IT,Manager,true,true,true,true,true,false,not_applicable,true,false,,126
ACP000126,IT,Supply Chain,Procurement,Individual Contributor,Fixed Term,2021-07-10,2021-09-26,Voluntary,false,HCM_A,2025-12-26,IT,Individual Contributor,true,true,true,true,true,false,false,true,true,,127
ACP000127,IE,Supply Chain,Procurement,Individual Contributor,Permanent,2023-05-26,,,,HCM_A,2025-12-27,IE,Individual Contributor,true,true,true,true,true,false,not_applicable,true,true,,128
ACP000128,PL,Sales,Commercial Planning,Manager,Permanent,2021-07-04,2024-05-09,Voluntary,true,HCM_A,2025-12-28,PL,Manager,true,true,true,true,true,false,true,true,true,,129
ACP000129,GR,Digital,Product,Individual Contributor,Permanent,2020-06-24,,,,HCM_A,2025-12-29,GR,Individual Contributor,true,true,true,true,true,false,not_applicable,true,true,,130
ACP000130,BG,Finance,Accounting,Individual Contributor,Permanent,2020-02-05,,,,HCM_B,2025-12-30,BG,Individual Contributor,true,true,true,true,true,false,not_applicable,true,true,,131
ACP000131,PL,Digital,Software,Individual Contributor,Fixed Term,2022-11-25,,,,HCM_A,2025-12-31,PL,Individual Contributor,true,true,true,true,true,false,not_applicable,true,true,,132
ACP000132,IE,Sales,Commercial Planning,Individual Contributor,Permanent,2020-09-28,2021-02-21,Voluntary,false,HCM_A,2025-12-20,IE,Individual Contributor,true,true,true,true,true,false,false,true,true,,133
ACP000133,IT,Supply Chain,Logistics,Individual Contributor,Permanent,2021-09-02,,,,HCM_A,2025-12-21,IT,Individual Contributor,true,true,true,true,true,false,not_applicable,true,true,,134
ACP000134,RO,Finance,Accounting,Individual Contributor,Permanent,2024-08-15,2025-11-29,Voluntary,true,HCM_A,2025-12-22,RO,Individual Contributor,true,true,true,true,true,false,true,true,true,,135
ACP000135,BG,Sales,Field Sales,Manager,Permanent,2024-02-06,,,,HCM_B,2025-12-23,BG,Manager,true,true,true,true,true,false,not_applicable,true,true,,136
ACP000136,RO,Sales,Field Sales,Individual Contributor,Permanent,2023-04-19,2025-10-26,Involuntary,false,HCM_A,2025-12-24,RO,Individual Contributor,true,true,true,true,true,false,false,true,true,,137
ACP000137,IE,Finance,Accounting,Individual Contributor,Permanent,2024-08-17,2025-10-21,End of Contract,false,HCM_A,2025-12-25,IE,Individual Contributor,true,true,true,true,true,false,false,true,true,,138
ACP000138,RO,Finance,FP&A,Individual Contributor,Permanent,2022-12-02,,,,HCM_A,2025-12-26,RO,Individual Contributor,true,true,true,true,true,false,not_applicable,true,true,,139
ACP000139,PL,Supply Chain,Procurement,Manager,Permanent,2021-02-20,2021-06-11,Involuntary,false,HCM_A,2025-12-27,PL,Manager,true,true,true,true,true,false,false,true,true,,140
ACP000140,IT,Finance,Controls,Individual Contributor,Permanent,2023-07-21,,,,HCM_B,2025-12-28,IT,Individual Contributor,true,true,true,true,true,false,not_applicable,true,true,,141
ACP000141,IE,Digital,Software,Manager,Fixed Term,2021-09-07,2022-05-06,Voluntary,true,HCM_A,2025-12-29,IE,Manager,true,true,true,true,true,false,true,true,true,,142
ACP000142,GR,Finance,Controls,Individual Contributor,Permanent,2020-09-28,,,,HCM_A,2025-12-30,GR,Individual Contributor,true,true,true,true,true,false,not_applicable,true,true,,143
ACP000143,PL,Finance,Controls,Manager,Fixed Term,2022-05-05,,,,HCM_A,2025-12-31,PL,Manager,true,true,true,true,true,false,not_applicable,true,true,,144
ACP000144,RO,Digital,Product,Individual Contributor,Permanent,2020-07-17,,,,HCM_A,2025-12-20,RO,Individual Contributor,true,true,true,true,true,false,not_applicable,true,true,,145
ACP000145,PL,Finance,Controls,Individual Contributor,Permanent,2020-04-09,,,,HCM_B,2025-12-21,PL,Individual Contributor,true,true,true,true,true,false,not_applicable,true,true,,146
ACP000146,BG,Digital,Data,Individual Contributor,Permanent,2023-03-05,,,,HCM_A,2025-12-22,BG,Individual Contributor,true,true,true,true,true,false,not_applicable,true,true,,147
ACP000147,RO,Sales,Field Sales,Manager,Permanent,2023-08-10,2024-07-08,End of Contract,false,HCM_A,2025-12-23,RO,Manager,true,true,true,true,true,false,false,true,true,,148
ACP000148,IE,Supply Chain,Procurement,Manager,Permanent,2023-05-19,,,,HCM_A,2025-12-24,IE,Manager,true,true,true,true,true,false,not_applicable,true,true,,149
ACP000149,BG,Sales,Commercial Planning,Manager,Permanent,2025-03-29,,,,HCM_A,2025-12-25,BG,Manager,true,true,true,true,true,false,not_applicable,true,false,,150
ACP000150,BG,Supply Chain,Manufacturing,Individual Contributor,Permanent,2024-04-10,2024-09-16,End of Contract,false,HCM_B,2025-12-26,BG,Individual Contributor,true,true,true,true,true,false,false,true,true,,151
ACP000151,IT,Sales,Key Accounts,Manager,Permanent,2021-11-20,2023-05-27,Voluntary,true,HCM_A,2025-12-27,IT,Manager,true,true,true,true,true,false,true,true,true,,152
ACP000152,IE,Supply Chain,Logistics,Senior Leader,Permanent,2025-04-21,,,,HCM_A,2025-12-28,IE,Senior Leader,true,true,true,true,true,true,not_applicable,true,false,,153
ACP000153,GR,Finance,Accounting,Manager,Permanent,2024-12-15,,,,HCM_A,2025-12-29,GR,Manager,true,true,true,true,true,false,not_applicable,true,true,,154
ACP000154,GR,Digital,Data,Manager,Permanent,2023-08-04,,,,HCM_A,2025-12-30,GR,Manager,true,true,true,true,true,false,not_applicable,true,true,,155
ACP000155,GR,Digital,Product,Individual Contributor,Permanent,2020-10-30,2024-02-07,Voluntary,true,HCM_B,2025-12-31,GR,Individual Contributor,true,true,true,true,true,false,true,true,true,,156
ACP000156,BG,Supply Chain,Procurement,Individual Contributor,Permanent,2023-06-20,2025-01-28,Voluntary,true,HCM_A,2025-12-20,BG,Individual Contributor,true,true,true,true,true,false,true,true,true,,157
ACP000157,IT,Finance,Accounting,Individual Contributor,Permanent,2024-04-20,2024-12-05,Voluntary,false,HCM_A,2025-12-21,IT,Individual Contributor,true,true,true,true,true,false,false,true,true,,158
ACP000158,BG,Finance,Accounting,Senior Leader,Permanent,2021-01-08,,,,HCM_A,2025-12-22,BG,Senior Leader,true,true,true,true,true,true,not_applicable,true,true,,159
ACP000159,BG,Digital,Product,Individual Contributor,Permanent,,,,,HCM_A,2025-12-23,BG,Individual Contributor,false,false,false,false,false,false,not_applicable,false,false,missing_hire_date,160
ACP000160,RO,Supply Chain,Procurement,Manager,Permanent,2025-05-03,2025-12-15,Voluntary,false,HCM_B,2025-12-24,RO,Manager,true,true,true,true,true,false,false,true,false,,161
ACP000161,PL,Sales,Field Sales,Senior Leader,Permanent,2025-08-09,,,,HCM_A,2025-12-25,PL,Senior Leader,true,true,true,true,true,true,not_applicable,false,false,,162
ACP000162,BG,Digital,Software,Manager,Permanent,2025-07-15,,,,HCM_A,2025-12-26,BG,Manager,true,true,true,true,true,false,not_applicable,false,false,,163
ACP000163,RO,Finance,Controls,Senior Leader,Permanent,2023-02-08,,,,HCM_A,2025-12-27,RO,Senior Leader,true,true,true,true,true,true,not_applicable,true,true,,164
ACP000164,BG,Digital,Data,Senior Leader,Permanent,2021-09-18,2022-03-09,Voluntary,true,HCM_A,2025-12-28,BG,Senior Leader,true,true,true,true,true,true,true,true,true,,165
ACP000165,PL,Digital,Software,Individual Contributor,Fixed Term,2021-12-11,,,,HCM_B,2025-12-29,PL,Individual Contributor,true,true,true,true,true,false,not_applicable,true,true,,166
ACP000166,PL,Supply Chain,Procurement,Manager,Permanent,2021-09-19,,,,HCM_A,2025-12-30,PL,Manager,true,true,true,true,true,false,not_applicable,true,true,,167
ACP000167,IE,Supply Chain,Manufacturing,Senior Leader,Permanent,2020-11-21,,,,HCM_A,2025-12-31,IE,Senior Leader,true,true,true,true,true,true,not_applicable,true,true,,168
ACP000168,PL,Finance,FP&A,Individual Contributor,Fixed Term,2024-06-21,,,,HCM_A,2025-12-20,PL,Individual Contributor,true,true,true,true,true,false,not_applicable,true,true,,169
ACP000169,RO,Sales,Key Accounts,Individual Contributor,Permanent,2023-10-03,2025-02-14,Voluntary,true,HCM_A,2025-12-21,RO,Individual Contributor,true,true,true,true,true,false,true,true,true,,170
ACP000170,PL,Supply Chain,Logistics,Individual Contributor,Permanent,2021-02-03,,,,HCM_B,2025-12-22,PL,Individual Contributor,true,true,true,true,true,false,not_applicable,true,true,,171
ACP000171,IE,Digital,Product,Manager,Permanent,2020-05-29,2024-01-03,Voluntary,true,HCM_A,2025-12-23,IE,Manager,true,true,true,true,true,false,true,true,true,,172
ACP000172,RO,Sales,Field Sales,Individual Contributor,Permanent,2025-01-04,,,,HCM_A,2025-12-24,RO,Individual Contributor,true,true,true,true,true,false,not_applicable,true,false,,173
ACP000173,IE,Digital,Product,Manager,Permanent,2022-08-27,,,,HCM_A,2025-12-25,IE,Manager,true,true,true,true,true,false,not_applicable,true,true,,174
ACP000174,RO,Supply Chain,Manufacturing,Individual Contributor,Permanent,2022-05-19,,,,HCM_A,2025-12-26,RO,Individual Contributor,true,true,true,true,true,false,not_applicable,true,true,,175
ACP000175,IE,Digital,Product,Manager,Permanent,2021-02-21,2025-12-03,Voluntary,false,HCM_B,2025-12-27,IE,Manager,true,true,true,true,true,false,false,true,true,,176
ACP000176,BG,Finance,FP&A,Individual Contributor,Permanent,2020-04-19,2024-07-11,Voluntary,true,HCM_A,2025-12-28,BG,Individual Contributor,true,true,true,true,true,false,true,true,true,,177
ACP000177,IE,Digital,Data,Individual Contributor,Permanent,2024-11-02,2025-12-11,End of Contract,false,HCM_A,2025-12-29,IE,Individual Contributor,true,true,true,true,true,false,false,true,true,,178
ACP000178,RO,Finance,FP&A,Manager,Permanent,2021-03-04,2023-03-22,Involuntary,false,HCM_A,2025-12-30,RO,Manager,true,true,true,true,true,false,false,true,true,,179
ACP000179,IT,Sales,Key Accounts,Individual Contributor,Permanent,2025-05-17,,,,HCM_A,2025-12-31,IT,Individual Contributor,true,true,true,true,true,false,not_applicable,true,false,,180
ACP000180,IE,Finance,Accounting,Manager,Permanent,2025-04-06,,,,HCM_B,2025-12-20,IE,Manager,true,true,true,true,true,false,not_applicable,true,false,,181
ACP000181,IT,Finance,FP&A,Individual Contributor,Permanent,2025-10-14,2025-11-09,End of Contract,false,HCM_A,2025-12-21,IT,Individual Contributor,true,true,true,true,true,false,false,false,false,,182
ACP000182,IE,Sales,Commercial Planning,Individual Contributor,Permanent,2022-12-12,,,,HCM_A,2025-12-22,IE,Individual Contributor,true,true,true,true,true,false,not_applicable,true,true,,183
ACP000183,BG,Supply Chain,Procurement,Manager,Permanent,2022-07-23,,,,HCM_A,2025-12-23,BG,Manager,true,true,true,true,true,false,not_applicable,true,true,,184
ACP000184,BG,Finance,Accounting,Senior Leader,Fixed Term,2022-09-08,,,,HCM_A,2025-12-24,BG,Senior Leader,true,true,true,true,true,true,not_applicable,true,true,,185
ACP000185,IE,Digital,Product,Senior Leader,Permanent,2023-02-06,2023-12-20,End of Contract,false,HCM_B,2025-12-25,IE,Senior Leader,true,true,true,true,true,true,false,true,true,,186
ACP000186,PL,Finance,FP&A,Manager,Permanent,2021-12-26,,,,HCM_A,2025-12-26,PL,Manager,true,true,true,true,true,false,not_applicable,true,true,,187
ACP000187,PL,Supply Chain,Logistics,Individual Contributor,Permanent,2025-07-14,,,,HCM_A,2025-12-27,PL,Individual Contributor,true,true,true,true,true,false,not_applicable,false,false,,188
ACP000188,GR,Supply Chain,Logistics,Senior Leader,Permanent,2022-08-15,,,,HCM_A,2025-12-28,GR,Senior Leader,true,true,true,true,true,true,not_applicable,true,true,,189
ACP000189,PL,Sales,Field Sales,Individual Contributor,Permanent,2022-11-22,2024-10-08,End of Contract,false,HCM_A,2025-12-29,PL,Individual Contributor,true,true,true,true,true,false,false,true,true,,190
ACP000190,GR,Supply Chain,Logistics,Individual Contributor,Permanent,2021-04-27,,,,HCM_B,2025-12-30,GR,Individual Contributor,true,true,true,true,true,false,not_applicable,true,true,,191
ACP000191,GR,Digital,Data,Senior Leader,Permanent,2024-07-09,,,,HCM_A,2025-12-31,GR,Senior Leader,true,true,true,true,true,true,not_applicable,true,true,,192
ACP000192,PL,Digital,Data,Manager,Permanent,2022-12-09,2025-11-13,Voluntary,false,HCM_A,2025-12-20,PL,Manager,true,true,true,true,true,false,false,true,true,,193
ACP000193,BG,Supply Chain,Procurement,Manager,Permanent,2021-12-21,,,,HCM_A,2025-12-21,BG,Manager,true,true,true,true,true,false,not_applicable,true,true,,194
ACP000194,GR,Digital,Product,Individual Contributor,Permanent,2023-08-11,,,,HCM_A,2025-12-22,GR,Individual Contributor,true,true,true,true,true,false,not_applicable,true,true,,195
ACP000195,RO,Finance,Accounting,Individual Contributor,Permanent,2020-08-22,,,,HCM_B,2025-12-23,RO,Individual Contributor,true,true,true,true,true,false,not_applicable,true,true,,196
ACP000196,IT,Sales,Field Sales,Individual Contributor,Fixed Term,2020-12-19,,,,HCM_A,2025-12-24,IT,Individual Contributor,true,true,true,true,true,false,not_applicable,true,true,,197
ACP000197,GR,Supply Chain,Logistics,Senior Leader,Permanent,2021-02-07,,,,HCM_A,2025-12-25,GR,Senior Leader,true,true,true,true,true,true,not_applicable,true,true,,198
ACP000198,RO,Supply Chain,Manufacturing,Manager,Fixed Term,2025-09-30,,,,HCM_A,2025-12-26,RO,Manager,true,true,true,true,true,false,not_applicable,false,false,,199
ACP000199,IT,Finance,FP&A,Manager,Permanent,2020-05-22,,,,HCM_A,2025-12-27,IT,Manager,true,true,true,true,true,false,not_applicable,true,true,,200
ACP000200,BG,Digital,Software,Manager,Permanent,2025-09-13,,,,HCM_B,2025-12-28,BG,Manager,true,true,true,true,true,false,not_applicable,false,false,,201
ACP000201,BG,Sales,Key Accounts,Manager,Permanent,2024-10-01,2025-11-05,Voluntary,true,HCM_A,2025-12-29,BG,Manager,true,true,true,true,true,false,true,true,true,,202
ACP000202,BG,Finance,FP&A,Manager,Permanent,2020-09-26,,,,HCM_A,2025-12-30,BG,Manager,true,true,true,true,true,false,not_applicable,true,true,,203
ACP000203,BG,Supply Chain,Procurement,Individual Contributor,Permanent,2024-09-16,,,,HCM_A,2025-12-31,BG,Individual Contributor,true,true,true,true,true,false,not_applicable,true,true,,204
ACP000204,GR,Digital,Product,Individual Contributor,Permanent,2020-02-04,,,,HCM_A,2025-12-20,GR,Individual Contributor,true,true,true,true,true,false,not_applicable,true,true,,205
ACP000205,GR,Finance,Controls,Individual Contributor,Permanent,2024-04-15,,,,HCM_B,2025-12-21,GR,Individual Contributor,true,true,true,true,true,false,not_applicable,true,true,,206
ACP000206,GR,Sales,Key Accounts,Individual Contributor,Fixed Term,2023-10-04,2023-09-24,Voluntary,true,HCM_A,2025-12-22,GR,Individual Contributor,false,false,false,false,false,false,true,false,false,termination_before_hire,207
ACP000207,IT,Finance,FP&A,Individual Contributor,Permanent,2023-03-27,,,,HCM_A,2025-12-23,IT,Individual Contributor,true,true,true,true,true,false,not_applicable,true,true,,208
ACP000208,IE,Digital,Data,Individual Contributor,Permanent,2022-03-03,,,,HCM_A,2025-12-24,IE,Individual Contributor,true,true,true,true,true,false,not_applicable,true,true,,209
ACP000209,IE,Supply Chain,Logistics,Manager,Permanent,2023-03-21,,,,HCM_A,2025-12-25,IE,Manager,true,true,true,true,true,false,not_applicable,true,true,,210
ACP000210,IT,Supply Chain,Procurement,Individual Contributor,Permanent,2023-03-25,,,,HCM_B,2025-12-26,IT,Individual Contributor,true,true,true,true,true,false,not_applicable,true,true,,211
ACP000211,IT,Finance,FP&A,Manager,Permanent,2025-01-16,2025-05-09,Voluntary,true,HCM_A,2025-12-27,IT,Manager,true,true,true,true,true,false,true,true,false,,212
ACP000212,RO,Digital,Data,Individual Contributor,Permanent,2025-08-16,2025-12-23,End of Contract,false,HCM_A,2025-12-28,RO,Individual Contributor,true,true,true,true,true,false,false,false,false,,213
ACP000213,IT,Sales,Key Accounts,Individual Contributor,Permanent,2021-08-07,2022-01-02,Involuntary,false,HCM_A,2025-12-29,IT,Individual Contributor,true,true,true,true,true,false,false,true,true,,214
ACP000214,BG,Sales,Commercial Planning,Manager,Permanent,2022-01-27,,,,HCM_A,2025-12-30,BG,Manager,true,true,true,true,true,false,not_applicable,true,true,,215
ACP000215,GR,Supply Chain,Logistics,Individual Contributor,Fixed Term,2021-02-13,,,,HCM_B,2025-12-31,GR,Individual Contributor,true,true,true,true,true,false,not_applicable,true,true,,216
ACP000216,GR,Finance,FP&A,Individual Contributor,Permanent,2022-05-07,,,,HCM_A,2025-12-20,GR,Individual Contributor,true,true,true,true,true,false,not_applicable,true,true,,217
ACP000217,GR,Sales,Commercial Planning,Individual Contributor,Permanent,2023-11-01,2025-03-28,Voluntary,false,HCM_A,2025-12-21,GR,Individual Contributor,true,true,true,true,true,false,false,true,true,,218
ACP000218,PL,Digital,Software,Manager,Fixed Term,2023-02-26,2023-12-30,Voluntary,true,HCM_A,2025-12-22,PL,Manager,true,true,true,true,true,false,true,true,true,,219
ACP000219,PL,Sales,Key Accounts,Senior Leader,Permanent,2023-11-18,,,,HCM_A,2025-12-23,PL,Senior Leader,true,true,true,true,true,true,not_applicable,true,true,,220
ACP000220,PL,Supply Chain,Logistics,Individual Contributor,Permanent,2020-07-10,,,,HCM_B,2025-12-24,PL,Individual Contributor,true,true,true,true,true,false,not_applicable,true,true,,221
ACP000221,IE,Sales,Commercial Planning,Manager,Permanent,2023-04-30,2023-12-17,Voluntary,false,HCM_A,2025-12-25,IE,Manager,true,true,true,true,true,false,false,true,true,,222
ACP000222,BG,Finance,FP&A,Individual Contributor,Fixed Term,2025-06-07,2025-12-14,Voluntary,true,HCM_A,2025-12-26,BG,Individual Contributor,true,true,true,true,true,false,true,true,false,,223
ACP000223,RO,Digital,Product,Manager,Permanent,2020-01-09,,,,HCM_A,2025-12-27,RO,Manager,true,true,true,true,true,false,not_applicable,true,true,,224
ACP000224,GR,Sales,Commercial Planning,Senior Leader,Permanent,2021-12-18,,,,HCM_A,2025-12-28,GR,Senior Leader,true,true,true,true,true,true,not_applicable,true,true,,225
ACP000225,GR,Finance,FP&A,Senior Leader,Permanent,2022-01-06,,,,HCM_B,2025-12-29,GR,Senior Leader,true,true,true,true,true,true,not_applicable,true,true,,226
ACP000226,BG,Supply Chain,Logistics,Individual Contributor,Permanent,2023-08-24,,,,HCM_A,2025-12-30,BG,Individual Contributor,true,true,true,true,true,false,not_applicable,true,true,,227
ACP000227,GR,Digital,Software,Manager,Fixed Term,2020-05-30,2020-06-27,End of Contract,false,HCM_A,2025-12-31,GR,Manager,true,true,true,true,true,false,false,true,true,,228
ACP000228,IT,Sales,Field Sales,Manager,Permanent,2024-05-11,2025-12-13,Voluntary,false,HCM_A,2025-12-20,IT,Manager,true,true,true,true,true,false,false,true,true,,229
ACP000229,GR,Supply Chain,Procurement,Individual Contributor,Fixed Term,2022-09-17,,,,HCM_A,2025-12-21,GR,Individual Contributor,true,true,true,true,true,false,not_applicable,true,true,,230
ACP000230,GR,Supply Chain,Logistics,Manager,Permanent,2020-02-26,,,,HCM_B,2025-12-22,GR,Manager,true,true,true,true,true,false,not_applicable,true,true,,231
ACP000231,PL,Finance,FP&A,Senior Leader,Permanent,2024-12-28,,,,HCM_A,2025-12-23,PL,Senior Leader,true,true,true,true,true,true,not_applicable,true,true,,232
ACP000232,PL,Digital,Software,Manager,Permanent,2023-05-10,,,,HCM_A,2025-12-24,PL,Manager,true,true,true,true,true,false,not_applicable,true,true,,233
ACP000233,IE,Sales,Key Accounts,Senior Leader,Fixed Term,2024-03-06,,,,HCM_A,2025-12-25,IE,Senior Leader,true,true,true,true,true,true,not_applicable,true,true,,234
ACP000234,PL,Digital,Software,Individual Contributor,Permanent,2024-07-13,2024-12-19,Voluntary,true,HCM_A,2025-12-26,PL,Individual Contributor,true,true,true,true,true,false,true,true,true,,235
ACP000235,IT,Sales,Commercial Planning,Individual Contributor,Permanent,2024-09-30,,,,HCM_B,2025-12-27,IT,Individual Contributor,true,true,true,true,true,false,not_applicable,true,true,,236
ACP000236,BG,Supply Chain,Procurement,Individual Contributor,Fixed Term,2021-09-18,2021-12-16,End of Contract,false,HCM_A,2025-12-28,BG,Individual Contributor,true,true,true,true,true,false,false,true,true,,237
ACP000237,IE,Finance,Controls,Senior Leader,Permanent,2020-11-21,,,,HCM_A,2025-12-29,IE,Senior Leader,true,true,true,true,true,true,not_applicable,true,true,,238
ACP000238,GR,Sales,Field Sales,Manager,Permanent,2022-04-05,,,,HCM_A,2025-12-30,GR,Manager,true,true,true,true,true,false,not_applicable,true,true,,239
ACP000239,PL,Supply Chain,Procurement,Senior Leader,Permanent,2022-05-25,,,,HCM_A,2025-12-31,PL,Senior Leader,true,true,true,true,true,true,not_applicable,true,true,,240
ACP000240,GR,Supply Chain,Logistics,Individual Contributor,Permanent,2024-02-11,,,,HCM_B,2025-12-20,GR,Individual Contributor,true,true,true,true,true,false,not_applicable,true,true,,241
ACP000241,IT,Finance,Accounting,Individual Contributor,Permanent,2022-01-27,,,,HCM_A,2025-12-21,IT,Individual Contributor,true,true,true,true,true,false,not_applicable,true,true,,242
ACP000242,GR,Supply Chain,Procurement,Manager,Permanent,2024-02-03,,,,HCM_A,2025-12-22,GR,Manager,true,true,true,true,true,false,not_applicable,true,true,,243
ACP000243,BG,Supply Chain,Logistics,Individual Contributor,Permanent,2024-08-28,,,,HCM_A,2025-12-23,BG,Individual Contributor,true,true,true,true,true,false,not_applicable,true,true,,244
ACP000244,IT,Supply Chain,Logistics,Individual Contributor,Permanent,2021-07-21,2024-03-12,Involuntary,false,HCM_A,2025-12-24,IT,Individual Contributor,true,true,true,true,true,false,false,true,true,,245
ACP000245,BG,Finance,Controls,Individual Contributor,Permanent,2024-05-25,2024-10-14,Involuntary,false,HCM_B,2025-12-25,BG,Individual Contributor,true,true,true,true,true,false,false,true,true,,246
ACP000246,GR,Supply Chain,Logistics,Individual Contributor,Permanent,2022-08-08,,,,HCM_A,2025-12-26,GR,Individual Contributor,true,true,true,true,true,false,not_applicable,true,true,,247
ACP000247,BG,Sales,Key Accounts,Manager,Permanent,2024-08-06,,,,HCM_A,2025-12-27,BG,Manager,true,true,true,true,true,false,not_applicable,true,true,,248
ACP000248,RO,Finance,Controls,Senior Leader,Permanent,2023-02-20,2023-10-22,End of Contract,false,HCM_A,2025-12-28,RO,Senior Leader,true,true,true,true,true,true,false,true,true,,249
ACP000249,BG,Supply Chain,Procurement,Manager,Permanent,2025-10-28,,,,HCM_A,2025-12-29,BG,Manager,true,true,true,true,true,false,not_applicable,false,false,,250
ACP000250,RO,Finance,FP&A,Individual Contributor,Permanent,2023-11-24,2024-03-29,Voluntary,false,HCM_B,2025-12-30,RO,Individual Contributor,true,true,true,true,true,false,false,true,true,,251
ACP000251,IE,Digital,Software,Manager,Fixed Term,2021-02-25,2021-04-30,Voluntary,true,HCM_A,2025-12-31,IE,Manager,true,true,true,true,true,false,true,true,true,,252
ACP000252,RO,Finance,Accounting,Manager,Permanent,2023-05-11,,,,HCM_A,2025-12-20,RO,Manager,true,true,true,true,true,false,not_applicable,true,true,,253
ACP000253,RO,Supply Chain,Procurement,Individual Contributor,Fixed Term,2024-01-02,,,,HCM_A,2025-12-21,RO,Individual Contributor,true,true,true,true,true,false,not_applicable,true,true,,254
ACP000254,PL,Finance,FP&A,Individual Contributor,Permanent,2022-07-12,,,,HCM_A,2025-12-22,PL,Individual Contributor,true,true,true,true,true,false,not_applicable,true,true,,255
ACP000255,PL,Digital,Data,Individual Contributor,Permanent,2024-05-05,,,,HCM_B,2025-12-23,PL,Individual Contributor,true,true,true,true,true,false,not_applicable,true,true,,256
ACP000256,IE,Supply Chain,Procurement,Individual Contributor,Permanent,2021-08-29,2022-01-24,Voluntary,false,HCM_A,2025-12-24,IE,Individual Contributor,true,true,true,true,true,false,false,true,true,,257
ACP000257,GR,Sales,Field Sales,Manager,Permanent,2023-04-18,2023-04-30,End of Contract,false,HCM_A,2025-12-25,GR,Manager,true,true,true,true,true,false,false,true,true,,258
ACP000258,IT,Supply Chain,Procurement,Individual Contributor,Permanent,2023-09-05,2024-08-12,Voluntary,true,HCM_A,2025-12-26,IT,Individual Contributor,true,true,true,true,true,false,true,true,true,,259
ACP000259,GR,Sales,Field Sales,Manager,Fixed Term,2023-09-13,,,,HCM_A,2025-12-27,GR,Manager,true,true,true,true,true,false,not_applicable,true,true,,260
ACP000260,PL,Finance,Accounting,Manager,Permanent,2021-11-11,,,,HCM_B,2025-12-28,PL,Manager,true,true,true,true,true,false,not_applicable,true,true,,261
ACP000261,IT,Digital,Product,Senior Leader,Permanent,2023-11-26,,,,HCM_A,2025-12-29,IT,Senior Leader,true,true,true,true,true,true,not_applicable,true,true,,262
ACP000262,PL,Finance,Controls,Senior Leader,Permanent,2021-12-19,,,,HCM_A,2025-12-30,PL,Senior Leader,true,true,true,true,true,true,not_applicable,true,true,,263
ACP000263,PL,Finance,Controls,Manager,Permanent,2021-04-22,2025-01-05,End of Contract,false,HCM_A,2025-12-31,PL,Manager,true,true,true,true,true,false,false,true,true,,264
ACP000264,BG,Supply Chain,Procurement,Senior Leader,Permanent,2020-08-26,,,,HCM_A,2025-12-20,BG,Senior Leader,true,true,true,true,true,true,not_applicable,true,true,,265
ACP000265,PL,Sales,Field Sales,Individual Contributor,Permanent,2023-08-29,,,,HCM_B,2025-12-21,PL,Individual Contributor,true,true,true,true,true,false,not_applicable,true,true,,266
ACP000266,IE,Digital,Data,Individual Contributor,Permanent,2025-08-13,,,,HCM_A,2025-12-22,IE,Individual Contributor,true,true,true,true,true,false,not_applicable,false,false,,267
ACP000267,IE,Supply Chain,Procurement,Individual Contributor,Permanent,2023-08-28,2023-11-26,,,HCM_A,2025-12-23,IE,Individual Contributor,true,true,true,true,true,false,unknown,true,true,termination_type_unknown|regretted_classification_unknown,268
ACP000268,PL,Digital,Product,Individual Contributor,Permanent,2025-03-03,,,,HCM_A,2025-12-24,PL,Individual Contributor,true,true,true,true,true,false,not_applicable,true,false,,269
ACP000269,BG,Sales,Commercial Planning,Individual Contributor,Permanent,2023-04-18,,,,HCM_A,2025-12-25,BG,Individual Contributor,true,true,true,true,true,false,not_applicable,true,true,,270
ACP000270,IE,Supply Chain,Logistics,Manager,Fixed Term,2025-02-22,,,,HCM_B,2025-12-26,IE,Manager,true,true,true,true,true,false,not_applicable,true,false,,271
ACP000271,IT,Supply Chain,Procurement,Individual Contributor,Permanent,2024-11-06,,,,HCM_A,2025-12-27,IT,Individual Contributor,true,true,true,true,true,false,not_applicable,true,true,,272
ACP000272,RO,Finance,Accounting,Senior Leader,Permanent,2024-12-22,,,,HCM_A,2025-12-28,RO,Senior Leader,true,true,true,true,true,true,not_applicable,true,true,,273
ACP000273,BG,Digital,Software,Individual Contributor,Permanent,2022-06-02,,,,HCM_A,2025-12-29,BG,Individual Contributor,true,true,true,true,true,false,not_applicable,true,true,,274
ACP000274,IT,Digital,Data,Individual Contributor,Permanent,2023-04-20,2023-12-26,Voluntary,false,HCM_A,2025-12-30,IT,Individual Contributor,true,true,true,true,true,false,false,true,true,,275
ACP000275,RO,Supply Chain,Logistics,Manager,Permanent,2024-10-19,2024-12-31,Voluntary,true,HCM_B,2025-12-31,RO,Manager,true,true,true,true,true,false,true,true,true,,276
ACP000276,IT,Sales,Key Accounts,Individual Contributor,Fixed Term,2023-05-01,2023-06-10,Voluntary,true,HCM_A,2025-12-20,IT,Individual Contributor,true,true,true,true,true,false,true,true,true,,277
ACP000277,GR,Supply Chain,Procurement,Individual Contributor,Permanent,2020-07-31,2021-01-02,Voluntary,true,HCM_A,2025-12-21,GR,Individual Contributor,true,true,true,true,true,false,true,true,true,,278
ACP000278,PL,Supply Chain,Logistics,Senior Leader,Permanent,2021-05-25,,,,HCM_A,2025-12-22,PL,Senior Leader,true,true,true,true,true,true,not_applicable,true,true,,279
ACP000279,BG,Digital,Product,Individual Contributor,Fixed Term,2020-11-01,,,,HCM_A,2025-12-23,BG,Individual Contributor,true,true,true,true,true,false,not_applicable,true,true,,280
ACP000280,GR,Sales,Key Accounts,Senior Leader,Fixed Term,2022-12-08,2024-12-25,Voluntary,true,HCM_B,2025-12-24,GR,Senior Leader,true,true,true,true,true,true,true,true,true,,281
ACP000281,IE,Finance,FP&A,Individual Contributor,Fixed Term,2024-08-14,2025-03-13,Voluntary,true,HCM_A,2025-12-25,IE,Individual Contributor,true,true,true,true,true,false,true,true,true,,282
ACP000282,BG,Supply Chain,Logistics,Manager,Fixed Term,2024-06-11,2024-09-02,Voluntary,true,HCM_A,2025-12-26,BG,Manager,true,true,true,true,true,false,true,true,true,,283
ACP000283,RO,Digital,Software,Manager,Fixed Term,2021-07-26,,,,HCM_A,2025-12-27,RO,Manager,true,true,true,true,true,false,not_applicable,true,true,,284
ACP000284,IE,Finance,Controls,Individual Contributor,Permanent,2025-03-31,,,,HCM_A,2025-12-28,IE,Individual Contributor,true,true,true,true,true,false,not_applicable,true,false,,285
ACP000285,BG,Finance,Accounting,Individual Contributor,Permanent,2020-06-28,,,,HCM_B,2025-12-29,BG,Individual Contributor,true,true,true,true,true,false,not_applicable,true,true,,286
ACP000286,PL,Finance,Controls,Individual Contributor,Permanent,2020-06-18,,,,HCM_A,2025-12-30,PL,Individual Contributor,true,true,true,true,true,false,not_applicable,true,true,,287
ACP000287,IT,Finance,Controls,Manager,Permanent,2023-12-20,2024-11-16,Involuntary,false,HCM_A,2025-12-31,IT,Manager,true,true,true,true,true,false,false,true,true,,288
ACP000288,IE,Finance,FP&A,Manager,Permanent,2024-02-11,,,,HCM_A,2025-12-20,IE,Manager,true,true,true,true,true,false,not_applicable,true,true,,289
ACP000289,GR,Digital,Data,Individual Contributor,Fixed Term,2020-08-05,2024-03-28,Voluntary,false,HCM_A,2025-12-21,GR,Individual Contributor,true,true,true,true,true,false,false,true,true,,290
ACP000290,IT,Supply Chain,Procurement,Individual Contributor,Permanent,2020-02-20,,,,HCM_B,2025-12-22,IT,Individual Contributor,true,true,true,true,true,false,not_applicable,true,true,,291
ACP000291,BG,Finance,Controls,Individual Contributor,Permanent,2020-08-13,,,,HCM_A,2025-12-23,BG,Individual Contributor,true,true,true,true,true,false,not_applicable,true,true,,292
ACP000292,RO,Digital,Data,Individual Contributor,Permanent,2023-05-16,2025-07-27,Voluntary,true,HCM_A,2025-12-24,RO,Individual Contributor,true,true,true,true,true,false,true,true,true,,293
ACP000293,BG,Sales,Key Accounts,Senior Leader,Permanent,2021-09-18,,,,HCM_A,2025-12-25,BG,Senior Leader,true,true,true,true,true,true,not_applicable,true,true,,294
ACP000294,GR,Sales,Key Accounts,Manager,Fixed Term,2021-08-01,2021-11-05,Involuntary,false,HCM_A,2025-12-26,GR,Manager,true,true,true,true,true,false,false,true,true,,295
ACP000295,PL,Supply Chain,Logistics,Individual Contributor,Permanent,2020-01-11,2020-09-29,Voluntary,true,HCM_B,2025-12-27,PL,Individual Contributor,true,true,true,true,true,false,true,true,true,,296
ACP000296,PL,Sales,Commercial Planning,Individual Contributor,Permanent,2025-07-14,,,,HCM_A,2025-12-28,PL,Individual Contributor,true,true,true,true,true,false,not_applicable,false,false,,297
ACP000297,IE,Supply Chain,Procurement,Individual Contributor,Permanent,2022-02-11,,,,HCM_A,2025-12-29,IE,Individual Contributor,true,true,true,true,true,false,not_applicable,true,true,,298
ACP000298,IT,Digital,Software,Manager,Fixed Term,2022-05-03,,,,HCM_A,2025-12-30,IT,Manager,true,true,true,true,true,false,not_applicable,true,true,,299
ACP000299,GR,Sales,Field Sales,Senior Leader,Permanent,2023-09-15,2024-12-07,Voluntary,true,HCM_A,2025-12-31,GR,Senior Leader,true,true,true,true,true,true,true,true,true,,300
ACP000300,IE,Supply Chain,Logistics,Manager,Permanent,2020-09-27,2024-01-30,Voluntary,false,HCM_B,2025-12-20,IE,Manager,true,true,true,true,true,false,false,true,true,,301
ACP000301,RO,Sales,Field Sales,Senior Leader,Permanent,2025-07-20,,,,HCM_A,2025-12-21,RO,Senior Leader,true,true,true,true,true,true,not_applicable,false,false,,302
ACP000302,PL,Digital,Data,Individual Contributor,Permanent,2024-09-18,2025-01-28,Voluntary,true,HCM_A,2025-12-22,PL,Individual Contributor,true,true,true,true,true,false,true,true,true,,303
ACP000303,IT,Supply Chain,Manufacturing,Manager,Permanent,2022-10-21,2024-01-08,Voluntary,true,HCM_A,2025-12-23,IT,Manager,true,true,true,true,true,false,true,true,true,,304
ACP000304,IT,Supply Chain,Manufacturing,Individual Contributor,Permanent,2023-04-04,2023-06-05,Involuntary,false,HCM_A,2025-12-24,IT,Individual Contributor,true,true,true,true,true,false,false,true,true,,305
ACP000305,IE,Sales,Field Sales,Manager,Permanent,2023-11-25,,,,HCM_B,2025-12-25,IE,Manager,true,true,true,true,true,false,not_applicable,true,true,,306
ACP000306,GR,Digital,Product,Manager,Permanent,2021-05-15,,,,HCM_A,2025-12-26,GR,Manager,true,true,true,true,true,false,not_applicable,true,true,,307
ACP000307,PL,Finance,FP&A,Individual Contributor,Permanent,2021-07-06,,,,HCM_A,2025-12-27,PL,Individual Contributor,true,true,true,true,true,false,not_applicable,true,true,,308
ACP000308,IT,Supply Chain,Manufacturing,Individual Contributor,Permanent,2021-11-04,2021-11-20,Involuntary,false,HCM_A,2025-12-28,IT,Individual Contributor,true,true,true,true,true,false,false,true,true,,309
ACP000309,GR,Sales,Key Accounts,Manager,Permanent,2020-12-16,,,,HCM_A,2025-12-29,GR,Manager,true,true,true,true,true,false,not_applicable,true,true,,310
ACP000310,PL,Supply Chain,Manufacturing,Senior Leader,Permanent,2022-06-11,2025-07-19,Involuntary,false,HCM_B,2025-12-30,PL,Senior Leader,true,true,true,true,true,true,false,true,true,,311
ACP000311,GR,Sales,Key Accounts,Senior Leader,Permanent,2023-11-15,2024-12-10,Voluntary,true,HCM_A,2025-12-31,GR,Senior Leader,true,true,true,true,true,true,true,true,true,,312
ACP000312,GR,Digital,Product,Manager,Permanent,2022-12-04,,,,HCM_A,2025-12-20,GR,Manager,true,true,true,true,true,false,not_applicable,true,true,,313
ACP000313,RO,Finance,Accounting,Manager,Fixed Term,2023-07-21,,,,HCM_A,2025-12-21,RO,Manager,true,true,true,true,true,false,not_applicable,true,true,,314
ACP000314,RO,Digital,Product,Manager,Permanent,2025-10-05,,,,HCM_A,2025-12-22,RO,Manager,true,true,true,true,true,false,not_applicable,false,false,,315
ACP000315,GR,Supply Chain,Procurement,Manager,Permanent,2024-12-05,2025-05-23,Involuntary,false,HCM_B,2025-12-23,GR,Manager,true,true,true,true,true,false,false,true,true,,316
ACP000316,GR,Supply Chain,Procurement,Manager,Permanent,2022-09-29,,,,HCM_A,2025-12-24,GR,Manager,true,true,true,true,true,false,not_applicable,true,true,,317
ACP000317,PL,Sales,Field Sales,Manager,Permanent,2020-06-16,,,,HCM_A,2025-12-25,PL,Manager,true,true,true,true,true,false,not_applicable,true,true,,318
ACP000318,PL,Finance,Controls,Manager,Permanent,2022-06-03,2023-11-14,Voluntary,false,HCM_A,2025-12-26,PL,Manager,true,true,true,true,true,false,false,true,true,,319
ACP000319,BG,Sales,Key Accounts,Individual Contributor,Fixed Term,2024-01-03,,,,HCM_A,2025-12-27,BG,Individual Contributor,true,true,true,true,true,false,not_applicable,true,true,,320
ACP000320,IE,Finance,FP&A,Manager,Permanent,2020-12-01,,,,HCM_B,2025-12-28,IE,Manager,true,true,true,true,true,false,not_applicable,true,true,,321
ACP000321,BG,Finance,Controls,Manager,Permanent,2024-07-31,2024-11-13,Voluntary,true,HCM_A,2025-12-29,BG,Manager,true,true,true,true,true,false,true,true,true,,322
ACP000322,PL,Supply Chain,Manufacturing,Manager,Permanent,2024-09-06,2025-10-14,End of Contract,false,HCM_A,2025-12-30,PL,Manager,true,true,true,true,true,false,false,true,true,,323
ACP000323,GR,Sales,Field Sales,Senior Leader,Permanent,2024-03-17,2024-06-29,Involuntary,false,HCM_A,2025-12-31,GR,Senior Leader,true,true,true,true,true,true,false,true,true,,324
ACP000324,IT,Finance,Controls,Senior Leader,Permanent,2025-10-26,,,,HCM_A,2025-12-20,IT,Senior Leader,true,true,true,true,true,true,not_applicable,false,false,,325
ACP000325,IT,Finance,Controls,Manager,Permanent,2021-02-22,,,,HCM_B,2025-12-21,IT,Manager,true,true,true,true,true,false,not_applicable,true,true,,326
ACP000326,GR,Sales,Commercial Planning,Individual Contributor,Permanent,2022-08-01,,,,HCM_A,2025-12-22,GR,Individual Contributor,true,true,true,true,true,false,not_applicable,true,true,,327
ACP000327,BG,Digital,Data,Individual Contributor,Fixed Term,2024-01-07,2025-01-19,Involuntary,false,HCM_A,2025-12-23,BG,Individual Contributor,true,true,true,true,true,false,false,true,true,,328
ACP000328,PL,Supply Chain,Manufacturing,Individual Contributor,Fixed Term,2022-04-12,,,,HCM_A,2025-12-24,PL,Individual Contributor,true,true,true,true,true,false,not_applicable,true,true,,329
ACP000329,IT,Finance,Controls,Manager,Fixed Term,2023-12-14,,,,HCM_A,2025-12-25,IT,Manager,true,true,true,true,true,false,not_applicable,true,true,,330
ACP000330,PL,Digital,Product,Individual Contributor,Permanent,2020-03-23,2024-05-28,End of Contract,false,HCM_B,2025-12-26,PL,Individual Contributor,true,true,true,true,true,false,false,true,true,,331
ACP000331,RO,Digital,Product,Manager,Permanent,2021-12-29,,,,HCM_A,2025-12-27,RO,Manager,true,true,true,true,true,false,not_applicable,true,true,,332
ACP000332,IE,Sales,Field Sales,Manager,Permanent,2020-01-30,,,,HCM_A,2025-12-28,IE,Manager,true,true,true,true,true,false,not_applicable,true,true,,333
ACP000333,GR,Finance,Controls,Individual Contributor,Permanent,2020-11-21,2022-04-22,Involuntary,false,HCM_A,2025-12-29,GR,Individual Contributor,true,true,true,true,true,false,false,true,true,,334
ACP000334,BG,Supply Chain,Logistics,Senior Leader,Fixed Term,2024-05-26,,,,HCM_A,2025-12-30,BG,Sr Mgmt,true,true,true,true,true,true,not_applicable,true,true,seniority_mapping_assumed,335
ACP000335,PL,Sales,Commercial Planning,Individual Contributor,Permanent,2024-06-18,2024-11-19,Voluntary,false,HCM_B,2025-12-31,PL,Individual Contributor,true,true,true,true,true,false,false,true,true,,336
ACP000336,BG,Sales,Commercial Planning,Manager,Permanent,2024-04-14,2025-06-03,Voluntary,false,HCM_A,2025-12-20,BG,Manager,true,true,true,true,true,false,false,true,true,,337
ACP000337,IE,Sales,Field Sales,Individual Contributor,Permanent,2022-05-06,,,,HCM_A,2025-12-21,IE,Individual Contributor,true,true,true,true,true,false,not_applicable,true,true,,338
ACP000338,GR,Sales,Commercial Planning,Individual Contributor,Permanent,2020-09-24,,,,HCM_A,2025-12-22,GR,Individual Contributor,true,true,true,true,true,false,not_applicable,true,true,,339
ACP000339,PL,Supply Chain,Manufacturing,Manager,Permanent,2024-03-07,,,,HCM_A,2025-12-23,PL,Manager,true,true,true,true,true,false,not_applicable,true,true,,340
ACP000340,BG,Digital,Software,Individual Contributor,Permanent,2021-04-07,,,,HCM_B,2025-12-24,BG,Individual Contributor,true,true,true,true,true,false,not_applicable,true,true,,341
ACP000341,BG,Digital,Product,Manager,Fixed Term,2020-02-26,,,,HCM_A,2025-12-25,BG,Manager,true,true,true,true,true,false,not_applicable,true,true,,342
ACP000342,BG,Supply Chain,Manufacturing,Senior Leader,Permanent,2020-01-27,,,,HCM_A,2025-12-26,BG,Senior Leader,true,true,true,true,true,true,not_applicable,true,true,,343
ACP000343,PL,Finance,FP&A,Individual Contributor,Permanent,2025-09-20,,,,HCM_A,2025-12-27,PL,Individual Contributor,true,true,true,true,true,false,not_applicable,false,false,,344
ACP000344,PL,Finance,FP&A,Manager,Permanent,2025-10-29,,,,HCM_A,2025-12-28,PL,Manager,true,true,true,true,true,false,not_applicable,false,false,,345
ACP000345,PL,Sales,Key Accounts,Individual Contributor,Permanent,2023-05-17,,,,HCM_B,2025-12-29,PL,Individual Contributor,true,true,true,true,true,false,not_applicable,true,true,,346
ACP000346,GR,Digital,Product,Manager,Permanent,2020-10-10,2021-09-02,Voluntary,true,HCM_A,2025-12-30,GR,Manager,true,true,true,true,true,false,true,true,true,,347
ACP000347,BG,Sales,Key Accounts,Manager,Permanent,2021-07-14,,,,HCM_A,2025-12-31,BG,Manager,true,true,true,true,true,false,not_applicable,true,true,,348
ACP000348,IE,Sales,Field Sales,Individual Contributor,Permanent,2020-02-10,,,,HCM_A,2025-12-20,IE,Individual Contributor,true,true,true,true,true,false,not_applicable,true,true,,349
ACP000349,PL,Finance,FP&A,Senior Leader,Permanent,2024-12-04,,,,HCM_A,2025-12-21,PL,Senior Leader,true,true,true,true,true,true,not_applicable,true,true,,350
ACP000350,BG,Supply Chain,Logistics,Individual Contributor,Permanent,2022-02-05,,,,HCM_B,2025-12-22,BG,Individual Contributor,true,true,true,true,true,false,not_applicable,true,true,,351
ACP000351,IT,Finance,Controls,Manager,Permanent,2022-07-29,2024-03-29,End of Contract,false,HCM_A,2025-12-23,IT,Manager,true,true,true,true,true,false,false,true,true,,352
ACP000352,IE,Sales,Key Accounts,Individual Contributor,Permanent,2025-04-28,,,,HCM_A,2025-12-24,IE,Individual Contributor,true,true,true,true,true,false,not_applicable,true,false,,353
ACP000353,BG,Digital,Software,Individual Contributor,Permanent,2023-09-06,2025-01-10,Voluntary,false,HCM_A,2025-12-25,BG,Individual Contributor,true,true,true,true,true,false,false,true,true,,354
ACP000354,RO,Finance,Accounting,Individual Contributor,Permanent,2024-01-27,,,,HCM_A,2025-12-26,RO,Individual Contributor,true,true,true,true,true,false,not_applicable,true,true,,355
ACP000355,RO,Finance,FP&A,Individual Contributor,Permanent,2025-06-03,,,,HCM_B,2025-12-27,RO,Individual Contributor,true,true,true,true,true,false,not_applicable,true,false,,356
ACP000356,PL,Finance,Accounting,Manager,Permanent,2020-04-12,2021-02-23,End of Contract,false,HCM_A,2025-12-28,PL,Manager,true,true,true,true,true,false,false,true,true,,357
ACP000357,RO,Digital,Product,Individual Contributor,Permanent,2023-04-29,,,,HCM_A,2025-12-29,RO,Individual Contributor,true,true,true,true,true,false,not_applicable,true,true,,358
ACP000358,IE,Finance,Accounting,Senior Leader,Permanent,2020-05-11,2023-01-18,Involuntary,false,HCM_A,2025-12-30,IE,Senior Leader,true,true,true,true,true,true,false,true,true,,359
ACP000359,IT,Digital,Data,Senior Leader,Permanent,2022-01-08,2022-04-27,Voluntary,true,HCM_A,2025-12-31,IT,Senior Leader,true,true,true,true,true,true,true,true,true,,360
ACP000360,IT,Sales,Field Sales,Individual Contributor,Fixed Term,2023-05-04,2025-10-05,Voluntary,true,HCM_B,2025-12-20,IT,Individual Contributor,true,true,true,true,true,false,true,true,true,,361
ACP000361,GR,Finance,Accounting,Manager,Permanent,2021-12-05,,,,HCM_A,2025-12-21,GR,Manager,true,true,true,true,true,false,not_applicable,true,true,,362
ACP000362,BG,Sales,Key Accounts,Manager,Permanent,2025-09-15,,,,HCM_A,2025-12-22,BG,Manager,true,true,true,true,true,false,not_applicable,false,false,,363
ACP000363,BG,Finance,FP&A,Manager,Permanent,2021-11-06,2023-08-27,Involuntary,false,HCM_A,2025-12-23,BG,Manager,true,true,true,true,true,false,false,true,true,,364
ACP000364,IT,Digital,Software,Manager,Fixed Term,2025-01-15,,,,HCM_A,2025-12-24,IT,Manager,true,true,true,true,true,false,not_applicable,true,false,,365
ACP000365,GR,Finance,Controls,Individual Contributor,Fixed Term,2023-08-27,,,,HCM_B,2025-12-25,GR,Individual Contributor,true,true,true,true,true,false,not_applicable,true,true,,366
ACP000366,BG,Supply Chain,Procurement,Senior Leader,Permanent,2020-12-25,2025-09-11,Involuntary,false,HCM_A,2025-12-26,BG,Senior Leader,true,true,true,true,true,true,false,true,true,,367
ACP000367,PL,Finance,Accounting,Manager,Permanent,2022-11-10,,,,HCM_A,2025-12-27,PL,Manager,true,true,true,true,true,false,not_applicable,true,true,,368
ACP000368,,Supply Chain,Procurement,Individual Contributor,Permanent,2025-05-24,2025-12-08,Voluntary,true,HCM_A,2025-12-28,,Individual Contributor,true,true,true,true,false,false,true,true,false,missing_or_unknown_country,369
ACP000369,RO,Digital,Software,Manager,Permanent,2023-08-21,,,,HCM_A,2025-12-29,RO,Manager,true,true,true,true,true,false,not_applicable,true,true,,370
ACP000370,RO,Sales,Key Accounts,Senior Leader,Permanent,2020-06-24,2021-05-08,Voluntary,false,HCM_B,2025-12-30,RO,Senior Leader,true,true,true,true,true,true,false,true,true,,371
ACP000371,IT,Digital,Product,Individual Contributor,Permanent,2025-02-26,,,,HCM_A,2025-12-31,IT,Individual Contributor,true,true,true,true,true,false,not_applicable,true,false,,372
ACP000372,IT,Finance,FP&A,Individual Contributor,Permanent,2023-12-28,,,,HCM_A,2025-12-20,IT,Individual Contributor,true,true,true,true,true,false,not_applicable,true,true,,373
ACP000373,IE,Finance,Controls,Individual Contributor,Permanent,2023-05-25,,,,HCM_A,2025-12-21,IE,Individual Contributor,true,true,true,true,true,false,not_applicable,true,true,,374
ACP000374,IT,Sales,Key Accounts,Senior Leader,Fixed Term,2024-08-05,2025-08-26,Voluntary,true,HCM_A,2025-12-22,IT,Senior Leader,true,true,true,true,true,true,true,true,true,,375
ACP000375,IE,Finance,Accounting,Manager,Permanent,2024-05-10,,,,HCM_B,2025-12-23,IE,Manager,true,true,true,true,true,false,not_applicable,true,true,,376
ACP000376,GR,Finance,Accounting,Manager,Permanent,2023-05-26,,,,HCM_A,2025-12-24,GR,Manager,true,true,true,true,true,false,not_applicable,true,true,,377
ACP000377,IT,Digital,Product,Manager,Permanent,2021-09-16,,,,HCM_A,2025-12-25,IT,Manager,true,true,true,true,true,false,not_applicable,true,true,,378
ACP000378,PL,Finance,FP&A,Senior Leader,Permanent,2023-11-16,,,,HCM_A,2025-12-26,PL,Senior Leader,true,true,true,true,true,true,not_applicable,true,true,,379
ACP000379,IE,Sales,Commercial Planning,Individual Contributor,Permanent,2023-02-27,2023-05-25,Involuntary,false,HCM_A,2025-12-27,IE,Individual Contributor,true,true,true,true,true,false,false,true,true,,380
ACP000380,GR,Supply Chain,Manufacturing,Individual Contributor,Permanent,2023-01-15,2024-03-23,Voluntary,true,HCM_B,2025-12-28,GR,Individual Contributor,true,true,true,true,true,false,true,true,true,,381
ACP000381,IE,Supply Chain,Logistics,Manager,Permanent,2020-03-07,,,,HCM_A,2025-12-29,IE,Manager,true,true,true,true,true,false,not_applicable,true,true,,382
ACP000382,GR,Finance,Controls,Individual Contributor,Permanent,2024-01-11,,,,HCM_A,2025-12-30,GR,Individual Contributor,true,true,true,true,true,false,not_applicable,true,true,,383
ACP000383,BG,Digital,Software,Senior Leader,Permanent,2024-09-28,,,,HCM_A,2025-12-31,BG,Senior Leader,true,true,true,true,true,true,not_applicable,true,true,,384
ACP000384,BG,Digital,Data,Individual Contributor,Permanent,2023-04-02,2025-04-18,Involuntary,false,HCM_A,2025-12-20,BG,Individual Contributor,true,true,true,true,true,false,false,true,true,,385
ACP000385,PL,Sales,Commercial Planning,Individual Contributor,Permanent,2023-06-02,,,,HCM_B,2025-12-21,PL,Individual Contributor,true,true,true,true,true,false,not_applicable,true,true,,386
ACP000386,PL,Finance,Accounting,Individual Contributor,Permanent,2024-05-09,2025-03-21,Voluntary,true,HCM_A,2025-12-22,PL,Individual Contributor,true,true,true,true,true,false,true,true,true,,387
ACP000387,IT,Sales,Key Accounts,Individual Contributor,Permanent,2020-05-11,,,,HCM_A,2025-12-23,IT,Individual Contributor,true,true,true,true,true,false,not_applicable,true,true,,388
ACP000388,IE,Finance,FP&A,Manager,Permanent,2025-07-21,,,,HCM_A,2025-12-24,IE,Manager,true,true,true,true,true,false,not_applicable,false,false,,389
ACP000389,BG,Sales,Key Accounts,Individual Contributor,Permanent,2023-11-13,,,,HCM_A,2025-12-25,BG,Individual Contributor,true,true,true,true,true,false,not_applicable,true,true,,390
ACP000390,GR,Digital,Software,Senior Leader,Permanent,2020-08-14,2021-01-02,Voluntary,true,HCM_B,2025-12-26,GR,Senior Leader,true,true,true,true,true,true,true,true,true,,391
ACP000391,PL,Supply Chain,Procurement,Individual Contributor,Permanent,2022-10-25,,,,HCM_A,2025-12-27,PL,Individual Contributor,true,true,true,true,true,false,not_applicable,true,true,,392
ACP000392,IT,Supply Chain,Manufacturing,Individual Contributor,Permanent,2024-09-08,,,,HCM_A,2025-12-28,IT,Individual Contributor,true,true,true,true,true,false,not_applicable,true,true,,393
ACP000393,GR,Sales,Key Accounts,Senior Leader,Fixed Term,2025-08-18,,,,HCM_A,2025-12-29,GR,Senior Leader,true,true,true,true,true,true,not_applicable,false,false,,394
ACP000394,IT,Supply Chain,Manufacturing,Individual Contributor,Permanent,2025-04-05,,,,HCM_A,2025-12-30,IT,Individual Contributor,true,true,true,true,true,false,not_applicable,true,false,,395
ACP000395,GR,Supply Chain,Procurement,Individual Contributor,Fixed Term,2021-04-08,,,,HCM_B,2025-12-31,GR,Individual Contributor,true,true,true,true,true,false,not_applicable,true,true,,396
ACP000396,PL,Supply Chain,Procurement,Manager,Fixed Term,2021-02-24,2024-05-22,Voluntary,false,HCM_A,2025-12-20,PL,Manager,true,true,true,true,true,false,false,true,true,,397
ACP000397,PL,Supply Chain,Procurement,Manager,Permanent,2022-10-31,,,,HCM_A,2025-12-21,PL,Manager,true,true,true,true,true,false,not_applicable,true,true,,398
ACP000398,BG,Sales,Key Accounts,Individual Contributor,Permanent,2025-10-18,,,,HCM_A,2025-12-22,BG,Individual Contributor,true,true,true,true,true,false,not_applicable,false,false,,399
ACP000399,RO,Finance,FP&A,Individual Contributor,Permanent,2025-02-27,,,,HCM_A,2025-12-23,RO,Individual Contributor,true,true,true,true,true,false,not_applicable,true,false,,400
ACP000400,BG,Supply Chain,Logistics,Manager,Fixed Term,2021-06-23,,,,HCM_B,2025-12-24,BG,Manager,true,true,true,true,true,false,not_applicable,true,true,,401
ACP000401,IT,Supply Chain,Manufacturing,Manager,Permanent,2023-01-18,,,,HCM_A,2025-12-25,IT,Manager,true,true,true,true,true,false,not_applicable,true,true,,402
ACP000402,PL,Sales,Field Sales,Individual Contributor,Permanent,2025-01-04,,,,HCM_A,2025-12-26,PL,Individual Contributor,true,true,true,true,true,false,not_applicable,true,false,,403
ACP000403,IT,Finance,Accounting,Individual Contributor,Permanent,2025-06-07,2025-08-07,Voluntary,false,HCM_A,2025-12-27,IT,Individual Contributor,true,true,true,true,true,false,false,true,false,,404
ACP000404,IT,Finance,FP&A,Individual Contributor,Permanent,2023-09-06,2025-11-22,Voluntary,true,HCM_A,2025-12-28,IT,Individual Contributor,true,true,true,true,true,false,true,true,true,,405
ACP000405,RO,Digital,Product,Senior Leader,Permanent,2021-01-17,,,,HCM_B,2025-12-29,ROM,Senior Leader,true,true,true,true,true,true,not_applicable,true,true,country_alias_mapped,406
ACP000406,BG,Digital,Product,Manager,Permanent,2025-05-30,2025-12-01,Voluntary,false,HCM_A,2025-12-30,BG,Manager,true,true,true,true,true,false,false,true,false,,407
ACP000407,RO,Supply Chain,Logistics,Senior Leader,Permanent,2020-02-27,,,,HCM_A,2025-12-31,RO,Senior Leader,true,true,true,true,true,true,not_applicable,true,true,,408
ACP000408,BG,Digital,Product,Individual Contributor,Permanent,2022-10-09,,,,HCM_A,2025-12-20,BG,Individual Contributor,true,true,true,true,true,false,not_applicable,true,true,,409
ACP000409,RO,Sales,Commercial Planning,Senior Leader,Permanent,2022-02-25,,,,HCM_A,2025-12-21,RO,Senior Leader,true,true,true,true,true,true,not_applicable,true,true,,410
ACP000410,GR,Supply Chain,Logistics,Individual Contributor,Permanent,2024-07-27,,,,HCM_B,2025-12-22,GR,Individual Contributor,true,true,true,true,true,false,not_applicable,true,true,,411
ACP000411,BG,Supply Chain,Procurement,Senior Leader,Permanent,2024-02-19,2025-12-01,Voluntary,true,HCM_A,2025-12-23,BG,Senior Leader,true,true,true,true,true,true,true,true,true,,412
ACP000412,PL,Finance,Accounting,Manager,Fixed Term,2025-11-24,,,,HCM_A,2025-12-24,PL,Manager,true,true,true,true,true,false,not_applicable,false,false,,413
ACP000413,IT,Sales,Key Accounts,Individual Contributor,Permanent,2023-02-27,2023-09-03,Voluntary,true,HCM_A,2025-12-25,IT,Individual Contributor,true,true,true,true,true,false,true,true,true,,414
ACP000414,GR,Digital,Product,Individual Contributor,Permanent,2024-05-16,,,,HCM_A,2025-12-26,GR,Individual Contributor,true,true,true,true,true,false,not_applicable,true,true,,415
ACP000415,PL,Digital,Software,Manager,Fixed Term,2020-02-20,,,,HCM_B,2025-12-27,PL,Manager,true,true,true,true,true,false,not_applicable,true,true,,416
ACP000416,IT,Supply Chain,Manufacturing,Individual Contributor,Permanent,2025-05-30,,,,HCM_A,2025-12-28,IT,Individual Contributor,true,true,true,true,true,false,not_applicable,true,false,,417
ACP000417,IE,Sales,Key Accounts,Individual Contributor,Permanent,2023-03-11,2025-03-17,Voluntary,false,HCM_A,2025-12-29,IE,Individual Contributor,true,true,true,true,true,false,false,true,true,,418
ACP000418,GR,Sales,Key Accounts,Individual Contributor,Fixed Term,2021-06-19,,,,HCM_A,2025-12-30,GR,Individual Contributor,true,true,true,true,true,false,not_applicable,true,true,,419
ACP000419,BG,Digital,Software,Manager,Permanent,2025-07-19,,,,HCM_A,2025-12-31,BG,Manager,true,true,true,true,true,false,not_applicable,false,false,,420
ACP000420,BG,Sales,Key Accounts,Individual Contributor,Fixed Term,2022-07-08,,,,HCM_B,2025-12-20,BG,Individual Contributor,true,true,true,true,true,false,not_applicable,true,true,,421
ACP000421,PL,Digital,Product,Individual Contributor,Permanent,2024-10-13,,,,HCM_A,2025-12-21,PL,Individual Contributor,true,true,true,true,true,false,not_applicable,true,true,,422
ACP000422,IE,Digital,Software,Individual Contributor,Fixed Term,2023-01-22,2024-12-29,Involuntary,false,HCM_A,2025-12-22,IE,Individual Contributor,true,true,true,true,true,false,false,true,true,,423
ACP000423,IT,Finance,Controls,Manager,Permanent,2023-11-24,,,,HCM_A,2025-12-23,IT,Manager,true,true,true,true,true,false,not_applicable,true,true,,424
ACP000424,IT,Sales,Commercial Planning,Individual Contributor,Permanent,2024-04-15,,,,HCM_A,2025-12-24,IT,Individual Contributor,true,true,true,true,true,false,not_applicable,true,true,,425
ACP000425,RO,Sales,Commercial Planning,Manager,Permanent,2025-04-20,,,,HCM_B,2025-12-25,RO,Manager,true,true,true,true,true,false,not_applicable,true,false,,426
ACP000426,GR,Finance,FP&A,Manager,Permanent,2022-04-01,2022-06-02,Voluntary,false,HCM_A,2025-12-26,GR,Manager,true,true,true,true,true,false,false,true,true,,427
ACP000427,BG,Supply Chain,Logistics,Manager,Permanent,2022-09-22,,,,HCM_A,2025-12-27,BG,Manager,true,true,true,true,true,false,not_applicable,true,true,,428
ACP000428,IT,Supply Chain,Logistics,Senior Leader,Permanent,2024-06-09,2024-07-28,Involuntary,false,HCM_A,2025-12-28,IT,Senior Leader,true,true,true,true,true,true,false,true,true,,429
ACP000429,GR,Sales,Key Accounts,Individual Contributor,Permanent,2023-12-30,,,,HCM_A,2025-12-29,GR,Individual Contributor,true,true,true,true,true,false,not_applicable,true,true,,430
ACP000430,IT,Supply Chain,Logistics,Senior Leader,Permanent,2022-02-09,2022-12-20,Voluntary,true,HCM_B,2025-12-30,IT,Senior Leader,true,true,true,true,true,true,true,true,true,,431
ACP000431,BG,Sales,Key Accounts,Manager,Permanent,2020-01-05,2023-08-04,Voluntary,false,HCM_A,2025-12-31,BG,Manager,true,true,true,true,true,false,false,true,true,,432
ACP000432,IE,Finance,Controls,Individual Contributor,Fixed Term,2021-12-13,,,,HCM_A,2025-12-20,IE,Individual Contributor,true,true,true,true,true,false,not_applicable,true,true,,433
ACP000433,GR,Digital,Software,Individual Contributor,Permanent,2025-07-26,,,,HCM_A,2025-12-21,GR,Individual Contributor,true,true,true,true,true,false,not_applicable,false,false,,434
ACP000434,PL,Sales,Field Sales,Manager,Permanent,2020-08-31,,,,HCM_A,2025-12-22,PL,Manager,true,true,true,true,true,false,not_applicable,true,true,,435
ACP000435,RO,Sales,Commercial Planning,Individual Contributor,Permanent,2020-01-09,,,,HCM_B,2025-12-23,RO,Individual Contributor,true,true,true,true,true,false,not_applicable,true,true,,436
ACP000436,BG,Finance,Controls,Individual Contributor,Permanent,2025-01-18,,,,HCM_A,2025-12-24,BG,Individual Contributor,true,true,true,true,true,false,not_applicable,true,false,,437
ACP000437,RO,Digital,Data,Individual Contributor,Permanent,2024-02-10,,,,HCM_A,2025-12-25,RO,Individual Contributor,true,true,true,true,true,false,not_applicable,true,true,,438
ACP000438,RO,Digital,Data,Senior Leader,Permanent,2025-05-23,,,,HCM_A,2025-12-26,RO,Senior Leader,true,true,true,true,true,true,not_applicable,true,false,,439
ACP000439,IT,Digital,Product,Individual Contributor,Permanent,2023-04-28,,,,HCM_A,2025-12-27,IT,Individual Contributor,true,true,true,true,true,false,not_applicable,true,true,,440
ACP000440,PL,Supply Chain,Procurement,Senior Leader,Fixed Term,2023-12-29,,,,HCM_B,2025-12-28,PL,Senior Leader,true,true,true,true,true,true,not_applicable,true,true,,441
ACP000441,IE,Supply Chain,Logistics,Individual Contributor,Permanent,2021-09-16,,,,HCM_A,2025-12-29,IE,Individual Contributor,true,true,true,true,true,false,not_applicable,true,true,,442
ACP000442,GR,Supply Chain,Procurement,Manager,Permanent,2025-05-22,,,,HCM_A,2025-12-30,GR,Manager,true,true,true,true,true,false,not_applicable,true,false,,443
ACP000443,IT,Digital,Data,Individual Contributor,Permanent,2020-05-25,,,,HCM_A,2025-12-31,IT,Individual Contributor,true,true,true,true,true,false,not_applicable,true,true,,444
ACP000444,IT,Sales,Commercial Planning,Individual Contributor,Permanent,2022-05-23,2022-10-26,Voluntary,false,HCM_A,2025-12-20,IT,Individual Contributor,true,true,true,true,true,false,false,true,true,,445
ACP000445,IE,Finance,Accounting,Manager,Permanent,2022-03-02,2022-05-31,,,HCM_B,2025-12-21,IE,Manager,true,true,true,true,true,false,unknown,true,true,termination_type_unknown|regretted_classification_unknown,446
ACP000446,BG,Sales,Key Accounts,Manager,Permanent,2021-02-14,,,,HCM_A,2025-12-22,BG,Manager,true,true,true,true,true,false,not_applicable,true,true,,447
ACP000447,IT,Sales,Commercial Planning,Individual Contributor,Permanent,2023-01-25,,,,HCM_A,2025-12-23,IT,Individual Contributor,true,true,true,true,true,false,not_applicable,true,true,,448
ACP000448,RO,Supply Chain,Procurement,Individual Contributor,Permanent,2020-08-22,,,,HCM_A,2025-12-24,RO,Individual Contributor,true,true,true,true,true,false,not_applicable,true,true,,449
ACP000449,IT,Supply Chain,Manufacturing,Senior Leader,Permanent,2025-04-14,,,,HCM_A,2025-12-25,IT,Senior Leader,true,true,true,true,true,true,not_applicable,true,false,,450
ACP000450,PL,Supply Chain,Procurement,Manager,Permanent,2021-09-05,,,,HCM_B,2025-12-26,PL,Manager,true,true,true,true,true,false,not_applicable,true,true,,451
ACP000451,PL,Digital,Product,Manager,Permanent,2021-06-09,2025-09-24,Involuntary,false,HCM_A,2025-12-27,PL,Manager,true,true,true,true,true,false,false,true,true,,452
ACP000452,BG,Finance,Accounting,Individual Contributor,Permanent,2025-05-28,,,,HCM_A,2025-12-28,BG,Individual Contributor,true,true,true,true,true,false,not_applicable,true,false,,453
ACP000453,IT,Finance,Accounting,Individual Contributor,Permanent,2020-07-09,,,,HCM_A,2025-12-29,IT,Individual Contributor,true,true,true,true,true,false,not_applicable,true,true,,454
ACP000454,IT,Finance,FP&A,Individual Contributor,Permanent,2021-07-01,,,,HCM_A,2025-12-30,IT,Individual Contributor,true,true,true,true,true,false,not_applicable,true,true,,455
ACP000455,IE,Digital,Data,Individual Contributor,Permanent,2025-11-29,,,,HCM_B,2025-12-31,IE,Individual Contributor,true,true,true,true,true,false,not_applicable,false,false,,456
ACP000456,BG,Digital,Product,Senior Leader,Fixed Term,2021-09-21,,,,HCM_A,2025-12-20,BG,Senior Leader,true,true,true,true,true,true,not_applicable,true,true,,457
ACP000457,IT,Digital,Data,Manager,Permanent,2021-04-27,,,,HCM_A,2025-12-21,IT,Manager,true,true,true,true,true,false,not_applicable,true,true,,458
ACP000458,IT,Sales,Key Accounts,Individual Contributor,Permanent,2024-11-05,2025-12-29,Voluntary,false,HCM_A,2025-12-22,IT,Individual Contributor,true,true,true,true,true,false,false,true,true,,459
ACP000459,IT,Supply Chain,Manufacturing,Individual Contributor,Permanent,2023-02-19,2023-06-10,End of Contract,false,HCM_A,2025-12-23,IT,Individual Contributor,true,true,true,true,true,false,false,true,true,,460
ACP000460,RO,Sales,Field Sales,Manager,Permanent,2024-02-29,2024-10-27,Involuntary,false,HCM_B,2025-12-24,RO,Manager,true,true,true,true,true,false,false,true,true,,461
ACP000461,BG,Digital,Data,Individual Contributor,Permanent,2023-10-16,,,,HCM_A,2025-12-25,BG,Individual Contributor,true,true,true,true,true,false,not_applicable,true,true,,462
ACP000462,PL,Digital,Data,Manager,Permanent,2021-06-06,2022-04-15,Voluntary,true,HCM_A,2025-12-26,PL,Manager,true,true,true,true,true,false,true,true,true,,463
ACP000463,BG,Digital,Software,Senior Leader,Permanent,2024-07-06,,,,HCM_A,2025-12-27,BG,Senior Leader,true,true,true,true,true,true,not_applicable,true,true,,464
ACP000464,RO,Finance,Accounting,Senior Leader,Permanent,2022-06-12,2024-11-10,Involuntary,false,HCM_A,2025-12-28,RO,Senior Leader,true,true,true,true,true,true,false,true,true,,465
ACP000465,IE,Finance,Accounting,Manager,Permanent,2022-12-10,2025-12-21,Involuntary,false,HCM_B,2025-12-29,IE,Manager,true,true,true,true,true,false,false,true,true,,466
ACP000466,BG,Sales,Key Accounts,Manager,Permanent,2024-09-13,2025-10-04,Voluntary,false,HCM_A,2025-12-30,BG,Manager,true,true,true,true,true,false,false,true,true,,467
ACP000467,BG,Digital,Software,Individual Contributor,Fixed Term,2022-05-26,2023-11-21,End of Contract,false,HCM_A,2025-12-31,BG,Individual Contributor,true,true,true,true,true,false,false,true,true,,468
ACP000468,GR,Sales,Field Sales,Manager,Permanent,2024-11-25,,,,HCM_A,2025-12-20,GR,Manager,true,true,true,true,true,false,not_applicable,true,true,,469
ACP000469,RO,Sales,Key Accounts,Manager,Permanent,2025-01-03,,,,HCM_A,2025-12-21,RO,Manager,true,true,true,true,true,false,not_applicable,true,false,,470
ACP000470,BG,Sales,Field Sales,Individual Contributor,Permanent,2020-08-06,2025-06-05,Voluntary,false,HCM_B,2025-12-22,BG,Individual Contributor,true,true,true,true,true,false,false,true,true,,471
ACP000471,PL,Sales,Key Accounts,Manager,Permanent,2021-08-03,,,,HCM_A,2025-12-23,PL,Manager,true,true,true,true,true,false,not_applicable,true,true,,472
ACP000472,GR,Supply Chain,Manufacturing,Individual Contributor,Permanent,2022-11-09,,,,HCM_A,2025-12-24,GR,Individual Contributor,true,true,true,true,true,false,not_applicable,true,true,,473
ACP000473,PL,Supply Chain,Procurement,Senior Leader,Permanent,2023-11-06,,,,HCM_A,2025-12-25,PL,Senior Leader,true,true,true,true,true,true,not_applicable,true,true,,474
ACP000474,RO,Sales,Commercial Planning,Manager,Permanent,2023-07-10,2025-12-08,Voluntary,true,HCM_A,2025-12-26,RO,Manager,true,true,true,true,true,false,true,true,true,,475
ACP000475,PL,Finance,FP&A,Individual Contributor,Permanent,2023-12-29,2025-05-21,End of Contract,false,HCM_B,2025-12-27,PL,Individual Contributor,true,true,true,true,true,false,false,true,true,,476
ACP000476,IT,Finance,Accounting,Manager,Permanent,2020-04-03,,,,HCM_A,2025-12-28,IT,Manager,true,true,true,true,true,false,not_applicable,true,true,,477
ACP000477,BG,Supply Chain,Manufacturing,Individual Contributor,Fixed Term,2022-11-28,,,,HCM_A,2025-12-29,BG,Individual Contributor,true,true,true,true,true,false,not_applicable,true,true,,478
ACP000478,RO,Sales,Commercial Planning,Senior Leader,Fixed Term,2022-06-19,2022-08-25,Voluntary,true,HCM_A,2025-12-30,RO,Senior Leader,true,true,true,true,true,true,true,true,true,,479
ACP000479,BG,Finance,FP&A,Individual Contributor,Permanent,2022-03-06,,,,HCM_A,2025-12-31,BG,Individual Contributor,true,true,true,true,true,false,not_applicable,true,true,,480
ACP000480,PL,Finance,FP&A,Manager,Permanent,2020-05-11,2020-08-18,End of Contract,false,HCM_B,2025-12-20,PL,Manager,true,true,true,true,true,false,false,true,true,,481
ACP000481,IT,Sales,Commercial Planning,Manager,Permanent,2023-07-23,2024-04-21,Voluntary,true,HCM_A,2025-12-21,IT,Manager,true,true,true,true,true,false,true,true,true,,482
ACP000482,BG,Sales,Commercial Planning,Individual Contributor,Permanent,2022-07-23,,,,HCM_A,2025-12-22,BG,Individual Contributor,true,true,true,true,true,false,not_applicable,true,true,,483
ACP000483,RO,Digital,Product,Manager,Permanent,2025-07-11,,,,HCM_A,2025-12-23,RO,Manager,true,true,true,true,true,false,not_applicable,false,false,,484
ACP000484,IT,Digital,Product,Manager,Permanent,2023-01-01,,,,HCM_A,2025-12-24,IT,Manager,true,true,true,true,true,false,not_applicable,true,true,,485
ACP000485,IT,Digital,Software,Individual Contributor,Permanent,2025-10-18,,,,HCM_B,2025-12-25,IT,Individual Contributor,true,true,true,true,true,false,not_applicable,false,false,,486
ACP000486,IE,Digital,Product,Manager,Permanent,2023-11-16,,,,HCM_A,2025-12-26,IE,Manager,true,true,true,true,true,false,not_applicable,true,true,,487
ACP000487,IE,Digital,Software,Manager,Permanent,2023-08-07,,,,HCM_A,2025-12-27,IE,Manager,true,true,true,true,true,false,not_applicable,true,true,,488
ACP000488,IT,Finance,FP&A,Individual Contributor,Permanent,2025-04-06,,,,HCM_A,2025-12-28,IT,Individual Contributor,true,true,true,true,true,false,not_applicable,true,false,,489
ACP000489,RO,Digital,Data,Individual Contributor,Permanent,2020-11-14,2020-12-23,Involuntary,false,HCM_A,2025-12-29,RO,Individual Contributor,true,true,true,true,true,false,false,true,true,,490
ACP000490,GR,Sales,Key Accounts,Individual Contributor,Permanent,2024-04-11,2024-07-16,Voluntary,false,HCM_B,2025-12-30,GR,Individual Contributor,true,true,true,true,true,false,false,true,true,,491
ACP000491,IT,Sales,Key Accounts,Individual Contributor,Permanent,2021-01-01,,,,HCM_A,2025-12-31,IT,Individual Contributor,true,true,true,true,true,false,not_applicable,true,true,,492
ACP000492,IE,Supply Chain,Procurement,Individual Contributor,Permanent,2023-02-28,,,,HCM_A,2025-12-20,IE,Individual Contributor,true,true,true,true,true,false,not_applicable,true,true,,493
ACP000493,BG,Supply Chain,Procurement,Senior Leader,Permanent,2025-05-31,,,,HCM_A,2025-12-21,BG,Senior Leader,true,true,true,true,true,true,not_applicable,true,false,,494
ACP000494,BG,Supply Chain,Manufacturing,Manager,Fixed Term,2025-04-04,,,,HCM_A,2025-12-22,BG,Manager,true,true,true,true,true,false,not_applicable,true,false,,495
ACP000495,GR,Digital,Data,Individual Contributor,Permanent,2020-12-20,,,,HCM_B,2025-12-23,GR,Individual Contributor,true,true,true,true,true,false,not_applicable,true,true,,496
ACP000496,IE,Supply Chain,Logistics,Individual Contributor,Permanent,2024-08-23,,,,HCM_A,2025-12-24,IE,Individual Contributor,true,true,true,true,true,false,not_applicable,true,true,,497
ACP000497,GR,Sales,Field Sales,Manager,Permanent,2020-02-01,,,,HCM_A,2025-12-25,GR,Manager,true,true,true,true,true,false,not_applicable,true,true,,498
ACP000498,IT,Finance,Accounting,Manager,Fixed Term,2023-10-18,2023-12-13,Voluntary,true,HCM_A,2025-12-26,IT,Manager,true,true,true,true,true,false,true,true,true,,499
ACP000499,GR,Sales,Commercial Planning,Manager,Fixed Term,2024-12-29,2025-12-29,Voluntary,false,HCM_A,2025-12-27,GR,Manager,true,true,true,true,true,false,false,true,true,,500
ACP000500,BG,Finance,Accounting,Individual Contributor,Fixed Term,2025-04-16,,,,HCM_B,2025-12-28,BG,Individual Contributor,true,true,true,true,true,false,not_applicable,true,false,,501
ACP000501,GR,Sales,Field Sales,Manager,Permanent,2025-04-19,,,,HCM_A,2025-12-29,GR,Manager,true,true,true,true,true,false,not_applicable,true,false,,502
ACP000502,GR,Sales,Key Accounts,Manager,Permanent,2023-02-02,,,,HCM_A,2025-12-30,GR,Manager,true,true,true,true,true,false,not_applicable,true,true,,503
ACP000503,PL,Finance,FP&A,Senior Leader,Permanent,2022-08-28,2023-04-21,Involuntary,false,HCM_A,2025-12-31,PL,Senior Leader,true,true,true,true,true,true,false,true,true,,504
ACP000504,IE,Finance,Accounting,Senior Leader,Fixed Term,2024-05-24,2025-12-21,Voluntary,true,HCM_A,2025-12-20,IE,Senior Leader,true,true,true,true,true,true,true,true,true,,505
ACP000505,GR,Supply Chain,Procurement,Senior Leader,Fixed Term,2023-08-21,,,,HCM_B,2025-12-21,GR,Senior Leader,true,true,true,true,true,true,not_applicable,true,true,,506
ACP000506,PL,Supply Chain,Logistics,Manager,Fixed Term,2023-02-08,2025-12-27,Voluntary,false,HCM_A,2025-12-22,PL,Manager,true,true,true,true,true,false,false,true,true,,507
ACP000507,PL,Supply Chain,Manufacturing,Manager,Permanent,2020-03-15,2022-07-16,Voluntary,true,HCM_A,2025-12-23,PL,Manager,true,true,true,true,true,false,true,true,true,,508
ACP000508,GR,Sales,Key Accounts,Manager,Permanent,2021-04-24,2023-03-12,Voluntary,false,HCM_A,2025-12-24,GR,Manager,true,true,true,true,true,false,false,true,true,,509
ACP000509,IE,Finance,FP&A,Individual Contributor,Permanent,2020-01-27,,,,HCM_A,2025-12-25,IE,Individual Contributor,true,true,true,true,true,false,not_applicable,true,true,,510
ACP000510,RO,Finance,Controls,Individual Contributor,Permanent,2023-12-22,,,,HCM_B,2025-12-26,RO,Individual Contributor,true,true,true,true,true,false,not_applicable,true,true,,511
ACP000511,IE,Finance,Controls,Individual Contributor,Permanent,2020-04-15,,,,HCM_A,2025-12-27,IE,Individual Contributor,true,true,true,true,true,false,not_applicable,true,true,,512
ACP000512,RO,Finance,FP&A,Manager,Permanent,2020-06-04,,,,HCM_A,2025-12-28,RO,Manager,true,true,true,true,true,false,not_applicable,true,true,,513
ACP000513,IT,Digital,Product,Individual Contributor,Fixed Term,2021-04-22,,,,HCM_A,2025-12-29,IT,Individual Contributor,true,true,true,true,true,false,not_applicable,true,true,,514
ACP000514,BG,Supply Chain,Logistics,Senior Leader,Permanent,2024-09-26,2024-12-28,Involuntary,false,HCM_A,2025-12-30,BG,Senior Leader,true,true,true,true,true,true,false,true,true,,515
ACP000515,GR,Sales,Field Sales,Senior Leader,Permanent,2020-11-11,,,,HCM_B,2025-12-31,GR,Senior Leader,true,true,true,true,true,true,not_applicable,true,true,,516
ACP000516,IT,Finance,Controls,Individual Contributor,Permanent,2020-12-21,2021-03-31,End of Contract,false,HCM_A,2025-12-20,IT,Individual Contributor,true,true,true,true,true,false,false,true,true,,517
ACP000517,IE,Finance,FP&A,Individual Contributor,Permanent,2025-03-08,2025-05-06,Voluntary,true,HCM_A,2025-12-21,IE,Individual Contributor,true,true,true,true,true,false,true,true,false,,518
ACP000518,BG,Sales,Field Sales,Manager,Permanent,2023-05-30,,,,HCM_A,2025-12-22,BG,Manager,true,true,true,true,true,false,not_applicable,true,true,,519
ACP000519,IT,Finance,FP&A,Individual Contributor,Permanent,2021-12-04,,,,HCM_A,2025-12-23,IT,Individual Contributor,true,true,true,true,true,false,not_applicable,true,true,,520
ACP000520,RO,Digital,Data,Manager,Permanent,2025-03-29,2025-12-25,Voluntary,true,HCM_B,2025-12-24,RO,Manager,true,true,true,true,true,false,true,true,false,,521
ACP000521,IT,Finance,FP&A,Manager,Permanent,2023-05-03,2024-05-05,Involuntary,false,HCM_A,2025-12-25,IT,Manager,true,true,true,true,true,false,false,true,true,,522
ACP000522,IE,Supply Chain,Manufacturing,Individual Contributor,Permanent,2020-01-24,2024-02-21,Voluntary,false,HCM_A,2025-12-26,IE,Individual Contributor,true,true,true,true,true,false,false,true,true,,523
ACP000523,BG,Finance,FP&A,Individual Contributor,Permanent,2025-05-27,2025-12-19,Voluntary,false,HCM_A,2025-12-27,BG,Individual Contributor,true,true,true,true,true,false,false,true,false,,524
ACP000524,GR,Digital,Software,Individual Contributor,Fixed Term,2024-04-08,,,,HCM_A,2025-12-28,GR,Individual Contributor,true,true,true,true,true,false,not_applicable,true,true,,525
ACP000525,IE,Supply Chain,Procurement,Senior Leader,Fixed Term,2024-03-14,2024-03-26,Voluntary,false,HCM_B,2025-12-29,IE,Senior Leader,true,true,true,true,true,true,false,true,true,,526
ACP000526,GR,Sales,Field Sales,Senior Leader,Fixed Term,2023-07-22,,,,HCM_A,2025-12-30,GR,Senior Leader,true,true,true,true,true,true,not_applicable,true,true,,527
ACP000527,IT,Digital,Data,Individual Contributor,Permanent,2024-10-04,2025-12-17,Voluntary,false,HCM_A,2025-12-31,IT,Individual Contributor,true,true,true,true,true,false,false,true,true,,528
ACP000528,IT,Digital,Software,Individual Contributor,Permanent,2021-05-01,,,,HCM_A,2025-12-20,IT,Individual Contributor,true,true,true,true,true,false,not_applicable,true,true,,529
ACP000529,RO,Finance,Accounting,Manager,Permanent,2021-11-14,,,,HCM_A,2025-12-21,RO,Manager,true,true,true,true,true,false,not_applicable,true,true,,530
ACP000530,GR,Supply Chain,Manufacturing,Manager,Fixed Term,2025-08-13,,,,HCM_B,2025-12-22,GR,Manager,true,true,true,true,true,false,not_applicable,false,false,,531
ACP000531,IT,Supply Chain,Procurement,Senior Leader,Permanent,2022-12-29,,,,HCM_A,2025-12-23,IT,Senior Leader,true,true,true,true,true,true,not_applicable,true,true,,532
ACP000532,GR,Digital,Product,Individual Contributor,Permanent,2020-04-29,,,,HCM_A,2025-12-24,GR,Individual Contributor,true,true,true,true,true,false,not_applicable,true,true,,533
ACP000533,BG,Supply Chain,Logistics,Individual Contributor,Permanent,2024-02-12,2025-01-23,Voluntary,true,HCM_A,2025-12-25,BG,Individual Contributor,true,true,true,true,true,false,true,true,true,,534
ACP000534,BG,Supply Chain,Procurement,Manager,Permanent,2024-09-04,2024-11-26,Voluntary,,HCM_A,2025-12-26,BG,Manager,true,true,true,true,true,false,unknown,true,true,regretted_classification_unknown,535
ACP000535,GR,Finance,FP&A,Manager,Permanent,2022-02-10,,,,HCM_B,2025-12-27,GR,Manager,true,true,true,true,true,false,not_applicable,true,true,,536
ACP000536,IE,Digital,Product,Manager,Permanent,2024-11-05,,,,HCM_A,2025-12-28,IE,Manager,true,true,true,true,true,false,not_applicable,true,true,,537
ACP000537,BG,Digital,Data,Individual Contributor,Permanent,2025-03-16,,,,HCM_A,2025-12-29,BG,Individual Contributor,true,true,true,true,true,false,not_applicable,true,false,,538
ACP000538,IT,Supply Chain,Manufacturing,Manager,Permanent,2020-08-28,,,,HCM_A,2025-12-30,IT,Manager,true,true,true,true,true,false,not_applicable,true,true,,539
ACP000539,BG,Supply Chain,Logistics,Individual Contributor,Fixed Term,2024-11-30,,,,HCM_A,2025-12-31,BG,Individual Contributor,true,true,true,true,true,false,not_applicable,true,true,,540
ACP000540,BG,Finance,Accounting,Individual Contributor,Permanent,2023-02-22,2024-01-15,End of Contract,false,HCM_B,2025-12-20,BG,Individual Contributor,true,true,true,true,true,false,false,true,true,,541
ACP000541,IT,Digital,Product,Individual Contributor,Permanent,2024-03-01,,,,HCM_A,2025-12-21,IT,Individual Contributor,true,true,true,true,true,false,not_applicable,true,true,,542
ACP000542,RO,Supply Chain,Manufacturing,Individual Contributor,Permanent,2025-08-26,,,,HCM_A,2025-12-22,RO,Individual Contributor,true,true,true,true,true,false,not_applicable,false,false,,543
ACP000543,GR,Finance,Controls,Individual Contributor,Permanent,2021-04-14,,,,HCM_A,2025-12-23,GR,Individual Contributor,true,true,true,true,true,false,not_applicable,true,true,,544
ACP000544,GR,Finance,Accounting,Individual Contributor,Permanent,2021-09-03,,,,HCM_A,2025-12-24,GR,Individual Contributor,true,true,true,true,true,false,not_applicable,true,true,,545
ACP000545,IT,Supply Chain,Procurement,Individual Contributor,Permanent,2021-04-18,,,,HCM_B,2025-12-25,IT,Individual Contributor,true,true,true,true,true,false,not_applicable,true,true,,546
ACP000546,RO,Supply Chain,Procurement,Individual Contributor,Permanent,2022-06-03,,,,HCM_A,2025-12-26,RO,Individual Contributor,true,true,true,true,true,false,not_applicable,true,true,,547
ACP000547,BG,Finance,Controls,Manager,Permanent,2023-01-27,,,,HCM_A,2025-12-27,BG,Manager,true,true,true,true,true,false,not_applicable,true,true,,548
ACP000548,GR,Supply Chain,Procurement,Manager,Permanent,2020-06-21,,,,HCM_A,2025-12-28,GR,Manager,true,true,true,true,true,false,not_applicable,true,true,,549
ACP000549,BG,Digital,Product,Individual Contributor,Permanent,2020-06-30,2024-04-09,Involuntary,false,HCM_A,2025-12-29,BG,Individual Contributor,true,true,true,true,true,false,false,true,true,,550
ACP000550,RO,Finance,FP&A,Manager,Permanent,2021-08-11,2025-08-04,Voluntary,false,HCM_B,2025-12-30,RO,Manager,true,true,true,true,true,false,false,true,true,,551
ACP000551,IE,Digital,Product,Manager,Permanent,2023-03-04,,,,HCM_A,2025-12-31,IE,Manager,true,true,true,true,true,false,not_applicable,true,true,,552
ACP000552,GR,Sales,Key Accounts,Individual Contributor,Permanent,2020-07-11,,,,HCM_A,2025-12-20,GR,Individual Contributor,true,true,true,true,true,false,not_applicable,true,true,,553
ACP000553,IT,Finance,FP&A,Manager,Permanent,2023-02-25,2025-01-10,Voluntary,true,HCM_A,2025-12-21,IT,Manager,true,true,true,true,true,false,true,true,true,,554
ACP000554,IE,Sales,Field Sales,Manager,Permanent,2024-09-21,,,,HCM_A,2025-12-22,IE,Manager,true,true,true,true,true,false,not_applicable,true,true,,555
ACP000555,IT,Finance,FP&A,Individual Contributor,Permanent,2020-03-20,2020-10-26,Voluntary,true,HCM_B,2025-12-23,IT,Individual Contributor,true,true,true,true,true,false,true,true,true,,556
ACP000556,GR,Supply Chain,Manufacturing,Individual Contributor,Permanent,2021-05-22,2021-06-03,Voluntary,false,HCM_A,2025-12-24,GR,Individual Contributor,true,true,true,true,true,false,false,true,true,,557
ACP000557,IE,Supply Chain,Manufacturing,Manager,Permanent,2020-02-18,2025-05-15,Involuntary,false,HCM_A,2025-12-25,IE,Manager,true,true,true,true,true,false,false,true,true,,558
ACP000558,IT,Finance,FP&A,Manager,Permanent,2023-02-08,,,,HCM_A,2025-12-26,IT,Manager,true,true,true,true,true,false,not_applicable,true,true,,559
ACP000559,IT,Digital,Product,Manager,Permanent,2021-10-28,2023-04-19,End of Contract,false,HCM_A,2025-12-27,IT,Manager,true,true,true,true,true,false,false,true,true,,560
ACP000560,RO,Supply Chain,Manufacturing,Individual Contributor,Permanent,,2024-04-27,Voluntary,false,HCM_B,2025-12-28,RO,Individual Contributor,false,false,false,false,false,false,false,false,false,missing_hire_date,561
ACP000561,BG,Sales,Field Sales,Individual Contributor,Permanent,2022-06-06,,,,HCM_A,2025-12-29,BG,Individual Contributor,true,true,true,true,true,false,not_applicable,true,true,,562
ACP000562,PL,Sales,Field Sales,Senior Leader,Permanent,2025-09-22,,,,HCM_A,2025-12-30,PL,Senior Leader,true,true,true,true,true,true,not_applicable,false,false,,563
ACP000563,IE,Digital,Product,Individual Contributor,Permanent,2025-10-25,,,,HCM_A,2025-12-31,IE,Individual Contributor,true,true,true,true,true,false,not_applicable,false,false,,564
ACP000564,GR,Supply Chain,Logistics,Manager,Permanent,2023-09-03,,,,HCM_A,2025-12-20,GR,Manager,true,true,true,true,true,false,not_applicable,true,true,,565
ACP000565,PL,Sales,Key Accounts,Individual Contributor,Permanent,2025-11-20,,,,HCM_B,2025-12-21,PL,Individual Contributor,true,true,true,true,true,false,not_applicable,false,false,,566
ACP000566,BG,Supply Chain,Procurement,Senior Leader,Fixed Term,2021-04-07,,,,HCM_A,2025-12-22,BG,Sr Mgmt,true,true,true,true,true,true,not_applicable,true,true,seniority_mapping_assumed,567
ACP000567,BG,Digital,Product,Manager,Permanent,2022-10-10,,,,HCM_A,2025-12-23,BG,Manager,true,true,true,true,true,false,not_applicable,true,true,,568
ACP000568,IE,Digital,Software,Manager,Permanent,2020-08-12,2020-10-24,Voluntary,false,HCM_A,2025-12-24,IE,Manager,true,true,true,true,true,false,false,true,true,,569
ACP000569,IE,Sales,Key Accounts,Manager,Fixed Term,2025-04-10,,,,HCM_A,2025-12-25,IE,Manager,true,true,true,true,true,false,not_applicable,true,false,,570
ACP000570,IE,Supply Chain,Manufacturing,Individual Contributor,Permanent,2022-09-14,,,,HCM_B,2025-12-26,IE,Individual Contributor,true,true,true,true,true,false,not_applicable,true,true,,571
ACP000571,BG,Digital,Software,Individual Contributor,Permanent,2021-07-27,,,,HCM_A,2025-12-27,BG,Individual Contributor,true,true,true,true,true,false,not_applicable,true,true,,572
ACP000572,IT,Digital,Product,Individual Contributor,Permanent,2023-08-25,,,,HCM_A,2025-12-28,IT,Individual Contributor,true,true,true,true,true,false,not_applicable,true,true,,573
ACP000573,RO,Finance,Accounting,Individual Contributor,Permanent,2022-12-16,,,,HCM_A,2025-12-29,RO,Individual Contributor,true,true,true,true,true,false,not_applicable,true,true,,574
ACP000574,GR,Supply Chain,Logistics,Manager,Fixed Term,2025-06-05,2025-09-18,Voluntary,true,HCM_A,2025-12-30,GR,Manager,true,true,true,true,true,false,true,true,false,,575
ACP000575,RO,Supply Chain,Logistics,Manager,Permanent,2022-10-24,2024-09-25,End of Contract,false,HCM_B,2025-12-31,RO,Manager,true,true,true,true,true,false,false,true,true,,576
ACP000576,PL,Supply Chain,Logistics,Senior Leader,Permanent,2023-05-23,,,,HCM_A,2025-12-20,PL,Senior Leader,true,true,true,true,true,true,not_applicable,true,true,,577
ACP000577,RO,Digital,Software,Individual Contributor,Permanent,2021-10-26,,,,HCM_A,2025-12-21,RO,Individual Contributor,true,true,true,true,true,false,not_applicable,true,true,,578
ACP000578,IE,Finance,FP&A,Manager,Fixed Term,2020-06-03,2023-05-04,Voluntary,false,HCM_A,2025-12-22,IE,Manager,true,true,true,true,true,false,false,true,true,,579
ACP000579,IT,Supply Chain,Logistics,Manager,Fixed Term,2020-08-21,2020-11-19,End of Contract,false,HCM_A,2025-12-23,IT,Manager,true,true,true,true,true,false,false,true,true,,580
ACP000580,IE,Finance,Accounting,Individual Contributor,Permanent,2023-11-30,2024-01-16,Voluntary,false,HCM_B,2025-12-24,IE,Individual Contributor,true,true,true,true,true,false,false,true,true,,581
ACP000581,IE,Finance,FP&A,Senior Leader,Fixed Term,2025-04-17,2025-10-27,Involuntary,false,HCM_A,2025-12-25,IE,Senior Leader,true,true,true,true,true,true,false,true,false,,582
ACP000582,GR,Finance,Accounting,Individual Contributor,Permanent,2022-11-16,,,,HCM_A,2025-12-26,GR,Individual Contributor,true,true,true,true,true,false,not_applicable,true,true,,583
ACP000583,PL,Sales,Key Accounts,Manager,Permanent,2020-10-01,,,,HCM_A,2025-12-27,PL,Manager,true,true,true,true,true,false,not_applicable,true,true,,584
ACP000584,IT,Sales,Field Sales,Individual Contributor,Permanent,2022-05-17,2022-06-30,Involuntary,false,HCM_A,2025-12-28,IT,Individual Contributor,true,true,true,true,true,false,false,true,true,,585
ACP000585,GR,Supply Chain,Procurement,Senior Leader,Permanent,2023-12-09,2024-03-24,Voluntary,true,HCM_B,2025-12-29,GR,Senior Leader,true,true,true,true,true,true,true,true,true,,586
ACP000586,RO,Sales,Key Accounts,Manager,Permanent,2024-04-06,,,,HCM_A,2025-12-30,RO,Manager,true,true,true,true,true,false,not_applicable,true,true,,587
ACP000587,IE,Finance,Accounting,Individual Contributor,Permanent,2024-11-20,,,,HCM_A,2025-12-31,IE,Individual Contributor,true,true,true,true,true,false,not_applicable,true,true,,588
ACP000588,BG,Finance,FP&A,Individual Contributor,Permanent,2024-08-03,2025-12-28,Voluntary,true,HCM_A,2025-12-20,BG,Individual Contributor,true,true,true,true,true,false,true,true,true,,589
ACP000589,IT,Sales,Field Sales,Manager,Permanent,2022-08-02,2023-02-15,Voluntary,false,HCM_A,2025-12-21,IT,Manager,true,true,true,true,true,false,false,true,true,,590
ACP000590,BG,Supply Chain,Logistics,Manager,Permanent,2022-09-07,,,,HCM_B,2025-12-22,BG,Manager,true,true,true,true,true,false,not_applicable,true,true,,591
ACP000591,PL,Finance,Accounting,Individual Contributor,Permanent,2021-01-25,2022-06-26,Voluntary,false,HCM_A,2025-12-23,PL,Individual Contributor,true,true,true,true,true,false,false,true,true,,592
ACP000592,BG,Digital,Product,Individual Contributor,Permanent,2022-11-27,2023-05-22,Involuntary,false,HCM_A,2025-12-24,BG,Individual Contributor,true,true,true,true,true,false,false,true,true,,593
ACP000593,BG,Supply Chain,Manufacturing,Manager,Fixed Term,2024-01-09,2024-10-21,Voluntary,false,HCM_A,2025-12-25,BG,Manager,true,true,true,true,true,false,false,true,true,,594
ACP000594,GR,Supply Chain,Procurement,Manager,Permanent,2024-10-23,,,,HCM_A,2025-12-26,GR,Manager,true,true,true,true,true,false,not_applicable,true,true,,595
ACP000595,BG,Digital,Software,Manager,Permanent,2020-06-08,,,,HCM_B,2025-12-27,BG,Manager,true,true,true,true,true,false,not_applicable,true,true,,596
ACP000596,BG,Finance,Accounting,Manager,Permanent,2023-01-02,,,,HCM_A,2025-12-28,BG,Manager,true,true,true,true,true,false,not_applicable,true,true,,597
ACP000597,IT,Supply Chain,Logistics,Senior Leader,Permanent,2025-01-12,,,,HCM_A,2025-12-29,IT,Senior Leader,true,true,true,true,true,true,not_applicable,true,false,,598
ACP000598,IE,Finance,FP&A,Senior Leader,Fixed Term,2023-08-16,2023-12-21,Voluntary,true,HCM_A,2025-12-30,IE,Senior Leader,true,true,true,true,true,true,true,true,true,,599
ACP000599,RO,Finance,Controls,Individual Contributor,Permanent,2023-07-22,,,,HCM_A,2025-12-31,RO,Individual Contributor,true,true,true,true,true,false,not_applicable,true,true,,600
ACP000600,IE,Sales,Commercial Planning,Manager,Permanent,2022-07-07,,,,HCM_B,2025-12-20,IE,Manager,true,true,true,true,true,false,not_applicable,true,true,,601
ACP000601,PL,Finance,Controls,Individual Contributor,Permanent,2024-08-25,,,,HCM_A,2025-12-21,PL,Individual Contributor,true,true,true,true,true,false,not_applicable,true,true,,602
ACP000602,RO,Digital,Product,Individual Contributor,Permanent,2021-11-29,2022-02-03,Involuntary,false,HCM_A,2025-12-22,RO,Individual Contributor,true,true,true,true,true,false,false,true,true,,603
ACP000603,GR,Digital,Product,Individual Contributor,Permanent,2024-04-11,,,,HCM_A,2025-12-23,GR,Individual Contributor,true,true,true,true,true,false,not_applicable,true,true,,604
ACP000604,PL,Sales,Key Accounts,Individual Contributor,Permanent,2024-12-24,,,,HCM_A,2025-12-24,PL,Individual Contributor,true,true,true,true,true,false,not_applicable,true,true,,605
ACP000605,PL,Sales,Key Accounts,Manager,Permanent,2022-08-11,,,,HCM_B,2025-12-25,PL,Manager,true,true,true,true,true,false,not_applicable,true,true,,606
ACP000606,PL,Supply Chain,Procurement,Individual Contributor,Permanent,2023-04-14,2025-08-15,Voluntary,false,HCM_A,2025-12-26,PL,Individual Contributor,true,true,true,true,true,false,false,true,true,,607
ACP000607,PL,Finance,FP&A,Individual Contributor,Permanent,2024-04-09,2024-03-24,Voluntary,false,HCM_A,2025-12-27,PL,Individual Contributor,false,false,false,false,false,false,false,false,false,termination_before_hire,608
ACP000608,IE,Supply Chain,Procurement,Individual Contributor,Fixed Term,2021-12-12,2022-03-30,Voluntary,false,HCM_A,2025-12-28,IE,Individual Contributor,true,true,true,true,true,false,false,true,true,,609
ACP000609,IE,Finance,Controls,Individual Contributor,Permanent,2020-06-08,2020-09-12,End of Contract,false,HCM_A,2025-12-29,IE,Individual Contributor,true,true,true,true,true,false,false,true,true,,610
ACP000610,IT,Digital,Product,Manager,Permanent,2021-03-27,,,,HCM_B,2025-12-30,IT,Manager,true,true,true,true,true,false,not_applicable,true,true,,611
ACP000611,PL,Sales,Field Sales,Manager,Permanent,2025-03-23,,,,HCM_A,2025-12-31,PL,Manager,true,true,true,true,true,false,not_applicable,true,false,,612
ACP000612,BG,Finance,FP&A,Individual Contributor,Permanent,2021-05-07,,,,HCM_A,2025-12-20,BG,Individual Contributor,true,true,true,true,true,false,not_applicable,true,true,,613
ACP000613,IE,Sales,Key Accounts,Manager,Permanent,2025-02-15,,,,HCM_A,2025-12-21,IE,Manager,true,true,true,true,true,false,not_applicable,true,false,,614
ACP000614,PL,Supply Chain,Manufacturing,Senior Leader,Permanent,2022-12-23,,,,HCM_A,2025-12-22,PL,Senior Leader,true,true,true,true,true,true,not_applicable,true,true,,615
ACP000615,IT,Sales,Commercial Planning,Manager,Fixed Term,2022-01-24,,,,HCM_B,2025-12-23,IT,Manager,true,true,true,true,true,false,not_applicable,true,true,,616
ACP000616,,Supply Chain,Logistics,Manager,Permanent,2023-08-06,2025-10-24,Voluntary,true,HCM_A,2025-12-24,,Manager,true,true,true,true,false,false,true,true,true,missing_or_unknown_country,617
ACP000617,BG,Finance,Accounting,Individual Contributor,Permanent,2022-12-14,2023-08-29,Voluntary,false,HCM_A,2025-12-25,BG,Individual Contributor,true,true,true,true,true,false,false,true,true,,618
ACP000618,RO,Sales,Commercial Planning,Manager,Permanent,2023-02-12,,,,HCM_A,2025-12-26,RO,Manager,true,true,true,true,true,false,not_applicable,true,true,,619
ACP000619,PL,Finance,FP&A,Individual Contributor,Fixed Term,2023-04-06,,,,HCM_A,2025-12-27,PL,Individual Contributor,true,true,true,true,true,false,not_applicable,true,true,,620
ACP000620,BG,Sales,Key Accounts,Individual Contributor,Permanent,2021-11-10,,,,HCM_B,2025-12-28,BG,Individual Contributor,true,true,true,true,true,false,not_applicable,true,true,,621
ACP000621,GR,Supply Chain,Logistics,Senior Leader,Permanent,2024-02-19,,,,HCM_A,2025-12-29,GR,Senior Leader,true,true,true,true,true,true,not_applicable,true,true,,622
ACP000622,RO,Sales,Commercial Planning,Manager,Permanent,2020-05-19,,,,HCM_A,2025-12-30,RO,Manager,true,true,true,true,true,false,not_applicable,true,true,,623
ACP000623,IE,Finance,FP&A,Senior Leader,Permanent,2025-09-05,2025-12-04,,,HCM_A,2025-12-31,IE,Senior Leader,true,true,true,true,true,true,unknown,false,false,termination_type_unknown|regretted_classification_unknown,624
ACP000624,IT,Finance,Accounting,Manager,Permanent,2021-01-11,,,,HCM_A,2025-12-20,IT,Manager,true,true,true,true,true,false,not_applicable,true,true,,625
ACP000625,RO,Finance,FP&A,Individual Contributor,Permanent,2023-12-28,,,,HCM_B,2025-12-21,RO,Individual Contributor,true,true,true,true,true,false,not_applicable,true,true,,626
ACP000626,IE,Sales,Field Sales,Senior Leader,Fixed Term,2025-11-13,,,,HCM_A,2025-12-22,IE,Senior Leader,true,true,true,true,true,true,not_applicable,false,false,,627
ACP000627,RO,Finance,FP&A,Individual Contributor,Fixed Term,2024-02-17,,,,HCM_A,2025-12-23,RO,Individual Contributor,true,true,true,true,true,false,not_applicable,true,true,,628
ACP000628,GR,Digital,Product,Individual Contributor,Permanent,2020-11-15,,,,HCM_A,2025-12-24,GR,Individual Contributor,true,true,true,true,true,false,not_applicable,true,true,,629
ACP000629,RO,Finance,FP&A,Senior Leader,Permanent,2020-08-29,,,,HCM_A,2025-12-25,RO,Senior Leader,true,true,true,true,true,true,not_applicable,true,true,,630
ACP000630,GR,Digital,Product,Manager,Permanent,2023-08-03,2023-09-28,Voluntary,true,HCM_B,2025-12-26,GR,Manager,true,true,true,true,true,false,true,true,true,,631
ACP000631,IT,Finance,Controls,Senior Leader,Permanent,2022-09-18,,,,HCM_A,2025-12-27,IT,Senior Leader,true,true,true,true,true,true,not_applicable,true,true,,632
ACP000632,BG,Supply Chain,Procurement,Individual Contributor,Permanent,2024-02-19,,,,HCM_A,2025-12-28,BG,Individual Contributor,true,true,true,true,true,false,not_applicable,true,true,,633
ACP000633,BG,Supply Chain,Logistics,Individual Contributor,Fixed Term,2025-01-15,,,,HCM_A,2025-12-29,BG,Individual Contributor,true,true,true,true,true,false,not_applicable,true,false,,634
ACP000634,IT,Supply Chain,Manufacturing,Manager,Permanent,2022-02-21,,,,HCM_A,2025-12-30,IT,Manager,true,true,true,true,true,false,not_applicable,true,true,,635
ACP000635,IT,Digital,Product,Senior Leader,Permanent,2020-07-01,,,,HCM_B,2025-12-31,IT,Senior Leader,true,true,true,true,true,true,not_applicable,true,true,,636
ACP000636,IT,Finance,FP&A,Individual Contributor,Fixed Term,2024-03-09,2025-05-11,Voluntary,true,HCM_A,2025-12-20,IT,Individual Contributor,true,true,true,true,true,false,true,true,true,,637
ACP000637,GR,Finance,FP&A,Manager,Fixed Term,2021-04-22,,,,HCM_A,2025-12-21,GR,Manager,true,true,true,true,true,false,not_applicable,true,true,,638
ACP000638,RO,Finance,FP&A,Individual Contributor,Permanent,2020-07-22,2020-10-22,End of Contract,false,HCM_A,2025-12-22,RO,Individual Contributor,true,true,true,true,true,false,false,true,true,,639
ACP000639,GR,Supply Chain,Manufacturing,Individual Contributor,Permanent,2020-03-19,,,,HCM_A,2025-12-23,GR,Individual Contributor,true,true,true,true,true,false,not_applicable,true,true,,640
ACP000640,IT,Sales,Commercial Planning,Manager,Permanent,2025-01-31,,,,HCM_B,2025-12-24,IT,Manager,true,true,true,true,true,false,not_applicable,true,false,,641
ACP000641,RO,Digital,Product,Manager,Permanent,2025-03-10,,,,HCM_A,2025-12-25,RO,Manager,true,true,true,true,true,false,not_applicable,true,false,,642
ACP000642,BG,Supply Chain,Procurement,Manager,Permanent,2024-10-29,,,,HCM_A,2025-12-26,BG,Manager,true,true,true,true,true,false,not_applicable,true,true,,643
ACP000643,PL,Sales,Field Sales,Manager,Permanent,2024-08-18,,,,HCM_A,2025-12-27,PL,Manager,true,true,true,true,true,false,not_applicable,true,true,,644
ACP000644,RO,Finance,Accounting,Senior Leader,Permanent,2022-09-24,2022-12-02,Voluntary,true,HCM_A,2025-12-28,RO,Senior Leader,true,true,true,true,true,true,true,true,true,,645
ACP000645,IE,Sales,Key Accounts,Individual Contributor,Permanent,2023-04-22,,,,HCM_B,2025-12-29,IE,Individual Contributor,true,true,true,true,true,false,not_applicable,true,true,,646
ACP000646,RO,Digital,Software,Manager,Permanent,2020-05-13,2020-09-28,Voluntary,true,HCM_A,2025-12-30,RO,Manager,true,true,true,true,true,false,true,true,true,,647
ACP000647,GR,Supply Chain,Logistics,Individual Contributor,Permanent,2022-05-21,,,,HCM_A,2025-12-31,GR,Individual Contributor,true,true,true,true,true,false,not_applicable,true,true,,648
ACP000648,GR,Finance,Controls,Individual Contributor,Permanent,2022-07-29,,,,HCM_A,2025-12-20,GR,Individual Contributor,true,true,true,true,true,false,not_applicable,true,true,,649
ACP000649,RO,Supply Chain,Procurement,Manager,Permanent,2022-06-17,,,,HCM_A,2025-12-21,RO,Manager,true,true,true,true,true,false,not_applicable,true,true,,650
ACP000650,GR,Sales,Key Accounts,Individual Contributor,Permanent,2025-05-06,,,,HCM_B,2025-12-22,GR,Individual Contributor,true,true,true,true,true,false,not_applicable,true,false,,651
ACP000651,IT,Finance,Controls,Individual Contributor,Permanent,2022-11-01,,,,HCM_A,2025-12-23,IT,Individual Contributor,true,true,true,true,true,false,not_applicable,true,true,,652
ACP000652,PL,Finance,FP&A,Manager,Permanent,2022-07-31,,,,HCM_A,2025-12-24,PL,Manager,true,true,true,true,true,false,not_applicable,true,true,,653
ACP000653,RO,Sales,Commercial Planning,Individual Contributor,Permanent,2022-02-17,,,,HCM_A,2025-12-25,RO,Individual Contributor,true,true,true,true,true,false,not_applicable,true,true,,654
ACP000654,IT,Finance,FP&A,Individual Contributor,Fixed Term,2021-08-07,2022-08-01,Involuntary,false,HCM_A,2025-12-26,IT,Individual Contributor,true,true,true,true,true,false,false,true,true,,655
ACP000655,PL,Supply Chain,Manufacturing,Individual Contributor,Permanent,2022-10-09,2025-08-05,Voluntary,true,HCM_B,2025-12-27,PL,Individual Contributor,true,true,true,true,true,false,true,true,true,,656
ACP000656,PL,Supply Chain,Manufacturing,Individual Contributor,Permanent,2023-11-27,,,,HCM_A,2025-12-28,PL,Individual Contributor,true,true,true,true,true,false,not_applicable,true,true,,657
ACP000657,IE,Supply Chain,Logistics,Individual Contributor,Permanent,2022-03-12,,,,HCM_A,2025-12-29,IE,Individual Contributor,true,true,true,true,true,false,not_applicable,true,true,,658
ACP000658,IT,Supply Chain,Manufacturing,Individual Contributor,Permanent,2021-09-18,2025-04-16,Involuntary,false,HCM_A,2025-12-30,IT,Individual Contributor,true,true,true,true,true,false,false,true,true,,659
ACP000659,GR,Supply Chain,Procurement,Manager,Permanent,2023-08-24,,,,HCM_A,2025-12-31,GR,Manager,true,true,true,true,true,false,not_applicable,true,true,,660
ACP000660,PL,Finance,FP&A,Senior Leader,Permanent,2020-10-26,,,,HCM_B,2025-12-20,PL,Senior Leader,true,true,true,true,true,true,not_applicable,true,true,,661
ACP000661,GR,Digital,Data,Senior Leader,Permanent,2021-10-09,,,,HCM_A,2025-12-21,GR,Senior Leader,true,true,true,true,true,true,not_applicable,true,true,,662
ACP000662,GR,Finance,Controls,Individual Contributor,Permanent,2024-06-08,,,,HCM_A,2025-12-22,GR,Individual Contributor,true,true,true,true,true,false,not_applicable,true,true,,663
ACP000663,BG,Sales,Commercial Planning,Individual Contributor,Permanent,2025-04-27,,,,HCM_A,2025-12-23,BG,Individual Contributor,true,true,true,true,true,false,not_applicable,true,false,,664
ACP000664,PL,Finance,Controls,Manager,Permanent,2020-10-15,2022-09-15,Voluntary,false,HCM_A,2025-12-24,PL,Manager,true,true,true,true,true,false,false,true,true,,665
ACP000665,IT,Finance,FP&A,Individual Contributor,Permanent,2022-07-03,,,,HCM_B,2025-12-25,IT,Individual Contributor,true,true,true,true,true,false,not_applicable,true,true,,666
ACP000666,GR,Finance,Accounting,Individual Contributor,Fixed Term,2021-04-08,,,,HCM_A,2025-12-26,GR,Individual Contributor,true,true,true,true,true,false,not_applicable,true,true,,667
ACP000667,RO,Sales,Commercial Planning,Individual Contributor,Permanent,2024-09-28,,,,HCM_A,2025-12-27,RO,Individual Contributor,true,true,true,true,true,false,not_applicable,true,true,,668
ACP000668,IE,Supply Chain,Manufacturing,Individual Contributor,Permanent,2022-11-04,,,,HCM_A,2025-12-28,IE,Individual Contributor,true,true,true,true,true,false,not_applicable,true,true,,669
ACP000669,IT,Sales,Commercial Planning,Manager,Fixed Term,2020-01-28,,,,HCM_A,2025-12-29,IT,Manager,true,true,true,true,true,false,not_applicable,true,true,,670
ACP000670,GR,Supply Chain,Manufacturing,Manager,Permanent,2021-02-18,2023-12-23,Involuntary,false,HCM_B,2025-12-30,GR,Manager,true,true,true,true,true,false,false,true,true,,671
ACP000671,BG,Supply Chain,Procurement,Individual Contributor,Permanent,2020-01-16,,,,HCM_A,2025-12-31,BG,Individual Contributor,true,true,true,true,true,false,not_applicable,true,true,,672
ACP000672,BG,Supply Chain,Manufacturing,Individual Contributor,Permanent,2023-01-14,,,,HCM_A,2025-12-20,BG,Individual Contributor,true,true,true,true,true,false,not_applicable,true,true,,673
ACP000673,IT,Supply Chain,Manufacturing,Individual Contributor,Permanent,2020-07-02,2021-10-22,End of Contract,false,HCM_A,2025-12-21,IT,Individual Contributor,true,true,true,true,true,false,false,true,true,,674
ACP000674,RO,Supply Chain,Logistics,Manager,Permanent,2024-06-22,,,,HCM_A,2025-12-22,RO,Manager,true,true,true,true,true,false,not_applicable,true,true,,675
ACP000675,GR,Supply Chain,Manufacturing,Individual Contributor,Permanent,2022-08-01,2023-05-12,Voluntary,false,HCM_B,2025-12-23,GR,Individual Contributor,true,true,true,true,true,false,false,true,true,,676
ACP000676,IE,Supply Chain,Logistics,Individual Contributor,Permanent,2025-03-15,,,,HCM_A,2025-12-24,IE,Individual Contributor,true,true,true,true,true,false,not_applicable,true,false,,677
ACP000677,BG,Digital,Software,Individual Contributor,Permanent,2025-10-07,,,,HCM_A,2025-12-25,BG,Individual Contributor,true,true,true,true,true,false,not_applicable,false,false,,678
ACP000678,IE,Sales,Field Sales,Manager,Permanent,2021-10-29,,,,HCM_A,2025-12-26,IE,Manager,true,true,true,true,true,false,not_applicable,true,true,,679
ACP000679,IE,Supply Chain,Logistics,Manager,Permanent,2022-08-28,,,,HCM_A,2025-12-27,IE,Manager,true,true,true,true,true,false,not_applicable,true,true,,680
ACP000680,BG,Sales,Key Accounts,Individual Contributor,Permanent,2022-09-15,2023-01-17,Voluntary,false,HCM_B,2025-12-28,BG,Individual Contributor,true,true,true,true,true,false,false,true,true,,681
ACP000681,GR,Digital,Data,Manager,Permanent,2022-01-21,2025-05-12,End of Contract,false,HCM_A,2025-12-29,GR,Manager,true,true,true,true,true,false,false,true,true,,682
ACP000682,BG,Finance,Controls,Individual Contributor,Permanent,2025-01-09,,,,HCM_A,2025-12-30,BG,Individual Contributor,true,true,true,true,true,false,not_applicable,true,false,,683
ACP000683,IT,Finance,Controls,Individual Contributor,Permanent,2024-08-29,,,,HCM_A,2025-12-31,IT,Individual Contributor,true,true,true,true,true,false,not_applicable,true,true,,684
ACP000684,RO,Sales,Key Accounts,Individual Contributor,Permanent,2020-07-25,2022-11-16,Voluntary,true,HCM_A,2025-12-20,RO,Individual Contributor,true,true,true,true,true,false,true,true,true,,685
ACP000685,GR,Digital,Product,Individual Contributor,Permanent,2020-07-03,,,,HCM_B,2025-12-21,GR,Individual Contributor,true,true,true,true,true,false,not_applicable,true,true,,686
ACP000686,PL,Digital,Data,Manager,Permanent,2024-07-24,2025-11-03,Voluntary,true,HCM_A,2025-12-22,PL,Manager,true,true,true,true,true,false,true,true,true,,687
ACP000687,IT,Digital,Software,Manager,Permanent,2025-09-16,,,,HCM_A,2025-12-23,IT,Manager,true,true,true,true,true,false,not_applicable,false,false,,688
ACP000688,IE,Sales,Field Sales,Individual Contributor,Permanent,2024-02-01,2024-12-11,Voluntary,true,HCM_A,2025-12-24,IE,Individual Contributor,true,true,true,true,true,false,true,true,true,,689
ACP000689,IT,Supply Chain,Procurement,Senior Leader,Permanent,2021-07-20,2021-08-31,Involuntary,false,HCM_A,2025-12-25,IT,Senior Leader,true,true,true,true,true,true,false,true,true,,690
ACP000690,BG,Digital,Product,Individual Contributor,Permanent,2025-01-19,2025-05-05,Voluntary,true,HCM_B,2025-12-26,BG,Individual Contributor,true,true,true,true,true,false,true,true,false,,691
ACP000691,IE,Supply Chain,Logistics,Individual Contributor,Permanent,2022-12-13,2025-04-18,Voluntary,false,HCM_A,2025-12-27,IE,Individual Contributor,true,true,true,true,true,false,false,true,true,,692
ACP000692,PL,Supply Chain,Logistics,Manager,Permanent,2025-06-24,,,,HCM_A,2025-12-28,PL,Manager,true,true,true,true,true,false,not_applicable,true,false,,693
ACP000693,PL,Finance,FP&A,Manager,Permanent,2025-08-05,,,,HCM_A,2025-12-29,PL,Manager,true,true,true,true,true,false,not_applicable,false,false,,694
ACP000694,IT,Supply Chain,Manufacturing,Individual Contributor,Fixed Term,2025-09-03,,,,HCM_A,2025-12-30,IT,Individual Contributor,true,true,true,true,true,false,not_applicable,false,false,,695
ACP000695,BG,Supply Chain,Procurement,Senior Leader,Fixed Term,2023-03-10,,,,HCM_B,2025-12-31,BG,Senior Leader,true,true,true,true,true,true,not_applicable,true,true,,696
ACP000696,IE,Digital,Software,Senior Leader,Permanent,2020-10-23,,,,HCM_A,2025-12-20,IE,Senior Leader,true,true,true,true,true,true,not_applicable,true,true,,697
ACP000697,IT,Digital,Data,Manager,Permanent,2021-07-31,2024-02-12,End of Contract,false,HCM_A,2025-12-21,IT,Manager,true,true,true,true,true,false,false,true,true,,698
ACP000698,PL,Sales,Commercial Planning,Individual Contributor,Fixed Term,2020-06-28,,,,HCM_A,2025-12-22,PL,Individual Contributor,true,true,true,true,true,false,not_applicable,true,true,,699
ACP000699,BG,Finance,FP&A,Individual Contributor,Permanent,2023-01-19,,,,HCM_A,2025-12-23,BG,Individual Contributor,true,true,true,true,true,false,not_applicable,true,true,,700
ACP000700,IE,Supply Chain,Manufacturing,Individual Contributor,Permanent,2024-08-18,2025-01-15,Involuntary,false,HCM_B,2025-12-24,IE,Individual Contributor,true,true,true,true,true,false,false,true,true,,701
ACP000701,IT,Supply Chain,Logistics,Individual Contributor,Permanent,2024-04-21,,,,HCM_A,2025-12-25,IT,Individual Contributor,true,true,true,true,true,false,not_applicable,true,true,,702
ACP000702,RO,Sales,Field Sales,Senior Leader,Permanent,2024-08-24,,,,HCM_A,2025-12-26,RO,Senior Leader,true,true,true,true,true,true,not_applicable,true,true,,703
ACP000703,BG,Sales,Key Accounts,Individual Contributor,Permanent,2023-04-20,2024-02-10,Involuntary,false,HCM_A,2025-12-27,BG,Individual Contributor,true,true,true,true,true,false,false,true,true,,704
ACP000704,IT,Finance,FP&A,Manager,Fixed Term,2023-08-04,,,,HCM_A,2025-12-28,IT,Manager,true,true,true,true,true,false,not_applicable,true,true,,705
ACP000705,BG,Sales,Field Sales,Senior Leader,Fixed Term,2020-12-10,2021-06-25,Voluntary,true,HCM_B,2025-12-29,BG,Senior Leader,true,true,true,true,true,true,true,true,true,,706
ACP000706,BG,Finance,Accounting,Individual Contributor,Permanent,2022-08-09,,,,HCM_A,2025-12-30,BG,Individual Contributor,true,true,true,true,true,false,not_applicable,true,true,,707
ACP000707,RO,Digital,Product,Individual Contributor,Fixed Term,2025-08-15,,,,HCM_A,2025-12-31,RO,Individual Contributor,true,true,true,true,true,false,not_applicable,false,false,,708
ACP000708,RO,Digital,Product,Individual Contributor,Permanent,2023-10-17,2025-10-19,Involuntary,false,HCM_A,2025-12-20,RO,Individual Contributor,true,true,true,true,true,false,false,true,true,,709
ACP000709,PL,Supply Chain,Procurement,Manager,Permanent,2020-01-10,,,,HCM_A,2025-12-21,PL,Manager,true,true,true,true,true,false,not_applicable,true,true,,710
ACP000710,BG,Finance,Controls,Manager,Permanent,2021-12-31,,,,HCM_B,2025-12-22,BG,Manager,true,true,true,true,true,false,not_applicable,true,true,,711
ACP000711,GR,Sales,Field Sales,Individual Contributor,Permanent,2024-09-14,,,,HCM_A,2025-12-23,GR,Individual Contributor,true,true,true,true,true,false,not_applicable,true,true,,712
ACP000712,IT,Digital,Software,Individual Contributor,Permanent,2020-11-29,,,,HCM_A,2025-12-24,IT,Individual Contributor,true,true,true,true,true,false,not_applicable,true,true,,713
ACP000713,GR,Finance,Accounting,Individual Contributor,Permanent,2024-07-09,,,,HCM_A,2025-12-25,GR,Individual Contributor,true,true,true,true,true,false,not_applicable,true,true,,714
ACP000714,GR,Sales,Key Accounts,Individual Contributor,Permanent,2024-03-27,,,,HCM_A,2025-12-26,GR,Individual Contributor,true,true,true,true,true,false,not_applicable,true,true,,715
ACP000715,IT,Sales,Commercial Planning,Individual Contributor,Permanent,2020-12-01,2022-04-26,Involuntary,false,HCM_B,2025-12-27,IT,Individual Contributor,true,true,true,true,true,false,false,true,true,,716
ACP000716,BG,Supply Chain,Procurement,Manager,Permanent,2023-03-11,,,,HCM_A,2025-12-28,BG,Manager,true,true,true,true,true,false,not_applicable,true,true,,717
ACP000717,IE,Sales,Key Accounts,Individual Contributor,Fixed Term,2020-04-21,2023-05-25,Involuntary,false,HCM_A,2025-12-29,IE,Individual Contributor,true,true,true,true,true,false,false,true,true,,718
ACP000718,IE,Supply Chain,Manufacturing,Manager,Permanent,2021-06-19,2022-04-22,Voluntary,false,HCM_A,2025-12-30,IE,Manager,true,true,true,true,true,false,false,true,true,,719
ACP000719,BG,Sales,Key Accounts,Manager,Permanent,2024-03-10,,,,HCM_A,2025-12-31,BG,Manager,true,true,true,true,true,false,not_applicable,true,true,,720
ACP000720,RO,Digital,Software,Manager,Permanent,2020-09-07,,,,HCM_B,2025-12-20,RO,Manager,true,true,true,true,true,false,not_applicable,true,true,,721
ACP000721,BG,Sales,Commercial Planning,Individual Contributor,Permanent,2025-04-01,,,,HCM_A,2025-12-21,BG,Individual Contributor,true,true,true,true,true,false,not_applicable,true,false,,722
ACP000722,GR,Finance,Accounting,Individual Contributor,Permanent,2024-08-17,,,,HCM_A,2025-12-22,GR,Individual Contributor,true,true,true,true,true,false,not_applicable,true,true,,723
ACP000723,RO,Digital,Data,Manager,Fixed Term,2021-07-05,,,,HCM_A,2025-12-23,RO,Manager,true,true,true,true,true,false,not_applicable,true,true,,724
ACP000724,IT,Finance,Controls,Individual Contributor,Permanent,2024-01-20,,,,HCM_A,2025-12-24,IT,Individual Contributor,true,true,true,true,true,false,not_applicable,true,true,,725
ACP000725,PL,Finance,FP&A,Individual Contributor,Fixed Term,2022-09-05,,,,HCM_B,2025-12-25,PL,Individual Contributor,true,true,true,true,true,false,not_applicable,true,true,,726
ACP000726,IT,Supply Chain,Logistics,Manager,Permanent,2025-07-15,,,,HCM_A,2025-12-26,IT,Manager,true,true,true,true,true,false,not_applicable,false,false,,727
ACP000727,BG,Sales,Field Sales,Manager,Permanent,2024-01-27,,,,HCM_A,2025-12-27,BG,Manager,true,true,true,true,true,false,not_applicable,true,true,,728
ACP000728,RO,Digital,Data,Individual Contributor,Fixed Term,2021-01-21,,,,HCM_A,2025-12-28,RO,Individual Contributor,true,true,true,true,true,false,not_applicable,true,true,,729
ACP000729,PL,Sales,Key Accounts,Manager,Permanent,2022-11-11,,,,HCM_A,2025-12-29,PL,Manager,true,true,true,true,true,false,not_applicable,true,true,,730
ACP000730,IT,Supply Chain,Logistics,Senior Leader,Permanent,2022-09-05,2025-06-29,Involuntary,false,HCM_B,2025-12-30,IT,Senior Leader,true,true,true,true,true,true,false,true,true,,731
ACP000731,GR,Digital,Software,Individual Contributor,Permanent,2020-08-16,,,,HCM_A,2025-12-31,GR,Individual Contributor,true,true,true,true,true,false,not_applicable,true,true,,732
ACP000732,RO,Supply Chain,Procurement,Individual Contributor,Permanent,2024-02-06,2025-03-15,Voluntary,false,HCM_A,2025-12-20,RO,Individual Contributor,true,true,true,true,true,false,false,true,true,,733
ACP000733,RO,Finance,FP&A,Senior Leader,Permanent,2020-06-19,,,,HCM_A,2025-12-21,RO,Senior Leader,true,true,true,true,true,true,not_applicable,true,true,,734
ACP000734,IE,Sales,Commercial Planning,Manager,Permanent,2025-05-17,,,,HCM_A,2025-12-22,IE,Manager,true,true,true,true,true,false,not_applicable,true,false,,735
ACP000735,BG,Digital,Software,Senior Leader,Fixed Term,2023-11-25,,,,HCM_B,2025-12-23,BG,Senior Leader,true,true,true,true,true,true,not_applicable,true,true,,736
ACP000736,IT,Finance,FP&A,Manager,Permanent,2020-08-22,,,,HCM_A,2025-12-24,IT,Manager,true,true,true,true,true,false,not_applicable,true,true,,737
ACP000737,GR,Digital,Product,Individual Contributor,Permanent,2021-01-09,,,,HCM_A,2025-12-25,EL,Individual Contributor,true,true,true,true,true,false,not_applicable,true,true,country_alias_mapped,738
ACP000738,PL,Finance,Accounting,Individual Contributor,Permanent,2022-12-26,,,,HCM_A,2025-12-26,PL,Individual Contributor,true,true,true,true,true,false,not_applicable,true,true,,739
ACP000739,BG,Sales,Field Sales,Manager,Permanent,2020-06-12,2021-01-21,End of Contract,false,HCM_A,2025-12-27,BG,Manager,true,true,true,true,true,false,false,true,true,,740
ACP000740,IE,Supply Chain,Logistics,Senior Leader,Permanent,2022-11-19,2025-06-19,Voluntary,true,HCM_B,2025-12-28,IE,Senior Leader,true,true,true,true,true,true,true,true,true,,741
ACP000741,IT,Finance,Accounting,Individual Contributor,Permanent,2024-03-28,,,,HCM_A,2025-12-29,IT,Individual Contributor,true,true,true,true,true,false,not_applicable,true,true,,742
ACP000742,RO,Digital,Software,Individual Contributor,Permanent,2023-06-24,2023-12-11,Voluntary,false,HCM_A,2025-12-30,RO,Individual Contributor,true,true,true,true,true,false,false,true,true,,743
ACP000743,PL,Sales,Key Accounts,Individual Contributor,Permanent,2024-02-09,2025-09-18,Voluntary,false,HCM_A,2025-12-31,PL,Individual Contributor,true,true,true,true,true,false,false,true,true,,744
ACP000744,IE,Digital,Product,Senior Leader,Permanent,2025-10-28,,,,HCM_A,2025-12-20,IE,Senior Leader,true,true,true,true,true,true,not_applicable,false,false,,745
ACP000745,GR,Digital,Product,Senior Leader,Permanent,2021-01-10,2025-02-08,Involuntary,false,HCM_B,2025-12-21,GR,Senior Leader,true,true,true,true,true,true,false,true,true,,746
ACP000746,GR,Sales,Commercial Planning,Senior Leader,Permanent,2021-10-05,2022-01-29,Voluntary,true,HCM_A,2025-12-22,GR,Senior Leader,true,true,true,true,true,true,true,true,true,,747
ACP000747,PL,Finance,Accounting,Individual Contributor,Permanent,2020-06-25,,,,HCM_A,2025-12-23,PL,Individual Contributor,true,true,true,true,true,false,not_applicable,true,true,,748
ACP000748,PL,Finance,Accounting,Senior Leader,Permanent,2021-10-20,,,,HCM_A,2025-12-24,PL,Senior Leader,true,true,true,true,true,true,not_applicable,true,true,,749
ACP000749,PL,Supply Chain,Logistics,Individual Contributor,Permanent,2022-02-26,,,,HCM_A,2025-12-25,PL,Individual Contributor,true,true,true,true,true,false,not_applicable,true,true,,750
ACP000750,IE,Digital,Product,Individual Contributor,Permanent,2024-09-10,,,,HCM_B,2025-12-26,IE,Individual Contributor,true,true,true,true,true,false,not_applicable,true,true,,751
ACP000751,IT,Sales,Key Accounts,Individual Contributor,Permanent,2021-03-05,,,,HCM_A,2025-12-27,IT,Individual Contributor,true,true,true,true,true,false,not_applicable,true,true,,752
ACP000752,PL,Digital,Software,Manager,Permanent,2023-09-01,2024-07-17,Voluntary,false,HCM_A,2025-12-28,PL,Manager,true,true,true,true,true,false,false,true,true,,753
ACP000753,IE,Digital,Software,Individual Contributor,Permanent,2020-04-23,2020-09-21,Involuntary,false,HCM_A,2025-12-29,IE,Individual Contributor,true,true,true,true,true,false,false,true,true,,754
ACP000754,PL,Finance,FP&A,Manager,Permanent,2024-06-16,,,,HCM_A,2025-12-30,PL,Manager,true,true,true,true,true,false,not_applicable,true,true,,755
ACP000755,GR,Supply Chain,Procurement,Manager,Permanent,2024-01-02,,,,HCM_B,2025-12-31,GR,Manager,true,true,true,true,true,false,not_applicable,true,true,,756
ACP000756,IT,Supply Chain,Procurement,Senior Leader,Permanent,2020-10-13,,,,HCM_A,2025-12-20,IT,Senior Leader,true,true,true,true,true,true,not_applicable,true,true,,757
ACP000757,IT,Digital,Product,Individual Contributor,Permanent,2021-04-26,,,,HCM_A,2025-12-21,IT,Individual Contributor,true,true,true,true,true,false,not_applicable,true,true,,758
ACP000758,RO,Finance,FP&A,Individual Contributor,Permanent,2021-07-17,,,,HCM_A,2025-12-22,RO,Individual Contributor,true,true,true,true,true,false,not_applicable,true,true,,759
ACP000759,IT,Finance,FP&A,Senior Leader,Permanent,2020-10-24,2023-04-17,Involuntary,false,HCM_A,2025-12-23,IT,Senior Leader,true,true,true,true,true,true,false,true,true,,760
ACP000760,PL,Finance,FP&A,Senior Leader,Fixed Term,2025-08-27,,,,HCM_B,2025-12-24,PL,Senior Leader,true,true,true,true,true,true,not_applicable,false,false,,761
ACP000761,RO,Digital,Product,Individual Contributor,Permanent,2023-05-09,,,,HCM_A,2025-12-25,RO,Individual Contributor,true,true,true,true,true,false,not_applicable,true,true,,762
ACP000762,GR,Finance,Controls,Individual Contributor,Permanent,2021-07-26,,,,HCM_A,2025-12-26,GR,Individual Contributor,true,true,true,true,true,false,not_applicable,true,true,,763
ACP000763,IT,Supply Chain,Procurement,Manager,Permanent,2021-10-27,2022-01-02,Voluntary,false,HCM_A,2025-12-27,IT,Manager,true,true,true,true,true,false,false,true,true,,764
ACP000764,IT,Digital,Data,Manager,Permanent,2024-05-03,2025-12-24,Voluntary,true,HCM_A,2025-12-28,IT,Manager,true,true,true,true,true,false,true,true,true,,765
ACP000765,GR,Sales,Commercial Planning,Manager,Permanent,2023-02-20,,,,HCM_B,2025-12-29,GR,Manager,true,true,true,true,true,false,not_applicable,true,true,,766
ACP000766,PL,Supply Chain,Procurement,Individual Contributor,Fixed Term,2021-06-03,,,,HCM_A,2025-12-30,PL,Individual Contributor,true,true,true,true,true,false,not_applicable,true,true,,767
ACP000767,IE,Digital,Software,Manager,Permanent,2022-06-17,,,,HCM_A,2025-12-31,IE,Manager,true,true,true,true,true,false,not_applicable,true,true,,768
ACP000768,IE,Digital,Software,Individual Contributor,Fixed Term,2025-03-02,,,,HCM_A,2025-12-20,IE,Individual Contributor,true,true,true,true,true,false,not_applicable,true,false,,769
ACP000769,RO,Supply Chain,Manufacturing,Senior Leader,Permanent,2024-09-11,2025-11-16,Voluntary,true,HCM_A,2025-12-21,RO,Senior Leader,true,true,true,true,true,true,true,true,true,,770
ACP000770,GR,Finance,FP&A,Individual Contributor,Permanent,2025-01-14,,,,HCM_B,2025-12-22,GR,Individual Contributor,true,true,true,true,true,false,not_applicable,true,false,,771
ACP000771,BG,Supply Chain,Procurement,Manager,Fixed Term,2024-07-29,,,,HCM_A,2025-12-23,BG,Manager,true,true,true,true,true,false,not_applicable,true,true,,772
ACP000772,RO,Sales,Commercial Planning,Individual Contributor,Permanent,2024-08-03,2025-01-22,Voluntary,false,HCM_A,2025-12-24,RO,Individual Contributor,true,true,true,true,true,false,false,true,true,,773
ACP000773,BG,Supply Chain,Logistics,Individual Contributor,Permanent,2022-09-11,2025-09-11,Voluntary,true,HCM_A,2025-12-25,BG,Individual Contributor,true,true,true,true,true,false,true,true,true,,774
ACP000774,PL,Digital,Software,Individual Contributor,Permanent,2024-08-30,,,,HCM_A,2025-12-26,PL,Individual Contributor,true,true,true,true,true,false,not_applicable,true,true,,775
ACP000775,RO,Finance,Accounting,Senior Leader,Permanent,2024-02-15,,,,HCM_B,2025-12-27,RO,Senior Leader,true,true,true,true,true,true,not_applicable,true,true,,776
ACP000776,GR,Digital,Product,Manager,Permanent,2023-07-15,2025-03-08,Voluntary,true,HCM_A,2025-12-28,GR,Manager,true,true,true,true,true,false,true,true,true,,777
ACP000777,IE,Finance,Controls,Manager,Permanent,2022-10-22,,,,HCM_A,2025-12-29,IE,Manager,true,true,true,true,true,false,not_applicable,true,true,,778
ACP000778,IT,Sales,Field Sales,Individual Contributor,Permanent,2025-07-17,,,,HCM_A,2025-12-30,IT,Individual Contributor,true,true,true,true,true,false,not_applicable,false,false,,779
ACP000779,RO,Supply Chain,Manufacturing,Manager,Permanent,2024-06-02,,,,HCM_A,2025-12-31,RO,Manager,true,true,true,true,true,false,not_applicable,true,true,,780
ACP000780,IT,Supply Chain,Manufacturing,Individual Contributor,Permanent,2023-02-28,,,,HCM_B,2025-12-20,IT,Individual Contributor,true,true,true,true,true,false,not_applicable,true,true,,781
ACP000781,IE,Supply Chain,Procurement,Individual Contributor,Permanent,2020-01-16,,,,HCM_A,2025-12-21,IE,Individual Contributor,true,true,true,true,true,false,not_applicable,true,true,,782
ACP000782,PL,Finance,Controls,Individual Contributor,Permanent,2021-10-22,,,,HCM_A,2025-12-22,PL,Individual Contributor,true,true,true,true,true,false,not_applicable,true,true,,783
ACP000783,IT,Sales,Commercial Planning,Individual Contributor,Permanent,2024-06-17,,,,HCM_A,2025-12-23,IT,Individual Contributor,true,true,true,true,true,false,not_applicable,true,true,,784
ACP000784,PL,Digital,Software,Individual Contributor,Permanent,2022-09-20,2022-11-24,Voluntary,true,HCM_A,2025-12-24,PL,Individual Contributor,true,true,true,true,true,false,true,true,true,,785
ACP000785,BG,Finance,Accounting,Manager,Permanent,2023-01-28,2025-06-27,Voluntary,false,HCM_B,2025-12-25,BG,Manager,true,true,true,true,true,false,false,true,true,,786
ACP000786,BG,Finance,Controls,Manager,Permanent,2020-04-28,,,,HCM_A,2025-12-26,BG,Manager,true,true,true,true,true,false,not_applicable,true,true,,787
ACP000787,IT,Supply Chain,Manufacturing,Individual Contributor,Fixed Term,2020-06-16,2020-07-15,End of Contract,false,HCM_A,2025-12-27,IT,Individual Contributor,true,true,true,true,true,false,false,true,true,,788
ACP000788,BG,Supply Chain,Logistics,Individual Contributor,Permanent,2022-05-10,2025-06-01,Involuntary,false,HCM_A,2025-12-28,BG,Individual Contributor,true,true,true,true,true,false,false,true,true,,789
ACP000789,IE,Sales,Key Accounts,Manager,Permanent,2020-12-21,2021-06-28,End of Contract,false,HCM_A,2025-12-29,IE,Manager,true,true,true,true,true,false,false,true,true,,790
ACP000790,BG,Supply Chain,Procurement,Senior Leader,Permanent,2024-06-06,,,,HCM_B,2025-12-30,BG,Senior Leader,true,true,true,true,true,true,not_applicable,true,true,,791
ACP000791,BG,Supply Chain,Procurement,Senior Leader,Permanent,2023-10-23,,,,HCM_A,2025-12-31,BG,Senior Leader,true,true,true,true,true,true,not_applicable,true,true,,792
ACP000792,IE,Finance,Controls,Senior Leader,Permanent,2022-09-25,,,,HCM_A,2025-12-20,IE,Senior Leader,true,true,true,true,true,true,not_applicable,true,true,,793
ACP000793,IT,Digital,Data,Manager,Permanent,2024-03-18,2024-11-03,Voluntary,true,HCM_A,2025-12-21,IT,Manager,true,true,true,true,true,false,true,true,true,,794
ACP000794,PL,Digital,Product,Senior Leader,Permanent,2024-02-07,,,,HCM_A,2025-12-22,PL,Senior Leader,true,true,true,true,true,true,not_applicable,true,true,,795
ACP000795,IT,Supply Chain,Procurement,Manager,Permanent,2020-03-18,,,,HCM_B,2025-12-23,IT,Manager,true,true,true,true,true,false,not_applicable,true,true,,796
ACP000796,IT,Digital,Software,Individual Contributor,Permanent,2024-11-19,,,,HCM_A,2025-12-24,IT,Individual Contributor,true,true,true,true,true,false,not_applicable,true,true,,797
ACP000797,PL,Supply Chain,Logistics,Individual Contributor,Permanent,2022-10-16,,,,HCM_A,2025-12-25,PL,Individual Contributor,true,true,true,true,true,false,not_applicable,true,true,,798
ACP000798,IE,Supply Chain,Manufacturing,Senior Leader,Permanent,2024-12-28,,,,HCM_A,2025-12-26,IE,Sr Mgmt,true,true,true,true,true,true,not_applicable,true,true,seniority_mapping_assumed,799
ACP000799,PL,Sales,Commercial Planning,Individual Contributor,Permanent,2023-01-21,2023-05-24,Voluntary,false,HCM_A,2025-12-27,PL,Individual Contributor,true,true,true,true,true,false,false,true,true,,800
ACP000800,RO,Finance,Controls,Individual Contributor,Permanent,2024-06-19,,,,HCM_B,2025-12-28,RO,Individual Contributor,true,true,true,true,true,false,not_applicable,true,true,,801
ACP000801,PL,Finance,Controls,Senior Leader,Permanent,2025-01-24,2025-04-24,,,HCM_A,2025-12-29,PL,Senior Leader,true,true,true,true,true,true,unknown,true,false,termination_type_unknown|regretted_classification_unknown,802
ACP000802,RO,Sales,Field Sales,Individual Contributor,Fixed Term,2024-04-10,,,,HCM_A,2025-12-30,RO,Individual Contributor,true,true,true,true,true,false,not_applicable,true,true,,803
ACP000803,IT,Digital,Data,Individual Contributor,Permanent,2022-05-17,,,,HCM_A,2025-12-31,IT,Individual Contributor,true,true,true,true,true,false,not_applicable,true,true,,804
ACP000804,RO,Digital,Software,Individual Contributor,Permanent,2024-11-20,,,,HCM_A,2025-12-20,RO,Individual Contributor,true,true,true,true,true,false,not_applicable,true,true,,805
ACP000805,GR,Sales,Commercial Planning,Individual Contributor,Permanent,2022-01-22,2022-02-08,Involuntary,false,HCM_B,2025-12-21,GR,Individual Contributor,true,true,true,true,true,false,false,true,true,,806
ACP000806,IE,Supply Chain,Manufacturing,Individual Contributor,Permanent,2023-08-07,,,,HCM_A,2025-12-22,IE,Individual Contributor,true,true,true,true,true,false,not_applicable,true,true,,807
ACP000807,BG,Finance,FP&A,Individual Contributor,Fixed Term,2022-06-16,,,,HCM_A,2025-12-23,BG,Individual Contributor,true,true,true,true,true,false,not_applicable,true,true,,808
ACP000808,BG,Finance,FP&A,Individual Contributor,Permanent,2025-10-29,,,,HCM_A,2025-12-24,BG,Individual Contributor,true,true,true,true,true,false,not_applicable,false,false,,809
ACP000809,RO,Sales,Commercial Planning,Individual Contributor,Permanent,2022-03-30,2023-01-22,End of Contract,false,HCM_A,2025-12-25,RO,Individual Contributor,true,true,true,true,true,false,false,true,true,,810
ACP000810,IT,Sales,Field Sales,Senior Leader,Permanent,2024-08-02,,,,HCM_B,2025-12-26,IT,Senior Leader,true,true,true,true,true,true,not_applicable,true,true,,811
ACP000811,BG,Digital,Product,Senior Leader,Permanent,2023-11-03,2025-07-26,Voluntary,true,HCM_A,2025-12-27,BG,Senior Leader,true,true,true,true,true,true,true,true,true,,812
ACP000812,IT,Sales,Commercial Planning,Individual Contributor,Fixed Term,2020-06-30,,,,HCM_A,2025-12-28,IT,Individual Contributor,true,true,true,true,true,false,not_applicable,true,true,,813
ACP000813,RO,Digital,Product,Manager,Permanent,2025-03-15,,,,HCM_A,2025-12-29,RO,Manager,true,true,true,true,true,false,not_applicable,true,false,,814
ACP000814,BG,Supply Chain,Logistics,Individual Contributor,Fixed Term,2022-01-30,,,,HCM_A,2025-12-30,BG,Individual Contributor,true,true,true,true,true,false,not_applicable,true,true,,815
ACP000815,IT,Sales,Key Accounts,Individual Contributor,Permanent,2021-08-12,2022-01-19,Involuntary,false,HCM_B,2025-12-31,IT,Individual Contributor,true,true,true,true,true,false,false,true,true,,816
ACP000816,PL,Supply Chain,Procurement,Individual Contributor,Permanent,2021-02-18,,,,HCM_A,2025-12-20,PL,Individual Contributor,true,true,true,true,true,false,not_applicable,true,true,,817
ACP000817,IT,Finance,FP&A,Individual Contributor,Permanent,2022-11-28,,,,HCM_A,2025-12-21,IT,Individual Contributor,true,true,true,true,true,false,not_applicable,true,true,,818
ACP000818,IE,Supply Chain,Logistics,Individual Contributor,Permanent,2024-05-24,,,,HCM_A,2025-12-22,IE,Individual Contributor,true,true,true,true,true,false,not_applicable,true,true,,819
ACP000819,RO,Digital,Product,Individual Contributor,Fixed Term,2024-11-02,,,,HCM_A,2025-12-23,RO,Individual Contributor,true,true,true,true,true,false,not_applicable,true,true,,820
ACP000820,BG,Sales,Key Accounts,Manager,Permanent,2023-06-14,2025-04-14,Involuntary,false,HCM_B,2025-12-24,BG,Manager,true,true,true,true,true,false,false,true,true,,821
ACP000821,RO,Finance,Controls,Manager,Permanent,2025-08-10,,,,HCM_A,2025-12-25,RO,Manager,true,true,true,true,true,false,not_applicable,false,false,,822
ACP000822,IT,Finance,FP&A,Manager,Permanent,2020-11-22,,,,HCM_A,2025-12-26,IT,Manager,true,true,true,true,true,false,not_applicable,true,true,,823
ACP000823,IE,Finance,Controls,Manager,Permanent,2021-08-25,,,,HCM_A,2025-12-27,IE,Manager,true,true,true,true,true,false,not_applicable,true,true,,824
ACP000824,IE,Digital,Software,Individual Contributor,Permanent,2024-03-13,2024-04-15,End of Contract,false,HCM_A,2025-12-28,IE,Individual Contributor,true,true,true,true,true,false,false,true,true,,825
ACP000825,PL,Finance,Controls,Senior Leader,Fixed Term,2023-12-14,2024-12-14,End of Contract,false,HCM_B,2025-12-29,PL,Senior Leader,true,true,true,true,true,true,false,true,true,,826
ACP000826,IT,Digital,Product,Individual Contributor,Permanent,2022-01-28,,,,HCM_A,2025-12-30,IT,Individual Contributor,true,true,true,true,true,false,not_applicable,true,true,,827
ACP000827,GR,Supply Chain,Manufacturing,Manager,Permanent,2024-02-14,2024-06-02,Voluntary,false,HCM_A,2025-12-31,GR,Manager,true,true,true,true,true,false,false,true,true,,828
ACP000828,BG,Finance,Controls,Senior Leader,Permanent,2021-11-29,,,,HCM_A,2025-12-20,BG,Senior Leader,true,true,true,true,true,true,not_applicable,true,true,,829
ACP000829,PL,Finance,FP&A,Individual Contributor,Permanent,2022-01-31,2022-09-22,Voluntary,true,HCM_A,2025-12-21,PL,Individual Contributor,true,true,true,true,true,false,true,true,true,,830
ACP000830,GR,Sales,Field Sales,Individual Contributor,Permanent,2021-11-16,,,,HCM_B,2025-12-22,GR,Individual Contributor,true,true,true,true,true,false,not_applicable,true,true,,831
ACP000831,BG,Digital,Software,Manager,Fixed Term,2021-03-02,,,,HCM_A,2025-12-23,BG,Manager,true,true,true,true,true,false,not_applicable,true,true,,832
ACP000832,IE,Finance,Controls,Individual Contributor,Permanent,2023-12-29,2025-06-11,Voluntary,false,HCM_A,2025-12-24,IE,Individual Contributor,true,true,true,true,true,false,false,true,true,,833
ACP000833,IT,Finance,Accounting,Individual Contributor,Permanent,2022-11-30,,,,HCM_A,2025-12-25,IT,Individual Contributor,true,true,true,true,true,false,not_applicable,true,true,,834
ACP000834,IT,Sales,Key Accounts,Individual Contributor,Permanent,2021-06-13,2021-09-12,Voluntary,false,HCM_A,2025-12-26,IT,Individual Contributor,true,true,true,true,true,false,false,true,true,,835
ACP000835,IT,Sales,Field Sales,Manager,Fixed Term,2023-06-29,2023-11-07,Voluntary,true,HCM_B,2025-12-27,IT,Manager,true,true,true,true,true,false,true,true,true,,836
ACP000836,GR,Supply Chain,Manufacturing,Individual Contributor,Permanent,2023-09-23,,,,HCM_A,2025-12-28,GR,Individual Contributor,true,true,true,true,true,false,not_applicable,true,true,,837
ACP000837,IT,Digital,Product,Manager,Permanent,2024-12-31,,,,HCM_A,2025-12-29,IT,Manager,true,true,true,true,true,false,not_applicable,true,true,,838
ACP000838,GR,Digital,Software,Individual Contributor,Fixed Term,2020-02-27,2023-04-09,End of Contract,false,HCM_A,2025-12-30,GR,Individual Contributor,true,true,true,true,true,false,false,true,true,,839
ACP000839,GR,Finance,Controls,Individual Contributor,Permanent,2020-10-31,,,,HCM_A,2025-12-31,GR,Individual Contributor,true,true,true,true,true,false,not_applicable,true,true,,840
ACP000840,BG,Supply Chain,Procurement,Individual Contributor,Permanent,2020-07-24,,,,HCM_B,2025-12-20,BG,Individual Contributor,true,true,true,true,true,false,not_applicable,true,true,,841
ACP000841,RO,Supply Chain,Procurement,Manager,Permanent,2020-02-18,,,,HCM_A,2025-12-21,RO,Manager,true,true,true,true,true,false,not_applicable,true,true,,842
ACP000842,BG,Finance,FP&A,Senior Leader,Permanent,2025-05-15,2025-08-17,Involuntary,false,HCM_A,2025-12-22,BG,Senior Leader,true,true,true,true,true,true,false,true,false,,843
ACP000843,RO,Finance,Controls,Individual Contributor,Permanent,2023-08-30,2023-12-10,End of Contract,false,HCM_A,2025-12-23,RO,Individual Contributor,true,true,true,true,true,false,false,true,true,,844
ACP000844,PL,Digital,Product,Manager,Permanent,2021-07-23,,,,HCM_A,2025-12-24,PL,Manager,true,true,true,true,true,false,not_applicable,true,true,,845
ACP000845,IT,Digital,Software,Manager,Permanent,2021-10-12,,,,HCM_B,2025-12-25,IT,Manager,true,true,true,true,true,false,not_applicable,true,true,,846
ACP000846,IE,Supply Chain,Logistics,Senior Leader,Permanent,2021-08-06,,,,HCM_A,2025-12-26,IE,Senior Leader,true,true,true,true,true,true,not_applicable,true,true,,847
ACP000847,PL,Finance,FP&A,Manager,Permanent,2025-10-17,,,,HCM_A,2025-12-27,PL,Manager,true,true,true,true,true,false,not_applicable,false,false,,848
ACP000848,BG,Digital,Software,Manager,Permanent,2023-04-05,,,,HCM_A,2025-12-28,BG,Manager,true,true,true,true,true,false,not_applicable,true,true,,849
ACP000849,RO,Sales,Commercial Planning,Senior Leader,Permanent,2025-04-28,,,,HCM_A,2025-12-29,RO,Senior Leader,true,true,true,true,true,true,not_applicable,true,false,,850
ACP000850,BG,Sales,Field Sales,Individual Contributor,Permanent,2025-08-01,,,,HCM_B,2025-12-30,BG,Individual Contributor,true,true,true,true,true,false,not_applicable,false,false,,851
ACP000851,GR,Digital,Product,Manager,Permanent,2025-10-16,,,,HCM_A,2025-12-31,GR,Manager,true,true,true,true,true,false,not_applicable,false,false,,852
ACP000852,RO,Digital,Data,Manager,Permanent,2022-10-20,,,,HCM_A,2025-12-20,RO,Manager,true,true,true,true,true,false,not_applicable,true,true,,853
ACP000853,BG,Supply Chain,Procurement,Individual Contributor,Permanent,2022-11-22,,,,HCM_A,2025-12-21,BG,Individual Contributor,true,true,true,true,true,false,not_applicable,true,true,,854
ACP000854,RO,Sales,Commercial Planning,Individual Contributor,Permanent,2020-03-12,2021-11-28,Voluntary,true,HCM_A,2025-12-22,RO,Individual Contributor,true,true,true,true,true,false,true,true,true,,855
ACP000855,IE,Sales,Commercial Planning,Manager,Permanent,2023-12-16,,,,HCM_B,2025-12-23,IE,Manager,true,true,true,true,true,false,not_applicable,true,true,,856
ACP000856,GR,Sales,Field Sales,Individual Contributor,Permanent,2020-10-29,2023-03-12,Voluntary,false,HCM_A,2025-12-24,GR,Individual Contributor,true,true,true,true,true,false,false,true,true,,857
ACP000857,IT,Supply Chain,Logistics,Manager,Permanent,2025-02-28,,,,HCM_A,2025-12-25,IT,Manager,true,true,true,true,true,false,not_applicable,true,false,,858
ACP000858,GR,Sales,Commercial Planning,Individual Contributor,Permanent,2020-01-07,,,,HCM_A,2025-12-26,GR,Individual Contributor,true,true,true,true,true,false,not_applicable,true,true,,859
ACP000859,GR,Sales,Key Accounts,Individual Contributor,Permanent,2020-02-20,2020-09-07,Voluntary,true,HCM_A,2025-12-27,GR,Individual Contributor,true,true,true,true,true,false,true,true,true,,860
ACP000860,IT,Sales,Field Sales,Manager,Permanent,2021-02-05,,,,HCM_B,2025-12-28,IT,Manager,true,true,true,true,true,false,not_applicable,true,true,,861
ACP000861,IT,Finance,Accounting,Individual Contributor,Permanent,2022-12-26,,,,HCM_A,2025-12-29,IT,Individual Contributor,true,true,true,true,true,false,not_applicable,true,true,,862
ACP000862,GR,Finance,FP&A,Manager,Fixed Term,2023-08-28,,,,HCM_A,2025-12-30,GR,Manager,true,true,true,true,true,false,not_applicable,true,true,,863
ACP000863,BG,Digital,Software,Individual Contributor,Permanent,2021-01-19,,,,HCM_A,2025-12-31,BG,Individual Contributor,true,true,true,true,true,false,not_applicable,true,true,,864
ACP000864,,Finance,Controls,Senior Leader,Permanent,2020-02-03,2024-01-22,Voluntary,true,HCM_A,2025-12-20,,Senior Leader,true,true,true,true,false,true,true,true,true,missing_or_unknown_country,865
ACP000865,RO,Sales,Field Sales,Manager,Permanent,2023-06-10,,,,HCM_B,2025-12-21,RO,Manager,true,true,true,true,true,false,not_applicable,true,true,,866
ACP000866,RO,Digital,Product,Individual Contributor,Permanent,2020-01-13,2023-02-10,Voluntary,true,HCM_A,2025-12-22,RO,Individual Contributor,true,true,true,true,true,false,true,true,true,,867
ACP000867,RO,Finance,FP&A,Manager,Permanent,2021-11-20,2025-10-17,Voluntary,true,HCM_A,2025-12-23,RO,Manager,true,true,true,true,true,false,true,true,true,,868
ACP000868,RO,Sales,Key Accounts,Individual Contributor,Permanent,2021-06-08,,,,HCM_A,2025-12-24,RO,Individual Contributor,true,true,true,true,true,false,not_applicable,true,true,,869
ACP000869,PL,Digital,Software,Senior Leader,Fixed Term,2024-12-05,,,,HCM_A,2025-12-25,PL,Senior Leader,true,true,true,true,true,true,not_applicable,true,true,,870
ACP000870,IE,Finance,Accounting,Individual Contributor,Permanent,2025-07-06,2025-08-06,End of Contract,false,HCM_B,2025-12-26,IE,Individual Contributor,true,true,true,true,true,false,false,false,false,,871
ACP000871,BG,Sales,Field Sales,Individual Contributor,Permanent,2020-04-09,2022-04-29,Voluntary,false,HCM_A,2025-12-27,BG,Individual Contributor,true,true,true,true,true,false,false,true,true,,872
ACP000872,IT,Sales,Key Accounts,Individual Contributor,Permanent,2021-04-03,2023-10-26,Voluntary,false,HCM_A,2025-12-28,IT,Individual Contributor,true,true,true,true,true,false,false,true,true,,873
ACP000873,IT,Supply Chain,Procurement,Individual Contributor,Permanent,2020-07-09,,,,HCM_A,2025-12-29,IT,Individual Contributor,true,true,true,true,true,false,not_applicable,true,true,,874
ACP000874,IE,Supply Chain,Manufacturing,Senior Leader,Permanent,2022-03-04,,,,HCM_A,2025-12-30,IE,Senior Leader,true,true,true,true,true,true,not_applicable,true,true,,875
ACP000875,IE,Sales,Field Sales,Senior Leader,Permanent,2025-05-13,,,,HCM_B,2025-12-31,IE,Senior Leader,true,true,true,true,true,true,not_applicable,true,false,,876
ACP000876,IT,Sales,Key Accounts,Individual Contributor,Fixed Term,2024-06-07,2024-12-28,End of Contract,false,HCM_A,2025-12-20,IT,Individual Contributor,true,true,true,true,true,false,false,true,true,,877
ACP000877,RO,Supply Chain,Logistics,Individual Contributor,Permanent,2023-09-14,,,,HCM_A,2025-12-21,RO,Individual Contributor,true,true,true,true,true,false,not_applicable,true,true,,878
ACP000878,IE,Digital,Software,Manager,Permanent,2023-02-13,2023-04-01,Voluntary,true,HCM_A,2025-12-22,IE,Manager,true,true,true,true,true,false,true,true,true,,879
ACP000879,BG,Finance,Controls,Manager,Permanent,2023-06-09,,,,HCM_A,2025-12-23,BG,Manager,true,true,true,true,true,false,not_applicable,true,true,,880
ACP000880,IT,Sales,Commercial Planning,Individual Contributor,Permanent,2022-07-27,,,,HCM_B,2025-12-24,IT,Individual Contributor,true,true,true,true,true,false,not_applicable,true,true,,881
ACP000881,IE,Digital,Product,Individual Contributor,Permanent,2020-12-18,,,,HCM_A,2025-12-25,IE,Individual Contributor,true,true,true,true,true,false,not_applicable,true,true,,882
ACP000882,IT,Digital,Data,Individual Contributor,Permanent,2021-04-29,,,,HCM_A,2025-12-26,IT,Individual Contributor,true,true,true,true,true,false,not_applicable,true,true,,883
ACP000883,IE,Digital,Product,Individual Contributor,Permanent,2022-01-19,,,,HCM_A,2025-12-27,IE,Individual Contributor,true,true,true,true,true,false,not_applicable,true,true,,884
ACP000884,IT,Finance,Controls,Individual Contributor,Permanent,2024-05-20,,,,HCM_A,2025-12-28,IT,Individual Contributor,true,true,true,true,true,false,not_applicable,true,true,,885
ACP000885,PL,Digital,Software,Individual Contributor,Permanent,2021-08-22,,,,HCM_B,2025-12-29,PL,Individual Contributor,true,true,true,true,true,false,not_applicable,true,true,,886
ACP000886,IE,Digital,Product,Individual Contributor,Fixed Term,2024-07-18,2025-11-24,Voluntary,true,HCM_A,2025-12-30,IE,Individual Contributor,true,true,true,true,true,false,true,true,true,,887
ACP000887,RO,Supply Chain,Logistics,Individual Contributor,Fixed Term,2022-06-21,2022-10-23,End of Contract,false,HCM_A,2025-12-31,RO,Individual Contributor,true,true,true,true,true,false,false,true,true,,888
ACP000888,RO,Sales,Commercial Planning,Individual Contributor,Permanent,2024-03-07,,,,HCM_A,2025-12-20,RO,Individual Contributor,true,true,true,true,true,false,not_applicable,true,true,,889
ACP000889,PL,Sales,Field Sales,Manager,Permanent,2024-04-30,,,,HCM_A,2025-12-21,PL,Manager,true,true,true,true,true,false,not_applicable,true,true,,890
ACP000890,PL,Finance,Controls,Manager,Permanent,2024-04-05,2024-07-06,Involuntary,false,HCM_B,2025-12-22,PL,Manager,true,true,true,true,true,false,false,true,true,,891
ACP000891,PL,Finance,FP&A,Individual Contributor,Fixed Term,2020-07-21,,,,HCM_A,2025-12-23,PL,Individual Contributor,true,true,true,true,true,false,not_applicable,true,true,,892
ACP000892,PL,Sales,Key Accounts,Manager,Fixed Term,2020-12-08,,,,HCM_A,2025-12-24,PL,Manager,true,true,true,true,true,false,not_applicable,true,true,,893
ACP000893,PL,Digital,Data,Manager,Permanent,2020-03-10,2024-06-29,Voluntary,false,HCM_A,2025-12-25,PL,Manager,true,true,true,true,true,false,false,true,true,,894
ACP000894,IT,Digital,Software,Individual Contributor,Permanent,2022-03-28,,,,HCM_A,2025-12-26,IT,Individual Contributor,true,true,true,true,true,false,not_applicable,true,true,,895
ACP000895,IT,Finance,Accounting,Individual Contributor,Permanent,2020-07-06,,,,HCM_B,2025-12-27,IT,Individual Contributor,true,true,true,true,true,false,not_applicable,true,true,,896
ACP000896,IE,Finance,Controls,Individual Contributor,Fixed Term,2025-11-04,,,,HCM_A,2025-12-28,IE,Individual Contributor,true,true,true,true,true,false,not_applicable,false,false,,897
ACP000897,IE,Sales,Commercial Planning,Manager,Permanent,2023-07-18,,,,HCM_A,2025-12-29,IE,Manager,true,true,true,true,true,false,not_applicable,true,true,,898
ACP000898,PL,Sales,Field Sales,Senior Leader,Permanent,2020-04-25,2025-08-15,Involuntary,false,HCM_A,2025-12-30,PL,Senior Leader,true,true,true,true,true,true,false,true,true,,899
ACP000899,PL,Sales,Key Accounts,Individual Contributor,Permanent,2022-10-23,,,,HCM_A,2025-12-31,PL,Individual Contributor,true,true,true,true,true,false,not_applicable,true,true,,900
ACP000900,BG,Digital,Product,Manager,Permanent,2020-09-28,,,,HCM_B,2025-12-20,BG,Manager,true,true,true,true,true,false,not_applicable,true,true,,901
ACP000901,BG,Finance,Accounting,Senior Leader,Permanent,2021-07-13,2022-01-14,Voluntary,true,HCM_A,2025-12-21,BG,Senior Leader,true,true,true,true,true,true,true,true,true,,902
ACP000902,IT,Finance,Controls,Individual Contributor,Fixed Term,2021-02-05,2021-02-24,Voluntary,true,HCM_A,2025-12-22,IT,Individual Contributor,true,true,true,true,true,false,true,true,true,,903
ACP000903,RO,Sales,Commercial Planning,Manager,Permanent,2020-05-20,2020-06-23,Involuntary,false,HCM_A,2025-12-23,RO,Manager,true,true,true,true,true,false,false,true,true,,904
ACP000904,BG,Digital,Software,Individual Contributor,Permanent,2025-07-12,2025-11-04,Voluntary,true,HCM_A,2025-12-24,BG,Individual Contributor,true,true,true,true,true,false,true,false,false,,905
ACP000905,BG,Digital,Product,Senior Leader,Permanent,2024-01-06,2025-06-03,End of Contract,false,HCM_B,2025-12-25,BG,Senior Leader,true,true,true,true,true,true,false,true,true,,906
ACP000906,IT,Sales,Field Sales,Individual Contributor,Permanent,2021-11-03,,,,HCM_A,2025-12-26,IT,Individual Contributor,true,true,true,true,true,false,not_applicable,true,true,,907
ACP000907,IT,Digital,Product,Manager,Permanent,2023-02-13,,,,HCM_A,2025-12-27,IT,Manager,true,true,true,true,true,false,not_applicable,true,true,,908
ACP000908,IT,Sales,Commercial Planning,Individual Contributor,Permanent,2021-11-05,,,,HCM_A,2025-12-28,IT,Individual Contributor,true,true,true,true,true,false,not_applicable,true,true,,909
ACP000909,IT,Sales,Commercial Planning,Individual Contributor,Permanent,2024-02-14,,,,HCM_A,2025-12-29,IT,Individual Contributor,true,true,true,true,true,false,not_applicable,true,true,,910
ACP000910,RO,Finance,Controls,Senior Leader,Permanent,2022-08-31,2025-08-14,Voluntary,false,HCM_B,2025-12-30,RO,Senior Leader,true,true,true,true,true,true,false,true,true,,911
ACP000911,GR,Digital,Data,Manager,Permanent,2025-08-23,,,,HCM_A,2025-12-31,GR,Manager,true,true,true,true,true,false,not_applicable,false,false,,912
ACP000912,IT,Digital,Data,Individual Contributor,Permanent,2021-03-09,2024-06-30,Voluntary,true,HCM_A,2025-12-20,IT,Individual Contributor,true,true,true,true,true,false,true,true,true,,913
ACP000913,GR,Sales,Field Sales,Senior Leader,Permanent,2025-01-29,,,,HCM_A,2025-12-21,GR,Senior Leader,true,true,true,true,true,true,not_applicable,true,false,,914
ACP000914,IT,Supply Chain,Procurement,Senior Leader,Permanent,2021-02-01,,,,HCM_A,2025-12-22,IT,Senior Leader,true,true,true,true,true,true,not_applicable,true,true,,915
ACP000915,PL,Sales,Commercial Planning,Individual Contributor,Fixed Term,2023-05-05,,,,HCM_B,2025-12-23,PL,Individual Contributor,true,true,true,true,true,false,not_applicable,true,true,,916
ACP000916,RO,Supply Chain,Procurement,Individual Contributor,Permanent,2020-08-18,2022-10-25,Voluntary,true,HCM_A,2025-12-24,RO,Individual Contributor,true,true,true,true,true,false,true,true,true,,917
ACP000917,RO,Finance,FP&A,Manager,Permanent,2025-01-01,,,,HCM_A,2025-12-25,RO,Manager,true,true,true,true,true,false,not_applicable,true,false,,918
ACP000918,RO,Digital,Software,Individual Contributor,Fixed Term,2022-03-07,,,,HCM_A,2025-12-26,RO,Individual Contributor,true,true,true,true,true,false,not_applicable,true,true,,919
ACP000919,PL,Supply Chain,Manufacturing,Individual Contributor,Permanent,2024-08-30,,,,HCM_A,2025-12-27,PL,Individual Contributor,true,true,true,true,true,false,not_applicable,true,true,,920
ACP000920,IE,Supply Chain,Manufacturing,Individual Contributor,Permanent,2024-08-08,,,,HCM_B,2025-12-28,IE,Individual Contributor,true,true,true,true,true,false,not_applicable,true,true,,921
ACP000921,RO,Digital,Software,Manager,Permanent,2021-12-30,2024-12-04,Involuntary,false,HCM_A,2025-12-29,RO,Manager,true,true,true,true,true,false,false,true,true,,922
ACP000922,IT,Finance,Controls,Individual Contributor,Permanent,2023-03-19,,,,HCM_A,2025-12-30,IT,Individual Contributor,true,true,true,true,true,false,not_applicable,true,true,,923
ACP000923,RO,Supply Chain,Manufacturing,Individual Contributor,Fixed Term,2020-02-20,,,,HCM_A,2025-12-31,RO,Individual Contributor,true,true,true,true,true,false,not_applicable,true,true,,924
ACP000924,PL,Finance,Controls,Individual Contributor,Fixed Term,2022-12-27,,,,HCM_A,2025-12-20,PL,Individual Contributor,true,true,true,true,true,false,not_applicable,true,true,,925
ACP000925,BG,Supply Chain,Logistics,Individual Contributor,Permanent,2022-05-31,,,,HCM_B,2025-12-21,BG,Individual Contributor,true,true,true,true,true,false,not_applicable,true,true,,926
ACP000926,GR,Finance,Accounting,Senior Leader,Permanent,2024-06-28,2024-08-16,Voluntary,true,HCM_A,2025-12-22,GR,Senior Leader,true,true,true,true,true,true,true,true,true,,927
ACP000927,BG,Finance,FP&A,Manager,Permanent,2021-11-11,2022-01-17,Voluntary,false,HCM_A,2025-12-23,BG,Manager,true,true,true,true,true,false,false,true,true,,928
ACP000928,RO,Finance,Accounting,Manager,Permanent,2020-01-12,,,,HCM_A,2025-12-24,RO,Manager,true,true,true,true,true,false,not_applicable,true,true,,929
ACP000929,RO,Digital,Product,Individual Contributor,Permanent,2020-08-02,2020-12-06,End of Contract,false,HCM_A,2025-12-25,RO,Individual Contributor,true,true,true,true,true,false,false,true,true,,930
ACP000930,GR,Finance,Controls,Individual Contributor,Fixed Term,2020-07-31,2020-12-29,Voluntary,false,HCM_B,2025-12-26,GR,Individual Contributor,true,true,true,true,true,false,false,true,true,,931
ACP000931,RO,Sales,Key Accounts,Manager,Permanent,2020-09-14,,,,HCM_A,2025-12-27,RO,Manager,true,true,true,true,true,false,not_applicable,true,true,,932
ACP000932,BG,Finance,Controls,Manager,Permanent,2025-07-02,,,,HCM_A,2025-12-28,BG,Manager,true,true,true,true,true,false,not_applicable,false,false,,933
ACP000933,BG,Supply Chain,Logistics,Individual Contributor,Fixed Term,2024-05-18,,,,HCM_A,2025-12-29,BG,Individual Contributor,true,true,true,true,true,false,not_applicable,true,true,,934
ACP000934,RO,Sales,Commercial Planning,Individual Contributor,Permanent,2021-05-21,2021-07-23,Voluntary,false,HCM_A,2025-12-30,RO,Individual Contributor,true,true,true,true,true,false,false,true,true,,935
ACP000935,PL,Sales,Key Accounts,Individual Contributor,Permanent,2021-04-07,,,,HCM_B,2025-12-31,PL,Individual Contributor,true,true,true,true,true,false,not_applicable,true,true,,936
ACP000936,RO,Finance,Controls,Manager,Permanent,2024-02-27,,,,HCM_A,2025-12-20,RO,Manager,true,true,true,true,true,false,not_applicable,true,true,,937
ACP000937,PL,Supply Chain,Procurement,Manager,Permanent,2022-10-15,,,,HCM_A,2025-12-21,PL,Manager,true,true,true,true,true,false,not_applicable,true,true,,938
ACP000938,GR,Sales,Commercial Planning,Manager,Permanent,2021-10-22,,,,HCM_A,2025-12-22,GR,Manager,true,true,true,true,true,false,not_applicable,true,true,,939
ACP000939,BG,Digital,Product,Individual Contributor,Permanent,2024-12-24,2025-06-13,Voluntary,false,HCM_A,2025-12-23,BG,Individual Contributor,true,true,true,true,true,false,false,true,true,,940
ACP000940,IE,Sales,Field Sales,Manager,Permanent,2023-02-03,,,,HCM_B,2025-12-24,IE,Manager,true,true,true,true,true,false,not_applicable,true,true,,941
ACP000941,IT,Finance,FP&A,Individual Contributor,Permanent,2023-01-22,,,,HCM_A,2025-12-25,IT,Individual Contributor,true,true,true,true,true,false,not_applicable,true,true,,942
ACP000942,PL,Supply Chain,Manufacturing,Senior Leader,Fixed Term,2021-07-14,,,,HCM_A,2025-12-26,PL,Senior Leader,true,true,true,true,true,true,not_applicable,true,true,,943
ACP000943,IE,Sales,Key Accounts,Manager,Permanent,2025-06-28,,,,HCM_A,2025-12-27,IE,Manager,true,true,true,true,true,false,not_applicable,true,false,,944
ACP000944,BG,Digital,Product,Manager,Permanent,2022-10-01,,,,HCM_A,2025-12-28,BG,Manager,true,true,true,true,true,false,not_applicable,true,true,,945
ACP000945,IE,Finance,Accounting,Manager,Permanent,2021-04-13,2025-11-15,Involuntary,false,HCM_B,2025-12-29,IE,Manager,true,true,true,true,true,false,false,true,true,,946
ACP000946,PL,Finance,Accounting,Individual Contributor,Permanent,2020-12-03,2021-11-05,Involuntary,false,HCM_A,2025-12-30,PL,Individual Contributor,true,true,true,true,true,false,false,true,true,,947
ACP000947,GR,Supply Chain,Manufacturing,Manager,Permanent,2023-06-10,2024-04-12,Voluntary,true,HCM_A,2025-12-31,GR,Manager,true,true,true,true,true,false,true,true,true,,948
ACP000948,IT,Digital,Data,Individual Contributor,Permanent,2025-10-04,,,,HCM_A,2025-12-20,IT,Individual Contributor,true,true,true,true,true,false,not_applicable,false,false,,949
ACP000949,RO,Sales,Key Accounts,Manager,Permanent,2020-06-11,2023-01-30,End of Contract,false,HCM_A,2025-12-21,RO,Manager,true,true,true,true,true,false,false,true,true,,950
ACP000950,IE,Digital,Software,Senior Leader,Permanent,2020-03-25,,,,HCM_B,2025-12-22,IE,Senior Leader,true,true,true,true,true,true,not_applicable,true,true,,951
ACP000951,IT,Sales,Field Sales,Senior Leader,Fixed Term,2023-03-02,,,,HCM_A,2025-12-23,IT,Senior Leader,true,true,true,true,true,true,not_applicable,true,true,,952
ACP000952,PL,Supply Chain,Procurement,Senior Leader,Permanent,2024-11-12,2025-01-19,Voluntary,false,HCM_A,2025-12-24,PL,Senior Leader,true,true,true,true,true,true,false,true,true,,953
ACP000953,BG,Finance,FP&A,Senior Leader,Permanent,2022-11-22,,,,HCM_A,2025-12-25,BG,Senior Leader,true,true,true,true,true,true,not_applicable,true,true,,954
ACP000954,BG,Digital,Software,Manager,Permanent,2021-07-04,,,,HCM_A,2025-12-26,BG,Manager,true,true,true,true,true,false,not_applicable,true,true,,955
ACP000955,RO,Digital,Data,Senior Leader,Permanent,2025-02-16,,,,HCM_B,2025-12-27,RO,Senior Leader,true,true,true,true,true,true,not_applicable,true,false,,956
ACP000956,IE,Sales,Field Sales,Senior Leader,Permanent,2021-11-15,2022-11-23,Voluntary,false,HCM_A,2025-12-28,IE,Senior Leader,true,true,true,true,true,true,false,true,true,,957
ACP000957,PL,Finance,Controls,Individual Contributor,Permanent,2022-08-11,,,,HCM_A,2025-12-29,PL,Individual Contributor,true,true,true,true,true,false,not_applicable,true,true,,958
ACP000958,PL,Supply Chain,Procurement,Manager,Permanent,2024-01-16,,,,HCM_A,2025-12-30,PL,Manager,true,true,true,true,true,false,not_applicable,true,true,,959
ACP000959,RO,Finance,Accounting,Senior Leader,Permanent,2020-04-10,,,,HCM_A,2025-12-31,RO,Senior Leader,true,true,true,true,true,true,not_applicable,true,true,,960
ACP000960,IT,Finance,FP&A,Individual Contributor,Permanent,2023-11-07,2024-04-07,Voluntary,false,HCM_B,2025-12-20,IT,Individual Contributor,true,true,true,true,true,false,false,true,true,,961
ACP000961,BG,Finance,Controls,Senior Leader,Permanent,,,,,HCM_A,2025-12-21,BG,Senior Leader,false,false,false,false,false,true,not_applicable,false,false,missing_hire_date,962
ACP000962,IE,Sales,Commercial Planning,Individual Contributor,Permanent,2020-12-01,2024-04-07,End of Contract,false,HCM_A,2025-12-22,IE,Individual Contributor,true,true,true,true,true,false,false,true,true,,963
ACP000963,PL,Supply Chain,Logistics,Individual Contributor,Permanent,2024-08-01,,,,HCM_A,2025-12-23,PL,Individual Contributor,true,true,true,true,true,false,not_applicable,true,true,,964
ACP000964,PL,Supply Chain,Procurement,Manager,Fixed Term,2022-03-10,2022-08-16,Voluntary,false,HCM_A,2025-12-24,PL,Manager,true,true,true,true,true,false,false,true,true,,965
ACP000965,IE,Sales,Key Accounts,Manager,Permanent,2022-09-09,,,,HCM_B,2025-12-25,IE,Manager,true,true,true,true,true,false,not_applicable,true,true,,966
ACP000966,BG,Finance,Accounting,Senior Leader,Permanent,2021-07-19,,,,HCM_A,2025-12-26,BG,Senior Leader,true,true,true,true,true,true,not_applicable,true,true,,967
ACP000967,BG,Supply Chain,Procurement,Individual Contributor,Permanent,2022-01-16,,,,HCM_A,2025-12-27,BG,Individual Contributor,true,true,true,true,true,false,not_applicable,true,true,,968
ACP000968,BG,Finance,Accounting,Individual Contributor,Permanent,2024-10-04,,,,HCM_A,2025-12-28,BG,Individual Contributor,true,true,true,true,true,false,not_applicable,true,true,,969
ACP000969,BG,Finance,FP&A,Individual Contributor,Permanent,2021-04-15,,,,HCM_A,2025-12-29,BG,Individual Contributor,true,true,true,true,true,false,not_applicable,true,true,,970
ACP000970,GR,Digital,Data,Manager,Permanent,2023-01-07,,,,HCM_B,2025-12-30,GR,Manager,true,true,true,true,true,false,not_applicable,true,true,,971
ACP000971,IT,Finance,Controls,Individual Contributor,Permanent,2024-10-15,,,,HCM_A,2025-12-31,IT,Individual Contributor,true,true,true,true,true,false,not_applicable,true,true,,972
ACP000972,PL,Finance,Controls,Senior Leader,Permanent,2024-06-06,,,,HCM_A,2025-12-20,PL,Senior Leader,true,true,true,true,true,true,not_applicable,true,true,,973
ACP000973,BG,Sales,Commercial Planning,Individual Contributor,Permanent,2023-05-30,,,,HCM_A,2025-12-21,BG,Individual Contributor,true,true,true,true,true,false,not_applicable,true,true,,974
ACP000974,GR,Supply Chain,Manufacturing,Individual Contributor,Permanent,2025-10-06,,,,HCM_A,2025-12-22,GR,Individual Contributor,true,true,true,true,true,false,not_applicable,false,false,,975
ACP000975,RO,Sales,Field Sales,Individual Contributor,Fixed Term,2025-11-04,,,,HCM_B,2025-12-23,RO,Individual Contributor,true,true,true,true,true,false,not_applicable,false,false,,976
ACP000976,IT,Sales,Field Sales,Senior Leader,Fixed Term,2020-10-29,,,,HCM_A,2025-12-24,IT,Senior Leader,true,true,true,true,true,true,not_applicable,true,true,,977
ACP000977,IE,Sales,Commercial Planning,Senior Leader,Permanent,2023-06-04,,,,HCM_A,2025-12-25,IE,Senior Leader,true,true,true,true,true,true,not_applicable,true,true,,978
ACP000978,RO,Digital,Product,Individual Contributor,Fixed Term,2020-09-19,2021-02-13,Voluntary,true,HCM_A,2025-12-26,RO,Individual Contributor,true,true,true,true,true,false,true,true,true,,979
ACP000979,IT,Digital,Software,Individual Contributor,Permanent,2021-07-14,2021-10-12,,,HCM_A,2025-12-27,IT,Individual Contributor,true,true,true,true,true,false,unknown,true,true,termination_type_unknown|regretted_classification_unknown,980
ACP000980,GR,Sales,Key Accounts,Manager,Permanent,2020-03-02,,,,HCM_B,2025-12-28,GR,Manager,true,true,true,true,true,false,not_applicable,true,true,,981
ACP000981,IE,Supply Chain,Logistics,Individual Contributor,Permanent,2024-06-14,,,,HCM_A,2025-12-29,IE,Individual Contributor,true,true,true,true,true,false,not_applicable,true,true,,982
ACP000982,PL,Digital,Data,Senior Leader,Permanent,2025-02-25,,,,HCM_A,2025-12-30,PL,Senior Leader,true,true,true,true,true,true,not_applicable,true,false,,983
ACP000983,IT,Digital,Data,Manager,Permanent,2021-10-24,,,,HCM_A,2025-12-31,IT,Manager,true,true,true,true,true,false,not_applicable,true,true,,984
ACP000984,RO,Supply Chain,Manufacturing,Individual Contributor,Permanent,2024-01-13,2025-01-22,Voluntary,true,HCM_A,2025-12-20,RO,Individual Contributor,true,true,true,true,true,false,true,true,true,,985
ACP000985,RO,Sales,Field Sales,Individual Contributor,Permanent,2024-05-23,,,,HCM_B,2025-12-21,RO,Individual Contributor,true,true,true,true,true,false,not_applicable,true,true,,986
ACP000986,GR,Supply Chain,Manufacturing,Manager,Permanent,2021-11-01,,,,HCM_A,2025-12-22,GR,Manager,true,true,true,true,true,false,not_applicable,true,true,,987
ACP000987,IE,Sales,Field Sales,Individual Contributor,Fixed Term,2020-06-26,2025-09-06,End of Contract,false,HCM_A,2025-12-23,IE,Individual Contributor,true,true,true,true,true,false,false,true,true,,988
ACP000988,PL,Supply Chain,Logistics,Individual Contributor,Permanent,2022-05-07,,,,HCM_A,2025-12-24,PL,Individual Contributor,true,true,true,true,true,false,not_applicable,true,true,,989
ACP000989,GR,Sales,Field Sales,Individual Contributor,Permanent,2025-11-27,,,,HCM_A,2025-12-25,GR,Individual Contributor,true,true,true,true,true,false,not_applicable,false,false,,990
ACP000990,IT,Digital,Product,Manager,Permanent,2025-07-29,,,,HCM_B,2025-12-26,IT,Manager,true,true,true,true,true,false,not_applicable,false,false,,991
ACP000991,IE,Sales,Key Accounts,Individual Contributor,Permanent,2022-04-28,2022-09-28,Voluntary,false,HCM_A,2025-12-27,IE,Individual Contributor,true,true,true,true,true,false,false,true,true,,992
ACP000992,BG,Digital,Software,Manager,Permanent,2021-02-27,2023-10-03,Voluntary,false,HCM_A,2025-12-28,BG,Manager,true,true,true,true,true,false,false,true,true,,993
ACP000993,RO,Sales,Key Accounts,Manager,Permanent,2024-08-05,,,,HCM_A,2025-12-29,RO,Manager,true,true,true,true,true,false,not_applicable,true,true,,994
ACP000994,BG,Supply Chain,Procurement,Individual Contributor,Permanent,2024-12-21,2025-12-29,Voluntary,true,HCM_A,2025-12-30,BG,Individual Contributor,true,true,true,true,true,false,true,true,true,,995
ACP000995,GR,Supply Chain,Procurement,Individual Contributor,Permanent,2024-07-29,,,,HCM_B,2025-12-31,GR,Individual Contributor,true,true,true,true,true,false,not_applicable,true,true,,996
ACP000996,IT,Supply Chain,Logistics,Manager,Permanent,2023-11-21,,,,HCM_A,2025-12-20,IT,Manager,true,true,true,true,true,false,not_applicable,true,true,,997
ACP000997,RO,Sales,Key Accounts,Individual Contributor,Fixed Term,2024-08-20,2025-12-03,Voluntary,true,HCM_A,2025-12-21,RO,Individual Contributor,true,true,true,true,true,false,true,true,true,,998
ACP000998,GR,Supply Chain,Logistics,Individual Contributor,Permanent,2025-07-28,,,,HCM_A,2025-12-22,GR,Individual Contributor,true,true,true,true,true,false,not_applicable,false,false,,999
ACP000999,RO,Digital,Product,Manager,Fixed Term,2020-01-19,2020-12-05,Voluntary,true,HCM_A,2025-12-23,RO,Manager,true,true,true,true,true,false,true,true,true,,1000
ACP001000,IT,Digital,Software,Individual Contributor,Permanent,2020-11-05,2025-07-29,Voluntary,false,HCM_B,2025-12-24,IT,Individual Contributor,true,true,true,true,true,false,false,true,true,,1001
ACP001001,PL,Digital,Product,Senior Leader,Permanent,2020-05-02,2021-02-15,Voluntary,true,HCM_A,2025-12-25,PL,Senior Leader,true,true,true,true,true,true,true,true,true,,1002
ACP001002,GR,Digital,Data,Individual Contributor,Permanent,2023-05-19,,,,HCM_A,2025-12-26,GR,Individual Contributor,true,true,true,true,true,false,not_applicable,true,true,,1003
ACP001003,RO,Supply Chain,Manufacturing,Manager,Permanent,2021-08-24,,,,HCM_A,2025-12-27,RO,Manager,true,true,true,true,true,false,not_applicable,true,true,,1004
ACP001004,BG,Digital,Data,Individual Contributor,Permanent,2021-06-26,,,,HCM_A,2025-12-28,BG,Individual Contributor,true,true,true,true,true,false,not_applicable,true,true,,1005
ACP001005,RO,Sales,Field Sales,Manager,Fixed Term,2025-01-09,,,,HCM_B,2025-12-29,RO,Manager,true,true,true,true,true,false,not_applicable,true,false,,1006
ACP001006,BG,Finance,Accounting,Individual Contributor,Permanent,2024-03-20,,,,HCM_A,2025-12-30,BG,Individual Contributor,true,true,true,true,true,false,not_applicable,true,true,,1007
ACP001007,RO,Supply Chain,Procurement,Individual Contributor,Permanent,2024-11-25,,,,HCM_A,2025-12-31,RO,Individual Contributor,true,true,true,true,true,false,not_applicable,true,true,,1008
ACP001008,IE,Digital,Software,Manager,Permanent,2023-09-22,2023-08-31,Voluntary,true,HCM_A,2025-12-20,IE,Manager,false,false,false,false,false,false,true,false,false,termination_before_hire,1009
ACP001009,GR,Supply Chain,Procurement,Manager,Permanent,2020-09-06,,,,HCM_A,2025-12-21,GR,Manager,true,true,true,true,true,false,not_applicable,true,true,,1010
ACP001010,BG,Sales,Commercial Planning,Manager,Permanent,2023-06-05,2025-01-16,End of Contract,false,HCM_B,2025-12-22,BG,Manager,true,true,true,true,true,false,false,true,true,,1011
ACP001011,BG,Sales,Commercial Planning,Manager,Permanent,2025-10-06,,,,HCM_A,2025-12-23,BG,Manager,true,true,true,true,true,false,not_applicable,false,false,,1012
ACP001012,BG,Digital,Product,Senior Leader,Permanent,2023-09-25,2023-12-05,Voluntary,false,HCM_A,2025-12-24,BG,Senior Leader,true,true,true,true,true,true,false,true,true,,1013
ACP001013,BG,Digital,Product,Individual Contributor,Permanent,2020-06-19,2021-10-22,Involuntary,false,HCM_A,2025-12-25,BG,Individual Contributor,true,true,true,true,true,false,false,true,true,,1014
ACP001014,IE,Sales,Commercial Planning,Individual Contributor,Permanent,2025-04-28,,,,HCM_A,2025-12-26,IE,Individual Contributor,true,true,true,true,true,false,not_applicable,true,false,,1015
ACP001015,RO,Digital,Product,Individual Contributor,Permanent,2022-01-15,,,,HCM_B,2025-12-27,RO,Individual Contributor,true,true,true,true,true,false,not_applicable,true,true,,1016
ACP001016,RO,Sales,Key Accounts,Manager,Permanent,2022-05-09,,,,HCM_A,2025-12-28,RO,Manager,true,true,true,true,true,false,not_applicable,true,true,,1017
ACP001017,IT,Sales,Key Accounts,Individual Contributor,Permanent,2022-03-23,,,,HCM_A,2025-12-29,IT,Individual Contributor,true,true,true,true,true,false,not_applicable,true,true,,1018
ACP001018,PL,Finance,Accounting,Manager,Permanent,2020-02-20,,,,HCM_A,2025-12-30,PL,Manager,true,true,true,true,true,false,not_applicable,true,true,,1019
ACP001019,BG,Supply Chain,Procurement,Individual Contributor,Fixed Term,2020-11-05,2020-11-30,Voluntary,true,HCM_A,2025-12-31,BG,Individual Contributor,true,true,true,true,true,false,true,true,true,,1020
ACP001020,GR,Sales,Field Sales,Manager,Permanent,2024-10-31,,,,HCM_B,2025-12-20,GR,Manager,true,true,true,true,true,false,not_applicable,true,true,,1021
ACP001021,IE,Finance,FP&A,Senior Leader,Permanent,2020-09-19,,,,HCM_A,2025-12-21,IE,Senior Leader,true,true,true,true,true,true,not_applicable,true,true,,1022
ACP001022,PL,Sales,Key Accounts,Manager,Permanent,2024-01-25,2024-06-13,Involuntary,false,HCM_A,2025-12-22,PL,Manager,true,true,true,true,true,false,false,true,true,,1023
ACP001023,GR,Supply Chain,Logistics,Manager,Permanent,2023-06-27,2024-05-26,Involuntary,false,HCM_A,2025-12-23,GR,Manager,true,true,true,true,true,false,false,true,true,,1024
ACP001024,IE,Finance,Accounting,Individual Contributor,Permanent,2024-04-29,,,,HCM_A,2025-12-24,IE,Individual Contributor,true,true,true,true,true,false,not_applicable,true,true,,1025
ACP001025,IE,Sales,Field Sales,Senior Leader,Permanent,2024-12-10,2024-12-29,End of Contract,false,HCM_B,2025-12-25,IE,Senior Leader,true,true,true,true,true,true,false,true,true,,1026
ACP001026,BG,Supply Chain,Procurement,Individual Contributor,Permanent,2025-07-18,,,,HCM_A,2025-12-26,BG,Individual Contributor,true,true,true,true,true,false,not_applicable,false,false,,1027
ACP001027,GR,Digital,Software,Manager,Permanent,2021-09-14,,,,HCM_A,2025-12-27,GR,Manager,true,true,true,true,true,false,not_applicable,true,true,,1028
ACP001028,BG,Sales,Commercial Planning,Individual Contributor,Permanent,2024-06-30,,,,HCM_A,2025-12-28,BG,Individual Contributor,true,true,true,true,true,false,not_applicable,true,true,,1029
ACP001029,RO,Supply Chain,Manufacturing,Individual Contributor,Permanent,2023-01-10,,,,HCM_A,2025-12-29,RO,Individual Contributor,true,true,true,true,true,false,not_applicable,true,true,,1030
ACP001030,IT,Finance,FP&A,Senior Leader,Permanent,2020-10-16,,,,HCM_B,2025-12-30,IT,Sr Mgmt,true,true,true,true,true,true,not_applicable,true,true,seniority_mapping_assumed,1031
ACP001031,IT,Finance,FP&A,Individual Contributor,Fixed Term,2024-09-26,2025-06-18,End of Contract,false,HCM_A,2025-12-31,IT,Individual Contributor,true,true,true,true,true,false,false,true,true,,1032
ACP001032,GR,Finance,Controls,Individual Contributor,Permanent,2022-01-05,,,,HCM_A,2025-12-20,GR,Individual Contributor,true,true,true,true,true,false,not_applicable,true,true,,1033
ACP001033,PL,Supply Chain,Procurement,Individual Contributor,Permanent,2020-11-02,,,,HCM_A,2025-12-21,PL,Individual Contributor,true,true,true,true,true,false,not_applicable,true,true,,1034
ACP001034,PL,Supply Chain,Procurement,Senior Leader,Permanent,2023-08-31,,,,HCM_A,2025-12-22,PL,Senior Leader,true,true,true,true,true,true,not_applicable,true,true,,1035
ACP001035,PL,Sales,Key Accounts,Individual Contributor,Permanent,2023-04-07,2023-08-12,Voluntary,true,HCM_B,2025-12-23,PL,Individual Contributor,true,true,true,true,true,false,true,true,true,,1036
ACP001036,IE,Digital,Data,Individual Contributor,Fixed Term,2024-03-31,2024-12-25,Voluntary,true,HCM_A,2025-12-24,IE,Individual Contributor,true,true,true,true,true,false,true,true,true,,1037
ACP001037,BG,Supply Chain,Manufacturing,Manager,Permanent,2022-02-04,2022-07-21,Voluntary,false,HCM_A,2025-12-25,BG,Manager,true,true,true,true,true,false,false,true,true,,1038
ACP001038,RO,Supply Chain,Manufacturing,Individual Contributor,Permanent,2021-04-02,,,,HCM_A,2025-12-26,RO,Individual Contributor,true,true,true,true,true,false,not_applicable,true,true,,1039
ACP001039,IE,Supply Chain,Procurement,Individual Contributor,Permanent,2025-07-11,,,,HCM_A,2025-12-27,IE,Individual Contributor,true,true,true,true,true,false,not_applicable,false,false,,1040
ACP001040,IT,Sales,Field Sales,Manager,Permanent,2023-02-25,,,,HCM_B,2025-12-28,IT,Manager,true,true,true,true,true,false,not_applicable,true,true,,1041
ACP001041,GR,Finance,FP&A,Manager,Permanent,2022-07-31,,,,HCM_A,2025-12-29,GR,Manager,true,true,true,true,true,false,not_applicable,true,true,,1042
ACP001042,RO,Finance,Accounting,Manager,Fixed Term,2023-02-06,2023-02-25,Voluntary,false,HCM_A,2025-12-30,RO,Manager,true,true,true,true,true,false,false,true,true,,1043
ACP001043,BG,Finance,Controls,Individual Contributor,Permanent,2023-11-10,,,,HCM_A,2025-12-31,BG,Individual Contributor,true,true,true,true,true,false,not_applicable,true,true,,1044
ACP001044,GR,Sales,Field Sales,Individual Contributor,Permanent,2021-08-15,,,,HCM_A,2025-12-20,GR,Individual Contributor,true,true,true,true,true,false,not_applicable,true,true,,1045
ACP001045,BG,Digital,Software,Individual Contributor,Permanent,2022-03-19,,,,HCM_B,2025-12-21,BG,Individual Contributor,true,true,true,true,true,false,not_applicable,true,true,,1046
ACP001046,GR,Supply Chain,Logistics,Individual Contributor,Permanent,2024-11-03,2025-02-25,Involuntary,false,HCM_A,2025-12-22,GR,Individual Contributor,true,true,true,true,true,false,false,true,true,,1047
ACP001047,IT,Digital,Product,Manager,Permanent,2025-11-09,,,,HCM_A,2025-12-23,IT,Manager,true,true,true,true,true,false,not_applicable,false,false,,1048
ACP001048,RO,Finance,Controls,Senior Leader,Permanent,2020-05-18,2020-10-25,Voluntary,false,HCM_A,2025-12-24,RO,Senior Leader,true,true,true,true,true,true,false,true,true,,1049
ACP001049,RO,Digital,Product,Senior Leader,Fixed Term,2024-01-15,,,,HCM_A,2025-12-25,RO,Senior Leader,true,true,true,true,true,true,not_applicable,true,true,,1050
ACP001050,IE,Sales,Key Accounts,Manager,Permanent,2025-04-30,2025-11-14,Voluntary,true,HCM_B,2025-12-26,IE,Manager,true,true,true,true,true,false,true,true,false,,1051
ACP001051,GR,Supply Chain,Manufacturing,Individual Contributor,Permanent,2024-03-24,,,,HCM_A,2025-12-27,GR,Individual Contributor,true,true,true,true,true,false,not_applicable,true,true,,1052
ACP001052,BG,Sales,Field Sales,Manager,Permanent,2024-09-12,,,,HCM_A,2025-12-28,BG,Manager,true,true,true,true,true,false,not_applicable,true,true,,1053
ACP001053,IE,Supply Chain,Manufacturing,Manager,Permanent,2024-04-10,,,,HCM_A,2025-12-29,IE,Manager,true,true,true,true,true,false,not_applicable,true,true,,1054
ACP001054,IT,Sales,Field Sales,Manager,Permanent,2020-12-13,,,,HCM_A,2025-12-30,IT,Manager,true,true,true,true,true,false,not_applicable,true,true,,1055
ACP001055,IT,Supply Chain,Procurement,Individual Contributor,Permanent,2023-03-13,2025-06-10,Involuntary,false,HCM_B,2025-12-31,IT,Individual Contributor,true,true,true,true,true,false,false,true,true,,1056
ACP001056,BG,Supply Chain,Manufacturing,Senior Leader,Permanent,2024-02-22,,,,HCM_A,2025-12-20,BG,Senior Leader,true,true,true,true,true,true,not_applicable,true,true,,1057
ACP001057,IE,Digital,Product,Individual Contributor,Fixed Term,2024-03-23,2025-07-14,Voluntary,true,HCM_A,2025-12-21,IE,Individual Contributor,true,true,true,true,true,false,true,true,true,,1058
ACP001058,PL,Sales,Commercial Planning,Individual Contributor,Permanent,2021-10-20,,,,HCM_A,2025-12-22,PL,Individual Contributor,true,true,true,true,true,false,not_applicable,true,true,,1059
ACP001059,RO,Finance,Accounting,Manager,Permanent,2022-07-05,,,,HCM_A,2025-12-23,RO,Manager,true,true,true,true,true,false,not_applicable,true,true,,1060
ACP001060,IE,Finance,Accounting,Manager,Permanent,2021-03-10,2021-07-03,Involuntary,false,HCM_B,2025-12-24,IE,Manager,true,true,true,true,true,false,false,true,true,,1061
ACP001061,GR,Finance,FP&A,Individual Contributor,Permanent,2025-02-23,,,,HCM_A,2025-12-25,GR,Individual Contributor,true,true,true,true,true,false,not_applicable,true,false,,1062
ACP001062,RO,Supply Chain,Manufacturing,Manager,Permanent,2023-10-18,,,,HCM_A,2025-12-26,RO,Manager,true,true,true,true,true,false,not_applicable,true,true,,1063
ACP001063,GR,Sales,Field Sales,Individual Contributor,Permanent,2020-05-24,,,,HCM_A,2025-12-27,GR,Individual Contributor,true,true,true,true,true,false,not_applicable,true,true,,1064
ACP001064,GR,Finance,FP&A,Individual Contributor,Permanent,2025-05-26,,,,HCM_A,2025-12-28,GR,Individual Contributor,true,true,true,true,true,false,not_applicable,true,false,,1065
ACP001065,GR,Finance,Accounting,Individual Contributor,Permanent,2022-10-04,,,,HCM_B,2025-12-29,GR,Individual Contributor,true,true,true,true,true,false,not_applicable,true,true,,1066
ACP001066,RO,Supply Chain,Logistics,Senior Leader,Fixed Term,2023-03-01,,,,HCM_A,2025-12-30,RO,Senior Leader,true,true,true,true,true,true,not_applicable,true,true,,1067
ACP001067,BG,Finance,Accounting,Individual Contributor,Permanent,2020-08-02,2025-04-19,Voluntary,true,HCM_A,2025-12-31,BG,Individual Contributor,true,true,true,true,true,false,true,true,true,,1068
ACP001068,IE,Supply Chain,Logistics,Senior Leader,Fixed Term,2021-09-11,2022-01-02,Voluntary,,HCM_A,2025-12-20,IE,Senior Leader,true,true,true,true,true,true,unknown,true,true,regretted_classification_unknown,1069
ACP001069,RO,Digital,Data,Individual Contributor,Permanent,2025-05-21,,,,HCM_A,2025-12-21,ROM,Individual Contributor,true,true,true,true,true,false,not_applicable,true,false,country_alias_mapped,1070
ACP001070,IE,Digital,Data,Manager,Fixed Term,2022-09-05,,,,HCM_B,2025-12-22,IE,Manager,true,true,true,true,true,false,not_applicable,true,true,,1071
ACP001071,PL,Finance,Accounting,Individual Contributor,Fixed Term,2022-12-25,2023-02-24,Involuntary,false,HCM_A,2025-12-23,PL,Individual Contributor,true,true,true,true,true,false,false,true,true,,1072
ACP001072,BG,Sales,Key Accounts,Individual Contributor,Permanent,2025-04-15,,,,HCM_A,2025-12-24,BG,Individual Contributor,true,true,true,true,true,false,not_applicable,true,false,,1073
ACP001073,BG,Digital,Product,Senior Leader,Permanent,2022-07-18,2022-12-10,End of Contract,false,HCM_A,2025-12-25,BG,Senior Leader,true,true,true,true,true,true,false,true,true,,1074
ACP001074,GR,Sales,Commercial Planning,Manager,Permanent,2022-11-08,,,,HCM_A,2025-12-26,GR,Manager,true,true,true,true,true,false,not_applicable,true,true,,1075
ACP001075,IE,Digital,Software,Manager,Fixed Term,2022-04-16,2023-02-16,Involuntary,false,HCM_B,2025-12-27,IE,Manager,true,true,true,true,true,false,false,true,true,,1076
ACP001076,GR,Sales,Field Sales,Senior Leader,Permanent,2025-04-22,,,,HCM_A,2025-12-28,GR,Senior Leader,true,true,true,true,true,true,not_applicable,true,false,,1077
ACP001077,IT,Supply Chain,Procurement,Individual Contributor,Permanent,2020-08-06,2025-10-30,End of Contract,false,HCM_A,2025-12-29,IT,Individual Contributor,true,true,true,true,true,false,false,true,true,,1078
ACP001078,BG,Supply Chain,Manufacturing,Manager,Permanent,2020-10-23,2020-12-07,Voluntary,true,HCM_A,2025-12-30,BG,Manager,true,true,true,true,true,false,true,true,true,,1079
ACP001079,RO,Finance,Accounting,Manager,Fixed Term,2020-11-11,2022-07-24,Voluntary,false,HCM_A,2025-12-31,RO,Manager,true,true,true,true,true,false,false,true,true,,1080
ACP001080,GR,Supply Chain,Manufacturing,Senior Leader,Permanent,2021-08-25,2022-02-06,Voluntary,false,HCM_B,2025-12-20,GR,Senior Leader,true,true,true,true,true,true,false,true,true,,1081
ACP001081,IT,Finance,Accounting,Manager,Fixed Term,2021-07-24,,,,HCM_A,2025-12-21,IT,Manager,true,true,true,true,true,false,not_applicable,true,true,,1082
ACP001082,PL,Digital,Data,Manager,Permanent,2025-05-30,,,,HCM_A,2025-12-22,PL,Manager,true,true,true,true,true,false,not_applicable,true,false,,1083
ACP001083,BG,Sales,Key Accounts,Individual Contributor,Fixed Term,2023-04-17,,,,HCM_A,2025-12-23,BG,Individual Contributor,true,true,true,true,true,false,not_applicable,true,true,,1084
ACP001084,GR,Finance,FP&A,Manager,Permanent,2023-02-12,,,,HCM_A,2025-12-24,GR,Manager,true,true,true,true,true,false,not_applicable,true,true,,1085
ACP001085,IE,Supply Chain,Manufacturing,Individual Contributor,Permanent,2022-01-13,,,,HCM_B,2025-12-25,IE,Individual Contributor,true,true,true,true,true,false,not_applicable,true,true,,1086
ACP001086,IE,Finance,FP&A,Individual Contributor,Permanent,2021-07-02,,,,HCM_A,2025-12-26,IE,Individual Contributor,true,true,true,true,true,false,not_applicable,true,true,,1087
ACP001087,GR,Digital,Data,Individual Contributor,Permanent,2021-10-14,,,,HCM_A,2025-12-27,GR,Individual Contributor,true,true,true,true,true,false,not_applicable,true,true,,1088
ACP001088,IT,Finance,FP&A,Individual Contributor,Permanent,2021-07-05,2021-09-20,Voluntary,false,HCM_A,2025-12-28,IT,Individual Contributor,true,true,true,true,true,false,false,true,true,,1089
ACP001089,GR,Sales,Key Accounts,Manager,Permanent,2021-10-09,,,,HCM_A,2025-12-29,GR,Manager,true,true,true,true,true,false,not_applicable,true,true,,1090
ACP001090,GR,Digital,Data,Individual Contributor,Permanent,2025-02-18,,,,HCM_B,2025-12-30,GR,Individual Contributor,true,true,true,true,true,false,not_applicable,true,false,,1091
ACP001091,IT,Digital,Software,Individual Contributor,Permanent,2025-09-30,,,,HCM_A,2025-12-31,IT,Individual Contributor,true,true,true,true,true,false,not_applicable,false,false,,1092
ACP001092,PL,Digital,Data,Manager,Permanent,2025-09-07,,,,HCM_A,2025-12-20,PL,Manager,true,true,true,true,true,false,not_applicable,false,false,,1093
ACP001093,PL,Sales,Commercial Planning,Individual Contributor,Fixed Term,2022-03-25,2025-06-27,End of Contract,false,HCM_A,2025-12-21,PL,Individual Contributor,true,true,true,true,true,false,false,true,true,,1094
ACP001094,RO,Sales,Key Accounts,Manager,Permanent,2021-10-02,,,,HCM_A,2025-12-22,RO,Manager,true,true,true,true,true,false,not_applicable,true,true,,1095
ACP001095,BG,Finance,FP&A,Individual Contributor,Permanent,2020-11-07,2022-10-14,Involuntary,false,HCM_B,2025-12-23,BG,Individual Contributor,true,true,true,true,true,false,false,true,true,,1096
ACP001096,IE,Digital,Software,Manager,Permanent,2023-05-02,,,,HCM_A,2025-12-24,IE,Manager,true,true,true,true,true,false,not_applicable,true,true,,1097
ACP001097,RO,Digital,Data,Individual Contributor,Permanent,2023-03-08,2023-08-20,Voluntary,true,HCM_A,2025-12-25,RO,Individual Contributor,true,true,true,true,true,false,true,true,true,,1098
ACP001098,BG,Sales,Field Sales,Individual Contributor,Permanent,2024-12-07,2025-12-10,Voluntary,false,HCM_A,2025-12-26,BG,Individual Contributor,true,true,true,true,true,false,false,true,true,,1099
ACP001099,GR,Sales,Key Accounts,Manager,Permanent,2024-11-30,,,,HCM_A,2025-12-27,GR,Manager,true,true,true,true,true,false,not_applicable,true,true,,1100
ACP001100,GR,Supply Chain,Procurement,Manager,Permanent,2020-07-13,2024-10-15,Voluntary,true,HCM_B,2025-12-28,GR,Manager,true,true,true,true,true,false,true,true,true,,1101
ACP001101,BG,Supply Chain,Manufacturing,Manager,Permanent,2025-09-24,,,,HCM_A,2025-12-29,BG,Manager,true,true,true,true,true,false,not_applicable,false,false,,1102
ACP001102,IE,Sales,Key Accounts,Senior Leader,Permanent,2020-06-23,2022-10-10,End of Contract,false,HCM_A,2025-12-30,IE,Senior Leader,true,true,true,true,true,true,false,true,true,,1103
ACP001103,PL,Digital,Product,Senior Leader,Permanent,2024-06-26,2025-12-06,End of Contract,false,HCM_A,2025-12-31,PL,Senior Leader,true,true,true,true,true,true,false,true,true,,1104
ACP001104,GR,Finance,Accounting,Individual Contributor,Permanent,2021-11-19,,,,HCM_A,2025-12-20,GR,Individual Contributor,true,true,true,true,true,false,not_applicable,true,true,,1105
ACP001105,IE,Supply Chain,Logistics,Individual Contributor,Permanent,2020-09-07,,,,HCM_B,2025-12-21,IE,Individual Contributor,true,true,true,true,true,false,not_applicable,true,true,,1106
ACP001106,IT,Finance,Controls,Individual Contributor,Fixed Term,2022-02-01,2022-03-29,Voluntary,false,HCM_A,2025-12-22,IT,Individual Contributor,true,true,true,true,true,false,false,true,true,,1107
ACP001107,BG,Sales,Field Sales,Individual Contributor,Permanent,2024-03-20,2025-06-23,Voluntary,true,HCM_A,2025-12-23,BG,Individual Contributor,true,true,true,true,true,false,true,true,true,,1108
ACP001108,IT,Finance,Accounting,Individual Contributor,Permanent,2020-05-03,,,,HCM_A,2025-12-24,IT,Individual Contributor,true,true,true,true,true,false,not_applicable,true,true,,1109
ACP001109,PL,Supply Chain,Procurement,Manager,Permanent,2020-02-11,,,,HCM_A,2025-12-25,PL,Manager,true,true,true,true,true,false,not_applicable,true,true,,1110
ACP001110,RO,Digital,Data,Individual Contributor,Permanent,2023-06-01,2024-09-12,Voluntary,false,HCM_B,2025-12-26,RO,Individual Contributor,true,true,true,true,true,false,false,true,true,,1111
ACP001111,IT,Sales,Field Sales,Senior Leader,Permanent,2020-05-10,,,,HCM_A,2025-12-27,IT,Senior Leader,true,true,true,true,true,true,not_applicable,true,true,,1112
ACP001112,,Supply Chain,Logistics,Individual Contributor,Fixed Term,2023-05-04,,,,HCM_A,2025-12-28,,Individual Contributor,true,true,true,true,false,false,not_applicable,true,true,missing_or_unknown_country,1113
ACP001113,RO,Finance,Controls,Manager,Permanent,2020-01-29,,,,HCM_A,2025-12-29,RO,Manager,true,true,true,true,true,false,not_applicable,true,true,,1114
ACP001114,GR,Sales,Field Sales,Individual Contributor,Fixed Term,2023-05-04,2023-10-05,End of Contract,false,HCM_A,2025-12-30,GR,Individual Contributor,true,true,true,true,true,false,false,true,true,,1115
ACP001115,RO,Finance,Controls,Manager,Fixed Term,2023-11-26,2024-03-10,Voluntary,false,HCM_B,2025-12-31,RO,Manager,true,true,true,true,true,false,false,true,true,,1116
ACP001116,BG,Supply Chain,Logistics,Individual Contributor,Permanent,2024-11-25,,,,HCM_A,2025-12-20,BG,Individual Contributor,true,true,true,true,true,false,not_applicable,true,true,,1117
ACP001117,IT,Supply Chain,Logistics,Manager,Permanent,2024-09-03,2025-08-19,Voluntary,true,HCM_A,2025-12-21,IT,Manager,true,true,true,true,true,false,true,true,true,,1118
ACP001118,GR,Sales,Key Accounts,Individual Contributor,Permanent,2023-05-02,2023-10-02,Voluntary,false,HCM_A,2025-12-22,GR,Individual Contributor,true,true,true,true,true,false,false,true,true,,1119
ACP001119,GR,Supply Chain,Logistics,Individual Contributor,Permanent,2020-01-16,2020-12-09,Voluntary,false,HCM_A,2025-12-23,GR,Individual Contributor,true,true,true,true,true,false,false,true,true,,1120
ACP001120,IT,Supply Chain,Manufacturing,Senior Leader,Permanent,2022-02-15,,,,HCM_B,2025-12-24,IT,Senior Leader,true,true,true,true,true,true,not_applicable,true,true,,1121
ACP001121,BG,Digital,Product,Manager,Permanent,2021-11-30,,,,HCM_A,2025-12-25,BG,Manager,true,true,true,true,true,false,not_applicable,true,true,,1122
ACP001122,BG,Digital,Data,Manager,Permanent,2021-12-09,,,,HCM_A,2025-12-26,BG,Manager,true,true,true,true,true,false,not_applicable,true,true,,1123
ACP001123,IE,Sales,Key Accounts,Individual Contributor,Permanent,2020-10-21,,,,HCM_A,2025-12-27,IE,Individual Contributor,true,true,true,true,true,false,not_applicable,true,true,,1124
ACP001124,BG,Finance,Accounting,Senior Leader,Permanent,2025-06-28,,,,HCM_A,2025-12-28,BG,Senior Leader,true,true,true,true,true,true,not_applicable,true,false,,1125
ACP001125,GR,Supply Chain,Manufacturing,Manager,Permanent,2022-07-05,,,,HCM_B,2025-12-29,GR,Manager,true,true,true,true,true,false,not_applicable,true,true,,1126
ACP001126,IE,Digital,Data,Manager,Permanent,2022-07-30,,,,HCM_A,2025-12-30,IE,Manager,true,true,true,true,true,false,not_applicable,true,true,,1127
ACP001127,BG,Sales,Key Accounts,Manager,Permanent,2020-08-05,2021-05-20,Involuntary,false,HCM_A,2025-12-31,BG,Manager,true,true,true,true,true,false,false,true,true,,1128
ACP001128,PL,Supply Chain,Logistics,Manager,Permanent,2022-05-03,,,,HCM_A,2025-12-20,PL,Manager,true,true,true,true,true,false,not_applicable,true,true,,1129
ACP001129,GR,Finance,Accounting,Senior Leader,Permanent,2023-02-02,2024-11-06,Involuntary,false,HCM_A,2025-12-21,GR,Senior Leader,true,true,true,true,true,true,false,true,true,,1130
ACP001130,IE,Sales,Key Accounts,Individual Contributor,Fixed Term,2022-09-20,,,,HCM_B,2025-12-22,IE,Individual Contributor,true,true,true,true,true,false,not_applicable,true,true,,1131
ACP001131,IT,Sales,Key Accounts,Individual Contributor,Permanent,2021-02-09,2021-06-29,Involuntary,false,HCM_A,2025-12-23,IT,Individual Contributor,true,true,true,true,true,false,false,true,true,,1132
ACP001132,IE,Sales,Key Accounts,Manager,Fixed Term,2023-09-02,2025-11-30,Voluntary,true,HCM_A,2025-12-24,IE,Manager,true,true,true,true,true,false,true,true,true,,1133
ACP001133,IT,Digital,Product,Senior Leader,Permanent,2021-12-04,,,,HCM_A,2025-12-25,IT,Senior Leader,true,true,true,true,true,true,not_applicable,true,true,,1134
ACP001134,PL,Supply Chain,Procurement,Manager,Permanent,2023-07-15,2023-09-21,Voluntary,false,HCM_A,2025-12-26,PL,Manager,true,true,true,true,true,false,false,true,true,,1135
ACP001135,IE,Digital,Data,Individual Contributor,Permanent,2020-06-03,,,,HCM_B,2025-12-27,IE,Individual Contributor,true,true,true,true,true,false,not_applicable,true,true,,1136
ACP001136,PL,Sales,Key Accounts,Manager,Fixed Term,2020-02-04,2020-06-05,End of Contract,false,HCM_A,2025-12-28,PL,Manager,true,true,true,true,true,false,false,true,true,,1137
ACP001137,BG,Finance,FP&A,Manager,Permanent,2025-07-09,2025-07-25,Voluntary,false,HCM_A,2025-12-29,BG,Manager,true,true,true,true,true,false,false,false,false,,1138
ACP001138,IT,Sales,Key Accounts,Individual Contributor,Fixed Term,2025-02-28,2025-10-13,Involuntary,false,HCM_A,2025-12-30,IT,Individual Contributor,true,true,true,true,true,false,false,true,false,,1139
ACP001139,IE,Finance,Controls,Senior Leader,Permanent,2022-12-13,2025-04-01,Voluntary,true,HCM_A,2025-12-31,IE,Senior Leader,true,true,true,true,true,true,true,true,true,,1140
ACP001140,IT,Finance,Controls,Individual Contributor,Permanent,2022-06-29,,,,HCM_B,2025-12-20,IT,Individual Contributor,true,true,true,true,true,false,not_applicable,true,true,,1141
ACP001141,RO,Finance,FP&A,Individual Contributor,Permanent,2024-02-03,,,,HCM_A,2025-12-21,RO,Individual Contributor,true,true,true,true,true,false,not_applicable,true,true,,1142
ACP001142,BG,Sales,Commercial Planning,Manager,Permanent,2023-12-22,,,,HCM_A,2025-12-22,BG,Manager,true,true,true,true,true,false,not_applicable,true,true,,1143
ACP001143,GR,Sales,Commercial Planning,Manager,Permanent,2020-03-30,,,,HCM_A,2025-12-23,GR,Manager,true,true,true,true,true,false,not_applicable,true,true,,1144
ACP001144,RO,Sales,Commercial Planning,Senior Leader,Permanent,2020-08-09,,,,HCM_A,2025-12-24,RO,Senior Leader,true,true,true,true,true,true,not_applicable,true,true,,1145
ACP001145,GR,Digital,Data,Individual Contributor,Permanent,2024-12-19,2025-12-26,End of Contract,false,HCM_B,2025-12-25,GR,Individual Contributor,true,true,true,true,true,false,false,true,true,,1146
ACP001146,PL,Supply Chain,Manufacturing,Manager,Permanent,2024-03-23,,,,HCM_A,2025-12-26,PL,Manager,true,true,true,true,true,false,not_applicable,true,true,,1147
ACP001147,RO,Supply Chain,Manufacturing,Senior Leader,Fixed Term,2021-02-28,2021-08-25,Voluntary,true,HCM_A,2025-12-27,RO,Senior Leader,true,true,true,true,true,true,true,true,true,,1148
ACP001148,GR,Digital,Product,Individual Contributor,Permanent,2023-08-16,,,,HCM_A,2025-12-28,GR,Individual Contributor,true,true,true,true,true,false,not_applicable,true,true,,1149
ACP001149,PL,Finance,Accounting,Individual Contributor,Fixed Term,2025-09-06,,,,HCM_A,2025-12-29,PL,Individual Contributor,true,true,true,true,true,false,not_applicable,false,false,,1150
ACP001150,RO,Finance,Accounting,Individual Contributor,Permanent,2022-07-04,,,,HCM_B,2025-12-30,RO,Individual Contributor,true,true,true,true,true,false,not_applicable,true,true,,1151
ACP001151,GR,Digital,Data,Manager,Permanent,2025-08-17,,,,HCM_A,2025-12-31,GR,Manager,true,true,true,true,true,false,not_applicable,false,false,,1152
ACP001152,GR,Finance,Accounting,Manager,Permanent,2023-08-29,,,,HCM_A,2025-12-20,GR,Manager,true,true,true,true,true,false,not_applicable,true,true,,1153
ACP001153,RO,Digital,Data,Manager,Fixed Term,2024-07-21,,,,HCM_A,2025-12-21,RO,Manager,true,true,true,true,true,false,not_applicable,true,true,,1154
ACP001154,BG,Sales,Commercial Planning,Manager,Permanent,2024-02-03,,,,HCM_A,2025-12-22,BG,Manager,true,true,true,true,true,false,not_applicable,true,true,,1155
ACP001155,IT,Supply Chain,Procurement,Senior Leader,Fixed Term,2023-04-04,2025-01-11,End of Contract,false,HCM_B,2025-12-23,IT,Senior Leader,true,true,true,true,true,true,false,true,true,,1156
ACP001156,GR,Sales,Field Sales,Manager,Fixed Term,2022-06-19,,,,HCM_A,2025-12-24,GR,Manager,true,true,true,true,true,false,not_applicable,true,true,,1157
ACP001157,BG,Finance,FP&A,Senior Leader,Permanent,2020-04-09,2020-07-08,,,HCM_A,2025-12-25,BG,Senior Leader,true,true,true,true,true,true,unknown,true,true,termination_type_unknown|regretted_classification_unknown,1158
ACP001158,GR,Sales,Commercial Planning,Individual Contributor,Permanent,2021-02-19,,,,HCM_A,2025-12-26,GR,Individual Contributor,true,true,true,true,true,false,not_applicable,true,true,,1159
ACP001159,RO,Finance,Accounting,Individual Contributor,Permanent,2025-03-07,2025-05-13,Voluntary,false,HCM_A,2025-12-27,RO,Individual Contributor,true,true,true,true,true,false,false,true,false,,1160
ACP001160,BG,Digital,Data,Individual Contributor,Permanent,2024-03-21,,,,HCM_B,2025-12-28,BG,Individual Contributor,true,true,true,true,true,false,not_applicable,true,true,,1161
ACP001161,RO,Finance,Accounting,Manager,Permanent,2023-09-11,,,,HCM_A,2025-12-29,RO,Manager,true,true,true,true,true,false,not_applicable,true,true,,1162
ACP001162,BG,Finance,Accounting,Individual Contributor,Permanent,2020-10-30,,,,HCM_A,2025-12-30,BG,Individual Contributor,true,true,true,true,true,false,not_applicable,true,true,,1163
ACP001163,IT,Digital,Data,Manager,Permanent,2025-11-23,,,,HCM_A,2025-12-31,IT,Manager,true,true,true,true,true,false,not_applicable,false,false,,1164
ACP001164,BG,Digital,Product,Individual Contributor,Permanent,2024-08-28,2024-11-25,Involuntary,false,HCM_A,2025-12-20,BG,Individual Contributor,true,true,true,true,true,false,false,true,true,,1165
ACP001165,PL,Finance,Accounting,Individual Contributor,Permanent,2020-06-19,,,,HCM_B,2025-12-21,PL,Individual Contributor,true,true,true,true,true,false,not_applicable,true,true,,1166
ACP001166,IT,Sales,Key Accounts,Individual Contributor,Permanent,2020-11-10,,,,HCM_A,2025-12-22,IT,Individual Contributor,true,true,true,true,true,false,not_applicable,true,true,,1167
ACP001167,GR,Finance,Accounting,Manager,Permanent,2024-07-13,2025-11-25,Voluntary,false,HCM_A,2025-12-23,GR,Manager,true,true,true,true,true,false,false,true,true,,1168
ACP001168,PL,Supply Chain,Logistics,Senior Leader,Permanent,2023-05-10,,,,HCM_A,2025-12-24,PL,Senior Leader,true,true,true,true,true,true,not_applicable,true,true,,1169
ACP001169,IE,Supply Chain,Manufacturing,Individual Contributor,Fixed Term,2020-03-21,,,,HCM_A,2025-12-25,IE,Individual Contributor,true,true,true,true,true,false,not_applicable,true,true,,1170
ACP001170,PL,Supply Chain,Procurement,Manager,Fixed Term,2025-06-06,2025-08-20,Voluntary,false,HCM_B,2025-12-26,PL,Manager,true,true,true,true,true,false,false,true,false,,1171
ACP001171,PL,Finance,Accounting,Manager,Fixed Term,2021-01-16,,,,HCM_A,2025-12-27,PL,Manager,true,true,true,true,true,false,not_applicable,true,true,,1172
ACP001172,GR,Sales,Key Accounts,Manager,Permanent,2024-12-21,,,,HCM_A,2025-12-28,GR,Manager,true,true,true,true,true,false,not_applicable,true,true,,1173
ACP001173,RO,Sales,Field Sales,Individual Contributor,Permanent,2024-10-07,2025-06-19,Voluntary,false,HCM_A,2025-12-29,RO,Individual Contributor,true,true,true,true,true,false,false,true,true,,1174
ACP001174,IE,Digital,Product,Individual Contributor,Fixed Term,2023-03-17,,,,HCM_A,2025-12-30,IE,Individual Contributor,true,true,true,true,true,false,not_applicable,true,true,,1175
ACP001175,IT,Supply Chain,Manufacturing,Individual Contributor,Permanent,2021-03-14,2022-01-04,Voluntary,false,HCM_B,2025-12-31,IT,Individual Contributor,true,true,true,true,true,false,false,true,true,,1176
ACP001176,IE,Finance,Accounting,Individual Contributor,Permanent,2025-11-04,,,,HCM_A,2025-12-20,IE,Individual Contributor,true,true,true,true,true,false,not_applicable,false,false,,1177
ACP001177,BG,Supply Chain,Logistics,Senior Leader,Permanent,2025-04-06,,,,HCM_A,2025-12-21,BG,Senior Leader,true,true,true,true,true,true,not_applicable,true,false,,1178
ACP001178,IT,Sales,Commercial Planning,Manager,Permanent,2021-05-06,2024-05-31,End of Contract,false,HCM_A,2025-12-22,IT,Manager,true,true,true,true,true,false,false,true,true,,1179
ACP001179,BG,Digital,Data,Senior Leader,Permanent,2023-10-16,2024-01-24,Voluntary,true,HCM_A,2025-12-23,BG,Senior Leader,true,true,true,true,true,true,true,true,true,,1180
ACP001180,PL,Digital,Data,Individual Contributor,Permanent,2020-05-29,2020-08-02,End of Contract,false,HCM_B,2025-12-24,PL,Individual Contributor,true,true,true,true,true,false,false,true,true,,1181
ACP001181,RO,Finance,FP&A,Individual Contributor,Permanent,2022-04-13,,,,HCM_A,2025-12-25,RO,Individual Contributor,true,true,true,true,true,false,not_applicable,true,true,,1182
ACP001182,RO,Finance,Accounting,Individual Contributor,Fixed Term,2020-04-07,2020-08-01,End of Contract,false,HCM_A,2025-12-26,RO,Individual Contributor,true,true,true,true,true,false,false,true,true,,1183
ACP001183,GR,Digital,Product,Individual Contributor,Permanent,2024-04-05,2025-08-07,Voluntary,true,HCM_A,2025-12-27,GR,Individual Contributor,true,true,true,true,true,false,true,true,true,,1184
ACP001184,PL,Digital,Software,Manager,Permanent,2022-11-09,,,,HCM_A,2025-12-28,PL,Manager,true,true,true,true,true,false,not_applicable,true,true,,1185
ACP001185,BG,Supply Chain,Manufacturing,Senior Leader,Permanent,2021-10-09,2021-10-23,Involuntary,false,HCM_B,2025-12-29,BG,Senior Leader,true,true,true,true,true,true,false,true,true,,1186
ACP001186,BG,Digital,Software,Individual Contributor,Permanent,2024-04-14,2024-08-21,Involuntary,false,HCM_A,2025-12-30,BG,Individual Contributor,true,true,true,true,true,false,false,true,true,,1187
ACP001187,IT,Sales,Key Accounts,Senior Leader,Permanent,2021-10-04,,,,HCM_A,2025-12-31,IT,Senior Leader,true,true,true,true,true,true,not_applicable,true,true,,1188
ACP001188,RO,Sales,Commercial Planning,Manager,Permanent,2021-09-01,,,,HCM_A,2025-12-20,RO,Manager,true,true,true,true,true,false,not_applicable,true,true,,1189
ACP001189,RO,Supply Chain,Logistics,Individual Contributor,Permanent,2023-08-23,,,,HCM_A,2025-12-21,RO,Individual Contributor,true,true,true,true,true,false,not_applicable,true,true,,1190
ACP001190,GR,Digital,Software,Individual Contributor,Permanent,2020-12-20,2021-06-26,Involuntary,false,HCM_B,2025-12-22,GR,Individual Contributor,true,true,true,true,true,false,false,true,true,,1191
ACP001191,GR,Digital,Product,Manager,Permanent,2020-01-14,,,,HCM_A,2025-12-23,GR,Manager,true,true,true,true,true,false,not_applicable,true,true,,1192
ACP001192,IT,Sales,Field Sales,Manager,Permanent,2021-11-25,,,,HCM_A,2025-12-24,IT,Manager,true,true,true,true,true,false,not_applicable,true,true,,1193
ACP001193,BG,Digital,Data,Senior Leader,Permanent,2024-07-05,,,,HCM_A,2025-12-25,BG,Senior Leader,true,true,true,true,true,true,not_applicable,true,true,,1194
ACP001194,BG,Supply Chain,Procurement,Individual Contributor,Permanent,2023-01-06,,,,HCM_A,2025-12-26,BG,Individual Contributor,true,true,true,true,true,false,not_applicable,true,true,,1195
ACP001195,BG,Digital,Data,Manager,Permanent,2024-07-20,,,,HCM_B,2025-12-27,BG,Manager,true,true,true,true,true,false,not_applicable,true,true,,1196
ACP001196,IE,Sales,Commercial Planning,Manager,Permanent,2024-12-25,,,,HCM_A,2025-12-28,IE,Manager,true,true,true,true,true,false,not_applicable,true,true,,1197
ACP001197,GR,Digital,Data,Individual Contributor,Permanent,2025-07-13,2025-10-23,End of Contract,false,HCM_A,2025-12-29,GR,Individual Contributor,true,true,true,true,true,false,false,false,false,,1198
ACP001198,GR,Sales,Key Accounts,Manager,Permanent,2020-08-06,,,,HCM_A,2025-12-30,GR,Manager,true,true,true,true,true,false,not_applicable,true,true,,1199
ACP001199,BG,Digital,Product,Manager,Permanent,2020-02-28,2020-11-27,Involuntary,false,HCM_A,2025-12-31,BG,Manager,true,true,true,true,true,false,false,true,true,,1200
ACP001200,RO,Supply Chain,Logistics,Manager,Permanent,2021-01-18,,,,HCM_B,2025-12-20,RO,Manager,true,true,true,true,true,false,not_applicable,true,true,,1201
ACP001201,RO,Sales,Field Sales,Individual Contributor,Fixed Term,2022-10-05,,,,HCM_A,2025-12-21,RO,Individual Contributor,true,true,true,true,true,false,not_applicable,true,true,,1202
ACP001202,IT,Finance,Accounting,Manager,Permanent,2020-07-06,,,,HCM_A,2025-12-22,IT,Manager,true,true,true,true,true,false,not_applicable,true,true,,1203
ACP001203,IT,Supply Chain,Procurement,Manager,Permanent,2022-05-18,,,,HCM_A,2025-12-23,IT,Manager,true,true,true,true,true,false,not_applicable,true,true,,1204
ACP001204,RO,Sales,Field Sales,Manager,Permanent,2021-08-13,,,,HCM_A,2025-12-24,RO,Manager,true,true,true,true,true,false,not_applicable,true,true,,1205
ACP001205,RO,Digital,Product,Manager,Permanent,2021-01-07,,,,HCM_B,2025-12-25,RO,Manager,true,true,true,true,true,false,not_applicable,true,true,,1206
ACP001206,PL,Supply Chain,Logistics,Individual Contributor,Permanent,2024-02-23,,,,HCM_A,2025-12-26,PL,Individual Contributor,true,true,true,true,true,false,not_applicable,true,true,,1207
ACP001207,RO,Digital,Software,Individual Contributor,Permanent,2022-06-25,,,,HCM_A,2025-12-27,RO,Individual Contributor,true,true,true,true,true,false,not_applicable,true,true,,1208
ACP001208,IT,Finance,Controls,Individual Contributor,Permanent,2020-01-25,,,,HCM_A,2025-12-28,IT,Individual Contributor,true,true,true,true,true,false,not_applicable,true,true,,1209
ACP001209,IT,Finance,Controls,Senior Leader,Permanent,2023-11-14,2025-06-12,Involuntary,false,HCM_A,2025-12-29,IT,Senior Leader,true,true,true,true,true,true,false,true,true,,1210
ACP001210,IE,Finance,Controls,Individual Contributor,Permanent,2021-10-16,,,,HCM_B,2025-12-30,IE,Individual Contributor,true,true,true,true,true,false,not_applicable,true,true,,1211
ACP001211,RO,Digital,Data,Manager,Fixed Term,2024-07-24,,,,HCM_A,2025-12-31,RO,Manager,true,true,true,true,true,false,not_applicable,true,true,,1212
ACP001212,PL,Supply Chain,Procurement,Manager,Fixed Term,2023-05-01,2024-01-12,Voluntary,true,HCM_A,2025-12-20,PL,Manager,true,true,true,true,true,false,true,true,true,,1213
ACP001213,BG,Digital,Software,Manager,Fixed Term,2025-02-18,,,,HCM_A,2025-12-21,BG,Manager,true,true,true,true,true,false,not_applicable,true,false,,1214
ACP001214,RO,Digital,Software,Manager,Permanent,2024-03-30,2025-03-11,Voluntary,true,HCM_A,2025-12-22,RO,Manager,true,true,true,true,true,false,true,true,true,,1215
ACP001215,BG,Sales,Key Accounts,Individual Contributor,Permanent,2022-05-14,,,,HCM_B,2025-12-23,BG,Individual Contributor,true,true,true,true,true,false,not_applicable,true,true,,1216
ACP001216,GR,Finance,Controls,Manager,Fixed Term,2025-11-27,,,,HCM_A,2025-12-24,GR,Manager,true,true,true,true,true,false,not_applicable,false,false,,1217
ACP001217,PL,Supply Chain,Logistics,Manager,Permanent,2022-01-31,2025-10-11,Voluntary,false,HCM_A,2025-12-25,PL,Manager,true,true,true,true,true,false,false,true,true,,1218
ACP001218,PL,Finance,Controls,Individual Contributor,Permanent,2024-07-11,2025-03-24,Voluntary,true,HCM_A,2025-12-26,PL,Individual Contributor,true,true,true,true,true,false,true,true,true,,1219
ACP001219,BG,Supply Chain,Logistics,Individual Contributor,Permanent,2024-08-02,,,,HCM_A,2025-12-27,BG,Individual Contributor,true,true,true,true,true,false,not_applicable,true,true,,1220
ACP001220,RO,Sales,Commercial Planning,Senior Leader,Permanent,2020-04-09,2025-05-11,Voluntary,true,HCM_B,2025-12-28,RO,Senior Leader,true,true,true,true,true,true,true,true,true,,1221
ACP001221,IT,Finance,FP&A,Individual Contributor,Fixed Term,2021-11-15,2025-04-27,Voluntary,false,HCM_A,2025-12-29,IT,Individual Contributor,true,true,true,true,true,false,false,true,true,,1222
ACP001222,IE,Digital,Product,Individual Contributor,Permanent,2024-01-06,,,,HCM_A,2025-12-30,IE,Individual Contributor,true,true,true,true,true,false,not_applicable,true,true,,1223
ACP001223,RO,Sales,Key Accounts,Individual Contributor,Permanent,2024-08-31,2024-10-27,Voluntary,true,HCM_A,2025-12-31,RO,Individual Contributor,true,true,true,true,true,false,true,true,true,,1224
ACP001224,RO,Supply Chain,Logistics,Individual Contributor,Permanent,2025-02-24,,,,HCM_A,2025-12-20,RO,Individual Contributor,true,true,true,true,true,false,not_applicable,true,false,,1225
ACP001225,IT,Digital,Software,Senior Leader,Permanent,2022-06-10,,,,HCM_B,2025-12-21,IT,Senior Leader,true,true,true,true,true,true,not_applicable,true,true,,1226
ACP001226,BG,Finance,Accounting,Individual Contributor,Fixed Term,2020-11-17,2022-04-15,Voluntary,true,HCM_A,2025-12-22,BG,Individual Contributor,true,true,true,true,true,false,true,true,true,,1227
ACP001227,IE,Supply Chain,Manufacturing,Individual Contributor,Permanent,2023-08-06,,,,HCM_A,2025-12-23,IE,Individual Contributor,true,true,true,true,true,false,not_applicable,true,true,,1228
ACP001228,GR,Digital,Data,Senior Leader,Permanent,2024-01-23,,,,HCM_A,2025-12-24,GR,Senior Leader,true,true,true,true,true,true,not_applicable,true,true,,1229
ACP001229,IT,Supply Chain,Manufacturing,Individual Contributor,Permanent,2020-03-08,,,,HCM_A,2025-12-25,IT,Individual Contributor,true,true,true,true,true,false,not_applicable,true,true,,1230
ACP001230,RO,Supply Chain,Procurement,Individual Contributor,Permanent,2022-10-12,,,,HCM_B,2025-12-26,RO,Individual Contributor,true,true,true,true,true,false,not_applicable,true,true,,1231
ACP001231,BG,Supply Chain,Manufacturing,Individual Contributor,Permanent,2024-07-29,2025-08-20,Voluntary,true,HCM_A,2025-12-27,BG,Individual Contributor,true,true,true,true,true,false,true,true,true,,1232
ACP001232,PL,Sales,Commercial Planning,Manager,Fixed Term,2020-02-22,,,,HCM_A,2025-12-28,PL,Manager,true,true,true,true,true,false,not_applicable,true,true,,1233
ACP001233,PL,Finance,Accounting,Individual Contributor,Permanent,2024-12-13,,,,HCM_A,2025-12-29,PL,Individual Contributor,true,true,true,true,true,false,not_applicable,true,true,,1234
ACP001234,RO,Digital,Product,Manager,Permanent,2024-09-18,,,,HCM_A,2025-12-30,RO,Manager,true,true,true,true,true,false,not_applicable,true,true,,1235
ACP001235,IT,Supply Chain,Manufacturing,Senior Leader,Permanent,2022-12-14,,,,HCM_B,2025-12-31,IT,Senior Leader,true,true,true,true,true,true,not_applicable,true,true,,1236
ACP001236,IT,Sales,Field Sales,Manager,Permanent,2023-03-14,,,,HCM_A,2025-12-20,IT,Manager,true,true,true,true,true,false,not_applicable,true,true,,1237
ACP001237,PL,Digital,Software,Senior Leader,Permanent,2024-05-07,,,,HCM_A,2025-12-21,PL,Senior Leader,true,true,true,true,true,true,not_applicable,true,true,,1238
ACP001238,RO,Finance,FP&A,Manager,Permanent,2022-03-22,,,,HCM_A,2025-12-22,RO,Manager,true,true,true,true,true,false,not_applicable,true,true,,1239
ACP001239,PL,Finance,FP&A,Individual Contributor,Permanent,2022-12-31,,,,HCM_A,2025-12-23,PL,Individual Contributor,true,true,true,true,true,false,not_applicable,true,true,,1240
ACP001240,RO,Finance,Accounting,Senior Leader,Permanent,2024-06-13,2025-09-22,Voluntary,true,HCM_B,2025-12-24,RO,Senior Leader,true,true,true,true,true,true,true,true,true,,1241
ACP001241,IT,Digital,Software,Manager,Permanent,2022-07-01,2024-03-28,Voluntary,false,HCM_A,2025-12-25,IT,Manager,true,true,true,true,true,false,false,true,true,,1242
ACP001242,IT,Supply Chain,Procurement,Individual Contributor,Permanent,2020-07-08,,,,HCM_A,2025-12-26,IT,Individual Contributor,true,true,true,true,true,false,not_applicable,true,true,,1243
ACP001243,RO,Supply Chain,Procurement,Individual Contributor,Permanent,2023-08-09,,,,HCM_A,2025-12-27,RO,Individual Contributor,true,true,true,true,true,false,not_applicable,true,true,,1244
ACP001244,BG,Sales,Commercial Planning,Individual Contributor,Permanent,2025-10-21,,,,HCM_A,2025-12-28,BG,Individual Contributor,true,true,true,true,true,false,not_applicable,false,false,,1245
ACP001245,IE,Finance,Controls,Individual Contributor,Permanent,2020-06-30,,,,HCM_B,2025-12-29,IE,Individual Contributor,true,true,true,true,true,false,not_applicable,true,true,,1246
ACP001246,PL,Sales,Key Accounts,Individual Contributor,Permanent,2021-12-24,,,,HCM_A,2025-12-30,PL,Individual Contributor,true,true,true,true,true,false,not_applicable,true,true,,1247
ACP001247,GR,Supply Chain,Procurement,Manager,Permanent,2024-10-24,,,,HCM_A,2025-12-31,GR,Manager,true,true,true,true,true,false,not_applicable,true,true,,1248
ACP001248,PL,Sales,Key Accounts,Manager,Permanent,2024-09-05,2025-06-09,Voluntary,true,HCM_A,2025-12-20,PL,Manager,true,true,true,true,true,false,true,true,true,,1249
ACP001249,IE,Sales,Commercial Planning,Manager,Permanent,2022-02-11,2022-04-22,Voluntary,true,HCM_A,2025-12-21,IE,Manager,true,true,true,true,true,false,true,true,true,,1250
ACP001250,IT,Digital,Product,Manager,Permanent,2023-10-17,,,,HCM_B,2025-12-22,IT,Manager,true,true,true,true,true,false,not_applicable,true,true,,1251
ACP001251,IT,Digital,Data,Manager,Permanent,2023-06-01,2024-01-02,Involuntary,false,HCM_A,2025-12-23,IT,Manager,true,true,true,true,true,false,false,true,true,,1252
ACP001252,BG,Digital,Data,Manager,Permanent,2020-09-14,,,,HCM_A,2025-12-24,BG,Manager,true,true,true,true,true,false,not_applicable,true,true,,1253
ACP001253,IT,Sales,Field Sales,Individual Contributor,Permanent,2020-09-22,,,,HCM_A,2025-12-25,IT,Individual Contributor,true,true,true,true,true,false,not_applicable,true,true,,1254
ACP001254,PL,Finance,FP&A,Individual Contributor,Permanent,2024-09-07,,,,HCM_A,2025-12-26,PL,Individual Contributor,true,true,true,true,true,false,not_applicable,true,true,,1255
ACP001255,GR,Supply Chain,Procurement,Manager,Fixed Term,2024-12-03,,,,HCM_B,2025-12-27,GR,Manager,true,true,true,true,true,false,not_applicable,true,true,,1256
ACP001256,GR,Supply Chain,Manufacturing,Individual Contributor,Permanent,2024-10-24,,,,HCM_A,2025-12-28,GR,Individual Contributor,true,true,true,true,true,false,not_applicable,true,true,,1257
ACP001257,PL,Supply Chain,Manufacturing,Individual Contributor,Permanent,2025-10-13,,,,HCM_A,2025-12-29,PL,Individual Contributor,true,true,true,true,true,false,not_applicable,false,false,,1258
ACP001258,RO,Finance,FP&A,Individual Contributor,Permanent,2022-11-03,2025-02-02,Involuntary,false,HCM_A,2025-12-30,RO,Individual Contributor,true,true,true,true,true,false,false,true,true,,1259
ACP001259,IT,Finance,Controls,Individual Contributor,Permanent,2023-04-11,,,,HCM_A,2025-12-31,IT,Individual Contributor,true,true,true,true,true,false,not_applicable,true,true,,1260
ACP001260,BG,Finance,FP&A,Individual Contributor,Permanent,2021-05-23,,,,HCM_B,2025-12-20,BG,Individual Contributor,true,true,true,true,true,false,not_applicable,true,true,,1261
ACP001261,IT,Digital,Software,Individual Contributor,Permanent,2023-08-29,2024-02-03,End of Contract,false,HCM_A,2025-12-21,IT,Individual Contributor,true,true,true,true,true,false,false,true,true,,1262
ACP001262,IT,Supply Chain,Logistics,Senior Leader,Permanent,2020-12-19,,,,HCM_A,2025-12-22,IT,Sr Mgmt,true,true,true,true,true,true,not_applicable,true,true,seniority_mapping_assumed,1263
ACP001263,PL,Digital,Software,Individual Contributor,Permanent,2022-06-20,,,,HCM_A,2025-12-23,PL,Individual Contributor,true,true,true,true,true,false,not_applicable,true,true,,1264
ACP001264,BG,Digital,Product,Individual Contributor,Fixed Term,2024-04-09,2024-08-23,Voluntary,false,HCM_A,2025-12-24,BG,Individual Contributor,true,true,true,true,true,false,false,true,true,,1265
ACP001265,PL,Sales,Key Accounts,Individual Contributor,Permanent,2021-08-19,,,,HCM_B,2025-12-25,PL,Individual Contributor,true,true,true,true,true,false,not_applicable,true,true,,1266
ACP001266,IE,Supply Chain,Logistics,Individual Contributor,Permanent,2024-09-22,2025-11-09,Voluntary,false,HCM_A,2025-12-26,IE,Individual Contributor,true,true,true,true,true,false,false,true,true,,1267
ACP001267,GR,Sales,Field Sales,Individual Contributor,Fixed Term,2020-02-10,,,,HCM_A,2025-12-27,GR,Individual Contributor,true,true,true,true,true,false,not_applicable,true,true,,1268
ACP001268,IE,Digital,Data,Individual Contributor,Fixed Term,2023-12-24,,,,HCM_A,2025-12-28,IE,Individual Contributor,true,true,true,true,true,false,not_applicable,true,true,,1269
ACP001269,RO,Sales,Key Accounts,Individual Contributor,Permanent,2020-05-10,2023-03-14,End of Contract,false,HCM_A,2025-12-29,RO,Individual Contributor,true,true,true,true,true,false,false,true,true,,1270
ACP001270,IE,Digital,Data,Manager,Fixed Term,2025-08-04,,,,HCM_B,2025-12-30,IE,Manager,true,true,true,true,true,false,not_applicable,false,false,,1271
ACP001271,GR,Finance,FP&A,Individual Contributor,Permanent,2024-07-10,,,,HCM_A,2025-12-31,GR,Individual Contributor,true,true,true,true,true,false,not_applicable,true,true,,1272
ACP001272,IE,Supply Chain,Manufacturing,Manager,Permanent,2025-09-29,,,,HCM_A,2025-12-20,IE,Manager,true,true,true,true,true,false,not_applicable,false,false,,1273
ACP001273,RO,Digital,Product,Individual Contributor,Permanent,2022-04-11,,,,HCM_A,2025-12-21,RO,Individual Contributor,true,true,true,true,true,false,not_applicable,true,true,,1274
ACP001274,GR,Sales,Field Sales,Senior Leader,Permanent,2021-03-26,,,,HCM_A,2025-12-22,GR,Senior Leader,true,true,true,true,true,true,not_applicable,true,true,,1275
ACP001275,IT,Digital,Software,Manager,Fixed Term,2025-07-28,,,,HCM_B,2025-12-23,IT,Manager,true,true,true,true,true,false,not_applicable,false,false,,1276
ACP001276,IE,Finance,Accounting,Manager,Fixed Term,2022-06-01,,,,HCM_A,2025-12-24,IE,Manager,true,true,true,true,true,false,not_applicable,true,true,,1277
ACP001277,PL,Finance,Accounting,Senior Leader,Permanent,2025-08-11,,,,HCM_A,2025-12-25,PL,Senior Leader,true,true,true,true,true,true,not_applicable,false,false,,1278
ACP001278,GR,Digital,Product,Senior Leader,Permanent,2021-10-19,,,,HCM_A,2025-12-26,GR,Senior Leader,true,true,true,true,true,true,not_applicable,true,true,,1279
ACP001279,IE,Digital,Data,Individual Contributor,Permanent,2021-07-27,2021-11-22,End of Contract,false,HCM_A,2025-12-27,IE,Individual Contributor,true,true,true,true,true,false,false,true,true,,1280
ACP001280,PL,Finance,Accounting,Individual Contributor,Permanent,2022-06-14,2022-11-30,Involuntary,false,HCM_B,2025-12-28,PL,Individual Contributor,true,true,true,true,true,false,false,true,true,,1281
ACP001281,BG,Digital,Data,Individual Contributor,Permanent,2025-11-27,,,,HCM_A,2025-12-29,BG,Individual Contributor,true,true,true,true,true,false,not_applicable,false,false,,1282
ACP001282,IE,Supply Chain,Procurement,Individual Contributor,Permanent,2023-04-01,2024-07-11,Involuntary,false,HCM_A,2025-12-30,IE,Individual Contributor,true,true,true,true,true,false,false,true,true,,1283
ACP001283,PL,Finance,Controls,Senior Leader,Permanent,2022-10-11,2023-09-08,Voluntary,true,HCM_A,2025-12-31,PL,Senior Leader,true,true,true,true,true,true,true,true,true,,1284
ACP001284,RO,Finance,Controls,Individual Contributor,Permanent,2023-01-18,,,,HCM_A,2025-12-20,RO,Individual Contributor,true,true,true,true,true,false,not_applicable,true,true,,1285
ACP001285,PL,Supply Chain,Procurement,Manager,Permanent,2022-10-27,,,,HCM_B,2025-12-21,PL,Manager,true,true,true,true,true,false,not_applicable,true,true,,1286
ACP001286,IE,Sales,Commercial Planning,Manager,Fixed Term,2021-06-13,,,,HCM_A,2025-12-22,IE,Manager,true,true,true,true,true,false,not_applicable,true,true,,1287
ACP001287,PL,Supply Chain,Logistics,Senior Leader,Permanent,2023-04-27,,,,HCM_A,2025-12-23,PL,Senior Leader,true,true,true,true,true,true,not_applicable,true,true,,1288
ACP001288,BG,Sales,Field Sales,Individual Contributor,Permanent,2023-06-05,,,,HCM_A,2025-12-24,BG,Individual Contributor,true,true,true,true,true,false,not_applicable,true,true,,1289
ACP001289,IE,Supply Chain,Manufacturing,Individual Contributor,Permanent,2024-07-23,,,,HCM_A,2025-12-25,IE,Individual Contributor,true,true,true,true,true,false,not_applicable,true,true,,1290
ACP001290,RO,Digital,Software,Individual Contributor,Permanent,2022-02-03,2022-07-26,Voluntary,true,HCM_B,2025-12-26,RO,Individual Contributor,true,true,true,true,true,false,true,true,true,,1291
ACP001291,IT,Digital,Product,Individual Contributor,Permanent,2022-10-25,2023-02-17,Voluntary,true,HCM_A,2025-12-27,IT,Individual Contributor,true,true,true,true,true,false,true,true,true,,1292
ACP001292,IT,Digital,Product,Manager,Permanent,2023-03-27,2023-08-17,Voluntary,true,HCM_A,2025-12-28,IT,Manager,true,true,true,true,true,false,true,true,true,,1293
ACP001293,IT,Sales,Key Accounts,Manager,Fixed Term,2022-01-01,,,,HCM_A,2025-12-29,IT,Manager,true,true,true,true,true,false,not_applicable,true,true,,1294
ACP001294,BG,Sales,Field Sales,Senior Leader,Fixed Term,2023-12-25,,,,HCM_A,2025-12-30,BG,Senior Leader,true,true,true,true,true,true,not_applicable,true,true,,1295
ACP001295,IE,Supply Chain,Procurement,Manager,Permanent,2022-09-09,2022-12-02,Voluntary,false,HCM_B,2025-12-31,IE,Manager,true,true,true,true,true,false,false,true,true,,1296
ACP001296,RO,Sales,Key Accounts,Manager,Permanent,2022-06-14,,,,HCM_A,2025-12-20,RO,Manager,true,true,true,true,true,false,not_applicable,true,true,,1297
ACP001297,IE,Digital,Data,Individual Contributor,Permanent,2021-07-19,,,,HCM_A,2025-12-21,IE,Individual Contributor,true,true,true,true,true,false,not_applicable,true,true,,1298
ACP001298,IE,Digital,Software,Senior Leader,Permanent,2025-10-30,,,,HCM_A,2025-12-22,IE,Senior Leader,true,true,true,true,true,true,not_applicable,false,false,,1299
ACP001299,GR,Supply Chain,Logistics,Individual Contributor,Permanent,2021-03-16,,,,HCM_A,2025-12-23,GR,Individual Contributor,true,true,true,true,true,false,not_applicable,true,true,,1300
ACP001300,PL,Supply Chain,Logistics,Individual Contributor,Fixed Term,2021-10-06,,,,HCM_B,2025-12-24,PL,Individual Contributor,true,true,true,true,true,false,not_applicable,true,true,,1301
ACP001301,IE,Sales,Key Accounts,Manager,Permanent,2022-05-19,,,,HCM_A,2025-12-25,IE,Manager,true,true,true,true,true,false,not_applicable,true,true,,1302
ACP001302,BG,Finance,Controls,Manager,Fixed Term,2022-06-02,,,,HCM_A,2025-12-26,BG,Manager,true,true,true,true,true,false,not_applicable,true,true,,1303
ACP001303,IE,Supply Chain,Logistics,Individual Contributor,Permanent,2025-10-22,,,,HCM_A,2025-12-27,IE,Individual Contributor,true,true,true,true,true,false,not_applicable,false,false,,1304
ACP001304,PL,Finance,Controls,Individual Contributor,Permanent,2025-05-31,,,,HCM_A,2025-12-28,PL,Individual Contributor,true,true,true,true,true,false,not_applicable,true,false,,1305
ACP001305,BG,Digital,Data,Individual Contributor,Permanent,2022-01-05,2022-03-12,Voluntary,true,HCM_B,2025-12-29,BG,Individual Contributor,true,true,true,true,true,false,true,true,true,,1306
ACP001306,BG,Supply Chain,Manufacturing,Manager,Permanent,2025-04-22,2025-12-16,Voluntary,false,HCM_A,2025-12-30,BG,Manager,true,true,true,true,true,false,false,true,false,,1307
ACP001307,PL,Finance,FP&A,Individual Contributor,Permanent,2021-05-31,,,,HCM_A,2025-12-31,PL,Individual Contributor,true,true,true,true,true,false,not_applicable,true,true,,1308
ACP001308,IT,Supply Chain,Logistics,Individual Contributor,Permanent,2025-05-23,,,,HCM_A,2025-12-20,IT,Individual Contributor,true,true,true,true,true,false,not_applicable,true,false,,1309
ACP001309,GR,Sales,Field Sales,Individual Contributor,Permanent,2022-06-18,2023-12-30,Voluntary,false,HCM_A,2025-12-21,GR,Individual Contributor,true,true,true,true,true,false,false,true,true,,1310
ACP001310,GR,Sales,Commercial Planning,Individual Contributor,Permanent,2021-12-26,,,,HCM_B,2025-12-22,GR,Individual Contributor,true,true,true,true,true,false,not_applicable,true,true,,1311
ACP001311,GR,Finance,Accounting,Individual Contributor,Permanent,2023-04-30,,,,HCM_A,2025-12-23,GR,Individual Contributor,true,true,true,true,true,false,not_applicable,true,true,,1312
ACP001312,GR,Finance,Accounting,Individual Contributor,Permanent,2023-09-16,,,,HCM_A,2025-12-24,GR,Individual Contributor,true,true,true,true,true,false,not_applicable,true,true,,1313
ACP001313,IE,Supply Chain,Manufacturing,Senior Leader,Permanent,2022-05-01,,,,HCM_A,2025-12-25,IE,Senior Leader,true,true,true,true,true,true,not_applicable,true,true,,1314
ACP001314,IE,Sales,Field Sales,Senior Leader,Permanent,2025-04-30,,,,HCM_A,2025-12-26,IE,Senior Leader,true,true,true,true,true,true,not_applicable,true,false,,1315
ACP001315,RO,Digital,Software,Manager,Permanent,2020-08-07,2020-10-26,Voluntary,true,HCM_B,2025-12-27,RO,Manager,true,true,true,true,true,false,true,true,true,,1316
ACP001316,PL,Digital,Software,Senior Leader,Permanent,2022-05-03,,,,HCM_A,2025-12-28,PL,Senior Leader,true,true,true,true,true,true,not_applicable,true,true,,1317
ACP001317,RO,Sales,Commercial Planning,Individual Contributor,Fixed Term,2024-05-13,2024-09-08,Voluntary,true,HCM_A,2025-12-29,RO,Individual Contributor,true,true,true,true,true,false,true,true,true,,1318
ACP001318,IT,Digital,Product,Manager,Permanent,2023-07-18,2024-01-01,Voluntary,true,HCM_A,2025-12-30,IT,Manager,true,true,true,true,true,false,true,true,true,,1319
ACP001319,GR,Supply Chain,Logistics,Senior Leader,Permanent,2025-07-27,2025-10-23,Voluntary,false,HCM_A,2025-12-31,GR,Senior Leader,true,true,true,true,true,true,false,false,false,,1320
ACP001320,IE,Supply Chain,Manufacturing,Individual Contributor,Fixed Term,2025-01-07,,,,HCM_B,2025-12-20,IE,Individual Contributor,true,true,true,true,true,false,not_applicable,true,false,,1321
ACP001321,RO,Sales,Field Sales,Individual Contributor,Permanent,2020-03-17,,,,HCM_A,2025-12-21,RO,Individual Contributor,true,true,true,true,true,false,not_applicable,true,true,,1322
ACP001322,IE,Sales,Field Sales,Manager,Permanent,2025-09-14,,,,HCM_A,2025-12-22,IE,Manager,true,true,true,true,true,false,not_applicable,false,false,,1323
ACP001323,RO,Finance,FP&A,Individual Contributor,Fixed Term,2025-10-15,,,,HCM_A,2025-12-23,RO,Individual Contributor,true,true,true,true,true,false,not_applicable,false,false,,1324
ACP001324,GR,Finance,Accounting,Individual Contributor,Permanent,2024-03-17,2025-10-27,Voluntary,false,HCM_A,2025-12-24,GR,Individual Contributor,true,true,true,true,true,false,false,true,true,,1325
ACP001325,BG,Finance,Controls,Manager,Permanent,2020-08-18,2022-10-31,Voluntary,false,HCM_B,2025-12-25,BG,Manager,true,true,true,true,true,false,false,true,true,,1326
ACP001326,BG,Sales,Field Sales,Individual Contributor,Permanent,2023-07-13,,,,HCM_A,2025-12-26,BG,Individual Contributor,true,true,true,true,true,false,not_applicable,true,true,,1327
ACP001327,IT,Finance,FP&A,Manager,Permanent,2022-07-17,2023-04-13,End of Contract,false,HCM_A,2025-12-27,IT,Manager,true,true,true,true,true,false,false,true,true,,1328
ACP001328,IE,Digital,Software,Manager,Permanent,2020-11-12,2021-06-12,Involuntary,false,HCM_A,2025-12-28,IE,Manager,true,true,true,true,true,false,false,true,true,,1329
ACP001329,IT,Supply Chain,Manufacturing,Senior Leader,Fixed Term,2022-03-14,,,,HCM_A,2025-12-29,IT,Senior Leader,true,true,true,true,true,true,not_applicable,true,true,,1330
ACP001330,IE,Supply Chain,Manufacturing,Individual Contributor,Permanent,2020-05-25,,,,HCM_B,2025-12-30,IE,Individual Contributor,true,true,true,true,true,false,not_applicable,true,true,,1331
ACP001331,PL,Supply Chain,Procurement,Manager,Permanent,2023-12-01,,,,HCM_A,2025-12-31,PL,Manager,true,true,true,true,true,false,not_applicable,true,true,,1332
ACP001332,BG,Finance,FP&A,Senior Leader,Fixed Term,2022-07-09,2023-04-27,Voluntary,true,HCM_A,2025-12-20,BG,Senior Leader,true,true,true,true,true,true,true,true,true,,1333
ACP001333,BG,Supply Chain,Manufacturing,Manager,Permanent,2024-12-30,,,,HCM_A,2025-12-21,BG,Manager,true,true,true,true,true,false,not_applicable,true,true,,1334
ACP001334,PL,Supply Chain,Logistics,Individual Contributor,Permanent,2024-08-11,,,,HCM_A,2025-12-22,PL,Individual Contributor,true,true,true,true,true,false,not_applicable,true,true,,1335
ACP001335,IE,Supply Chain,Procurement,Manager,Permanent,2024-01-27,2024-04-26,,,HCM_B,2025-12-23,IE,Manager,true,true,true,true,true,false,unknown,true,true,termination_type_unknown|regretted_classification_unknown,1336
ACP001336,IT,Supply Chain,Procurement,Manager,Permanent,2025-10-30,,,,HCM_A,2025-12-24,IT,Manager,true,true,true,true,true,false,not_applicable,false,false,,1337
ACP001337,GR,Sales,Field Sales,Manager,Permanent,2021-01-30,,,,HCM_A,2025-12-25,GR,Manager,true,true,true,true,true,false,not_applicable,true,true,,1338
ACP001338,PL,Digital,Data,Senior Leader,Permanent,2025-07-23,,,,HCM_A,2025-12-26,PL,Senior Leader,true,true,true,true,true,true,not_applicable,false,false,,1339
ACP001339,IE,Supply Chain,Procurement,Individual Contributor,Permanent,2024-12-19,,,,HCM_A,2025-12-27,IE,Individual Contributor,true,true,true,true,true,false,not_applicable,true,true,,1340
ACP001340,RO,Finance,FP&A,Individual Contributor,Permanent,2022-12-13,,,,HCM_B,2025-12-28,RO,Individual Contributor,true,true,true,true,true,false,not_applicable,true,true,,1341
ACP001341,IT,Digital,Product,Individual Contributor,Fixed Term,2023-12-11,2024-01-05,Voluntary,false,HCM_A,2025-12-29,IT,Individual Contributor,true,true,true,true,true,false,false,true,true,,1342
ACP001342,PL,Supply Chain,Logistics,Manager,Fixed Term,2021-10-01,,,,HCM_A,2025-12-30,PL,Manager,true,true,true,true,true,false,not_applicable,true,true,,1343
ACP001343,PL,Sales,Commercial Planning,Senior Leader,Permanent,2020-01-20,,,,HCM_A,2025-12-31,PL,Senior Leader,true,true,true,true,true,true,not_applicable,true,true,,1344
ACP001344,BG,Supply Chain,Procurement,Manager,Fixed Term,2023-12-01,,,,HCM_A,2025-12-20,BG,Manager,true,true,true,true,true,false,not_applicable,true,true,,1345
ACP001345,RO,Supply Chain,Logistics,Manager,Permanent,2022-06-05,,,,HCM_B,2025-12-21,RO,Manager,true,true,true,true,true,false,not_applicable,true,true,,1346
ACP001346,IT,Digital,Software,Individual Contributor,Fixed Term,2023-05-05,2023-11-19,Voluntary,true,HCM_A,2025-12-22,IT,Individual Contributor,true,true,true,true,true,false,true,true,true,,1347
ACP001347,GR,Digital,Software,Senior Leader,Permanent,2024-01-09,,,,HCM_A,2025-12-23,GR,Senior Leader,true,true,true,true,true,true,not_applicable,true,true,,1348
ACP001348,IE,Sales,Commercial Planning,Manager,Fixed Term,2021-09-10,,,,HCM_A,2025-12-24,IE,Manager,true,true,true,true,true,false,not_applicable,true,true,,1349
ACP001349,IE,Finance,Controls,Individual Contributor,Fixed Term,2024-04-21,2025-09-03,Voluntary,false,HCM_A,2025-12-25,IE,Individual Contributor,true,true,true,true,true,false,false,true,true,,1350
ACP001350,RO,Supply Chain,Logistics,Manager,Permanent,2022-11-20,,,,HCM_B,2025-12-26,RO,Manager,true,true,true,true,true,false,not_applicable,true,true,,1351
ACP001351,RO,Finance,Accounting,Manager,Permanent,2024-07-31,,,,HCM_A,2025-12-27,RO,Manager,true,true,true,true,true,false,not_applicable,true,true,,1352
ACP001352,BG,Sales,Commercial Planning,Manager,Fixed Term,2021-04-23,,,,HCM_A,2025-12-28,BG,Manager,true,true,true,true,true,false,not_applicable,true,true,,1353
ACP001353,BG,Sales,Key Accounts,Senior Leader,Fixed Term,2022-09-22,2022-12-09,Involuntary,false,HCM_A,2025-12-29,BG,Senior Leader,true,true,true,true,true,true,false,true,true,,1354
ACP001354,IE,Supply Chain,Manufacturing,Senior Leader,Permanent,2022-06-11,,,,HCM_A,2025-12-30,IE,Senior Leader,true,true,true,true,true,true,not_applicable,true,true,,1355
ACP001355,GR,Sales,Key Accounts,Individual Contributor,Fixed Term,2021-02-22,2022-01-01,Voluntary,true,HCM_B,2025-12-31,GR,Individual Contributor,true,true,true,true,true,false,true,true,true,,1356
ACP001356,GR,Finance,Accounting,Individual Contributor,Permanent,2025-02-14,2025-04-25,Voluntary,true,HCM_A,2025-12-20,GR,Individual Contributor,true,true,true,true,true,false,true,true,false,,1357
ACP001357,BG,Supply Chain,Manufacturing,Individual Contributor,Permanent,2025-01-30,2025-10-29,Voluntary,true,HCM_A,2025-12-21,BG,Individual Contributor,true,true,true,true,true,false,true,true,false,,1358
ACP001358,IT,Digital,Data,Individual Contributor,Permanent,2021-03-31,2021-10-13,Voluntary,false,HCM_A,2025-12-22,IT,Individual Contributor,true,true,true,true,true,false,false,true,true,,1359
ACP001359,GR,Supply Chain,Logistics,Manager,Permanent,2024-04-03,,,,HCM_A,2025-12-23,GR,Manager,true,true,true,true,true,false,not_applicable,true,true,,1360
ACP001360,,Digital,Software,Senior Leader,Fixed Term,2025-11-05,,,,HCM_B,2025-12-24,,Senior Leader,true,true,true,true,false,true,not_applicable,false,false,missing_or_unknown_country,1361
ACP001361,PL,Digital,Product,Manager,Fixed Term,2020-10-07,,,,HCM_A,2025-12-25,PL,Manager,true,true,true,true,true,false,not_applicable,true,true,,1362
ACP001362,PL,Sales,Key Accounts,Individual Contributor,Permanent,,,,,HCM_A,2025-12-26,PL,Individual Contributor,false,false,false,false,false,false,not_applicable,false,false,missing_hire_date,1363
ACP001363,GR,Supply Chain,Logistics,Manager,Permanent,2020-10-29,,,,HCM_A,2025-12-27,GR,Manager,true,true,true,true,true,false,not_applicable,true,true,,1364
ACP001364,IT,Supply Chain,Logistics,Individual Contributor,Permanent,2021-05-19,,,,HCM_A,2025-12-28,IT,Individual Contributor,true,true,true,true,true,false,not_applicable,true,true,,1365
ACP001365,GR,Sales,Key Accounts,Individual Contributor,Permanent,2022-03-15,,,,HCM_B,2025-12-29,GR,Individual Contributor,true,true,true,true,true,false,not_applicable,true,true,,1366
ACP001366,BG,Supply Chain,Logistics,Senior Leader,Permanent,2021-08-18,2023-04-13,Voluntary,false,HCM_A,2025-12-30,BG,Senior Leader,true,true,true,true,true,true,false,true,true,,1367
ACP001367,RO,Digital,Product,Individual Contributor,Fixed Term,2024-11-17,,,,HCM_A,2025-12-31,RO,Individual Contributor,true,true,true,true,true,false,not_applicable,true,true,,1368
ACP001368,IT,Finance,Controls,Individual Contributor,Permanent,2020-10-08,,,,HCM_A,2025-12-20,IT,Individual Contributor,true,true,true,true,true,false,not_applicable,true,true,,1369
ACP001369,GR,Digital,Software,Individual Contributor,Permanent,2021-11-24,,,,HCM_A,2025-12-21,GR,Individual Contributor,true,true,true,true,true,false,not_applicable,true,true,,1370
ACP001370,PL,Digital,Data,Individual Contributor,Permanent,2020-12-02,,,,HCM_B,2025-12-22,PL,Individual Contributor,true,true,true,true,true,false,not_applicable,true,true,,1371
ACP001371,IE,Digital,Product,Individual Contributor,Permanent,2021-04-12,2023-09-02,Involuntary,false,HCM_A,2025-12-23,IE,Individual Contributor,true,true,true,true,true,false,false,true,true,,1372
ACP001372,GR,Digital,Software,Manager,Fixed Term,2020-01-27,,,,HCM_A,2025-12-24,GR,Manager,true,true,true,true,true,false,not_applicable,true,true,,1373
ACP001373,PL,Digital,Software,Individual Contributor,Permanent,2024-10-27,,,,HCM_A,2025-12-25,PL,Individual Contributor,true,true,true,true,true,false,not_applicable,true,true,,1374
ACP001374,RO,Digital,Data,Individual Contributor,Fixed Term,2020-12-13,,,,HCM_A,2025-12-26,RO,Individual Contributor,true,true,true,true,true,false,not_applicable,true,true,,1375
ACP001375,GR,Supply Chain,Logistics,Individual Contributor,Permanent,2023-02-21,,,,HCM_B,2025-12-27,GR,Individual Contributor,true,true,true,true,true,false,not_applicable,true,true,,1376
ACP001376,GR,Sales,Field Sales,Manager,Permanent,2025-11-12,,,,HCM_A,2025-12-28,GR,Manager,true,true,true,true,true,false,not_applicable,false,false,,1377
ACP001377,PL,Finance,Accounting,Manager,Permanent,2024-01-01,,,,HCM_A,2025-12-29,PL,Manager,true,true,true,true,true,false,not_applicable,true,true,,1378
ACP001378,BG,Digital,Product,Senior Leader,Fixed Term,2023-05-30,2025-05-25,Involuntary,false,HCM_A,2025-12-30,BG,Senior Leader,true,true,true,true,true,true,false,true,true,,1379
ACP001379,IE,Digital,Data,Individual Contributor,Fixed Term,2022-08-22,,,,HCM_A,2025-12-31,IE,Individual Contributor,true,true,true,true,true,false,not_applicable,true,true,,1380
ACP001380,IE,Sales,Field Sales,Manager,Permanent,2023-12-24,,,,HCM_B,2025-12-20,IE,Manager,true,true,true,true,true,false,not_applicable,true,true,,1381
ACP001381,PL,Finance,FP&A,Individual Contributor,Fixed Term,2025-10-30,,,,HCM_A,2025-12-21,PL,Individual Contributor,true,true,true,true,true,false,not_applicable,false,false,,1382
ACP001382,GR,Digital,Product,Manager,Fixed Term,2020-10-07,2024-04-30,Involuntary,false,HCM_A,2025-12-22,GR,Manager,true,true,true,true,true,false,false,true,true,,1383
ACP001383,BG,Sales,Field Sales,Individual Contributor,Permanent,2024-04-28,2024-06-18,Voluntary,false,HCM_A,2025-12-23,BG,Individual Contributor,true,true,true,true,true,false,false,true,true,,1384
ACP001384,IE,Supply Chain,Manufacturing,Individual Contributor,Permanent,2020-09-23,,,,HCM_A,2025-12-24,IE,Individual Contributor,true,true,true,true,true,false,not_applicable,true,true,,1385
ACP001385,BG,Sales,Commercial Planning,Senior Leader,Fixed Term,2025-08-15,,,,HCM_B,2025-12-25,BG,Senior Leader,true,true,true,true,true,true,not_applicable,false,false,,1386
ACP001386,BG,Sales,Field Sales,Individual Contributor,Permanent,2024-07-29,,,,HCM_A,2025-12-26,BG,Individual Contributor,true,true,true,true,true,false,not_applicable,true,true,,1387
ACP001387,RO,Finance,FP&A,Senior Leader,Permanent,2020-12-11,,,,HCM_A,2025-12-27,RO,Senior Leader,true,true,true,true,true,true,not_applicable,true,true,,1388
ACP001388,RO,Digital,Data,Manager,Fixed Term,2025-01-14,,,,HCM_A,2025-12-28,RO,Manager,true,true,true,true,true,false,not_applicable,true,false,,1389
ACP001389,IT,Supply Chain,Procurement,Individual Contributor,Fixed Term,2023-08-08,,,,HCM_A,2025-12-29,IT,Individual Contributor,true,true,true,true,true,false,not_applicable,true,true,,1390
ACP001390,IE,Supply Chain,Logistics,Individual Contributor,Permanent,2024-04-13,,,,HCM_B,2025-12-30,IE,Individual Contributor,true,true,true,true,true,false,not_applicable,true,true,,1391
ACP001391,PL,Sales,Field Sales,Senior Leader,Permanent,2023-09-15,,,,HCM_A,2025-12-31,PL,Senior Leader,true,true,true,true,true,true,not_applicable,true,true,,1392
ACP001392,RO,Supply Chain,Procurement,Manager,Fixed Term,2023-06-25,2024-03-27,Voluntary,false,HCM_A,2025-12-20,RO,Manager,true,true,true,true,true,false,false,true,true,,1393
ACP001393,PL,Sales,Commercial Planning,Individual Contributor,Permanent,2020-04-30,,,,HCM_A,2025-12-21,PL,Individual Contributor,true,true,true,true,true,false,not_applicable,true,true,,1394
ACP001394,IT,Digital,Product,Individual Contributor,Permanent,2024-04-14,,,,HCM_A,2025-12-22,IT,Individual Contributor,true,true,true,true,true,false,not_applicable,true,true,,1395
ACP001395,PL,Digital,Software,Manager,Permanent,2024-09-26,2025-12-21,Voluntary,false,HCM_B,2025-12-23,PL,Manager,true,true,true,true,true,false,false,true,true,,1396
ACP001396,GR,Digital,Product,Manager,Fixed Term,2025-10-09,,,,HCM_A,2025-12-24,GR,Manager,true,true,true,true,true,false,not_applicable,false,false,,1397
ACP001397,BG,Digital,Product,Individual Contributor,Permanent,2023-01-03,,,,HCM_A,2025-12-25,BG,Individual Contributor,true,true,true,true,true,false,not_applicable,true,true,,1398
ACP001398,IT,Sales,Commercial Planning,Manager,Permanent,2020-08-08,2021-02-23,Voluntary,true,HCM_A,2025-12-26,IT,Manager,true,true,true,true,true,false,true,true,true,,1399
ACP001399,BG,Sales,Commercial Planning,Manager,Permanent,2023-12-10,,,,HCM_A,2025-12-27,BG,Manager,true,true,true,true,true,false,not_applicable,true,true,,1400
ACP001400,RO,Finance,Controls,Senior Leader,Permanent,2020-02-20,2020-10-12,Voluntary,true,HCM_B,2025-12-28,RO,Senior Leader,true,true,true,true,true,true,true,true,true,,1401
ACP001401,GR,Supply Chain,Manufacturing,Individual Contributor,Permanent,2024-10-02,,,,HCM_A,2025-12-29,EL,Individual Contributor,true,true,true,true,true,false,not_applicable,true,true,country_alias_mapped,1402
ACP001402,GR,Digital,Product,Individual Contributor,Fixed Term,2021-06-22,,,,HCM_A,2025-12-30,GR,Individual Contributor,true,true,true,true,true,false,not_applicable,true,true,,1403
ACP001403,IE,Supply Chain,Manufacturing,Individual Contributor,Permanent,2022-11-12,,,,HCM_A,2025-12-31,IE,Individual Contributor,true,true,true,true,true,false,not_applicable,true,true,,1404
ACP001404,IE,Supply Chain,Manufacturing,Individual Contributor,Permanent,2020-04-04,,,,HCM_A,2025-12-20,IE,Individual Contributor,true,true,true,true,true,false,not_applicable,true,true,,1405
ACP001405,RO,Digital,Software,Individual Contributor,Fixed Term,2021-06-24,2021-08-27,Involuntary,false,HCM_B,2025-12-21,RO,Individual Contributor,true,true,true,true,true,false,false,true,true,,1406
ACP001406,PL,Digital,Software,Individual Contributor,Permanent,2020-03-05,,,,HCM_A,2025-12-22,PL,Individual Contributor,true,true,true,true,true,false,not_applicable,true,true,,1407
ACP001407,IE,Finance,Accounting,Manager,Permanent,2024-07-12,2025-10-12,Voluntary,true,HCM_A,2025-12-23,IE,Manager,true,true,true,true,true,false,true,true,true,,1408
ACP001408,BG,Sales,Commercial Planning,Individual Contributor,Permanent,2020-06-20,,,,HCM_A,2025-12-24,BG,Individual Contributor,true,true,true,true,true,false,not_applicable,true,true,,1409
ACP001409,GR,Supply Chain,Manufacturing,Individual Contributor,Permanent,2021-09-07,2021-08-10,Voluntary,false,HCM_A,2025-12-25,GR,Individual Contributor,false,false,false,false,false,false,false,false,false,termination_before_hire,1410
ACP001410,IE,Supply Chain,Logistics,Individual Contributor,Permanent,2024-09-04,2025-10-07,Voluntary,false,HCM_B,2025-12-26,IE,Individual Contributor,true,true,true,true,true,false,false,true,true,,1411
ACP001411,BG,Finance,FP&A,Individual Contributor,Permanent,2024-06-23,2025-09-29,Involuntary,false,HCM_A,2025-12-27,BG,Individual Contributor,true,true,true,true,true,false,false,true,true,,1412
ACP001412,IT,Supply Chain,Logistics,Individual Contributor,Permanent,2020-12-11,,,,HCM_A,2025-12-28,IT,Individual Contributor,true,true,true,true,true,false,not_applicable,true,true,,1413
ACP001413,BG,Finance,Controls,Individual Contributor,Permanent,2024-12-24,,,,HCM_A,2025-12-29,BG,Individual Contributor,true,true,true,true,true,false,not_applicable,true,true,,1414
ACP001414,PL,Sales,Field Sales,Individual Contributor,Permanent,2021-05-03,,,,HCM_A,2025-12-30,PL,Individual Contributor,true,true,true,true,true,false,not_applicable,true,true,,1415
ACP001415,GR,Digital,Product,Manager,Permanent,2020-07-20,2024-01-30,Involuntary,false,HCM_B,2025-12-31,GR,Manager,true,true,true,true,true,false,false,true,true,,1416
ACP001416,GR,Sales,Key Accounts,Individual Contributor,Fixed Term,2021-02-18,,,,HCM_A,2025-12-20,GR,Individual Contributor,true,true,true,true,true,false,not_applicable,true,true,,1417
ACP001417,IT,Digital,Software,Individual Contributor,Permanent,2023-04-06,,,,HCM_A,2025-12-21,IT,Individual Contributor,true,true,true,true,true,false,not_applicable,true,true,,1418
ACP001418,IE,Digital,Data,Individual Contributor,Permanent,2025-02-11,,,,HCM_A,2025-12-22,IE,Individual Contributor,true,true,true,true,true,false,not_applicable,true,false,,1419
ACP001419,IT,Sales,Field Sales,Individual Contributor,Permanent,2022-07-27,,,,HCM_A,2025-12-23,IT,Individual Contributor,true,true,true,true,true,false,not_applicable,true,true,,1420
ACP001420,RO,Sales,Field Sales,Senior Leader,Permanent,2020-10-15,,,,HCM_B,2025-12-24,RO,Senior Leader,true,true,true,true,true,true,not_applicable,true,true,,1421
ACP001421,IE,Sales,Commercial Planning,Manager,Permanent,2021-10-14,,,,HCM_A,2025-12-25,IE,Manager,true,true,true,true,true,false,not_applicable,true,true,,1422
ACP001422,GR,Supply Chain,Manufacturing,Manager,Permanent,2022-02-10,,,,HCM_A,2025-12-26,GR,Manager,true,true,true,true,true,false,not_applicable,true,true,,1423
ACP001423,GR,Supply Chain,Logistics,Manager,Permanent,2021-10-11,,,,HCM_A,2025-12-27,GR,Manager,true,true,true,true,true,false,not_applicable,true,true,,1424
ACP001424,IT,Finance,FP&A,Manager,Permanent,2020-08-11,,,,HCM_A,2025-12-28,IT,Manager,true,true,true,true,true,false,not_applicable,true,true,,1425
ACP001425,GR,Sales,Commercial Planning,Individual Contributor,Permanent,2021-09-05,,,,HCM_B,2025-12-29,GR,Individual Contributor,true,true,true,true,true,false,not_applicable,true,true,,1426
ACP001426,GR,Digital,Data,Manager,Permanent,2023-08-31,,,,HCM_A,2025-12-30,GR,Manager,true,true,true,true,true,false,not_applicable,true,true,,1427
ACP001427,BG,Supply Chain,Procurement,Manager,Permanent,2020-12-04,,,,HCM_A,2025-12-31,BG,Manager,true,true,true,true,true,false,not_applicable,true,true,,1428
ACP001428,IE,Supply Chain,Logistics,Manager,Permanent,2024-11-12,,,,HCM_A,2025-12-20,IE,Manager,true,true,true,true,true,false,not_applicable,true,true,,1429
ACP001429,RO,Digital,Data,Individual Contributor,Fixed Term,2024-04-18,,,,HCM_A,2025-12-21,RO,Individual Contributor,true,true,true,true,true,false,not_applicable,true,true,,1430
ACP001430,BG,Finance,Controls,Individual Contributor,Permanent,2021-12-30,,,,HCM_B,2025-12-22,BG,Individual Contributor,true,true,true,true,true,false,not_applicable,true,true,,1431
ACP001431,PL,Finance,FP&A,Individual Contributor,Permanent,2020-05-30,2021-04-04,Voluntary,true,HCM_A,2025-12-23,PL,Individual Contributor,true,true,true,true,true,false,true,true,true,,1432
ACP001432,GR,Digital,Software,Senior Leader,Permanent,2020-05-20,,,,HCM_A,2025-12-24,GR,Senior Leader,true,true,true,true,true,true,not_applicable,true,true,,1433
ACP001433,GR,Supply Chain,Procurement,Manager,Permanent,2020-04-21,,,,HCM_A,2025-12-25,GR,Manager,true,true,true,true,true,false,not_applicable,true,true,,1434
ACP001434,BG,Sales,Commercial Planning,Manager,Fixed Term,2020-10-31,,,,HCM_A,2025-12-26,BG,Manager,true,true,true,true,true,false,not_applicable,true,true,,1435
ACP001435,PL,Finance,Accounting,Individual Contributor,Permanent,2021-04-08,2024-07-25,Voluntary,true,HCM_B,2025-12-27,PL,Individual Contributor,true,true,true,true,true,false,true,true,true,,1436
ACP001436,IT,Finance,Accounting,Individual Contributor,Permanent,2022-10-20,2022-12-12,Voluntary,false,HCM_A,2025-12-28,IT,Individual Contributor,true,true,true,true,true,false,false,true,true,,1437
ACP001437,IT,Digital,Software,Individual Contributor,Fixed Term,2022-01-13,2022-09-01,End of Contract,false,HCM_A,2025-12-29,IT,Individual Contributor,true,true,true,true,true,false,false,true,true,,1438
ACP001438,IE,Finance,Controls,Senior Leader,Permanent,2023-12-02,,,,HCM_A,2025-12-30,IE,Senior Leader,true,true,true,true,true,true,not_applicable,true,true,,1439
ACP001439,PL,Supply Chain,Procurement,Individual Contributor,Permanent,2025-03-28,,,,HCM_A,2025-12-31,PL,Individual Contributor,true,true,true,true,true,false,not_applicable,true,false,,1440
ACP001440,IE,Finance,Controls,Manager,Fixed Term,2022-01-05,2023-10-23,Voluntary,true,HCM_B,2025-12-20,IE,Manager,true,true,true,true,true,false,true,true,true,,1441
ACP001441,GR,Supply Chain,Logistics,Senior Leader,Permanent,2021-05-17,2025-06-06,Voluntary,true,HCM_A,2025-12-21,GR,Senior Leader,true,true,true,true,true,true,true,true,true,,1442
ACP001442,IT,Finance,FP&A,Individual Contributor,Permanent,2022-01-22,,,,HCM_A,2025-12-22,IT,Individual Contributor,true,true,true,true,true,false,not_applicable,true,true,,1443
ACP001443,IE,Supply Chain,Manufacturing,Individual Contributor,Fixed Term,2023-05-01,,,,HCM_A,2025-12-23,IE,Individual Contributor,true,true,true,true,true,false,not_applicable,true,true,,1444
ACP001444,BG,Finance,Accounting,Individual Contributor,Fixed Term,2023-09-26,,,,HCM_A,2025-12-24,BG,Individual Contributor,true,true,true,true,true,false,not_applicable,true,true,,1445
ACP001445,PL,Supply Chain,Manufacturing,Senior Leader,Permanent,2020-01-31,,,,HCM_B,2025-12-25,PL,Senior Leader,true,true,true,true,true,true,not_applicable,true,true,,1446
ACP001446,IE,Sales,Commercial Planning,Individual Contributor,Permanent,2023-03-02,,,,HCM_A,2025-12-26,IE,Individual Contributor,true,true,true,true,true,false,not_applicable,true,true,,1447
ACP001447,GR,Supply Chain,Logistics,Manager,Permanent,2023-08-18,2024-03-22,Voluntary,true,HCM_A,2025-12-27,GR,Manager,true,true,true,true,true,false,true,true,true,,1448
ACP001448,RO,Sales,Field Sales,Individual Contributor,Fixed Term,2023-12-04,2024-03-02,Voluntary,false,HCM_A,2025-12-28,RO,Individual Contributor,true,true,true,true,true,false,false,true,true,,1449
ACP001449,IT,Sales,Key Accounts,Senior Leader,Permanent,2020-11-09,,,,HCM_A,2025-12-29,IT,Senior Leader,true,true,true,true,true,true,not_applicable,true,true,,1450
ACP001450,IT,Digital,Data,Individual Contributor,Fixed Term,2021-12-03,2022-01-15,Voluntary,true,HCM_B,2025-12-30,IT,Individual Contributor,true,true,true,true,true,false,true,true,true,,1451
ACP001451,PL,Finance,Accounting,Individual Contributor,Fixed Term,2025-03-28,,,,HCM_A,2025-12-31,PL,Individual Contributor,true,true,true,true,true,false,not_applicable,true,false,,1452
ACP001452,BG,Digital,Data,Manager,Permanent,2021-02-14,2023-02-16,Involuntary,false,HCM_A,2025-12-20,BG,Manager,true,true,true,true,true,false,false,true,true,,1453
ACP001453,RO,Finance,FP&A,Senior Leader,Permanent,2023-08-31,,,,HCM_A,2025-12-21,RO,Senior Leader,true,true,true,true,true,true,not_applicable,true,true,,1454
ACP001454,PL,Sales,Field Sales,Individual Contributor,Permanent,2025-04-27,,,,HCM_A,2025-12-22,PL,Individual Contributor,true,true,true,true,true,false,not_applicable,true,false,,1455
ACP001455,IT,Digital,Product,Individual Contributor,Permanent,2025-06-06,,,,HCM_B,2025-12-23,IT,Individual Contributor,true,true,true,true,true,false,not_applicable,true,false,,1456
ACP001456,BG,Sales,Key Accounts,Manager,Permanent,2023-11-20,2024-11-09,Involuntary,false,HCM_A,2025-12-24,BG,Manager,true,true,true,true,true,false,false,true,true,,1457
ACP001457,IT,Digital,Data,Manager,Fixed Term,2022-11-25,,,,HCM_A,2025-12-25,IT,Manager,true,true,true,true,true,false,not_applicable,true,true,,1458
ACP001458,BG,Finance,Accounting,Individual Contributor,Permanent,2022-03-29,,,,HCM_A,2025-12-26,BG,Individual Contributor,true,true,true,true,true,false,not_applicable,true,true,,1459
ACP001459,RO,Supply Chain,Manufacturing,Senior Leader,Permanent,2024-05-27,,,,HCM_A,2025-12-27,RO,Senior Leader,true,true,true,true,true,true,not_applicable,true,true,,1460
ACP001460,IT,Digital,Software,Individual Contributor,Permanent,2025-09-29,,,,HCM_B,2025-12-28,IT,Individual Contributor,true,true,true,true,true,false,not_applicable,false,false,,1461
ACP001461,IT,Sales,Commercial Planning,Senior Leader,Permanent,2023-04-27,,,,HCM_A,2025-12-29,IT,Senior Leader,true,true,true,true,true,true,not_applicable,true,true,,1462
ACP001462,IE,Sales,Key Accounts,Individual Contributor,Permanent,2025-04-08,2025-11-21,Voluntary,true,HCM_A,2025-12-30,IE,Individual Contributor,true,true,true,true,true,false,true,true,false,,1463
ACP001463,IE,Supply Chain,Manufacturing,Individual Contributor,Fixed Term,2021-03-16,2021-07-02,Involuntary,false,HCM_A,2025-12-31,IE,Individual Contributor,true,true,true,true,true,false,false,true,true,,1464
ACP001464,RO,Finance,Controls,Individual Contributor,Permanent,2021-09-29,,,,HCM_A,2025-12-20,RO,Individual Contributor,true,true,true,true,true,false,not_applicable,true,true,,1465
ACP001465,GR,Supply Chain,Procurement,Manager,Permanent,2025-06-04,2025-09-18,Voluntary,false,HCM_B,2025-12-21,GR,Manager,true,true,true,true,true,false,false,true,false,,1466
ACP001466,IE,Supply Chain,Logistics,Senior Leader,Permanent,2022-09-01,,,,HCM_A,2025-12-22,IE,Senior Leader,true,true,true,true,true,true,not_applicable,true,true,,1467
ACP001467,PL,Digital,Product,Senior Leader,Permanent,2024-05-30,,,,HCM_A,2025-12-23,PL,Senior Leader,true,true,true,true,true,true,not_applicable,true,true,,1468
ACP001468,IE,Supply Chain,Logistics,Individual Contributor,Permanent,2023-02-11,,,,HCM_A,2025-12-24,IE,Individual Contributor,true,true,true,true,true,false,not_applicable,true,true,,1469
ACP001469,IE,Supply Chain,Logistics,Individual Contributor,Permanent,2022-06-22,,,,HCM_A,2025-12-25,IE,Individual Contributor,true,true,true,true,true,false,not_applicable,true,true,,1470
ACP001470,IE,Sales,Commercial Planning,Individual Contributor,Permanent,2020-05-29,2021-03-10,Involuntary,false,HCM_B,2025-12-26,IE,Individual Contributor,true,true,true,true,true,false,false,true,true,,1471
ACP001471,GR,Finance,Controls,Manager,Permanent,2022-05-18,,,,HCM_A,2025-12-27,GR,Manager,true,true,true,true,true,false,not_applicable,true,true,,1472
ACP001472,IT,Sales,Key Accounts,Manager,Permanent,2020-11-05,,,,HCM_A,2025-12-28,IT,Manager,true,true,true,true,true,false,not_applicable,true,true,,1473
ACP001473,IT,Digital,Product,Senior Leader,Permanent,2024-06-28,,,,HCM_A,2025-12-29,IT,Senior Leader,true,true,true,true,true,true,not_applicable,true,true,,1474
ACP001474,PL,Sales,Key Accounts,Manager,Fixed Term,2022-06-24,,,,HCM_A,2025-12-30,PL,Manager,true,true,true,true,true,false,not_applicable,true,true,,1475
ACP001475,IE,Sales,Field Sales,Senior Leader,Permanent,2022-06-07,,,,HCM_B,2025-12-31,IE,Senior Leader,true,true,true,true,true,true,not_applicable,true,true,,1476
ACP001476,RO,Digital,Product,Individual Contributor,Permanent,2024-03-21,,,,HCM_A,2025-12-20,RO,Individual Contributor,true,true,true,true,true,false,not_applicable,true,true,,1477
ACP001477,PL,Finance,Controls,Manager,Permanent,2024-12-15,2025-10-05,Voluntary,true,HCM_A,2025-12-21,PL,Manager,true,true,true,true,true,false,true,true,true,,1478
ACP001478,RO,Sales,Field Sales,Manager,Permanent,2024-08-28,,,,HCM_A,2025-12-22,RO,Manager,true,true,true,true,true,false,not_applicable,true,true,,1479
ACP001479,RO,Sales,Commercial Planning,Manager,Permanent,2021-03-06,,,,HCM_A,2025-12-23,RO,Manager,true,true,true,true,true,false,not_applicable,true,true,,1480
ACP001480,IE,Supply Chain,Procurement,Manager,Permanent,2022-06-22,,,,HCM_B,2025-12-24,IE,Manager,true,true,true,true,true,false,not_applicable,true,true,,1481
ACP001481,IT,Digital,Product,Senior Leader,Fixed Term,2020-11-19,2021-05-12,Involuntary,false,HCM_A,2025-12-25,IT,Senior Leader,true,true,true,true,true,true,false,true,true,,1482
ACP001482,RO,Sales,Key Accounts,Individual Contributor,Permanent,2024-07-22,,,,HCM_A,2025-12-26,RO,Individual Contributor,true,true,true,true,true,false,not_applicable,true,true,,1483
ACP001483,IE,Digital,Product,Individual Contributor,Permanent,2024-10-03,2025-08-24,End of Contract,false,HCM_A,2025-12-27,IE,Individual Contributor,true,true,true,true,true,false,false,true,true,,1484
ACP001484,IT,Digital,Software,Manager,Permanent,2020-08-19,2020-09-12,Voluntary,true,HCM_A,2025-12-28,IT,Manager,true,true,true,true,true,false,true,true,true,,1485
ACP001485,BG,Sales,Commercial Planning,Individual Contributor,Permanent,2025-04-12,2025-12-07,End of Contract,false,HCM_B,2025-12-29,BG,Individual Contributor,true,true,true,true,true,false,false,true,false,,1486
ACP001486,IT,Supply Chain,Manufacturing,Individual Contributor,Fixed Term,2020-01-29,2020-05-26,Involuntary,false,HCM_A,2025-12-30,IT,Individual Contributor,true,true,true,true,true,false,false,true,true,,1487
ACP001487,IE,Finance,Accounting,Individual Contributor,Permanent,2020-05-23,,,,HCM_A,2025-12-31,IE,Individual Contributor,true,true,true,true,true,false,not_applicable,true,true,,1488
ACP001488,RO,Finance,Controls,Senior Leader,Permanent,2023-09-09,,,,HCM_A,2025-12-20,RO,Senior Leader,true,true,true,true,true,true,not_applicable,true,true,,1489
ACP001489,IE,Supply Chain,Manufacturing,Senior Leader,Permanent,2024-03-01,,,,HCM_A,2025-12-21,IE,Senior Leader,true,true,true,true,true,true,not_applicable,true,true,,1490
ACP001490,RO,Finance,Accounting,Individual Contributor,Permanent,2023-08-23,2023-12-22,Voluntary,false,HCM_B,2025-12-22,RO,Individual Contributor,true,true,true,true,true,false,false,true,true,,1491
ACP001491,BG,Digital,Product,Individual Contributor,Permanent,2024-05-15,,,,HCM_A,2025-12-23,BG,Individual Contributor,true,true,true,true,true,false,not_applicable,true,true,,1492
ACP001492,IE,Sales,Commercial Planning,Individual Contributor,Permanent,2021-08-09,,,,HCM_A,2025-12-24,IE,Individual Contributor,true,true,true,true,true,false,not_applicable,true,true,,1493
ACP001493,IE,Sales,Field Sales,Individual Contributor,Permanent,2021-07-21,2022-09-01,Voluntary,false,HCM_A,2025-12-25,IE,Individual Contributor,true,true,true,true,true,false,false,true,true,,1494
ACP001494,IT,Sales,Key Accounts,Senior Leader,Permanent,2023-08-16,2024-06-04,Voluntary,true,HCM_A,2025-12-26,IT,Sr Mgmt,true,true,true,true,true,true,true,true,true,seniority_mapping_assumed,1495
ACP001495,RO,Digital,Product,Individual Contributor,Permanent,2023-07-21,2024-04-06,Voluntary,false,HCM_B,2025-12-27,RO,Individual Contributor,true,true,true,true,true,false,false,true,true,,1496
ACP001496,GR,Sales,Commercial Planning,Individual Contributor,Permanent,2021-02-05,,,,HCM_A,2025-12-28,GR,Individual Contributor,true,true,true,true,true,false,not_applicable,true,true,,1497
ACP001497,RO,Supply Chain,Logistics,Individual Contributor,Permanent,2024-11-11,2025-11-19,Voluntary,false,HCM_A,2025-12-29,RO,Individual Contributor,true,true,true,true,true,false,false,true,true,,1498
ACP001498,RO,Finance,Accounting,Individual Contributor,Fixed Term,2020-01-07,,,,HCM_A,2025-12-30,RO,Individual Contributor,true,true,true,true,true,false,not_applicable,true,true,,1499
ACP001499,IE,Digital,Product,Individual Contributor,Permanent,2021-10-03,,,,HCM_A,2025-12-31,IE,Individual Contributor,true,true,true,true,true,false,not_applicable,true,true,,1500
ACP001500,RO,Finance,Controls,Individual Contributor,Permanent,2025-06-18,2025-12-27,Voluntary,true,HCM_B,2025-12-20,RO,Individual Contributor,true,true,true,true,true,false,true,true,false,,1501
ACP001501,IE,Finance,FP&A,Individual Contributor,Permanent,2025-08-04,2025-12-02,Voluntary,true,HCM_A,2025-12-21,IE,Individual Contributor,true,true,true,true,true,false,true,false,false,,1502
ACP001502,GR,Finance,Controls,Senior Leader,Permanent,2023-10-13,,,,HCM_A,2025-12-22,GR,Senior Leader,true,true,true,true,true,true,not_applicable,true,true,,1503
ACP001503,RO,Sales,Commercial Planning,Senior Leader,Fixed Term,2022-09-28,,,,HCM_A,2025-12-23,RO,Senior Leader,true,true,true,true,true,true,not_applicable,true,true,,1504
ACP001504,BG,Digital,Software,Senior Leader,Permanent,2022-04-12,2022-07-20,Voluntary,true,HCM_A,2025-12-24,BG,Senior Leader,true,true,true,true,true,true,true,true,true,,1505
ACP001505,RO,Supply Chain,Logistics,Senior Leader,Fixed Term,2024-10-03,,,,HCM_B,2025-12-25,RO,Senior Leader,true,true,true,true,true,true,not_applicable,true,true,,1506
ACP001506,PL,Digital,Data,Individual Contributor,Permanent,2020-02-08,,,,HCM_A,2025-12-26,PL,Individual Contributor,true,true,true,true,true,false,not_applicable,true,true,,1507
ACP001507,PL,Supply Chain,Procurement,Manager,Permanent,2020-01-29,,,,HCM_A,2025-12-27,PL,Manager,true,true,true,true,true,false,not_applicable,true,true,,1508
ACP001508,PL,Sales,Commercial Planning,Manager,Permanent,2021-12-10,,,,HCM_A,2025-12-28,PL,Manager,true,true,true,true,true,false,not_applicable,true,true,,1509
ACP001509,GR,Supply Chain,Procurement,Manager,Permanent,2021-09-30,2023-03-20,Involuntary,false,HCM_A,2025-12-29,GR,Manager,true,true,true,true,true,false,false,true,true,,1510
ACP001510,RO,Digital,Product,Individual Contributor,Permanent,2020-07-06,,,,HCM_B,2025-12-30,RO,Individual Contributor,true,true,true,true,true,false,not_applicable,true,true,,1511
ACP001511,BG,Finance,FP&A,Individual Contributor,Permanent,2020-05-30,,,,HCM_A,2025-12-31,BG,Individual Contributor,true,true,true,true,true,false,not_applicable,true,true,,1512
ACP001512,GR,Sales,Commercial Planning,Individual Contributor,Permanent,2021-12-08,,,,HCM_A,2025-12-20,GR,Individual Contributor,true,true,true,true,true,false,not_applicable,true,true,,1513
ACP001513,PL,Digital,Data,Manager,Permanent,2021-10-04,2022-01-02,,,HCM_A,2025-12-21,PL,Manager,true,true,true,true,true,false,unknown,true,true,termination_type_unknown|regretted_classification_unknown,1514
ACP001514,GR,Sales,Key Accounts,Manager,Permanent,2024-11-01,2025-11-09,Voluntary,false,HCM_A,2025-12-22,GR,Manager,true,true,true,true,true,false,false,true,true,,1515
ACP001515,BG,Supply Chain,Manufacturing,Manager,Permanent,2024-03-16,2024-11-29,Voluntary,true,HCM_B,2025-12-23,BG,Manager,true,true,true,true,true,false,true,true,true,,1516
ACP001516,RO,Supply Chain,Logistics,Individual Contributor,Permanent,2025-04-17,,,,HCM_A,2025-12-24,RO,Individual Contributor,true,true,true,true,true,false,not_applicable,true,false,,1517
ACP001517,BG,Digital,Product,Individual Contributor,Fixed Term,2022-04-06,2023-03-27,Involuntary,false,HCM_A,2025-12-25,BG,Individual Contributor,true,true,true,true,true,false,false,true,true,,1518
ACP001518,BG,Digital,Data,Individual Contributor,Permanent,2024-10-05,,,,HCM_A,2025-12-26,BG,Individual Contributor,true,true,true,true,true,false,not_applicable,true,true,,1519
ACP001519,RO,Digital,Product,Senior Leader,Fixed Term,2023-04-22,,,,HCM_A,2025-12-27,RO,Senior Leader,true,true,true,true,true,true,not_applicable,true,true,,1520
ACP001520,IT,Finance,FP&A,Manager,Fixed Term,2020-05-24,2020-12-26,End of Contract,false,HCM_B,2025-12-28,IT,Manager,true,true,true,true,true,false,false,true,true,,1521
ACP001521,BG,Sales,Commercial Planning,Individual Contributor,Permanent,2021-07-20,,,,HCM_A,2025-12-29,BG,Individual Contributor,true,true,true,true,true,false,not_applicable,true,true,,1522
ACP001522,BG,Finance,Controls,Individual Contributor,Permanent,2021-05-23,,,,HCM_A,2025-12-30,BG,Individual Contributor,true,true,true,true,true,false,not_applicable,true,true,,1523
ACP001523,IE,Digital,Data,Manager,Permanent,2023-12-17,,,,HCM_A,2025-12-31,IE,Manager,true,true,true,true,true,false,not_applicable,true,true,,1524
ACP001524,RO,Finance,FP&A,Individual Contributor,Permanent,2025-02-26,,,,HCM_A,2025-12-20,RO,Individual Contributor,true,true,true,true,true,false,not_applicable,true,false,,1525
ACP001525,RO,Finance,FP&A,Individual Contributor,Permanent,2024-02-28,2025-11-15,Voluntary,true,HCM_B,2025-12-21,RO,Individual Contributor,true,true,true,true,true,false,true,true,true,,1526
ACP001526,BG,Finance,Controls,Manager,Permanent,2021-03-18,,,,HCM_A,2025-12-22,BG,Manager,true,true,true,true,true,false,not_applicable,true,true,,1527
ACP001527,GR,Finance,Controls,Individual Contributor,Permanent,2023-01-17,,,,HCM_A,2025-12-23,GR,Individual Contributor,true,true,true,true,true,false,not_applicable,true,true,,1528
ACP001528,IT,Sales,Key Accounts,Individual Contributor,Permanent,2021-05-08,,,,HCM_A,2025-12-24,IT,Individual Contributor,true,true,true,true,true,false,not_applicable,true,true,,1529
ACP001529,IT,Supply Chain,Procurement,Senior Leader,Fixed Term,2024-03-27,2025-01-06,End of Contract,false,HCM_A,2025-12-25,IT,Senior Leader,true,true,true,true,true,true,false,true,true,,1530
ACP001530,IE,Supply Chain,Logistics,Individual Contributor,Permanent,2021-11-15,,,,HCM_B,2025-12-26,IE,Individual Contributor,true,true,true,true,true,false,not_applicable,true,true,,1531
ACP001531,BG,Sales,Key Accounts,Individual Contributor,Fixed Term,2025-04-03,,,,HCM_A,2025-12-27,BG,Individual Contributor,true,true,true,true,true,false,not_applicable,true,false,,1532
ACP001532,RO,Sales,Key Accounts,Individual Contributor,Permanent,2022-04-04,,,,HCM_A,2025-12-28,RO,Individual Contributor,true,true,true,true,true,false,not_applicable,true,true,,1533
ACP001533,GR,Digital,Product,Individual Contributor,Permanent,2021-09-06,,,,HCM_A,2025-12-29,GR,Individual Contributor,true,true,true,true,true,false,not_applicable,true,true,,1534
ACP001534,RO,Finance,Controls,Individual Contributor,Permanent,2023-10-31,,,,HCM_A,2025-12-30,RO,Individual Contributor,true,true,true,true,true,false,not_applicable,true,true,,1535
ACP001535,IT,Finance,FP&A,Individual Contributor,Permanent,2023-02-23,,,,HCM_B,2025-12-31,IT,Individual Contributor,true,true,true,true,true,false,not_applicable,true,true,,1536
ACP001536,IT,Sales,Commercial Planning,Manager,Permanent,2025-10-07,,,,HCM_A,2025-12-20,IT,Manager,true,true,true,true,true,false,not_applicable,false,false,,1537
ACP001537,BG,Supply Chain,Procurement,Individual Contributor,Fixed Term,2024-10-06,,,,HCM_A,2025-12-21,BG,Individual Contributor,true,true,true,true,true,false,not_applicable,true,true,,1538
ACP001538,IE,Supply Chain,Manufacturing,Individual Contributor,Fixed Term,2020-05-27,,,,HCM_A,2025-12-22,IE,Individual Contributor,true,true,true,true,true,false,not_applicable,true,true,,1539
ACP001539,GR,Sales,Key Accounts,Individual Contributor,Fixed Term,2020-07-09,2024-02-15,Voluntary,false,HCM_A,2025-12-23,GR,Individual Contributor,true,true,true,true,true,false,false,true,true,,1540
ACP001540,GR,Finance,FP&A,Manager,Permanent,2025-05-13,,,,HCM_B,2025-12-24,GR,Manager,true,true,true,true,true,false,not_applicable,true,false,,1541
ACP001541,IE,Supply Chain,Procurement,Individual Contributor,Permanent,2023-03-02,,,,HCM_A,2025-12-25,IE,Individual Contributor,true,true,true,true,true,false,not_applicable,true,true,,1542
ACP001542,IT,Supply Chain,Procurement,Individual Contributor,Permanent,2020-12-06,,,,HCM_A,2025-12-26,IT,Individual Contributor,true,true,true,true,true,false,not_applicable,true,true,,1543
ACP001543,IE,Finance,FP&A,Individual Contributor,Permanent,2024-04-14,,,,HCM_A,2025-12-27,IE,Individual Contributor,true,true,true,true,true,false,not_applicable,true,true,,1544
ACP001544,GR,Digital,Product,Individual Contributor,Permanent,2021-02-13,,,,HCM_A,2025-12-28,GR,Individual Contributor,true,true,true,true,true,false,not_applicable,true,true,,1545
ACP001545,PL,Digital,Product,Individual Contributor,Permanent,2020-09-27,,,,HCM_B,2025-12-29,PL,Individual Contributor,true,true,true,true,true,false,not_applicable,true,true,,1546
ACP001546,RO,Supply Chain,Manufacturing,Manager,Permanent,2024-04-14,2025-08-10,Voluntary,false,HCM_A,2025-12-30,RO,Manager,true,true,true,true,true,false,false,true,true,,1547
ACP001547,IT,Finance,FP&A,Individual Contributor,Fixed Term,2024-01-21,2025-09-23,Voluntary,true,HCM_A,2025-12-31,IT,Individual Contributor,true,true,true,true,true,false,true,true,true,,1548
ACP001548,BG,Supply Chain,Procurement,Individual Contributor,Permanent,2020-12-25,,,,HCM_A,2025-12-20,BG,Individual Contributor,true,true,true,true,true,false,not_applicable,true,true,,1549
ACP001549,PL,Supply Chain,Manufacturing,Senior Leader,Permanent,2022-07-30,,,,HCM_A,2025-12-21,PL,Senior Leader,true,true,true,true,true,true,not_applicable,true,true,,1550
ACP001550,RO,Supply Chain,Logistics,Manager,Permanent,2024-06-23,2025-12-10,End of Contract,false,HCM_B,2025-12-22,RO,Manager,true,true,true,true,true,false,false,true,true,,1551
ACP001551,IT,Sales,Field Sales,Individual Contributor,Permanent,2023-03-03,,,,HCM_A,2025-12-23,IT,Individual Contributor,true,true,true,true,true,false,not_applicable,true,true,,1552
ACP001552,BG,Digital,Product,Manager,Permanent,2021-08-09,,,,HCM_A,2025-12-24,BG,Manager,true,true,true,true,true,false,not_applicable,true,true,,1553
ACP001553,BG,Digital,Data,Individual Contributor,Permanent,2024-08-13,,,,HCM_A,2025-12-25,BG,Individual Contributor,true,true,true,true,true,false,not_applicable,true,true,,1554
ACP001554,PL,Supply Chain,Procurement,Senior Leader,Permanent,2022-08-24,2023-02-14,Voluntary,false,HCM_A,2025-12-26,PL,Senior Leader,true,true,true,true,true,true,false,true,true,,1555
ACP001555,BG,Supply Chain,Logistics,Individual Contributor,Permanent,2023-03-02,,,,HCM_B,2025-12-27,BG,Individual Contributor,true,true,true,true,true,false,not_applicable,true,true,,1556
ACP001556,GR,Digital,Product,Manager,Permanent,2020-10-08,,,,HCM_A,2025-12-28,GR,Manager,true,true,true,true,true,false,not_applicable,true,true,,1557
ACP001557,IT,Sales,Key Accounts,Manager,Fixed Term,2022-07-02,,,,HCM_A,2025-12-29,IT,Manager,true,true,true,true,true,false,not_applicable,true,true,,1558
ACP001558,IT,Supply Chain,Logistics,Senior Leader,Permanent,2023-02-02,2024-11-03,Voluntary,true,HCM_A,2025-12-30,IT,Senior Leader,true,true,true,true,true,true,true,true,true,,1559
ACP001559,RO,Sales,Field Sales,Manager,Permanent,2024-02-15,2025-07-29,Voluntary,true,HCM_A,2025-12-31,RO,Manager,true,true,true,true,true,false,true,true,true,,1560
ACP001560,IE,Supply Chain,Logistics,Manager,Fixed Term,2022-05-02,,,,HCM_B,2025-12-20,IE,Manager,true,true,true,true,true,false,not_applicable,true,true,,1561
ACP001561,IE,Supply Chain,Logistics,Manager,Permanent,2023-05-14,,,,HCM_A,2025-12-21,IE,Manager,true,true,true,true,true,false,not_applicable,true,true,,1562
ACP001562,BG,Supply Chain,Manufacturing,Individual Contributor,Permanent,2023-10-14,2023-11-25,End of Contract,false,HCM_A,2025-12-22,BG,Individual Contributor,true,true,true,true,true,false,false,true,true,,1563
ACP001563,PL,Finance,FP&A,Individual Contributor,Permanent,2023-05-14,,,,HCM_A,2025-12-23,PL,Individual Contributor,true,true,true,true,true,false,not_applicable,true,true,,1564
ACP001564,PL,Sales,Key Accounts,Individual Contributor,Fixed Term,2022-07-13,2022-08-14,End of Contract,false,HCM_A,2025-12-24,PL,Individual Contributor,true,true,true,true,true,false,false,true,true,,1565
ACP001565,GR,Sales,Key Accounts,Individual Contributor,Permanent,2020-12-30,2022-01-03,Involuntary,false,HCM_B,2025-12-25,GR,Individual Contributor,true,true,true,true,true,false,false,true,true,,1566
ACP001566,RO,Digital,Software,Manager,Fixed Term,2025-10-02,2025-11-22,End of Contract,false,HCM_A,2025-12-26,RO,Manager,true,true,true,true,true,false,false,false,false,,1567
ACP001567,RO,Finance,Accounting,Individual Contributor,Permanent,2024-10-06,2025-01-23,Voluntary,false,HCM_A,2025-12-27,RO,Individual Contributor,true,true,true,true,true,false,false,true,true,,1568
ACP001568,IE,Digital,Product,Manager,Permanent,2025-01-07,,,,HCM_A,2025-12-28,IE,Manager,true,true,true,true,true,false,not_applicable,true,false,,1569
ACP001569,IT,Sales,Field Sales,Individual Contributor,Permanent,2025-10-15,2025-11-26,Voluntary,false,HCM_A,2025-12-29,IT,Individual Contributor,true,true,true,true,true,false,false,false,false,,1570
ACP001570,IE,Supply Chain,Logistics,Individual Contributor,Permanent,2021-09-05,,,,HCM_B,2025-12-30,IE,Individual Contributor,true,true,true,true,true,false,not_applicable,true,true,,1571
ACP001571,BG,Digital,Software,Individual Contributor,Permanent,2020-09-15,2023-01-03,Voluntary,true,HCM_A,2025-12-31,BG,Individual Contributor,true,true,true,true,true,false,true,true,true,,1572
ACP001572,IT,Digital,Product,Individual Contributor,Permanent,2023-09-21,,,,HCM_A,2025-12-20,IT,Individual Contributor,true,true,true,true,true,false,not_applicable,true,true,,1573
ACP001573,IT,Supply Chain,Manufacturing,Senior Leader,Fixed Term,2025-05-22,,,,HCM_A,2025-12-21,IT,Senior Leader,true,true,true,true,true,true,not_applicable,true,false,,1574
ACP001574,IE,Finance,Accounting,Manager,Permanent,2022-07-21,2023-03-31,Voluntary,true,HCM_A,2025-12-22,IE,Manager,true,true,true,true,true,false,true,true,true,,1575
ACP001575,RO,Supply Chain,Logistics,Individual Contributor,Permanent,2024-02-08,,,,HCM_B,2025-12-23,RO,Individual Contributor,true,true,true,true,true,false,not_applicable,true,true,,1576
ACP001576,IT,Finance,Controls,Individual Contributor,Permanent,2020-04-21,2021-03-03,Voluntary,false,HCM_A,2025-12-24,IT,Individual Contributor,true,true,true,true,true,false,false,true,true,,1577
ACP001577,PL,Supply Chain,Logistics,Senior Leader,Permanent,2025-08-01,,,,HCM_A,2025-12-25,PL,Senior Leader,true,true,true,true,true,true,not_applicable,false,false,,1578
ACP001578,PL,Finance,Accounting,Senior Leader,Permanent,2022-05-14,,,,HCM_A,2025-12-26,PL,Senior Leader,true,true,true,true,true,true,not_applicable,true,true,,1579
ACP001579,BG,Supply Chain,Manufacturing,Senior Leader,Permanent,2025-10-20,,,,HCM_A,2025-12-27,BG,Senior Leader,true,true,true,true,true,true,not_applicable,false,false,,1580
ACP001580,BG,Supply Chain,Manufacturing,Individual Contributor,Permanent,2025-09-03,2025-09-23,End of Contract,false,HCM_B,2025-12-28,BG,Individual Contributor,true,true,true,true,true,false,false,false,false,,1581
ACP001581,IT,Sales,Commercial Planning,Individual Contributor,Permanent,2021-03-09,,,,HCM_A,2025-12-29,IT,Individual Contributor,true,true,true,true,true,false,not_applicable,true,true,,1582
ACP001582,IE,Sales,Commercial Planning,Individual Contributor,Permanent,2025-06-06,,,,HCM_A,2025-12-30,IE,Individual Contributor,true,true,true,true,true,false,not_applicable,true,false,,1583
ACP001583,BG,Digital,Software,Individual Contributor,Permanent,2020-04-29,,,,HCM_A,2025-12-31,BG,Individual Contributor,true,true,true,true,true,false,not_applicable,true,true,,1584
ACP001584,GR,Digital,Product,Individual Contributor,Permanent,2021-09-05,2023-04-13,Involuntary,false,HCM_A,2025-12-20,GR,Individual Contributor,true,true,true,true,true,false,false,true,true,,1585
ACP001585,PL,Finance,Controls,Individual Contributor,Permanent,2021-05-26,,,,HCM_B,2025-12-21,PL,Individual Contributor,true,true,true,true,true,false,not_applicable,true,true,,1586
ACP001586,RO,Sales,Key Accounts,Individual Contributor,Permanent,2020-11-28,,,,HCM_A,2025-12-22,RO,Individual Contributor,true,true,true,true,true,false,not_applicable,true,true,,1587
ACP001587,PL,Sales,Key Accounts,Individual Contributor,Permanent,2021-05-23,,,,HCM_A,2025-12-23,PL,Individual Contributor,true,true,true,true,true,false,not_applicable,true,true,,1588
ACP001588,BG,Finance,FP&A,Senior Leader,Permanent,2022-03-13,,,,HCM_A,2025-12-24,BG,Senior Leader,true,true,true,true,true,true,not_applicable,true,true,,1589
ACP001589,IE,Supply Chain,Manufacturing,Individual Contributor,Permanent,2022-04-19,,,,HCM_A,2025-12-25,IE,Individual Contributor,true,true,true,true,true,false,not_applicable,true,true,,1590
ACP001590,IE,Finance,Accounting,Individual Contributor,Permanent,2020-01-16,,,,HCM_B,2025-12-26,IE,Individual Contributor,true,true,true,true,true,false,not_applicable,true,true,,1591
ACP001591,BG,Supply Chain,Logistics,Manager,Fixed Term,2021-09-30,2025-04-12,Voluntary,false,HCM_A,2025-12-27,BG,Manager,true,true,true,true,true,false,false,true,true,,1592
ACP001592,IE,Finance,Controls,Senior Leader,Fixed Term,2021-01-14,,,,HCM_A,2025-12-28,IE,Senior Leader,true,true,true,true,true,true,not_applicable,true,true,,1593
ACP001593,PL,Finance,Accounting,Individual Contributor,Permanent,2023-08-15,,,,HCM_A,2025-12-29,PL,Individual Contributor,true,true,true,true,true,false,not_applicable,true,true,,1594
ACP001594,GR,Supply Chain,Logistics,Senior Leader,Permanent,2022-05-19,,,,HCM_A,2025-12-30,GR,Senior Leader,true,true,true,true,true,true,not_applicable,true,true,,1595
ACP001595,GR,Digital,Product,Manager,Permanent,2022-04-11,,,,HCM_B,2025-12-31,GR,Manager,true,true,true,true,true,false,not_applicable,true,true,,1596
ACP001596,IT,Finance,Controls,Individual Contributor,Permanent,2021-03-06,2021-10-27,Voluntary,true,HCM_A,2025-12-20,IT,Individual Contributor,true,true,true,true,true,false,true,true,true,,1597
ACP001597,RO,Digital,Product,Manager,Permanent,2023-11-13,,,,HCM_A,2025-12-21,RO,Manager,true,true,true,true,true,false,not_applicable,true,true,,1598
ACP001598,RO,Sales,Commercial Planning,Individual Contributor,Fixed Term,2025-04-25,,,,HCM_A,2025-12-22,RO,Individual Contributor,true,true,true,true,true,false,not_applicable,true,false,,1599
ACP001599,GR,Sales,Commercial Planning,Individual Contributor,Permanent,2020-06-17,,,,HCM_A,2025-12-23,GR,Individual Contributor,true,true,true,true,true,false,not_applicable,true,true,,1600
ACP001600,IE,Digital,Software,Manager,Fixed Term,2020-08-22,,,,HCM_B,2025-12-24,IE,Manager,true,true,true,true,true,false,not_applicable,true,true,,1601
ACP001601,IT,Sales,Commercial Planning,Individual Contributor,Permanent,2025-06-13,,,,HCM_A,2025-12-25,IT,Individual Contributor,true,true,true,true,true,false,not_applicable,true,false,,1602
ACP001602,PL,Digital,Data,Individual Contributor,Permanent,2023-04-23,,,,HCM_A,2025-12-26,PL,Individual Contributor,true,true,true,true,true,false,not_applicable,true,true,,1603
ACP001603,IE,Supply Chain,Procurement,Individual Contributor,Permanent,2020-01-12,,,,HCM_A,2025-12-27,IE,Individual Contributor,true,true,true,true,true,false,not_applicable,true,true,,1604
ACP001604,IE,Supply Chain,Logistics,Manager,Permanent,2025-08-10,,,,HCM_A,2025-12-28,IE,Manager,true,true,true,true,true,false,not_applicable,false,false,,1605
ACP001605,BG,Sales,Field Sales,Manager,Permanent,2021-02-27,,,,HCM_B,2025-12-29,BG,Manager,true,true,true,true,true,false,not_applicable,true,true,,1606
ACP001606,IT,Supply Chain,Manufacturing,Individual Contributor,Permanent,2023-09-10,2024-04-30,End of Contract,false,HCM_A,2025-12-30,IT,Individual Contributor,true,true,true,true,true,false,false,true,true,,1607
ACP001607,PL,Finance,FP&A,Manager,Permanent,2025-05-10,2025-12-27,Voluntary,true,HCM_A,2025-12-31,PL,Manager,true,true,true,true,true,false,true,true,false,,1608
ACP001608,,Digital,Software,Individual Contributor,Permanent,2022-10-24,2022-12-08,Voluntary,false,HCM_A,2025-12-20,,Individual Contributor,true,true,true,true,false,false,false,true,true,missing_or_unknown_country,1609
ACP001609,PL,Digital,Software,Individual Contributor,Permanent,2022-12-23,,,,HCM_A,2025-12-21,PL,Individual Contributor,true,true,true,true,true,false,not_applicable,true,true,,1610
ACP001610,IT,Sales,Key Accounts,Individual Contributor,Permanent,2023-04-29,,,,HCM_B,2025-12-22,IT,Individual Contributor,true,true,true,true,true,false,not_applicable,true,true,,1611
ACP001611,IT,Digital,Data,Individual Contributor,Permanent,2020-09-01,,,,HCM_A,2025-12-23,IT,Individual Contributor,true,true,true,true,true,false,not_applicable,true,true,,1612
ACP001612,BG,Supply Chain,Manufacturing,Individual Contributor,Fixed Term,2021-10-05,,,,HCM_A,2025-12-24,BG,Individual Contributor,true,true,true,true,true,false,not_applicable,true,true,,1613
ACP001613,GR,Sales,Commercial Planning,Manager,Fixed Term,2025-01-23,2025-04-19,Involuntary,false,HCM_A,2025-12-25,GR,Manager,true,true,true,true,true,false,false,true,false,,1614
ACP001614,IT,Sales,Key Accounts,Manager,Fixed Term,2020-02-24,2020-08-02,Voluntary,true,HCM_A,2025-12-26,IT,Manager,true,true,true,true,true,false,true,true,true,,1615
ACP001615,PL,Supply Chain,Procurement,Manager,Permanent,2024-03-02,,,,HCM_B,2025-12-27,PL,Manager,true,true,true,true,true,false,not_applicable,true,true,,1616
ACP001616,IE,Supply Chain,Manufacturing,Manager,Permanent,2020-09-23,2021-02-09,Voluntary,false,HCM_A,2025-12-28,IE,Manager,true,true,true,true,true,false,false,true,true,,1617
ACP001617,BG,Sales,Key Accounts,Manager,Permanent,2024-11-18,2025-12-25,Involuntary,false,HCM_A,2025-12-29,BG,Manager,true,true,true,true,true,false,false,true,true,,1618
ACP001618,RO,Sales,Field Sales,Individual Contributor,Permanent,2021-08-15,,,,HCM_A,2025-12-30,RO,Individual Contributor,true,true,true,true,true,false,not_applicable,true,true,,1619
ACP001619,IE,Finance,Controls,Individual Contributor,Permanent,2021-11-28,2022-06-04,End of Contract,false,HCM_A,2025-12-31,IE,Individual Contributor,true,true,true,true,true,false,false,true,true,,1620
ACP001620,GR,Sales,Field Sales,Senior Leader,Permanent,2021-06-02,,,,HCM_B,2025-12-20,GR,Senior Leader,true,true,true,true,true,true,not_applicable,true,true,,1621
ACP001621,IT,Sales,Field Sales,Individual Contributor,Permanent,2021-10-24,,,,HCM_A,2025-12-21,IT,Individual Contributor,true,true,true,true,true,false,not_applicable,true,true,,1622
ACP001622,BG,Sales,Commercial Planning,Manager,Permanent,2021-06-23,2022-09-03,Voluntary,false,HCM_A,2025-12-22,BG,Manager,true,true,true,true,true,false,false,true,true,,1623
ACP001623,GR,Finance,Controls,Individual Contributor,Permanent,2022-11-10,2024-03-26,Voluntary,false,HCM_A,2025-12-23,GR,Individual Contributor,true,true,true,true,true,false,false,true,true,,1624
ACP001624,PL,Finance,Controls,Senior Leader,Fixed Term,2025-08-20,,,,HCM_A,2025-12-24,PL,Senior Leader,true,true,true,true,true,true,not_applicable,false,false,,1625
ACP001625,IT,Digital,Data,Senior Leader,Permanent,2023-10-05,2024-02-22,Voluntary,true,HCM_B,2025-12-25,IT,Senior Leader,true,true,true,true,true,true,true,true,true,,1626
ACP001626,RO,Digital,Software,Individual Contributor,Fixed Term,2024-03-04,2025-05-29,Voluntary,false,HCM_A,2025-12-26,RO,Individual Contributor,true,true,true,true,true,false,false,true,true,,1627
ACP001627,GR,Finance,FP&A,Manager,Permanent,2020-03-27,2020-05-24,Voluntary,true,HCM_A,2025-12-27,GR,Manager,true,true,true,true,true,false,true,true,true,,1628
ACP001628,PL,Finance,FP&A,Individual Contributor,Permanent,2024-01-17,,,,HCM_A,2025-12-28,PL,Individual Contributor,true,true,true,true,true,false,not_applicable,true,true,,1629
ACP001629,RO,Digital,Software,Manager,Permanent,2023-03-03,2023-07-20,Voluntary,false,HCM_A,2025-12-29,RO,Manager,true,true,true,true,true,false,false,true,true,,1630
ACP001630,PL,Finance,Controls,Individual Contributor,Fixed Term,2022-05-29,2025-01-11,Voluntary,false,HCM_B,2025-12-30,PL,Individual Contributor,true,true,true,true,true,false,false,true,true,,1631
ACP001631,RO,Supply Chain,Logistics,Senior Leader,Fixed Term,2023-04-03,,,,HCM_A,2025-12-31,RO,Senior Leader,true,true,true,true,true,true,not_applicable,true,true,,1632
ACP001632,GR,Finance,Accounting,Manager,Permanent,2024-08-19,,,,HCM_A,2025-12-20,GR,Manager,true,true,true,true,true,false,not_applicable,true,true,,1633
ACP001633,IE,Sales,Commercial Planning,Individual Contributor,Fixed Term,2025-02-03,2025-10-17,Voluntary,false,HCM_A,2025-12-21,IE,Individual Contributor,true,true,true,true,true,false,false,true,false,,1634
ACP001634,IT,Finance,Controls,Manager,Permanent,2025-10-04,2025-11-01,Voluntary,false,HCM_A,2025-12-22,IT,Manager,true,true,true,true,true,false,false,false,false,,1635
ACP001635,PL,Sales,Key Accounts,Individual Contributor,Fixed Term,2021-12-09,,,,HCM_B,2025-12-23,PL,Individual Contributor,true,true,true,true,true,false,not_applicable,true,true,,1636
ACP001636,BG,Finance,FP&A,Individual Contributor,Permanent,2023-06-07,2023-08-10,Voluntary,true,HCM_A,2025-12-24,BG,Individual Contributor,true,true,true,true,true,false,true,true,true,,1637
ACP001637,RO,Finance,FP&A,Individual Contributor,Permanent,2021-02-14,,,,HCM_A,2025-12-25,RO,Individual Contributor,true,true,true,true,true,false,not_applicable,true,true,,1638
ACP001638,IE,Sales,Key Accounts,Individual Contributor,Permanent,2025-08-02,,,,HCM_A,2025-12-26,IE,Individual Contributor,true,true,true,true,true,false,not_applicable,false,false,,1639
ACP001639,IT,Digital,Software,Individual Contributor,Permanent,2024-10-31,,,,HCM_A,2025-12-27,IT,Individual Contributor,true,true,true,true,true,false,not_applicable,true,true,,1640
ACP001640,IT,Sales,Commercial Planning,Senior Leader,Permanent,2023-03-23,,,,HCM_B,2025-12-28,IT,Senior Leader,true,true,true,true,true,true,not_applicable,true,true,,1641
ACP001641,PL,Finance,Controls,Manager,Permanent,2021-07-06,,,,HCM_A,2025-12-29,PL,Manager,true,true,true,true,true,false,not_applicable,true,true,,1642
ACP001642,IE,Sales,Commercial Planning,Individual Contributor,Permanent,2022-08-18,,,,HCM_A,2025-12-30,IE,Individual Contributor,true,true,true,true,true,false,not_applicable,true,true,,1643
ACP001643,BG,Supply Chain,Logistics,Individual Contributor,Fixed Term,2020-04-23,2020-10-20,Involuntary,false,HCM_A,2025-12-31,BG,Individual Contributor,true,true,true,true,true,false,false,true,true,,1644
ACP001644,BG,Supply Chain,Procurement,Manager,Permanent,2021-05-17,2023-11-13,Voluntary,true,HCM_A,2025-12-20,BG,Manager,true,true,true,true,true,false,true,true,true,,1645
ACP001645,RO,Sales,Commercial Planning,Senior Leader,Permanent,2021-12-07,,,,HCM_B,2025-12-21,RO,Senior Leader,true,true,true,true,true,true,not_applicable,true,true,,1646
ACP001646,RO,Finance,Accounting,Individual Contributor,Permanent,2025-06-26,,,,HCM_A,2025-12-22,RO,Individual Contributor,true,true,true,true,true,false,not_applicable,true,false,,1647
ACP001647,RO,Supply Chain,Manufacturing,Individual Contributor,Permanent,2021-05-07,2021-08-29,Voluntary,true,HCM_A,2025-12-23,RO,Individual Contributor,true,true,true,true,true,false,true,true,true,,1648
ACP001648,IT,Sales,Commercial Planning,Individual Contributor,Permanent,2023-08-15,2023-08-31,Voluntary,false,HCM_A,2025-12-24,IT,Individual Contributor,true,true,true,true,true,false,false,true,true,,1649
ACP001649,BG,Sales,Commercial Planning,Individual Contributor,Fixed Term,2021-11-05,,,,HCM_A,2025-12-25,BG,Individual Contributor,true,true,true,true,true,false,not_applicable,true,true,,1650
ACP001650,IE,Supply Chain,Manufacturing,Individual Contributor,Permanent,2020-12-01,,,,HCM_B,2025-12-26,IE,Individual Contributor,true,true,true,true,true,false,not_applicable,true,true,,1651
ACP001651,PL,Finance,Controls,Senior Leader,Permanent,2023-08-26,,,,HCM_A,2025-12-27,PL,Senior Leader,true,true,true,true,true,true,not_applicable,true,true,,1652
ACP001652,BG,Digital,Data,Individual Contributor,Permanent,2024-06-08,,,,HCM_A,2025-12-28,BG,Individual Contributor,true,true,true,true,true,false,not_applicable,true,true,,1653
ACP001653,IE,Sales,Commercial Planning,Manager,Permanent,2020-10-17,2021-01-02,Voluntary,false,HCM_A,2025-12-29,IE,Manager,true,true,true,true,true,false,false,true,true,,1654
ACP001654,GR,Sales,Commercial Planning,Senior Leader,Permanent,2025-09-01,,,,HCM_A,2025-12-30,GR,Senior Leader,true,true,true,true,true,true,not_applicable,false,false,,1655
ACP001655,BG,Digital,Software,Manager,Permanent,2023-08-14,,,,HCM_B,2025-12-31,BG,Manager,true,true,true,true,true,false,not_applicable,true,true,,1656
ACP001656,IE,Finance,Controls,Individual Contributor,Permanent,2021-11-29,2023-01-27,Voluntary,true,HCM_A,2025-12-20,IE,Individual Contributor,true,true,true,true,true,false,true,true,true,,1657
ACP001657,IE,Supply Chain,Logistics,Senior Leader,Fixed Term,2024-05-06,,,,HCM_A,2025-12-21,IE,Senior Leader,true,true,true,true,true,true,not_applicable,true,true,,1658
ACP001658,BG,Digital,Software,Individual Contributor,Permanent,2021-09-22,2023-03-03,Voluntary,true,HCM_A,2025-12-22,BG,Individual Contributor,true,true,true,true,true,false,true,true,true,,1659
ACP001659,PL,Finance,Controls,Senior Leader,Permanent,2020-04-28,,,,HCM_A,2025-12-23,PL,Senior Leader,true,true,true,true,true,true,not_applicable,true,true,,1660
ACP001660,GR,Supply Chain,Manufacturing,Senior Leader,Permanent,2022-05-10,,,,HCM_B,2025-12-24,GR,Senior Leader,true,true,true,true,true,true,not_applicable,true,true,,1661
ACP001661,GR,Digital,Product,Individual Contributor,Permanent,2024-05-28,,,,HCM_A,2025-12-25,GR,Individual Contributor,true,true,true,true,true,false,not_applicable,true,true,,1662
ACP001662,GR,Supply Chain,Logistics,Manager,Permanent,2020-05-24,,,,HCM_A,2025-12-26,GR,Manager,true,true,true,true,true,false,not_applicable,true,true,,1663
ACP001663,GR,Finance,Accounting,Senior Leader,Permanent,2020-10-08,,,,HCM_A,2025-12-27,GR,Senior Leader,true,true,true,true,true,true,not_applicable,true,true,,1664
ACP001664,RO,Sales,Commercial Planning,Individual Contributor,Permanent,2023-12-14,2025-08-24,Involuntary,false,HCM_A,2025-12-28,RO,Individual Contributor,true,true,true,true,true,false,false,true,true,,1665
ACP001665,PL,Sales,Commercial Planning,Manager,Permanent,2025-06-11,,,,HCM_B,2025-12-29,PL,Manager,true,true,true,true,true,false,not_applicable,true,false,,1666
ACP001666,RO,Sales,Field Sales,Manager,Permanent,2023-11-15,2024-11-04,Voluntary,false,HCM_A,2025-12-30,RO,Manager,true,true,true,true,true,false,false,true,true,,1667
ACP001667,GR,Finance,Controls,Senior Leader,Permanent,2021-05-08,2021-07-26,Voluntary,true,HCM_A,2025-12-31,GR,Senior Leader,true,true,true,true,true,true,true,true,true,,1668
ACP001668,GR,Supply Chain,Logistics,Individual Contributor,Permanent,2022-10-25,,,,HCM_A,2025-12-20,GR,Individual Contributor,true,true,true,true,true,false,not_applicable,true,true,,1669
ACP001669,IE,Finance,Controls,Individual Contributor,Permanent,2022-02-26,,,,HCM_A,2025-12-21,IE,Individual Contributor,true,true,true,true,true,false,not_applicable,true,true,,1670
ACP001670,RO,Digital,Product,Individual Contributor,Permanent,2022-10-17,,,,HCM_B,2025-12-22,RO,Individual Contributor,true,true,true,true,true,false,not_applicable,true,true,,1671
ACP001671,IE,Digital,Software,Senior Leader,Permanent,2020-07-29,2020-12-20,Involuntary,false,HCM_A,2025-12-23,IE,Senior Leader,true,true,true,true,true,true,false,true,true,,1672
ACP001672,GR,Supply Chain,Procurement,Senior Leader,Fixed Term,2021-02-05,,,,HCM_A,2025-12-24,GR,Senior Leader,true,true,true,true,true,true,not_applicable,true,true,,1673
ACP001673,IT,Digital,Data,Manager,Permanent,2022-07-11,,,,HCM_A,2025-12-25,IT,Manager,true,true,true,true,true,false,not_applicable,true,true,,1674
ACP001674,PL,Sales,Key Accounts,Manager,Permanent,2021-03-17,,,,HCM_A,2025-12-26,PL,Manager,true,true,true,true,true,false,not_applicable,true,true,,1675
ACP001675,BG,Finance,Controls,Manager,Permanent,2025-05-08,,,,HCM_B,2025-12-27,BG,Manager,true,true,true,true,true,false,not_applicable,true,false,,1676
ACP001676,RO,Digital,Product,Individual Contributor,Permanent,2024-07-30,,,,HCM_A,2025-12-28,RO,Individual Contributor,true,true,true,true,true,false,not_applicable,true,true,,1677
ACP001677,GR,Digital,Data,Individual Contributor,Permanent,2022-01-03,2022-04-01,Voluntary,false,HCM_A,2025-12-29,GR,Individual Contributor,true,true,true,true,true,false,false,true,true,,1678
ACP001678,IT,Digital,Data,Manager,Fixed Term,2022-03-18,,,,HCM_A,2025-12-30,IT,Manager,true,true,true,true,true,false,not_applicable,true,true,,1679
ACP001679,RO,Digital,Software,Individual Contributor,Permanent,2025-03-23,,,,HCM_A,2025-12-31,RO,Individual Contributor,true,true,true,true,true,false,not_applicable,true,false,,1680
ACP001680,RO,Sales,Commercial Planning,Senior Leader,Fixed Term,2020-11-20,2024-07-18,Involuntary,false,HCM_B,2025-12-20,RO,Senior Leader,true,true,true,true,true,true,false,true,true,,1681
ACP001681,IE,Finance,Accounting,Individual Contributor,Permanent,2020-12-26,2021-11-16,Involuntary,false,HCM_A,2025-12-21,IE,Individual Contributor,true,true,true,true,true,false,false,true,true,,1682
ACP001682,BG,Sales,Key Accounts,Senior Leader,Permanent,2023-02-12,,,,HCM_A,2025-12-22,BG,Senior Leader,true,true,true,true,true,true,not_applicable,true,true,,1683
ACP001683,GR,Supply Chain,Manufacturing,Manager,Permanent,2021-05-20,,,,HCM_A,2025-12-23,GR,Manager,true,true,true,true,true,false,not_applicable,true,true,,1684
ACP001684,PL,Sales,Field Sales,Individual Contributor,Permanent,2020-05-02,,,,HCM_A,2025-12-24,PL,Individual Contributor,true,true,true,true,true,false,not_applicable,true,true,,1685
ACP001685,RO,Digital,Data,Manager,Fixed Term,2020-07-07,2020-10-28,Voluntary,false,HCM_B,2025-12-25,RO,Manager,true,true,true,true,true,false,false,true,true,,1686
ACP001686,GR,Sales,Key Accounts,Individual Contributor,Permanent,2023-03-15,,,,HCM_A,2025-12-26,GR,Individual Contributor,true,true,true,true,true,false,not_applicable,true,true,,1687
ACP001687,BG,Digital,Software,Manager,Permanent,2023-09-17,,,,HCM_A,2025-12-27,BG,Manager,true,true,true,true,true,false,not_applicable,true,true,,1688
ACP001688,PL,Supply Chain,Manufacturing,Individual Contributor,Fixed Term,2025-04-26,,,,HCM_A,2025-12-28,PL,Individual Contributor,true,true,true,true,true,false,not_applicable,true,false,,1689
ACP001689,GR,Sales,Commercial Planning,Senior Leader,Fixed Term,2021-11-15,2022-05-27,Voluntary,false,HCM_A,2025-12-29,GR,Senior Leader,true,true,true,true,true,true,false,true,true,,1690
ACP001690,IT,Sales,Key Accounts,Individual Contributor,Permanent,2023-10-22,2025-06-24,Voluntary,true,HCM_B,2025-12-30,IT,Individual Contributor,true,true,true,true,true,false,true,true,true,,1691
ACP001691,BG,Finance,Controls,Manager,Permanent,2024-01-28,2024-04-27,,,HCM_A,2025-12-31,BG,Manager,true,true,true,true,true,false,unknown,true,true,termination_type_unknown|regretted_classification_unknown,1692
ACP001692,RO,Finance,Accounting,Individual Contributor,Permanent,2020-02-05,,,,HCM_A,2025-12-20,RO,Individual Contributor,true,true,true,true,true,false,not_applicable,true,true,,1693
ACP001693,GR,Digital,Data,Individual Contributor,Permanent,2020-06-14,,,,HCM_A,2025-12-21,GR,Individual Contributor,true,true,true,true,true,false,not_applicable,true,true,,1694
ACP001694,BG,Digital,Data,Individual Contributor,Permanent,2021-04-11,,,,HCM_A,2025-12-22,BG,Individual Contributor,true,true,true,true,true,false,not_applicable,true,true,,1695
ACP001695,IT,Digital,Data,Senior Leader,Permanent,2020-09-09,,,,HCM_B,2025-12-23,IT,Senior Leader,true,true,true,true,true,true,not_applicable,true,true,,1696
ACP001696,RO,Sales,Commercial Planning,Manager,Permanent,2024-08-07,,,,HCM_A,2025-12-24,RO,Manager,true,true,true,true,true,false,not_applicable,true,true,,1697
ACP001697,BG,Sales,Field Sales,Senior Leader,Permanent,2022-04-27,2023-03-20,Voluntary,false,HCM_A,2025-12-25,BG,Senior Leader,true,true,true,true,true,true,false,true,true,,1698
ACP001698,GR,Digital,Product,Manager,Permanent,2022-11-11,,,,HCM_A,2025-12-26,GR,Manager,true,true,true,true,true,false,not_applicable,true,true,,1699
ACP001699,IT,Sales,Key Accounts,Senior Leader,Permanent,2020-03-07,2023-12-21,Voluntary,true,HCM_A,2025-12-27,IT,Senior Leader,true,true,true,true,true,true,true,true,true,,1700
ACP001700,IT,Sales,Key Accounts,Individual Contributor,Permanent,2020-06-08,2020-07-01,Voluntary,false,HCM_B,2025-12-28,IT,Individual Contributor,true,true,true,true,true,false,false,true,true,,1701
ACP001701,IE,Supply Chain,Procurement,Senior Leader,Permanent,2020-05-21,2022-10-11,Voluntary,true,HCM_A,2025-12-29,IE,Senior Leader,true,true,true,true,true,true,true,true,true,,1702
ACP001702,GR,Digital,Product,Individual Contributor,Fixed Term,2022-07-08,,,,HCM_A,2025-12-30,GR,Individual Contributor,true,true,true,true,true,false,not_applicable,true,true,,1703
ACP001703,RO,Finance,Controls,Manager,Permanent,2024-02-21,,,,HCM_A,2025-12-31,RO,Manager,true,true,true,true,true,false,not_applicable,true,true,,1704
ACP001704,PL,Supply Chain,Procurement,Senior Leader,Permanent,2021-09-24,,,,HCM_A,2025-12-20,PL,Senior Leader,true,true,true,true,true,true,not_applicable,true,true,,1705
ACP001705,PL,Sales,Commercial Planning,Manager,Fixed Term,2023-01-29,2023-08-23,Involuntary,false,HCM_B,2025-12-21,PL,Manager,true,true,true,true,true,false,false,true,true,,1706
ACP001706,PL,Sales,Commercial Planning,Manager,Fixed Term,2022-04-26,,,,HCM_A,2025-12-22,PL,Manager,true,true,true,true,true,false,not_applicable,true,true,,1707
ACP001707,RO,Sales,Key Accounts,Individual Contributor,Permanent,2020-11-09,,,,HCM_A,2025-12-23,RO,Individual Contributor,true,true,true,true,true,false,not_applicable,true,true,,1708
ACP001708,IE,Supply Chain,Manufacturing,Manager,Fixed Term,2021-02-03,2022-01-15,Voluntary,false,HCM_A,2025-12-24,IE,Manager,true,true,true,true,true,false,false,true,true,,1709
ACP001709,PL,Digital,Software,Manager,Permanent,2021-10-20,2024-05-13,Voluntary,true,HCM_A,2025-12-25,PL,Manager,true,true,true,true,true,false,true,true,true,,1710
ACP001710,GR,Finance,Controls,Senior Leader,Fixed Term,2024-04-18,,,,HCM_B,2025-12-26,GR,Senior Leader,true,true,true,true,true,true,not_applicable,true,true,,1711
ACP001711,BG,Digital,Data,Individual Contributor,Permanent,2024-09-16,2025-12-13,Voluntary,true,HCM_A,2025-12-27,BG,Individual Contributor,true,true,true,true,true,false,true,true,true,,1712
ACP001712,BG,Sales,Field Sales,Individual Contributor,Permanent,2024-08-22,2025-01-12,End of Contract,false,HCM_A,2025-12-28,BG,Individual Contributor,true,true,true,true,true,false,false,true,true,,1713
ACP001713,GR,Sales,Commercial Planning,Manager,Permanent,2024-09-26,,,,HCM_A,2025-12-29,GR,Manager,true,true,true,true,true,false,not_applicable,true,true,,1714
ACP001714,IT,Finance,Controls,Senior Leader,Permanent,2023-11-01,,,,HCM_A,2025-12-30,IT,Senior Leader,true,true,true,true,true,true,not_applicable,true,true,,1715
ACP001715,BG,Digital,Data,Senior Leader,Permanent,2020-05-30,,,,HCM_B,2025-12-31,BG,Senior Leader,true,true,true,true,true,true,not_applicable,true,true,,1716
ACP001716,PL,Finance,Controls,Individual Contributor,Permanent,2022-06-16,,,,HCM_A,2025-12-20,PL,Individual Contributor,true,true,true,true,true,false,not_applicable,true,true,,1717
ACP001717,IT,Finance,Controls,Individual Contributor,Fixed Term,2025-06-14,,,,HCM_A,2025-12-21,IT,Individual Contributor,true,true,true,true,true,false,not_applicable,true,false,,1718
ACP001718,BG,Sales,Field Sales,Manager,Fixed Term,2024-06-08,,,,HCM_A,2025-12-22,BG,Manager,true,true,true,true,true,false,not_applicable,true,true,,1719
ACP001719,IE,Digital,Product,Individual Contributor,Permanent,2020-04-23,,,,HCM_A,2025-12-23,IE,Individual Contributor,true,true,true,true,true,false,not_applicable,true,true,,1720
ACP001720,PL,Sales,Field Sales,Manager,Permanent,2022-10-17,2023-10-15,Voluntary,true,HCM_B,2025-12-24,PL,Manager,true,true,true,true,true,false,true,true,true,,1721
ACP001721,RO,Supply Chain,Logistics,Individual Contributor,Permanent,2022-07-25,,,,HCM_A,2025-12-25,RO,Individual Contributor,true,true,true,true,true,false,not_applicable,true,true,,1722
ACP001722,IT,Finance,FP&A,Individual Contributor,Permanent,2020-03-31,2020-06-22,Voluntary,true,HCM_A,2025-12-26,IT,Individual Contributor,true,true,true,true,true,false,true,true,true,,1723
ACP001723,IE,Digital,Software,Senior Leader,Permanent,2020-06-03,,,,HCM_A,2025-12-27,IE,Senior Leader,true,true,true,true,true,true,not_applicable,true,true,,1724
ACP001724,GR,Digital,Software,Manager,Permanent,2025-10-13,,,,HCM_A,2025-12-28,GR,Manager,true,true,true,true,true,false,not_applicable,false,false,,1725
ACP001725,BG,Digital,Software,Senior Leader,Permanent,2022-12-15,,,,HCM_B,2025-12-29,BG,Senior Leader,true,true,true,true,true,true,not_applicable,true,true,,1726
ACP001726,GR,Digital,Data,Senior Leader,Fixed Term,2021-06-27,2023-05-21,End of Contract,false,HCM_A,2025-12-30,GR,Sr Mgmt,true,true,true,true,true,true,false,true,true,seniority_mapping_assumed,1727
ACP001727,BG,Supply Chain,Procurement,Individual Contributor,Permanent,2024-12-05,2024-12-29,End of Contract,false,HCM_A,2025-12-31,BG,Individual Contributor,true,true,true,true,true,false,false,true,true,,1728
ACP001728,BG,Digital,Product,Manager,Permanent,2020-11-09,2021-07-21,End of Contract,false,HCM_A,2025-12-20,BG,Manager,true,true,true,true,true,false,false,true,true,,1729
ACP001729,PL,Digital,Product,Manager,Fixed Term,2021-11-18,2025-06-25,End of Contract,false,HCM_A,2025-12-21,PL,Manager,true,true,true,true,true,false,false,true,true,,1730
ACP001730,BG,Supply Chain,Manufacturing,Manager,Permanent,2025-02-20,,,,HCM_B,2025-12-22,BG,Manager,true,true,true,true,true,false,not_applicable,true,false,,1731
ACP001731,PL,Digital,Data,Individual Contributor,Permanent,2025-11-13,,,,HCM_A,2025-12-23,PL,Individual Contributor,true,true,true,true,true,false,not_applicable,false,false,,1732
ACP001732,PL,Supply Chain,Logistics,Manager,Permanent,2024-01-31,,,,HCM_A,2025-12-24,PL,Manager,true,true,true,true,true,false,not_applicable,true,true,,1733
ACP001733,RO,Finance,FP&A,Individual Contributor,Permanent,2024-09-17,2025-01-28,Voluntary,true,HCM_A,2025-12-25,ROM,Individual Contributor,true,true,true,true,true,false,true,true,true,country_alias_mapped,1734
ACP001734,PL,Supply Chain,Logistics,Individual Contributor,Permanent,2020-09-13,,,,HCM_A,2025-12-26,PL,Individual Contributor,true,true,true,true,true,false,not_applicable,true,true,,1735
ACP001735,IE,Digital,Data,Individual Contributor,Permanent,2021-03-28,,,,HCM_B,2025-12-27,IE,Individual Contributor,true,true,true,true,true,false,not_applicable,true,true,,1736
ACP001736,PL,Finance,Controls,Individual Contributor,Fixed Term,2025-05-26,,,,HCM_A,2025-12-28,PL,Individual Contributor,true,true,true,true,true,false,not_applicable,true,false,,1737
ACP001737,IE,Digital,Data,Individual Contributor,Fixed Term,2024-04-04,2024-08-08,Voluntary,true,HCM_A,2025-12-29,IE,Individual Contributor,true,true,true,true,true,false,true,true,true,,1738
ACP001738,IT,Digital,Data,Manager,Permanent,2021-07-14,,,,HCM_A,2025-12-30,IT,Manager,true,true,true,true,true,false,not_applicable,true,true,,1739
ACP001739,IE,Digital,Software,Individual Contributor,Permanent,2024-10-13,,,,HCM_A,2025-12-31,IE,Individual Contributor,true,true,true,true,true,false,not_applicable,true,true,,1740
ACP001740,RO,Sales,Commercial Planning,Individual Contributor,Fixed Term,2022-06-11,,,,HCM_B,2025-12-20,RO,Individual Contributor,true,true,true,true,true,false,not_applicable,true,true,,1741
ACP001741,IT,Digital,Product,Manager,Permanent,2021-01-07,,,,HCM_A,2025-12-21,IT,Manager,true,true,true,true,true,false,not_applicable,true,true,,1742
ACP001742,GR,Finance,Accounting,Senior Leader,Permanent,2022-05-28,,,,HCM_A,2025-12-22,GR,Senior Leader,true,true,true,true,true,true,not_applicable,true,true,,1743
ACP001743,GR,Sales,Field Sales,Individual Contributor,Permanent,2022-04-20,,,,HCM_A,2025-12-23,GR,Individual Contributor,true,true,true,true,true,false,not_applicable,true,true,,1744
ACP001744,GR,Finance,Accounting,Individual Contributor,Permanent,2022-09-01,2023-12-08,Involuntary,false,HCM_A,2025-12-24,GR,Individual Contributor,true,true,true,true,true,false,false,true,true,,1745
ACP001745,PL,Supply Chain,Procurement,Manager,Permanent,2023-11-17,,,,HCM_B,2025-12-25,PL,Manager,true,true,true,true,true,false,not_applicable,true,true,,1746
ACP001746,GR,Supply Chain,Manufacturing,Senior Leader,Permanent,2021-07-31,2021-12-29,Voluntary,false,HCM_A,2025-12-26,GR,Senior Leader,true,true,true,true,true,true,false,true,true,,1747
ACP001747,IT,Supply Chain,Procurement,Individual Contributor,Permanent,2022-08-07,,,,HCM_A,2025-12-27,IT,Individual Contributor,true,true,true,true,true,false,not_applicable,true,true,,1748
ACP001748,RO,Supply Chain,Logistics,Individual Contributor,Permanent,2023-02-13,,,,HCM_A,2025-12-28,RO,Individual Contributor,true,true,true,true,true,false,not_applicable,true,true,,1749
ACP001749,PL,Supply Chain,Procurement,Individual Contributor,Fixed Term,2024-10-24,2025-08-20,End of Contract,false,HCM_A,2025-12-29,PL,Individual Contributor,true,true,true,true,true,false,false,true,true,,1750
ACP001750,GR,Supply Chain,Logistics,Manager,Permanent,2023-01-14,,,,HCM_B,2025-12-30,GR,Manager,true,true,true,true,true,false,not_applicable,true,true,,1751
ACP001751,IE,Sales,Field Sales,Individual Contributor,Fixed Term,2022-03-16,,,,HCM_A,2025-12-31,IE,Individual Contributor,true,true,true,true,true,false,not_applicable,true,true,,1752
ACP001752,IT,Digital,Product,Manager,Permanent,2021-09-08,,,,HCM_A,2025-12-20,IT,Manager,true,true,true,true,true,false,not_applicable,true,true,,1753
ACP001753,BG,Finance,Controls,Individual Contributor,Permanent,2020-08-19,,,,HCM_A,2025-12-21,BG,Individual Contributor,true,true,true,true,true,false,not_applicable,true,true,,1754
ACP001754,PL,Finance,FP&A,Individual Contributor,Fixed Term,2023-04-07,2024-03-25,Involuntary,false,HCM_A,2025-12-22,PL,Individual Contributor,true,true,true,true,true,false,false,true,true,,1755
ACP001755,GR,Supply Chain,Logistics,Manager,Fixed Term,2020-11-22,2021-08-26,Voluntary,false,HCM_B,2025-12-23,GR,Manager,true,true,true,true,true,false,false,true,true,,1756
ACP001756,GR,Finance,FP&A,Individual Contributor,Permanent,2022-04-16,2024-08-17,Involuntary,false,HCM_A,2025-12-24,GR,Individual Contributor,true,true,true,true,true,false,false,true,true,,1757
ACP001757,IE,Sales,Commercial Planning,Senior Leader,Permanent,2022-01-29,,,,HCM_A,2025-12-25,IE,Senior Leader,true,true,true,true,true,true,not_applicable,true,true,,1758
ACP001758,IE,Supply Chain,Logistics,Senior Leader,Permanent,2023-04-06,2023-07-13,Voluntary,true,HCM_A,2025-12-26,IE,Senior Leader,true,true,true,true,true,true,true,true,true,,1759
ACP001759,RO,Supply Chain,Procurement,Manager,Permanent,2025-08-08,,,,HCM_A,2025-12-27,RO,Manager,true,true,true,true,true,false,not_applicable,false,false,,1760
ACP001760,RO,Digital,Software,Individual Contributor,Fixed Term,2021-05-27,2025-08-29,Voluntary,false,HCM_B,2025-12-28,RO,Individual Contributor,true,true,true,true,true,false,false,true,true,,1761
ACP001761,RO,Sales,Commercial Planning,Individual Contributor,Permanent,2024-07-30,2024-08-14,Voluntary,false,HCM_A,2025-12-29,RO,Individual Contributor,true,true,true,true,true,false,false,true,true,,1762
ACP001762,RO,Finance,Controls,Individual Contributor,Permanent,2020-03-30,,,,HCM_A,2025-12-30,RO,Individual Contributor,true,true,true,true,true,false,not_applicable,true,true,,1763
ACP001763,IT,Supply Chain,Manufacturing,Senior Leader,Permanent,,,,,HCM_A,2025-12-31,IT,Senior Leader,false,false,false,false,false,true,not_applicable,false,false,missing_hire_date,1764
ACP001764,RO,Digital,Software,Individual Contributor,Permanent,2021-02-22,,,,HCM_A,2025-12-20,RO,Individual Contributor,true,true,true,true,true,false,not_applicable,true,true,,1765
ACP001765,PL,Supply Chain,Procurement,Manager,Permanent,2023-03-09,,,,HCM_B,2025-12-21,PL,Manager,true,true,true,true,true,false,not_applicable,true,true,,1766
ACP001766,BG,Finance,Controls,Manager,Fixed Term,2022-08-22,,,,HCM_A,2025-12-22,BG,Manager,true,true,true,true,true,false,not_applicable,true,true,,1767
ACP001767,IT,Digital,Software,Individual Contributor,Fixed Term,2024-03-01,2025-05-01,Voluntary,true,HCM_A,2025-12-23,IT,Individual Contributor,true,true,true,true,true,false,true,true,true,,1768
ACP001768,BG,Sales,Commercial Planning,Manager,Permanent,2021-08-06,2022-06-08,End of Contract,false,HCM_A,2025-12-24,BG,Manager,true,true,true,true,true,false,false,true,true,,1769
ACP001769,RO,Finance,Controls,Individual Contributor,Permanent,2024-08-17,,,,HCM_A,2025-12-25,RO,Individual Contributor,true,true,true,true,true,false,not_applicable,true,true,,1770
ACP001770,IT,Finance,Controls,Manager,Fixed Term,2025-04-20,,,,HCM_B,2025-12-26,IT,Manager,true,true,true,true,true,false,not_applicable,true,false,,1771
ACP001771,IT,Supply Chain,Procurement,Individual Contributor,Permanent,2024-05-14,,,,HCM_A,2025-12-27,IT,Individual Contributor,true,true,true,true,true,false,not_applicable,true,true,,1772
ACP001772,RO,Sales,Commercial Planning,Manager,Permanent,2025-07-24,2025-08-06,Voluntary,false,HCM_A,2025-12-28,RO,Manager,true,true,true,true,true,false,false,false,false,,1773
ACP001773,RO,Supply Chain,Procurement,Senior Leader,Permanent,2020-08-02,2023-06-21,Involuntary,false,HCM_A,2025-12-29,RO,Senior Leader,true,true,true,true,true,true,false,true,true,,1774
ACP001774,RO,Finance,FP&A,Manager,Permanent,2020-07-28,,,,HCM_A,2025-12-30,RO,Manager,true,true,true,true,true,false,not_applicable,true,true,,1775
ACP001775,BG,Digital,Software,Individual Contributor,Permanent,2020-02-22,,,,HCM_B,2025-12-31,BG,Individual Contributor,true,true,true,true,true,false,not_applicable,true,true,,1776
ACP001776,BG,Sales,Commercial Planning,Individual Contributor,Permanent,2024-12-31,,,,HCM_A,2025-12-20,BG,Individual Contributor,true,true,true,true,true,false,not_applicable,true,true,,1777
ACP001777,BG,Supply Chain,Logistics,Individual Contributor,Permanent,2020-03-12,,,,HCM_A,2025-12-21,BG,Individual Contributor,true,true,true,true,true,false,not_applicable,true,true,,1778
ACP001778,PL,Supply Chain,Procurement,Manager,Permanent,2025-11-09,,,,HCM_A,2025-12-22,PL,Manager,true,true,true,true,true,false,not_applicable,false,false,,1779
ACP001779,PL,Sales,Key Accounts,Individual Contributor,Permanent,2022-03-10,,,,HCM_A,2025-12-23,PL,Individual Contributor,true,true,true,true,true,false,not_applicable,true,true,,1780
ACP001780,RO,Sales,Commercial Planning,Senior Leader,Permanent,2022-01-21,2023-09-05,End of Contract,false,HCM_B,2025-12-24,RO,Senior Leader,true,true,true,true,true,true,false,true,true,,1781
ACP001781,RO,Sales,Commercial Planning,Individual Contributor,Permanent,2022-05-16,2022-05-28,Voluntary,false,HCM_A,2025-12-25,RO,Individual Contributor,true,true,true,true,true,false,false,true,true,,1782
ACP001782,IE,Digital,Data,Individual Contributor,Permanent,2024-06-03,2025-07-22,Voluntary,true,HCM_A,2025-12-26,IE,Individual Contributor,true,true,true,true,true,false,true,true,true,,1783
ACP001783,IT,Supply Chain,Manufacturing,Manager,Permanent,2021-04-25,2023-05-22,Voluntary,false,HCM_A,2025-12-27,IT,Manager,true,true,true,true,true,false,false,true,true,,1784
ACP001784,IT,Sales,Field Sales,Manager,Permanent,2024-09-13,,,,HCM_A,2025-12-28,IT,Manager,true,true,true,true,true,false,not_applicable,true,true,,1785
ACP001785,IT,Sales,Commercial Planning,Manager,Permanent,2020-09-26,,,,HCM_B,2025-12-29,IT,Manager,true,true,true,true,true,false,not_applicable,true,true,,1786
ACP001786,GR,Digital,Software,Manager,Permanent,2024-10-31,,,,HCM_A,2025-12-30,GR,Manager,true,true,true,true,true,false,not_applicable,true,true,,1787
ACP001787,IT,Finance,Controls,Individual Contributor,Permanent,2021-09-18,2025-10-05,End of Contract,false,HCM_A,2025-12-31,IT,Individual Contributor,true,true,true,true,true,false,false,true,true,,1788
ACP001788,IT,Finance,Controls,Individual Contributor,Permanent,2025-07-01,,,,HCM_A,2025-12-20,IT,Individual Contributor,true,true,true,true,true,false,not_applicable,false,false,,1789
ACP001789,RO,Supply Chain,Logistics,Manager,Permanent,2024-10-20,2025-10-27,Voluntary,false,HCM_A,2025-12-21,RO,Manager,true,true,true,true,true,false,false,true,true,,1790
ACP001790,GR,Digital,Product,Manager,Fixed Term,2025-06-12,,,,HCM_B,2025-12-22,GR,Manager,true,true,true,true,true,false,not_applicable,true,false,,1791
ACP001791,PL,Supply Chain,Logistics,Individual Contributor,Permanent,2023-06-01,,,,HCM_A,2025-12-23,PL,Individual Contributor,true,true,true,true,true,false,not_applicable,true,true,,1792
ACP001792,GR,Sales,Key Accounts,Manager,Fixed Term,2023-05-30,,,,HCM_A,2025-12-24,GR,Manager,true,true,true,true,true,false,not_applicable,true,true,,1793
ACP001793,GR,Supply Chain,Procurement,Manager,Permanent,2022-05-20,2023-08-27,Voluntary,false,HCM_A,2025-12-25,GR,Manager,true,true,true,true,true,false,false,true,true,,1794
ACP001794,IE,Sales,Key Accounts,Manager,Permanent,2024-03-20,2025-05-22,Involuntary,false,HCM_A,2025-12-26,IE,Manager,true,true,true,true,true,false,false,true,true,,1795
ACP001795,IE,Digital,Software,Individual Contributor,Permanent,2022-05-27,,,,HCM_B,2025-12-27,IE,Individual Contributor,true,true,true,true,true,false,not_applicable,true,true,,1796
ACP001796,IE,Sales,Field Sales,Individual Contributor,Permanent,2023-12-20,2024-03-01,End of Contract,false,HCM_A,2025-12-28,IE,Individual Contributor,true,true,true,true,true,false,false,true,true,,1797
ACP001797,BG,Supply Chain,Manufacturing,Senior Leader,Permanent,2023-05-28,,,,HCM_A,2025-12-29,BG,Senior Leader,true,true,true,true,true,true,not_applicable,true,true,,1798
ACP001798,GR,Supply Chain,Logistics,Manager,Permanent,2021-03-01,,,,HCM_A,2025-12-30,GR,Manager,true,true,true,true,true,false,not_applicable,true,true,,1799
ACP001799,PL,Supply Chain,Procurement,Manager,Permanent,2021-01-14,2021-03-18,Voluntary,true,HCM_A,2025-12-31,PL,Manager,true,true,true,true,true,false,true,true,true,,1800
ACP001800,IE,Sales,Key Accounts,Individual Contributor,Permanent,2020-06-26,,,,HCM_B,2025-12-20,IE,Individual Contributor,true,true,true,true,true,false,not_applicable,true,true,,1801
ACP001801,IT,Digital,Software,Individual Contributor,Permanent,2022-07-06,,,,HCM_A,2025-12-21,IT,Individual Contributor,true,true,true,true,true,false,not_applicable,true,true,,1802
ACP001802,BG,Digital,Data,Individual Contributor,Permanent,2021-05-07,2021-10-03,Voluntary,false,HCM_A,2025-12-22,BG,Individual Contributor,true,true,true,true,true,false,false,true,true,,1803
ACP001803,IT,Sales,Field Sales,Individual Contributor,Permanent,2022-12-02,2023-01-07,Voluntary,false,HCM_A,2025-12-23,IT,Individual Contributor,true,true,true,true,true,false,false,true,true,,1804
ACP001804,IE,Sales,Key Accounts,Manager,Fixed Term,2024-05-20,2024-11-14,Voluntary,true,HCM_A,2025-12-24,IE,Manager,true,true,true,true,true,false,true,true,true,,1805
ACP001805,RO,Finance,FP&A,Senior Leader,Permanent,2022-03-12,2022-04-29,Voluntary,false,HCM_B,2025-12-25,RO,Senior Leader,true,true,true,true,true,true,false,true,true,,1806
ACP001806,IE,Sales,Field Sales,Manager,Fixed Term,2023-07-28,,,,HCM_A,2025-12-26,IE,Manager,true,true,true,true,true,false,not_applicable,true,true,,1807
ACP001807,IT,Supply Chain,Logistics,Individual Contributor,Permanent,2023-11-15,,,,HCM_A,2025-12-27,IT,Individual Contributor,true,true,true,true,true,false,not_applicable,true,true,,1808
ACP001808,GR,Digital,Product,Senior Leader,Permanent,2022-07-08,,,,HCM_A,2025-12-28,GR,Senior Leader,true,true,true,true,true,true,not_applicable,true,true,,1809
ACP001809,IE,Digital,Software,Manager,Permanent,2024-01-13,,,,HCM_A,2025-12-29,IE,Manager,true,true,true,true,true,false,not_applicable,true,true,,1810
ACP001810,BG,Supply Chain,Procurement,Individual Contributor,Fixed Term,2023-02-25,2023-01-22,Voluntary,true,HCM_B,2025-12-30,BG,Individual Contributor,false,false,false,false,false,false,true,false,false,termination_before_hire,1811
ACP001811,GR,Sales,Field Sales,Individual Contributor,Permanent,2020-04-23,,,,HCM_A,2025-12-31,GR,Individual Contributor,true,true,true,true,true,false,not_applicable,true,true,,1812
ACP001812,IT,Digital,Data,Senior Leader,Fixed Term,2021-09-11,2022-08-25,End of Contract,false,HCM_A,2025-12-20,IT,Senior Leader,true,true,true,true,true,true,false,true,true,,1813
ACP001813,PL,Digital,Data,Individual Contributor,Permanent,2022-08-14,,,,HCM_A,2025-12-21,PL,Individual Contributor,true,true,true,true,true,false,not_applicable,true,true,,1814
ACP001814,IT,Finance,FP&A,Manager,Fixed Term,2023-12-25,,,,HCM_A,2025-12-22,IT,Manager,true,true,true,true,true,false,not_applicable,true,true,,1815
ACP001815,GR,Finance,Accounting,Individual Contributor,Permanent,2021-07-31,,,,HCM_B,2025-12-23,GR,Individual Contributor,true,true,true,true,true,false,not_applicable,true,true,,1816
ACP001816,BG,Digital,Product,Individual Contributor,Permanent,2025-04-12,,,,HCM_A,2025-12-24,BG,Individual Contributor,true,true,true,true,true,false,not_applicable,true,false,,1817
ACP001817,BG,Finance,Accounting,Individual Contributor,Permanent,2021-03-07,,,,HCM_A,2025-12-25,BG,Individual Contributor,true,true,true,true,true,false,not_applicable,true,true,,1818
ACP001818,IT,Finance,Accounting,Individual Contributor,Permanent,2024-10-14,2025-04-12,Involuntary,false,HCM_A,2025-12-26,IT,Individual Contributor,true,true,true,true,true,false,false,true,true,,1819
ACP001819,IT,Finance,FP&A,Manager,Fixed Term,2022-10-28,2023-03-16,Voluntary,false,HCM_A,2025-12-27,IT,Manager,true,true,true,true,true,false,false,true,true,,1820
ACP001820,PL,Supply Chain,Procurement,Individual Contributor,Permanent,2021-05-01,,,,HCM_B,2025-12-28,PL,Individual Contributor,true,true,true,true,true,false,not_applicable,true,true,,1821
ACP001821,PL,Supply Chain,Logistics,Manager,Permanent,2021-10-28,,,,HCM_A,2025-12-29,PL,Manager,true,true,true,true,true,false,not_applicable,true,true,,1822
ACP001822,RO,Finance,FP&A,Individual Contributor,Fixed Term,2021-05-02,,,,HCM_A,2025-12-30,RO,Individual Contributor,true,true,true,true,true,false,not_applicable,true,true,,1823
ACP001823,PL,Sales,Key Accounts,Individual Contributor,Permanent,2022-04-08,,,,HCM_A,2025-12-31,PL,Individual Contributor,true,true,true,true,true,false,not_applicable,true,true,,1824
ACP001824,GR,Finance,Accounting,Manager,Permanent,2021-12-01,,,,HCM_A,2025-12-20,GR,Manager,true,true,true,true,true,false,not_applicable,true,true,,1825
ACP001825,BG,Finance,Controls,Manager,Permanent,2024-08-09,,,,HCM_B,2025-12-21,BG,Manager,true,true,true,true,true,false,not_applicable,true,true,,1826
ACP001826,PL,Supply Chain,Logistics,Individual Contributor,Permanent,2021-01-30,2025-11-13,Voluntary,true,HCM_A,2025-12-22,PL,Individual Contributor,true,true,true,true,true,false,true,true,true,,1827
ACP001827,PL,Supply Chain,Procurement,Individual Contributor,Permanent,2024-08-15,,,,HCM_A,2025-12-23,PL,Individual Contributor,true,true,true,true,true,false,not_applicable,true,true,,1828
ACP001828,PL,Supply Chain,Logistics,Individual Contributor,Fixed Term,2021-11-27,2023-03-19,End of Contract,false,HCM_A,2025-12-24,PL,Individual Contributor,true,true,true,true,true,false,false,true,true,,1829
ACP001829,RO,Finance,FP&A,Manager,Fixed Term,2024-11-23,2025-12-06,Voluntary,false,HCM_A,2025-12-25,RO,Manager,true,true,true,true,true,false,false,true,true,,1830
ACP001830,IE,Digital,Software,Manager,Permanent,2021-10-09,,,,HCM_B,2025-12-26,IE,Manager,true,true,true,true,true,false,not_applicable,true,true,,1831
ACP001831,IE,Sales,Key Accounts,Individual Contributor,Permanent,2024-11-09,2025-12-19,Voluntary,false,HCM_A,2025-12-27,IE,Individual Contributor,true,true,true,true,true,false,false,true,true,,1832
ACP001832,IT,Sales,Key Accounts,Individual Contributor,Permanent,2022-12-14,2025-07-22,Voluntary,true,HCM_A,2025-12-28,IT,Individual Contributor,true,true,true,true,true,false,true,true,true,,1833
ACP001833,BG,Digital,Product,Individual Contributor,Fixed Term,2025-07-28,,,,HCM_A,2025-12-29,BG,Individual Contributor,true,true,true,true,true,false,not_applicable,false,false,,1834
ACP001834,IT,Digital,Data,Individual Contributor,Fixed Term,2020-07-08,2021-02-13,Voluntary,true,HCM_A,2025-12-30,IT,Individual Contributor,true,true,true,true,true,false,true,true,true,,1835
ACP001835,PL,Sales,Field Sales,Individual Contributor,Permanent,2022-05-28,,,,HCM_B,2025-12-31,PL,Individual Contributor,true,true,true,true,true,false,not_applicable,true,true,,1836
ACP001836,PL,Digital,Software,Individual Contributor,Permanent,2023-10-21,,,,HCM_A,2025-12-20,PL,Individual Contributor,true,true,true,true,true,false,not_applicable,true,true,,1837
ACP001837,IT,Finance,Accounting,Manager,Fixed Term,2022-04-09,,,,HCM_A,2025-12-21,IT,Manager,true,true,true,true,true,false,not_applicable,true,true,,1838
ACP001838,RO,Supply Chain,Procurement,Manager,Permanent,2024-03-15,,,,HCM_A,2025-12-22,RO,Manager,true,true,true,true,true,false,not_applicable,true,true,,1839
ACP001839,PL,Supply Chain,Logistics,Senior Leader,Permanent,2021-10-19,,,,HCM_A,2025-12-23,PL,Senior Leader,true,true,true,true,true,true,not_applicable,true,true,,1840
ACP001840,BG,Finance,Accounting,Individual Contributor,Permanent,2021-04-25,,,,HCM_B,2025-12-24,BG,Individual Contributor,true,true,true,true,true,false,not_applicable,true,true,,1841
ACP001841,IE,Digital,Data,Senior Leader,Permanent,2021-09-22,,,,HCM_A,2025-12-25,IE,Senior Leader,true,true,true,true,true,true,not_applicable,true,true,,1842
ACP001842,IE,Supply Chain,Procurement,Individual Contributor,Fixed Term,2021-11-22,,,,HCM_A,2025-12-26,IE,Individual Contributor,true,true,true,true,true,false,not_applicable,true,true,,1843
ACP001843,RO,Finance,FP&A,Manager,Permanent,2023-02-17,2024-05-12,Voluntary,false,HCM_A,2025-12-27,RO,Manager,true,true,true,true,true,false,false,true,true,,1844
ACP001844,IT,Digital,Product,Individual Contributor,Permanent,2021-05-24,,,,HCM_A,2025-12-28,IT,Individual Contributor,true,true,true,true,true,false,not_applicable,true,true,,1845
ACP001845,RO,Digital,Data,Individual Contributor,Permanent,2020-09-18,,,,HCM_B,2025-12-29,RO,Individual Contributor,true,true,true,true,true,false,not_applicable,true,true,,1846
ACP001846,IT,Digital,Product,Individual Contributor,Fixed Term,2025-06-18,,,,HCM_A,2025-12-30,IT,Individual Contributor,true,true,true,true,true,false,not_applicable,true,false,,1847
ACP001847,BG,Digital,Product,Individual Contributor,Permanent,2021-09-24,2023-08-24,Involuntary,false,HCM_A,2025-12-31,BG,Individual Contributor,true,true,true,true,true,false,false,true,true,,1848
ACP001848,RO,Digital,Product,Senior Leader,Permanent,2023-07-31,,,,HCM_A,2025-12-20,RO,Senior Leader,true,true,true,true,true,true,not_applicable,true,true,,1849
ACP001849,PL,Supply Chain,Logistics,Manager,Permanent,2021-07-22,2022-04-16,Voluntary,false,HCM_A,2025-12-21,PL,Manager,true,true,true,true,true,false,false,true,true,,1850
ACP001850,PL,Supply Chain,Logistics,Individual Contributor,Fixed Term,2022-10-26,,,,HCM_B,2025-12-22,PL,Individual Contributor,true,true,true,true,true,false,not_applicable,true,true,,1851
ACP001851,GR,Digital,Data,Senior Leader,Permanent,2024-03-26,,,,HCM_A,2025-12-23,GR,Senior Leader,true,true,true,true,true,true,not_applicable,true,true,,1852
ACP001852,GR,Digital,Product,Manager,Fixed Term,2022-10-09,2022-12-26,Voluntary,false,HCM_A,2025-12-24,GR,Manager,true,true,true,true,true,false,false,true,true,,1853
ACP001853,IT,Supply Chain,Procurement,Individual Contributor,Fixed Term,2021-09-19,2022-07-25,Voluntary,false,HCM_A,2025-12-25,IT,Individual Contributor,true,true,true,true,true,false,false,true,true,,1854
ACP001854,RO,Supply Chain,Procurement,Manager,Fixed Term,2020-05-17,,,,HCM_A,2025-12-26,RO,Manager,true,true,true,true,true,false,not_applicable,true,true,,1855
ACP001855,IT,Digital,Product,Individual Contributor,Fixed Term,2024-05-30,2025-07-02,End of Contract,false,HCM_B,2025-12-27,IT,Individual Contributor,true,true,true,true,true,false,false,true,true,,1856
ACP001856,,Finance,Accounting,Manager,Permanent,2025-10-11,,,,HCM_A,2025-12-28,,Manager,true,true,true,true,false,false,not_applicable,false,false,missing_or_unknown_country,1857
ACP001857,IT,Supply Chain,Procurement,Manager,Permanent,2021-01-18,,,,HCM_A,2025-12-29,IT,Manager,true,true,true,true,true,false,not_applicable,true,true,,1858
ACP001858,PL,Finance,Controls,Individual Contributor,Permanent,2025-02-08,,,,HCM_A,2025-12-30,PL,Individual Contributor,true,true,true,true,true,false,not_applicable,true,false,,1859
ACP001859,RO,Digital,Product,Manager,Permanent,2025-11-29,,,,HCM_A,2025-12-31,RO,Manager,true,true,true,true,true,false,not_applicable,false,false,,1860
ACP001860,BG,Finance,Accounting,Individual Contributor,Permanent,2025-11-12,2025-12-22,Voluntary,false,HCM_B,2025-12-20,BG,Individual Contributor,true,true,true,true,true,false,false,false,false,,1861
ACP001861,GR,Digital,Data,Individual Contributor,Permanent,2021-05-29,,,,HCM_A,2025-12-21,GR,Individual Contributor,true,true,true,true,true,false,not_applicable,true,true,,1862
ACP001862,BG,Supply Chain,Manufacturing,Manager,Permanent,2024-01-09,2024-08-09,Involuntary,false,HCM_A,2025-12-22,BG,Manager,true,true,true,true,true,false,false,true,true,,1863
ACP001863,IT,Finance,Controls,Manager,Permanent,2023-08-26,2024-05-16,Voluntary,true,HCM_A,2025-12-23,IT,Manager,true,true,true,true,true,false,true,true,true,,1864
ACP001864,PL,Finance,Accounting,Manager,Permanent,2021-04-01,2021-07-28,Voluntary,false,HCM_A,2025-12-24,PL,Manager,true,true,true,true,true,false,false,true,true,,1865
ACP001865,GR,Digital,Software,Manager,Permanent,2022-08-05,,,,HCM_B,2025-12-25,GR,Manager,true,true,true,true,true,false,not_applicable,true,true,,1866
ACP001866,IT,Digital,Product,Individual Contributor,Permanent,2020-10-25,2021-09-25,Voluntary,true,HCM_A,2025-12-26,IT,Individual Contributor,true,true,true,true,true,false,true,true,true,,1867
ACP001867,BG,Supply Chain,Logistics,Manager,Permanent,2024-05-09,,,,HCM_A,2025-12-27,BG,Manager,true,true,true,true,true,false,not_applicable,true,true,,1868
ACP001868,BG,Finance,FP&A,Manager,Permanent,2022-12-01,,,,HCM_A,2025-12-28,BG,Manager,true,true,true,true,true,false,not_applicable,true,true,,1869
ACP001869,IT,Finance,Accounting,Manager,Permanent,2020-10-05,2021-01-03,,,HCM_A,2025-12-29,IT,Manager,true,true,true,true,true,false,unknown,true,true,termination_type_unknown|regretted_classification_unknown,1870
ACP001870,IT,Digital,Software,Individual Contributor,Permanent,2025-09-08,,,,HCM_B,2025-12-30,IT,Individual Contributor,true,true,true,true,true,false,not_applicable,false,false,,1871
ACP001871,IE,Digital,Product,Manager,Permanent,2025-08-27,,,,HCM_A,2025-12-31,IE,Manager,true,true,true,true,true,false,not_applicable,false,false,,1872
ACP001872,PL,Sales,Commercial Planning,Manager,Fixed Term,2020-04-30,,,,HCM_A,2025-12-20,PL,Manager,true,true,true,true,true,false,not_applicable,true,true,,1873
ACP001873,PL,Supply Chain,Logistics,Individual Contributor,Fixed Term,2022-04-12,2025-06-04,Voluntary,false,HCM_A,2025-12-21,PL,Individual Contributor,true,true,true,true,true,false,false,true,true,,1874
ACP001874,GR,Digital,Software,Individual Contributor,Permanent,2024-12-29,2025-12-29,Voluntary,true,HCM_A,2025-12-22,GR,Individual Contributor,true,true,true,true,true,false,true,true,true,,1875
ACP001875,BG,Finance,Controls,Individual Contributor,Permanent,2024-02-16,,,,HCM_B,2025-12-23,BG,Individual Contributor,true,true,true,true,true,false,not_applicable,true,true,,1876
ACP001876,IT,Digital,Product,Individual Contributor,Permanent,2022-02-26,,,,HCM_A,2025-12-24,IT,Individual Contributor,true,true,true,true,true,false,not_applicable,true,true,,1877
ACP001877,GR,Digital,Product,Individual Contributor,Permanent,2020-05-28,,,,HCM_A,2025-12-25,GR,Individual Contributor,true,true,true,true,true,false,not_applicable,true,true,,1878
ACP001878,GR,Finance,Accounting,Manager,Permanent,2021-08-31,,,,HCM_A,2025-12-26,GR,Manager,true,true,true,true,true,false,not_applicable,true,true,,1879
ACP001879,PL,Supply Chain,Manufacturing,Manager,Permanent,2020-08-09,,,,HCM_A,2025-12-27,PL,Manager,true,true,true,true,true,false,not_applicable,true,true,,1880
ACP001880,RO,Sales,Field Sales,Manager,Permanent,2025-06-14,,,,HCM_B,2025-12-28,RO,Manager,true,true,true,true,true,false,not_applicable,true,false,,1881
ACP001881,RO,Finance,Controls,Individual Contributor,Permanent,2022-06-29,2023-02-02,Voluntary,true,HCM_A,2025-12-29,RO,Individual Contributor,true,true,true,true,true,false,true,true,true,,1882
ACP001882,BG,Finance,FP&A,Manager,Permanent,2021-11-19,,,,HCM_A,2025-12-30,BG,Manager,true,true,true,true,true,false,not_applicable,true,true,,1883
ACP001883,IE,Finance,Accounting,Individual Contributor,Fixed Term,2020-10-01,,,,HCM_A,2025-12-31,IE,Individual Contributor,true,true,true,true,true,false,not_applicable,true,true,,1884
ACP001884,RO,Digital,Software,Individual Contributor,Permanent,2024-05-17,,,,HCM_A,2025-12-20,RO,Individual Contributor,true,true,true,true,true,false,not_applicable,true,true,,1885
ACP001885,RO,Finance,Accounting,Manager,Permanent,2024-02-01,,,,HCM_B,2025-12-21,RO,Manager,true,true,true,true,true,false,not_applicable,true,true,,1886
ACP001886,IT,Sales,Field Sales,Manager,Permanent,2024-10-19,,,,HCM_A,2025-12-22,IT,Manager,true,true,true,true,true,false,not_applicable,true,true,,1887
ACP001887,IT,Finance,Accounting,Individual Contributor,Permanent,2024-05-08,,,,HCM_A,2025-12-23,IT,Individual Contributor,true,true,true,true,true,false,not_applicable,true,true,,1888
ACP001888,BG,Supply Chain,Logistics,Manager,Permanent,2025-02-15,,,,HCM_A,2025-12-24,BG,Manager,true,true,true,true,true,false,not_applicable,true,false,,1889
ACP001889,GR,Finance,Controls,Manager,Permanent,2022-11-07,,,,HCM_A,2025-12-25,GR,Manager,true,true,true,true,true,false,not_applicable,true,true,,1890
ACP001890,PL,Supply Chain,Logistics,Senior Leader,Permanent,2024-10-27,,,,HCM_B,2025-12-26,PL,Senior Leader,true,true,true,true,true,true,not_applicable,true,true,,1891
ACP001891,IT,Sales,Commercial Planning,Individual Contributor,Permanent,2022-12-02,,,,HCM_A,2025-12-27,IT,Individual Contributor,true,true,true,true,true,false,not_applicable,true,true,,1892
ACP001892,IT,Supply Chain,Logistics,Individual Contributor,Fixed Term,2023-09-13,2024-08-17,Voluntary,false,HCM_A,2025-12-28,IT,Individual Contributor,true,true,true,true,true,false,false,true,true,,1893
ACP001893,BG,Finance,Accounting,Individual Contributor,Permanent,2023-11-23,,,,HCM_A,2025-12-29,BG,Individual Contributor,true,true,true,true,true,false,not_applicable,true,true,,1894
ACP001894,PL,Finance,FP&A,Senior Leader,Permanent,2020-05-12,2021-01-29,Voluntary,true,HCM_A,2025-12-30,PL,Senior Leader,true,true,true,true,true,true,true,true,true,,1895
ACP001895,IT,Finance,FP&A,Manager,Permanent,2025-10-14,2025-11-05,Voluntary,false,HCM_B,2025-12-31,IT,Manager,true,true,true,true,true,false,false,false,false,,1896
ACP001896,IE,Finance,Controls,Manager,Permanent,2021-11-24,2025-01-13,Voluntary,false,HCM_A,2025-12-20,IE,Manager,true,true,true,true,true,false,false,true,true,,1897
ACP001897,GR,Sales,Field Sales,Manager,Fixed Term,2022-06-30,,,,HCM_A,2025-12-21,GR,Manager,true,true,true,true,true,false,not_applicable,true,true,,1898
ACP001898,PL,Supply Chain,Logistics,Individual Contributor,Permanent,2022-02-21,,,,HCM_A,2025-12-22,PL,Individual Contributor,true,true,true,true,true,false,not_applicable,true,true,,1899
ACP001899,IE,Digital,Product,Individual Contributor,Permanent,2024-11-28,2025-01-05,Voluntary,false,HCM_A,2025-12-23,IE,Individual Contributor,true,true,true,true,true,false,false,true,true,,1900
ACP001900,BG,Finance,FP&A,Manager,Permanent,2021-09-18,,,,HCM_B,2025-12-24,BG,Manager,true,true,true,true,true,false,not_applicable,true,true,,1901
ACP001901,GR,Finance,Controls,Manager,Permanent,2021-07-07,,,,HCM_A,2025-12-25,GR,Manager,true,true,true,true,true,false,not_applicable,true,true,,1902
ACP001902,RO,Finance,FP&A,Individual Contributor,Fixed Term,2021-06-07,2023-11-16,Voluntary,true,HCM_A,2025-12-26,RO,Individual Contributor,true,true,true,true,true,false,true,true,true,,1903
ACP001903,BG,Supply Chain,Logistics,Senior Leader,Permanent,2021-09-18,,,,HCM_A,2025-12-27,BG,Senior Leader,true,true,true,true,true,true,not_applicable,true,true,,1904
ACP001904,BG,Finance,FP&A,Manager,Permanent,2025-08-30,,,,HCM_A,2025-12-28,BG,Manager,true,true,true,true,true,false,not_applicable,false,false,,1905
ACP001905,RO,Supply Chain,Logistics,Individual Contributor,Permanent,2022-01-08,,,,HCM_B,2025-12-29,RO,Individual Contributor,true,true,true,true,true,false,not_applicable,true,true,,1906
ACP001906,GR,Supply Chain,Manufacturing,Senior Leader,Fixed Term,2022-05-08,,,,HCM_A,2025-12-30,GR,Senior Leader,true,true,true,true,true,true,not_applicable,true,true,,1907
ACP001907,IT,Supply Chain,Manufacturing,Individual Contributor,Permanent,2024-08-26,,,,HCM_A,2025-12-31,IT,Individual Contributor,true,true,true,true,true,false,not_applicable,true,true,,1908
ACP001908,RO,Finance,Controls,Individual Contributor,Fixed Term,2021-05-13,2022-10-19,Voluntary,true,HCM_A,2025-12-20,RO,Individual Contributor,true,true,true,true,true,false,true,true,true,,1909
ACP001909,IE,Digital,Software,Individual Contributor,Permanent,2024-10-27,,,,HCM_A,2025-12-21,IE,Individual Contributor,true,true,true,true,true,false,not_applicable,true,true,,1910
ACP001910,RO,Digital,Product,Individual Contributor,Permanent,2024-10-04,2025-01-07,End of Contract,false,HCM_B,2025-12-22,RO,Individual Contributor,true,true,true,true,true,false,false,true,true,,1911
ACP001911,GR,Finance,Accounting,Senior Leader,Fixed Term,2020-07-05,,,,HCM_A,2025-12-23,GR,Senior Leader,true,true,true,true,true,true,not_applicable,true,true,,1912
ACP001912,GR,Digital,Software,Senior Leader,Fixed Term,2021-10-05,2022-01-04,End of Contract,false,HCM_A,2025-12-24,GR,Senior Leader,true,true,true,true,true,true,false,true,true,,1913
ACP001913,IE,Finance,Accounting,Individual Contributor,Permanent,2023-11-05,,,,HCM_A,2025-12-25,IE,Individual Contributor,true,true,true,true,true,false,not_applicable,true,true,,1914
ACP001914,IE,Finance,Accounting,Individual Contributor,Permanent,2023-02-23,2023-12-15,Voluntary,true,HCM_A,2025-12-26,IE,Individual Contributor,true,true,true,true,true,false,true,true,true,,1915
ACP001915,BG,Digital,Product,Manager,Permanent,2025-09-16,,,,HCM_B,2025-12-27,BG,Manager,true,true,true,true,true,false,not_applicable,false,false,,1916
ACP001916,IT,Finance,Accounting,Manager,Permanent,2022-02-16,,,,HCM_A,2025-12-28,IT,Manager,true,true,true,true,true,false,not_applicable,true,true,,1917
ACP001917,IT,Finance,Controls,Individual Contributor,Permanent,2021-03-27,2021-07-21,Voluntary,false,HCM_A,2025-12-29,IT,Individual Contributor,true,true,true,true,true,false,false,true,true,,1918
ACP001918,PL,Finance,FP&A,Individual Contributor,Fixed Term,2024-06-25,2025-08-18,Involuntary,false,HCM_A,2025-12-30,PL,Individual Contributor,true,true,true,true,true,false,false,true,true,,1919
ACP001919,IT,Finance,FP&A,Senior Leader,Permanent,2025-04-17,,,,HCM_A,2025-12-31,IT,Senior Leader,true,true,true,true,true,true,not_applicable,true,false,,1920
ACP001920,GR,Finance,FP&A,Individual Contributor,Permanent,2023-08-03,,,,HCM_B,2025-12-20,GR,Individual Contributor,true,true,true,true,true,false,not_applicable,true,true,,1921
ACP001921,RO,Supply Chain,Procurement,Manager,Fixed Term,2020-11-23,,,,HCM_A,2025-12-21,RO,Manager,true,true,true,true,true,false,not_applicable,true,true,,1922
ACP001922,BG,Sales,Commercial Planning,Senior Leader,Fixed Term,2021-11-09,2022-03-27,Voluntary,true,HCM_A,2025-12-22,BG,Senior Leader,true,true,true,true,true,true,true,true,true,,1923
ACP001923,GR,Sales,Field Sales,Individual Contributor,Permanent,2024-07-04,2024-11-27,End of Contract,false,HCM_A,2025-12-23,GR,Individual Contributor,true,true,true,true,true,false,false,true,true,,1924
ACP001924,IE,Finance,Accounting,Individual Contributor,Fixed Term,2025-03-25,,,,HCM_A,2025-12-24,IE,Individual Contributor,true,true,true,true,true,false,not_applicable,true,false,,1925
ACP001925,IT,Digital,Data,Senior Leader,Permanent,2024-04-27,,,,HCM_B,2025-12-25,IT,Senior Leader,true,true,true,true,true,true,not_applicable,true,true,,1926
ACP001926,RO,Supply Chain,Logistics,Individual Contributor,Permanent,2021-05-03,,,,HCM_A,2025-12-26,RO,Individual Contributor,true,true,true,true,true,false,not_applicable,true,true,,1927
ACP001927,IT,Digital,Software,Senior Leader,Permanent,2022-03-03,,,,HCM_A,2025-12-27,IT,Senior Leader,true,true,true,true,true,true,not_applicable,true,true,,1928
ACP001928,IT,Supply Chain,Manufacturing,Individual Contributor,Permanent,2022-02-03,,,,HCM_A,2025-12-28,IT,Individual Contributor,true,true,true,true,true,false,not_applicable,true,true,,1929
ACP001929,PL,Supply Chain,Manufacturing,Manager,Permanent,2020-03-06,2020-11-06,Voluntary,false,HCM_A,2025-12-29,PL,Manager,true,true,true,true,true,false,false,true,true,,1930
ACP001930,BG,Digital,Data,Individual Contributor,Permanent,2020-08-21,2025-06-19,Involuntary,false,HCM_B,2025-12-30,BG,Individual Contributor,true,true,true,true,true,false,false,true,true,,1931
ACP001931,PL,Digital,Data,Individual Contributor,Permanent,2020-01-31,,,,HCM_A,2025-12-31,PL,Individual Contributor,true,true,true,true,true,false,not_applicable,true,true,,1932
ACP001932,RO,Digital,Product,Manager,Permanent,2024-09-08,2025-10-06,End of Contract,false,HCM_A,2025-12-20,RO,Manager,true,true,true,true,true,false,false,true,true,,1933
ACP001933,IT,Supply Chain,Manufacturing,Manager,Permanent,2022-10-02,2022-12-10,Voluntary,false,HCM_A,2025-12-21,IT,Manager,true,true,true,true,true,false,false,true,true,,1934
ACP001934,RO,Sales,Field Sales,Senior Leader,Permanent,2024-11-14,2024-12-30,Voluntary,false,HCM_A,2025-12-22,RO,Senior Leader,true,true,true,true,true,true,false,true,true,,1935
ACP001935,IT,Finance,FP&A,Manager,Permanent,2022-09-07,,,,HCM_B,2025-12-23,IT,Manager,true,true,true,true,true,false,not_applicable,true,true,,1936
ACP001936,PL,Digital,Data,Individual Contributor,Permanent,2023-08-22,,,,HCM_A,2025-12-24,PL,Individual Contributor,true,true,true,true,true,false,not_applicable,true,true,,1937
ACP001937,RO,Sales,Commercial Planning,Individual Contributor,Permanent,2022-04-03,,,,HCM_A,2025-12-25,RO,Individual Contributor,true,true,true,true,true,false,not_applicable,true,true,,1938
ACP001938,RO,Sales,Key Accounts,Manager,Permanent,2024-10-14,,,,HCM_A,2025-12-26,RO,Manager,true,true,true,true,true,false,not_applicable,true,true,,1939
ACP001939,RO,Finance,Controls,Individual Contributor,Permanent,2024-06-10,2024-10-06,End of Contract,false,HCM_A,2025-12-27,RO,Individual Contributor,true,true,true,true,true,false,false,true,true,,1940
ACP001940,PL,Finance,Accounting,Senior Leader,Fixed Term,2021-11-23,2022-08-18,End of Contract,false,HCM_B,2025-12-28,PL,Senior Leader,true,true,true,true,true,true,false,true,true,,1941
ACP001941,PL,Sales,Commercial Planning,Manager,Permanent,2021-07-16,2023-03-03,End of Contract,false,HCM_A,2025-12-29,PL,Manager,true,true,true,true,true,false,false,true,true,,1942
ACP001942,IE,Supply Chain,Manufacturing,Manager,Fixed Term,2020-09-27,,,,HCM_A,2025-12-30,IE,Manager,true,true,true,true,true,false,not_applicable,true,true,,1943
ACP001943,PL,Sales,Key Accounts,Individual Contributor,Fixed Term,2023-05-31,2023-08-14,Voluntary,false,HCM_A,2025-12-31,PL,Individual Contributor,true,true,true,true,true,false,false,true,true,,1944
ACP001944,GR,Finance,Controls,Individual Contributor,Permanent,2022-02-15,,,,HCM_A,2025-12-20,GR,Individual Contributor,true,true,true,true,true,false,not_applicable,true,true,,1945
ACP001945,PL,Finance,Controls,Individual Contributor,Permanent,2021-10-10,2025-06-06,Involuntary,false,HCM_B,2025-12-21,PL,Individual Contributor,true,true,true,true,true,false,false,true,true,,1946
ACP001946,BG,Finance,Controls,Manager,Permanent,2022-08-22,,,,HCM_A,2025-12-22,BG,Manager,true,true,true,true,true,false,not_applicable,true,true,,1947
ACP001947,IT,Supply Chain,Manufacturing,Individual Contributor,Permanent,2024-08-05,,,,HCM_A,2025-12-23,IT,Individual Contributor,true,true,true,true,true,false,not_applicable,true,true,,1948
ACP001948,RO,Sales,Key Accounts,Individual Contributor,Permanent,2020-06-27,2021-04-04,Involuntary,false,HCM_A,2025-12-24,RO,Individual Contributor,true,true,true,true,true,false,false,true,true,,1949
ACP001949,GR,Sales,Field Sales,Manager,Permanent,2024-07-20,,,,HCM_A,2025-12-25,GR,Manager,true,true,true,true,true,false,not_applicable,true,true,,1950
ACP001950,IE,Supply Chain,Procurement,Individual Contributor,Permanent,2020-10-23,,,,HCM_B,2025-12-26,IE,Individual Contributor,true,true,true,true,true,false,not_applicable,true,true,,1951
ACP001951,IE,Supply Chain,Logistics,Individual Contributor,Fixed Term,2021-04-01,,,,HCM_A,2025-12-27,IE,Individual Contributor,true,true,true,true,true,false,not_applicable,true,true,,1952
ACP001952,PL,Finance,Accounting,Individual Contributor,Permanent,2020-09-19,,,,HCM_A,2025-12-28,PL,Individual Contributor,true,true,true,true,true,false,not_applicable,true,true,,1953
ACP001953,BG,Sales,Commercial Planning,Individual Contributor,Permanent,2024-07-12,2024-09-23,Involuntary,false,HCM_A,2025-12-29,BG,Individual Contributor,true,true,true,true,true,false,false,true,true,,1954
ACP001954,IE,Digital,Software,Senior Leader,Permanent,2022-04-22,2023-06-23,End of Contract,false,HCM_A,2025-12-30,IE,Senior Leader,true,true,true,true,true,true,false,true,true,,1955
ACP001955,IE,Supply Chain,Procurement,Manager,Permanent,2023-03-25,,,,HCM_B,2025-12-31,IE,Manager,true,true,true,true,true,false,not_applicable,true,true,,1956
ACP001956,BG,Finance,FP&A,Senior Leader,Permanent,2025-05-06,,,,HCM_A,2025-12-20,BG,Senior Leader,true,true,true,true,true,true,not_applicable,true,false,,1957
ACP001957,PL,Supply Chain,Manufacturing,Individual Contributor,Permanent,2022-03-08,2022-09-02,Voluntary,false,HCM_A,2025-12-21,PL,Individual Contributor,true,true,true,true,true,false,false,true,true,,1958
ACP001958,BG,Sales,Key Accounts,Senior Leader,Permanent,2020-10-14,,,,HCM_A,2025-12-22,BG,Sr Mgmt,true,true,true,true,true,true,not_applicable,true,true,seniority_mapping_assumed,1959
ACP001959,RO,Sales,Field Sales,Individual Contributor,Permanent,2025-05-03,2025-10-21,End of Contract,false,HCM_A,2025-12-23,RO,Individual Contributor,true,true,true,true,true,false,false,true,false,,1960
ACP001960,BG,Supply Chain,Logistics,Individual Contributor,Permanent,2021-06-08,2023-01-17,Involuntary,false,HCM_B,2025-12-24,BG,Individual Contributor,true,true,true,true,true,false,false,true,true,,1961
ACP001961,BG,Digital,Product,Individual Contributor,Fixed Term,2022-02-19,,,,HCM_A,2025-12-25,BG,Individual Contributor,true,true,true,true,true,false,not_applicable,true,true,,1962
ACP001962,PL,Sales,Commercial Planning,Individual Contributor,Permanent,2020-01-26,,,,HCM_A,2025-12-26,PL,Individual Contributor,true,true,true,true,true,false,not_applicable,true,true,,1963
ACP001963,IT,Sales,Field Sales,Manager,Permanent,2024-04-11,,,,HCM_A,2025-12-27,IT,Manager,true,true,true,true,true,false,not_applicable,true,true,,1964
ACP001964,GR,Supply Chain,Procurement,Manager,Permanent,2023-08-31,,,,HCM_A,2025-12-28,GR,Manager,true,true,true,true,true,false,not_applicable,true,true,,1965
ACP001965,BG,Supply Chain,Logistics,Senior Leader,Permanent,2024-02-25,2024-05-11,Voluntary,true,HCM_B,2025-12-29,BG,Senior Leader,true,true,true,true,true,true,true,true,true,,1966
ACP001966,RO,Supply Chain,Manufacturing,Manager,Permanent,2023-05-12,,,,HCM_A,2025-12-30,RO,Manager,true,true,true,true,true,false,not_applicable,true,true,,1967
ACP001967,GR,Sales,Field Sales,Individual Contributor,Permanent,2024-06-28,,,,HCM_A,2025-12-31,GR,Individual Contributor,true,true,true,true,true,false,not_applicable,true,true,,1968
ACP001968,BG,Sales,Commercial Planning,Individual Contributor,Permanent,2023-03-18,2025-04-03,Involuntary,false,HCM_A,2025-12-20,BG,Individual Contributor,true,true,true,true,true,false,false,true,true,,1969
ACP001969,GR,Supply Chain,Procurement,Individual Contributor,Permanent,2022-08-14,,,,HCM_A,2025-12-21,GR,Individual Contributor,true,true,true,true,true,false,not_applicable,true,true,,1970
ACP001970,IE,Sales,Key Accounts,Manager,Permanent,2021-01-03,,,,HCM_B,2025-12-22,IE,Manager,true,true,true,true,true,false,not_applicable,true,true,,1971
ACP001971,IE,Finance,Controls,Individual Contributor,Fixed Term,2022-07-05,,,,HCM_A,2025-12-23,IE,Individual Contributor,true,true,true,true,true,false,not_applicable,true,true,,1972
ACP001972,BG,Digital,Product,Individual Contributor,Permanent,2021-11-23,,,,HCM_A,2025-12-24,BG,Individual Contributor,true,true,true,true,true,false,not_applicable,true,true,,1973
ACP001973,GR,Sales,Key Accounts,Individual Contributor,Permanent,2021-07-10,,,,HCM_A,2025-12-25,GR,Individual Contributor,true,true,true,true,true,false,not_applicable,true,true,,1974
ACP001974,GR,Finance,FP&A,Individual Contributor,Fixed Term,2021-09-09,,,,HCM_A,2025-12-26,GR,Individual Contributor,true,true,true,true,true,false,not_applicable,true,true,,1975
ACP001975,GR,Digital,Software,Individual Contributor,Permanent,2022-04-27,,,,HCM_B,2025-12-27,GR,Individual Contributor,true,true,true,true,true,false,not_applicable,true,true,,1976
ACP001976,IE,Digital,Data,Manager,Permanent,2024-07-27,,,,HCM_A,2025-12-28,IE,Manager,true,true,true,true,true,false,not_applicable,true,true,,1977
ACP001977,GR,Digital,Product,Manager,Permanent,2023-02-23,,,,HCM_A,2025-12-29,GR,Manager,true,true,true,true,true,false,not_applicable,true,true,,1978
ACP001978,BG,Sales,Field Sales,Manager,Permanent,2023-05-27,,,,HCM_A,2025-12-30,BG,Manager,true,true,true,true,true,false,not_applicable,true,true,,1979
ACP001979,PL,Sales,Key Accounts,Individual Contributor,Permanent,2022-05-10,,,,HCM_A,2025-12-31,PL,Individual Contributor,true,true,true,true,true,false,not_applicable,true,true,,1980
ACP001980,GR,Finance,FP&A,Manager,Permanent,2024-12-18,2025-10-29,Voluntary,true,HCM_B,2025-12-20,GR,Manager,true,true,true,true,true,false,true,true,true,,1981
ACP001981,GR,Digital,Data,Individual Contributor,Permanent,2025-03-16,,,,HCM_A,2025-12-21,GR,Individual Contributor,true,true,true,true,true,false,not_applicable,true,false,,1982
ACP001982,GR,Supply Chain,Manufacturing,Senior Leader,Fixed Term,2022-08-01,,,,HCM_A,2025-12-22,GR,Senior Leader,true,true,true,true,true,true,not_applicable,true,true,,1983
ACP001983,IT,Digital,Software,Manager,Fixed Term,2021-02-23,,,,HCM_A,2025-12-23,IT,Manager,true,true,true,true,true,false,not_applicable,true,true,,1984
ACP001984,IT,Digital,Data,Individual Contributor,Permanent,2020-05-24,,,,HCM_A,2025-12-24,IT,Individual Contributor,true,true,true,true,true,false,not_applicable,true,true,,1985
ACP001985,PL,Digital,Software,Manager,Permanent,2021-12-14,,,,HCM_B,2025-12-25,PL,Manager,true,true,true,true,true,false,not_applicable,true,true,,1986
ACP001986,RO,Finance,Accounting,Individual Contributor,Permanent,2025-01-08,,,,HCM_A,2025-12-26,RO,Individual Contributor,true,true,true,true,true,false,not_applicable,true,false,,1987
ACP001987,IE,Sales,Field Sales,Individual Contributor,Fixed Term,2022-07-26,,,,HCM_A,2025-12-27,IE,Individual Contributor,true,true,true,true,true,false,not_applicable,true,true,,1988
ACP001988,PL,Digital,Data,Manager,Permanent,2025-06-17,,,,HCM_A,2025-12-28,PL,Manager,true,true,true,true,true,false,not_applicable,true,false,,1989
ACP001989,RO,Finance,Accounting,Senior Leader,Permanent,2022-10-13,2023-06-25,Involuntary,false,HCM_A,2025-12-29,RO,Senior Leader,true,true,true,true,true,true,false,true,true,,1990
ACP001990,GR,Supply Chain,Manufacturing,Manager,Fixed Term,2023-01-19,,,,HCM_B,2025-12-30,GR,Manager,true,true,true,true,true,false,not_applicable,true,true,,1991
ACP001991,PL,Supply Chain,Procurement,Senior Leader,Permanent,2023-03-08,2023-05-04,Voluntary,true,HCM_A,2025-12-31,PL,Senior Leader,true,true,true,true,true,true,true,true,true,,1992
ACP001992,GR,Digital,Software,Individual Contributor,Permanent,2024-09-03,,,,HCM_A,2025-12-20,GR,Individual Contributor,true,true,true,true,true,false,not_applicable,true,true,,1993
ACP001993,BG,Supply Chain,Manufacturing,Individual Contributor,Fixed Term,2020-06-12,,,,HCM_A,2025-12-21,BG,Individual Contributor,true,true,true,true,true,false,not_applicable,true,true,,1994
ACP001994,IE,Supply Chain,Procurement,Senior Leader,Permanent,2020-07-31,,,,HCM_A,2025-12-22,IE,Senior Leader,true,true,true,true,true,true,not_applicable,true,true,,1995
ACP001995,BG,Digital,Data,Individual Contributor,Permanent,2024-06-17,,,,HCM_B,2025-12-23,BG,Individual Contributor,true,true,true,true,true,false,not_applicable,true,true,,1996
ACP001996,BG,Sales,Field Sales,Manager,Permanent,2020-10-29,2020-12-29,Voluntary,true,HCM_A,2025-12-24,BG,Manager,true,true,true,true,true,false,true,true,true,,1997
ACP001997,GR,Finance,Accounting,Individual Contributor,Permanent,2020-10-30,,,,HCM_A,2025-12-25,GR,Individual Contributor,true,true,true,true,true,false,not_applicable,true,true,,1998
ACP001998,IE,Digital,Data,Manager,Permanent,2025-10-05,,,,HCM_A,2025-12-26,IE,Manager,true,true,true,true,true,false,not_applicable,false,false,,1999
ACP001999,PL,Finance,FP&A,Individual Contributor,Permanent,2022-10-06,,,,HCM_A,2025-12-27,PL,Individual Contributor,true,true,true,true,true,false,not_applicable,true,true,,2000
ACP002000,IE,Finance,FP&A,Manager,Permanent,2024-12-09,,,,HCM_B,2025-12-28,IE,Manager,true,true,true,true,true,false,not_applicable,true,true,,2001
ACP002001,GR,Finance,Accounting,Individual Contributor,Permanent,2025-03-02,,,,HCM_A,2025-12-29,GR,Individual Contributor,true,true,true,true,true,false,not_applicable,true,false,,2002
ACP002002,IE,Digital,Product,Individual Contributor,Permanent,2025-07-22,,,,HCM_A,2025-12-30,IE,Individual Contributor,true,true,true,true,true,false,not_applicable,false,false,,2003
ACP002003,IE,Digital,Software,Individual Contributor,Permanent,2023-12-28,,,,HCM_A,2025-12-31,IE,Individual Contributor,true,true,true,true,true,false,not_applicable,true,true,,2004
ACP002004,GR,Digital,Product,Individual Contributor,Permanent,2021-06-30,,,,HCM_A,2025-12-20,GR,Individual Contributor,true,true,true,true,true,false,not_applicable,true,true,,2005
ACP002005,PL,Finance,Accounting,Manager,Permanent,2022-05-17,2022-07-01,Voluntary,false,HCM_B,2025-12-21,PL,Manager,true,true,true,true,true,false,false,true,true,,2006
ACP002006,IE,Digital,Data,Manager,Permanent,2024-12-18,,,,HCM_A,2025-12-22,IE,Manager,true,true,true,true,true,false,not_applicable,true,true,,2007
ACP002007,IT,Sales,Key Accounts,Individual Contributor,Fixed Term,2023-05-29,2024-10-16,Voluntary,true,HCM_A,2025-12-23,IT,Individual Contributor,true,true,true,true,true,false,true,true,true,,2008
ACP002008,IE,Sales,Field Sales,Manager,Permanent,2021-06-10,2025-04-09,Voluntary,false,HCM_A,2025-12-24,IE,Manager,true,true,true,true,true,false,false,true,true,,2009
ACP002009,PL,Supply Chain,Logistics,Manager,Permanent,2022-05-03,,,,HCM_A,2025-12-25,PL,Manager,true,true,true,true,true,false,not_applicable,true,true,,2010
ACP002010,GR,Sales,Commercial Planning,Manager,Permanent,2020-01-23,,,,HCM_B,2025-12-26,GR,Manager,true,true,true,true,true,false,not_applicable,true,true,,2011
ACP002011,IT,Supply Chain,Logistics,Individual Contributor,Fixed Term,2024-02-23,,,,HCM_A,2025-12-27,IT,Individual Contributor,true,true,true,true,true,false,not_applicable,true,true,,2012
ACP002012,IT,Digital,Product,Individual Contributor,Permanent,2020-04-23,2021-10-17,Voluntary,false,HCM_A,2025-12-28,IT,Individual Contributor,true,true,true,true,true,false,false,true,true,,2013
ACP002013,PL,Digital,Data,Manager,Fixed Term,2020-08-31,,,,HCM_A,2025-12-29,PL,Manager,true,true,true,true,true,false,not_applicable,true,true,,2014
ACP002014,IT,Finance,Accounting,Individual Contributor,Permanent,2025-02-16,,,,HCM_A,2025-12-30,IT,Individual Contributor,true,true,true,true,true,false,not_applicable,true,false,,2015
ACP002015,BG,Digital,Data,Senior Leader,Permanent,2020-11-12,,,,HCM_B,2025-12-31,BG,Senior Leader,true,true,true,true,true,true,not_applicable,true,true,,2016
ACP002016,IT,Supply Chain,Manufacturing,Manager,Permanent,2023-06-02,2023-10-23,Voluntary,false,HCM_A,2025-12-20,IT,Manager,true,true,true,true,true,false,false,true,true,,2017
ACP002017,PL,Finance,FP&A,Senior Leader,Permanent,2020-07-25,,,,HCM_A,2025-12-21,PL,Senior Leader,true,true,true,true,true,true,not_applicable,true,true,,2018
ACP002018,PL,Supply Chain,Manufacturing,Individual Contributor,Permanent,2021-04-05,,,,HCM_A,2025-12-22,PL,Individual Contributor,true,true,true,true,true,false,not_applicable,true,true,,2019
ACP002019,GR,Digital,Data,Manager,Fixed Term,2024-09-06,,,,HCM_A,2025-12-23,GR,Manager,true,true,true,true,true,false,not_applicable,true,true,,2020
ACP002020,BG,Supply Chain,Manufacturing,Individual Contributor,Permanent,2024-05-18,2024-11-24,Voluntary,false,HCM_B,2025-12-24,BG,Individual Contributor,true,true,true,true,true,false,false,true,true,,2021
ACP002021,BG,Digital,Product,Individual Contributor,Permanent,2022-09-28,,,,HCM_A,2025-12-25,BG,Individual Contributor,true,true,true,true,true,false,not_applicable,true,true,,2022
ACP002022,IT,Supply Chain,Procurement,Individual Contributor,Permanent,2024-02-13,,,,HCM_A,2025-12-26,IT,Individual Contributor,true,true,true,true,true,false,not_applicable,true,true,,2023
ACP002023,PL,Sales,Key Accounts,Individual Contributor,Permanent,2025-02-08,,,,HCM_A,2025-12-27,PL,Individual Contributor,true,true,true,true,true,false,not_applicable,true,false,,2024
ACP002024,BG,Finance,FP&A,Individual Contributor,Permanent,2025-07-03,,,,HCM_A,2025-12-28,BG,Individual Contributor,true,true,true,true,true,false,not_applicable,false,false,,2025
ACP002025,RO,Digital,Data,Senior Leader,Fixed Term,2021-11-04,2025-10-30,End of Contract,false,HCM_B,2025-12-29,RO,Senior Leader,true,true,true,true,true,true,false,true,true,,2026
ACP002026,IT,Finance,FP&A,Individual Contributor,Permanent,2021-01-25,,,,HCM_A,2025-12-30,IT,Individual Contributor,true,true,true,true,true,false,not_applicable,true,true,,2027
ACP002027,IT,Supply Chain,Logistics,Individual Contributor,Permanent,2024-02-17,,,,HCM_A,2025-12-31,IT,Individual Contributor,true,true,true,true,true,false,not_applicable,true,true,,2028
ACP002028,IE,Sales,Key Accounts,Manager,Permanent,2022-01-04,,,,HCM_A,2025-12-20,IE,Manager,true,true,true,true,true,false,not_applicable,true,true,,2029
ACP002029,GR,Finance,Controls,Individual Contributor,Permanent,2024-12-26,,,,HCM_A,2025-12-21,GR,Individual Contributor,true,true,true,true,true,false,not_applicable,true,true,,2030
ACP002030,BG,Finance,Controls,Individual Contributor,Fixed Term,2025-09-08,,,,HCM_B,2025-12-22,BG,Individual Contributor,true,true,true,true,true,false,not_applicable,false,false,,2031
ACP002031,GR,Finance,Accounting,Individual Contributor,Permanent,2021-11-30,,,,HCM_A,2025-12-23,GR,Individual Contributor,true,true,true,true,true,false,not_applicable,true,true,,2032
ACP002032,PL,Digital,Product,Individual Contributor,Permanent,2025-08-19,,,,HCM_A,2025-12-24,PL,Individual Contributor,true,true,true,true,true,false,not_applicable,false,false,,2033
ACP002033,BG,Sales,Field Sales,Individual Contributor,Fixed Term,2023-09-18,2025-06-19,Voluntary,true,HCM_A,2025-12-25,BG,Individual Contributor,true,true,true,true,true,false,true,true,true,,2034
ACP002034,BG,Finance,Accounting,Manager,Permanent,2025-02-13,,,,HCM_A,2025-12-26,BG,Manager,true,true,true,true,true,false,not_applicable,true,false,,2035
ACP002035,RO,Supply Chain,Logistics,Manager,Permanent,2021-07-27,,,,HCM_B,2025-12-27,RO,Manager,true,true,true,true,true,false,not_applicable,true,true,,2036
ACP002036,IE,Supply Chain,Manufacturing,Manager,Permanent,2020-10-09,,,,HCM_A,2025-12-28,IE,Manager,true,true,true,true,true,false,not_applicable,true,true,,2037
ACP002037,RO,Sales,Key Accounts,Senior Leader,Permanent,2021-08-26,,,,HCM_A,2025-12-29,RO,Senior Leader,true,true,true,true,true,true,not_applicable,true,true,,2038
ACP002038,BG,Digital,Software,Individual Contributor,Permanent,2023-03-30,2024-12-22,Involuntary,false,HCM_A,2025-12-30,BG,Individual Contributor,true,true,true,true,true,false,false,true,true,,2039
ACP002039,IT,Digital,Data,Senior Leader,Permanent,2021-10-08,,,,HCM_A,2025-12-31,IT,Senior Leader,true,true,true,true,true,true,not_applicable,true,true,,2040
ACP002040,BG,Digital,Data,Individual Contributor,Permanent,2021-08-08,,,,HCM_B,2025-12-20,BG,Individual Contributor,true,true,true,true,true,false,not_applicable,true,true,,2041
ACP002041,RO,Sales,Commercial Planning,Individual Contributor,Permanent,2023-02-16,2023-07-27,Voluntary,true,HCM_A,2025-12-21,RO,Individual Contributor,true,true,true,true,true,false,true,true,true,,2042
ACP002042,RO,Digital,Data,Individual Contributor,Permanent,2025-11-03,,,,HCM_A,2025-12-22,RO,Individual Contributor,true,true,true,true,true,false,not_applicable,false,false,,2043
ACP002043,GR,Sales,Field Sales,Senior Leader,Permanent,2021-10-04,,,,HCM_A,2025-12-23,GR,Senior Leader,true,true,true,true,true,true,not_applicable,true,true,,2044
ACP002044,GR,Sales,Commercial Planning,Manager,Permanent,2020-09-09,,,,HCM_A,2025-12-24,GR,Manager,true,true,true,true,true,false,not_applicable,true,true,,2045
ACP002045,BG,Finance,FP&A,Individual Contributor,Permanent,2020-09-18,2021-03-23,Involuntary,false,HCM_B,2025-12-25,BG,Individual Contributor,true,true,true,true,true,false,false,true,true,,2046
ACP002046,IE,Sales,Key Accounts,Senior Leader,Permanent,2024-08-15,2025-11-28,Voluntary,true,HCM_A,2025-12-26,IE,Senior Leader,true,true,true,true,true,true,true,true,true,,2047
ACP002047,IE,Sales,Key Accounts,Individual Contributor,Permanent,2022-01-08,2024-08-08,,false,HCM_A,2025-12-27,IE,Individual Contributor,true,true,true,true,true,false,false,true,true,termination_type_unknown,2048
ACP002048,IT,Finance,Controls,Individual Contributor,Permanent,2022-08-14,,,,HCM_A,2025-12-28,IT,Individual Contributor,true,true,true,true,true,false,not_applicable,true,true,,2049
ACP002049,IT,Sales,Commercial Planning,Individual Contributor,Permanent,2021-08-10,2022-01-03,End of Contract,false,HCM_A,2025-12-29,IT,Individual Contributor,true,true,true,true,true,false,false,true,true,,2050
ACP002050,RO,Supply Chain,Manufacturing,Individual Contributor,Permanent,2021-05-19,2022-01-18,Voluntary,false,HCM_B,2025-12-30,RO,Individual Contributor,true,true,true,true,true,false,false,true,true,,2051
ACP002051,PL,Digital,Product,Individual Contributor,Fixed Term,2022-06-22,,,,HCM_A,2025-12-31,PL,Individual Contributor,true,true,true,true,true,false,not_applicable,true,true,,2052
ACP002052,BG,Supply Chain,Procurement,Individual Contributor,Permanent,2022-12-12,,,,HCM_A,2025-12-20,BG,Individual Contributor,true,true,true,true,true,false,not_applicable,true,true,,2053
ACP002053,GR,Supply Chain,Logistics,Individual Contributor,Permanent,2021-12-10,2022-05-31,Voluntary,false,HCM_A,2025-12-21,GR,Individual Contributor,true,true,true,true,true,false,false,true,true,,2054
ACP002054,IT,Finance,Controls,Individual Contributor,Permanent,2022-12-30,,,,HCM_A,2025-12-22,IT,Individual Contributor,true,true,true,true,true,false,not_applicable,true,true,,2055
ACP002055,PL,Finance,Controls,Individual Contributor,Permanent,2020-03-01,,,,HCM_B,2025-12-23,PL,Individual Contributor,true,true,true,true,true,false,not_applicable,true,true,,2056
ACP002056,IE,Finance,Accounting,Manager,Permanent,2021-12-01,2022-10-19,Involuntary,false,HCM_A,2025-12-24,IE,Manager,true,true,true,true,true,false,false,true,true,,2057
ACP002057,RO,Finance,FP&A,Individual Contributor,Permanent,2024-10-24,,,,HCM_A,2025-12-25,RO,Individual Contributor,true,true,true,true,true,false,not_applicable,true,true,,2058
ACP002058,PL,Digital,Product,Manager,Fixed Term,2023-05-03,,,,HCM_A,2025-12-26,PL,Manager,true,true,true,true,true,false,not_applicable,true,true,,2059
ACP002059,PL,Sales,Field Sales,Individual Contributor,Permanent,2025-01-27,2025-04-21,Voluntary,false,HCM_A,2025-12-27,PL,Individual Contributor,true,true,true,true,true,false,false,true,false,,2060
ACP002060,GR,Finance,Accounting,Manager,Permanent,2025-08-19,,,,HCM_B,2025-12-28,GR,Manager,true,true,true,true,true,false,not_applicable,false,false,,2061
ACP002061,IE,Sales,Key Accounts,Manager,Fixed Term,2025-05-11,,,,HCM_A,2025-12-29,IE,Manager,true,true,true,true,true,false,not_applicable,true,false,,2062
ACP002062,BG,Digital,Product,Manager,Permanent,2020-05-06,,,,HCM_A,2025-12-30,BG,Manager,true,true,true,true,true,false,not_applicable,true,true,,2063
ACP002063,IE,Finance,Controls,Individual Contributor,Permanent,2020-02-15,2020-04-30,Voluntary,false,HCM_A,2025-12-31,IE,Individual Contributor,true,true,true,true,true,false,false,true,true,,2064
ACP002064,BG,Finance,Accounting,Individual Contributor,Permanent,2024-05-17,,,,HCM_A,2025-12-20,BG,Individual Contributor,true,true,true,true,true,false,not_applicable,true,true,,2065
ACP002065,GR,Finance,Controls,Senior Leader,Permanent,2023-10-22,,,,HCM_B,2025-12-21,EL,Senior Leader,true,true,true,true,true,true,not_applicable,true,true,country_alias_mapped,2066
ACP002066,BG,Sales,Field Sales,Individual Contributor,Fixed Term,2025-09-14,,,,HCM_A,2025-12-22,BG,Individual Contributor,true,true,true,true,true,false,not_applicable,false,false,,2067
ACP002067,RO,Sales,Field Sales,Individual Contributor,Permanent,2022-03-21,,,,HCM_A,2025-12-23,RO,Individual Contributor,true,true,true,true,true,false,not_applicable,true,true,,2068
ACP002068,IT,Supply Chain,Manufacturing,Manager,Permanent,2020-10-03,,,,HCM_A,2025-12-24,IT,Manager,true,true,true,true,true,false,not_applicable,true,true,,2069
ACP002069,IT,Digital,Software,Individual Contributor,Permanent,2021-12-13,2022-06-19,Voluntary,false,HCM_A,2025-12-25,IT,Individual Contributor,true,true,true,true,true,false,false,true,true,,2070
ACP002070,GR,Digital,Software,Manager,Permanent,2021-05-17,2021-06-05,Voluntary,false,HCM_B,2025-12-26,GR,Manager,true,true,true,true,true,false,false,true,true,,2071
ACP002071,IT,Sales,Commercial Planning,Individual Contributor,Fixed Term,2020-07-10,2020-10-27,Voluntary,false,HCM_A,2025-12-27,IT,Individual Contributor,true,true,true,true,true,false,false,true,true,,2072
ACP002072,PL,Supply Chain,Logistics,Manager,Permanent,2025-04-04,,,,HCM_A,2025-12-28,PL,Manager,true,true,true,true,true,false,not_applicable,true,false,,2073
ACP002073,RO,Supply Chain,Logistics,Individual Contributor,Permanent,2020-02-05,,,,HCM_A,2025-12-29,RO,Individual Contributor,true,true,true,true,true,false,not_applicable,true,true,,2074
ACP002074,IT,Sales,Field Sales,Individual Contributor,Permanent,2020-05-18,,,,HCM_A,2025-12-30,IT,Individual Contributor,true,true,true,true,true,false,not_applicable,true,true,,2075
ACP002075,GR,Supply Chain,Logistics,Senior Leader,Permanent,2025-08-26,2025-11-06,Voluntary,true,HCM_B,2025-12-31,GR,Senior Leader,true,true,true,true,true,true,true,false,false,,2076
ACP002076,BG,Supply Chain,Procurement,Manager,Permanent,2023-04-04,2023-05-20,Voluntary,false,HCM_A,2025-12-20,BG,Manager,true,true,true,true,true,false,false,true,true,,2077
ACP002077,IT,Digital,Software,Manager,Permanent,2020-06-18,,,,HCM_A,2025-12-21,IT,Manager,true,true,true,true,true,false,not_applicable,true,true,,2078
ACP002078,IE,Sales,Key Accounts,Individual Contributor,Permanent,2022-06-08,2023-03-15,Voluntary,false,HCM_A,2025-12-22,IE,Individual Contributor,true,true,true,true,true,false,false,true,true,,2079
ACP002079,GR,Digital,Product,Manager,Permanent,2022-01-16,,,,HCM_A,2025-12-23,GR,Manager,true,true,true,true,true,false,not_applicable,true,true,,2080
ACP002080,PL,Digital,Data,Individual Contributor,Permanent,2020-12-21,,,,HCM_B,2025-12-24,PL,Individual Contributor,true,true,true,true,true,false,not_applicable,true,true,,2081
ACP002081,PL,Digital,Data,Manager,Permanent,2020-10-24,,,,HCM_A,2025-12-25,PL,Manager,true,true,true,true,true,false,not_applicable,true,true,,2082
ACP002082,PL,Finance,Accounting,Senior Leader,Permanent,2022-08-20,2023-06-11,Voluntary,false,HCM_A,2025-12-26,PL,Senior Leader,true,true,true,true,true,true,false,true,true,,2083
ACP002083,BG,Supply Chain,Procurement,Manager,Permanent,2024-07-23,2025-10-24,Voluntary,false,HCM_A,2025-12-27,BG,Manager,true,true,true,true,true,false,false,true,true,,2084
ACP002084,GR,Digital,Data,Individual Contributor,Permanent,2025-07-29,,,,HCM_A,2025-12-28,GR,Individual Contributor,true,true,true,true,true,false,not_applicable,false,false,,2085
ACP002085,IT,Supply Chain,Manufacturing,Manager,Permanent,2022-02-09,,,,HCM_B,2025-12-29,IT,Manager,true,true,true,true,true,false,not_applicable,true,true,,2086
ACP002086,BG,Sales,Commercial Planning,Manager,Permanent,2022-08-08,,,,HCM_A,2025-12-30,BG,Manager,true,true,true,true,true,false,not_applicable,true,true,,2087
ACP002087,IT,Sales,Field Sales,Individual Contributor,Permanent,2020-09-24,,,,HCM_A,2025-12-31,IT,Individual Contributor,true,true,true,true,true,false,not_applicable,true,true,,2088
ACP002088,IT,Supply Chain,Manufacturing,Senior Leader,Permanent,2021-01-09,2024-03-01,Voluntary,false,HCM_A,2025-12-20,IT,Senior Leader,true,true,true,true,true,true,false,true,true,,2089
ACP002089,PL,Sales,Key Accounts,Manager,Permanent,2024-04-15,,,,HCM_A,2025-12-21,PL,Manager,true,true,true,true,true,false,not_applicable,true,true,,2090
ACP002090,IE,Sales,Field Sales,Manager,Permanent,2022-02-20,2022-07-26,End of Contract,false,HCM_B,2025-12-22,IE,Manager,true,true,true,true,true,false,false,true,true,,2091
ACP002091,IT,Supply Chain,Manufacturing,Manager,Permanent,2021-12-03,2024-03-26,Voluntary,false,HCM_A,2025-12-23,IT,Manager,true,true,true,true,true,false,false,true,true,,2092
ACP002092,IE,Sales,Field Sales,Individual Contributor,Fixed Term,2022-07-10,2024-11-04,Involuntary,false,HCM_A,2025-12-24,IE,Individual Contributor,true,true,true,true,true,false,false,true,true,,2093
ACP002093,BG,Sales,Commercial Planning,Manager,Permanent,2024-02-17,2024-04-17,Voluntary,false,HCM_A,2025-12-25,BG,Manager,true,true,true,true,true,false,false,true,true,,2094
ACP002094,IE,Digital,Data,Manager,Permanent,2024-07-11,,,,HCM_A,2025-12-26,IE,Manager,true,true,true,true,true,false,not_applicable,true,true,,2095
ACP002095,RO,Supply Chain,Procurement,Individual Contributor,Permanent,2025-07-31,,,,HCM_B,2025-12-27,RO,Individual Contributor,true,true,true,true,true,false,not_applicable,false,false,,2096
ACP002096,PL,Supply Chain,Logistics,Individual Contributor,Permanent,2021-05-26,,,,HCM_A,2025-12-28,PL,Individual Contributor,true,true,true,true,true,false,not_applicable,true,true,,2097
ACP002097,RO,Supply Chain,Procurement,Manager,Permanent,2024-07-03,2025-08-20,Voluntary,false,HCM_A,2025-12-29,RO,Manager,true,true,true,true,true,false,false,true,true,,2098
ACP002098,GR,Finance,Accounting,Manager,Permanent,2021-04-19,,,,HCM_A,2025-12-30,GR,Manager,true,true,true,true,true,false,not_applicable,true,true,,2099
ACP002099,PL,Supply Chain,Procurement,Individual Contributor,Fixed Term,2021-04-24,,,,HCM_A,2025-12-31,PL,Individual Contributor,true,true,true,true,true,false,not_applicable,true,true,,2100
ACP002100,BG,Sales,Commercial Planning,Individual Contributor,Permanent,2024-11-26,,,,HCM_B,2025-12-20,BG,Individual Contributor,true,true,true,true,true,false,not_applicable,true,true,,2101
ACP002101,PL,Digital,Data,Manager,Permanent,2023-01-06,,,,HCM_A,2025-12-21,PL,Manager,true,true,true,true,true,false,not_applicable,true,true,,2102
ACP002102,BG,Sales,Field Sales,Individual Contributor,Fixed Term,2022-04-22,,,,HCM_A,2025-12-22,BG,Individual Contributor,true,true,true,true,true,false,not_applicable,true,true,,2103
ACP002103,RO,Supply Chain,Procurement,Individual Contributor,Fixed Term,2021-06-10,,,,HCM_A,2025-12-23,RO,Individual Contributor,true,true,true,true,true,false,not_applicable,true,true,,2104
ACP002104,,Digital,Data,Individual Contributor,Permanent,2020-06-20,,,,HCM_A,2025-12-24,,Individual Contributor,true,true,true,true,false,false,not_applicable,true,true,missing_or_unknown_country,2105
ACP002105,BG,Digital,Product,Manager,Permanent,2020-12-21,,,,HCM_B,2025-12-25,BG,Manager,true,true,true,true,true,false,not_applicable,true,true,,2106
ACP002106,GR,Digital,Software,Individual Contributor,Permanent,2023-05-14,,,,HCM_A,2025-12-26,GR,Individual Contributor,true,true,true,true,true,false,not_applicable,true,true,,2107
ACP002107,BG,Digital,Product,Individual Contributor,Fixed Term,2020-10-18,2021-02-14,Voluntary,true,HCM_A,2025-12-27,BG,Individual Contributor,true,true,true,true,true,false,true,true,true,,2108
ACP002108,RO,Digital,Product,Senior Leader,Fixed Term,2024-07-23,,,,HCM_A,2025-12-28,RO,Senior Leader,true,true,true,true,true,true,not_applicable,true,true,,2109
ACP002109,GR,Digital,Data,Manager,Permanent,2024-10-26,,,,HCM_A,2025-12-29,GR,Manager,true,true,true,true,true,false,not_applicable,true,true,,2110
ACP002110,IE,Digital,Product,Manager,Permanent,2020-10-05,,,,HCM_B,2025-12-30,IE,Manager,true,true,true,true,true,false,not_applicable,true,true,,2111
ACP002111,RO,Digital,Product,Individual Contributor,Permanent,2023-08-05,2023-12-22,Voluntary,true,HCM_A,2025-12-31,RO,Individual Contributor,true,true,true,true,true,false,true,true,true,,2112
ACP002112,IT,Finance,Controls,Senior Leader,Permanent,2024-09-11,,,,HCM_A,2025-12-20,IT,Senior Leader,true,true,true,true,true,true,not_applicable,true,true,,2113
ACP002113,IT,Sales,Commercial Planning,Individual Contributor,Permanent,2022-01-14,,,,HCM_A,2025-12-21,IT,Individual Contributor,true,true,true,true,true,false,not_applicable,true,true,,2114
ACP002114,RO,Sales,Commercial Planning,Individual Contributor,Permanent,2023-05-19,2024-10-06,Voluntary,false,HCM_A,2025-12-22,RO,Individual Contributor,true,true,true,true,true,false,false,true,true,,2115
ACP002115,RO,Sales,Commercial Planning,Individual Contributor,Permanent,2024-10-13,,,,HCM_B,2025-12-23,RO,Individual Contributor,true,true,true,true,true,false,not_applicable,true,true,,2116
ACP002116,BG,Digital,Data,Individual Contributor,Permanent,2022-02-02,,,,HCM_A,2025-12-24,BG,Individual Contributor,true,true,true,true,true,false,not_applicable,true,true,,2117
ACP002117,BG,Finance,FP&A,Manager,Fixed Term,2021-03-31,,,,HCM_A,2025-12-25,BG,Manager,true,true,true,true,true,false,not_applicable,true,true,,2118
ACP002118,IE,Supply Chain,Logistics,Individual Contributor,Permanent,2020-10-30,,,,HCM_A,2025-12-26,IE,Individual Contributor,true,true,true,true,true,false,not_applicable,true,true,,2119
ACP002119,RO,Sales,Key Accounts,Manager,Permanent,2024-04-23,2025-05-26,End of Contract,false,HCM_A,2025-12-27,RO,Manager,true,true,true,true,true,false,false,true,true,,2120
ACP002120,PL,Finance,Accounting,Senior Leader,Permanent,2024-10-01,2025-09-21,Voluntary,false,HCM_B,2025-12-28,PL,Senior Leader,true,true,true,true,true,true,false,true,true,,2121
ACP002121,BG,Finance,Controls,Individual Contributor,Permanent,2024-01-25,2024-03-18,End of Contract,false,HCM_A,2025-12-29,BG,Individual Contributor,true,true,true,true,true,false,false,true,true,,2122
ACP002122,IT,Digital,Product,Manager,Fixed Term,2025-02-13,,,,HCM_A,2025-12-30,IT,Manager,true,true,true,true,true,false,not_applicable,true,false,,2123
ACP002123,IE,Finance,Controls,Individual Contributor,Permanent,2020-02-12,,,,HCM_A,2025-12-31,IE,Individual Contributor,true,true,true,true,true,false,not_applicable,true,true,,2124
ACP002124,PL,Digital,Data,Manager,Fixed Term,2022-09-11,,,,HCM_A,2025-12-20,PL,Manager,true,true,true,true,true,false,not_applicable,true,true,,2125
ACP002125,IT,Finance,Controls,Manager,Permanent,2022-07-18,,,,HCM_B,2025-12-21,IT,Manager,true,true,true,true,true,false,not_applicable,true,true,,2126
ACP002126,IE,Finance,Accounting,Manager,Fixed Term,2021-12-24,,,,HCM_A,2025-12-22,IE,Manager,true,true,true,true,true,false,not_applicable,true,true,,2127
ACP002127,BG,Supply Chain,Procurement,Individual Contributor,Permanent,2020-04-06,,,,HCM_A,2025-12-23,BG,Individual Contributor,true,true,true,true,true,false,not_applicable,true,true,,2128
ACP002128,RO,Sales,Commercial Planning,Individual Contributor,Permanent,2024-01-02,2024-02-15,Involuntary,false,HCM_A,2025-12-24,RO,Individual Contributor,true,true,true,true,true,false,false,true,true,,2129
ACP002129,PL,Supply Chain,Manufacturing,Individual Contributor,Permanent,2025-01-21,,,,HCM_A,2025-12-25,PL,Individual Contributor,true,true,true,true,true,false,not_applicable,true,false,,2130
ACP002130,GR,Digital,Software,Individual Contributor,Permanent,2024-12-27,,,,HCM_B,2025-12-26,GR,Individual Contributor,true,true,true,true,true,false,not_applicable,true,true,,2131
ACP002131,GR,Finance,FP&A,Individual Contributor,Permanent,2025-11-04,,,,HCM_A,2025-12-27,GR,Individual Contributor,true,true,true,true,true,false,not_applicable,false,false,,2132
ACP002132,IT,Supply Chain,Manufacturing,Manager,Permanent,2021-03-08,,,,HCM_A,2025-12-28,IT,Manager,true,true,true,true,true,false,not_applicable,true,true,,2133
ACP002133,RO,Supply Chain,Procurement,Manager,Fixed Term,2020-03-15,,,,HCM_A,2025-12-29,RO,Manager,true,true,true,true,true,false,not_applicable,true,true,,2134
ACP002134,GR,Supply Chain,Procurement,Senior Leader,Fixed Term,2022-04-04,,,,HCM_A,2025-12-30,GR,Senior Leader,true,true,true,true,true,true,not_applicable,true,true,,2135
ACP002135,RO,Digital,Software,Manager,Permanent,2023-05-19,2023-09-18,Voluntary,true,HCM_B,2025-12-31,RO,Manager,true,true,true,true,true,false,true,true,true,,2136
ACP002136,IT,Supply Chain,Manufacturing,Manager,Fixed Term,2021-10-10,,,,HCM_A,2025-12-20,IT,Manager,true,true,true,true,true,false,not_applicable,true,true,,2137
ACP002137,IT,Finance,Controls,Individual Contributor,Permanent,2025-08-24,,,,HCM_A,2025-12-21,IT,Individual Contributor,true,true,true,true,true,false,not_applicable,false,false,,2138
ACP002138,RO,Sales,Key Accounts,Manager,Permanent,2022-01-17,2023-01-31,Voluntary,true,HCM_A,2025-12-22,RO,Manager,true,true,true,true,true,false,true,true,true,,2139
ACP002139,IT,Digital,Software,Individual Contributor,Permanent,2022-01-15,,,,HCM_A,2025-12-23,IT,Individual Contributor,true,true,true,true,true,false,not_applicable,true,true,,2140
ACP002140,RO,Sales,Commercial Planning,Individual Contributor,Permanent,2022-04-18,2022-12-15,Involuntary,false,HCM_B,2025-12-24,RO,Individual Contributor,true,true,true,true,true,false,false,true,true,,2141
ACP002141,RO,Digital,Data,Manager,Permanent,2020-02-22,,,,HCM_A,2025-12-25,RO,Manager,true,true,true,true,true,false,not_applicable,true,true,,2142
ACP002142,GR,Sales,Key Accounts,Individual Contributor,Permanent,2023-05-18,,,,HCM_A,2025-12-26,GR,Individual Contributor,true,true,true,true,true,false,not_applicable,true,true,,2143
ACP002143,IT,Sales,Field Sales,Individual Contributor,Permanent,2024-05-02,,,,HCM_A,2025-12-27,IT,Individual Contributor,true,true,true,true,true,false,not_applicable,true,true,,2144
ACP002144,PL,Supply Chain,Logistics,Individual Contributor,Permanent,2021-10-23,,,,HCM_A,2025-12-28,PL,Individual Contributor,true,true,true,true,true,false,not_applicable,true,true,,2145
ACP002145,IT,Sales,Commercial Planning,Manager,Permanent,2023-04-22,,,,HCM_B,2025-12-29,IT,Manager,true,true,true,true,true,false,not_applicable,true,true,,2146
ACP002146,IE,Sales,Key Accounts,Individual Contributor,Permanent,2023-11-15,,,,HCM_A,2025-12-30,IE,Individual Contributor,true,true,true,true,true,false,not_applicable,true,true,,2147
ACP002147,BG,Finance,Accounting,Individual Contributor,Permanent,2025-07-30,,,,HCM_A,2025-12-31,BG,Individual Contributor,true,true,true,true,true,false,not_applicable,false,false,,2148
ACP002148,GR,Digital,Product,Individual Contributor,Permanent,2022-01-22,2022-03-10,Voluntary,true,HCM_A,2025-12-20,GR,Individual Contributor,true,true,true,true,true,false,true,true,true,,2149
ACP002149,PL,Digital,Software,Individual Contributor,Fixed Term,2024-10-06,,,,HCM_A,2025-12-21,PL,Individual Contributor,true,true,true,true,true,false,not_applicable,true,true,,2150
ACP002150,PL,Sales,Field Sales,Individual Contributor,Permanent,2025-04-06,,,,HCM_B,2025-12-22,PL,Individual Contributor,true,true,true,true,true,false,not_applicable,true,false,,2151
ACP002151,GR,Digital,Data,Individual Contributor,Permanent,2021-05-24,,,,HCM_A,2025-12-23,GR,Individual Contributor,true,true,true,true,true,false,not_applicable,true,true,,2152
ACP002152,BG,Supply Chain,Logistics,Individual Contributor,Permanent,2021-12-26,,,,HCM_A,2025-12-24,BG,Individual Contributor,true,true,true,true,true,false,not_applicable,true,true,,2153
ACP002153,IT,Finance,FP&A,Manager,Fixed Term,2025-09-22,,,,HCM_A,2025-12-25,IT,Manager,true,true,true,true,true,false,not_applicable,false,false,,2154
ACP002154,PL,Sales,Commercial Planning,Manager,Permanent,2023-06-26,,,,HCM_A,2025-12-26,PL,Manager,true,true,true,true,true,false,not_applicable,true,true,,2155
ACP002155,IT,Sales,Commercial Planning,Individual Contributor,Permanent,2023-12-21,2024-03-13,End of Contract,false,HCM_B,2025-12-27,IT,Individual Contributor,true,true,true,true,true,false,false,true,true,,2156
ACP002156,PL,Supply Chain,Logistics,Manager,Fixed Term,2021-01-25,,,,HCM_A,2025-12-28,PL,Manager,true,true,true,true,true,false,not_applicable,true,true,,2157
ACP002157,GR,Digital,Software,Individual Contributor,Permanent,2021-09-02,2025-12-23,Voluntary,false,HCM_A,2025-12-29,GR,Individual Contributor,true,true,true,true,true,false,false,true,true,,2158
ACP002158,IE,Finance,FP&A,Senior Leader,Fixed Term,2023-01-31,,,,HCM_A,2025-12-30,IE,Senior Leader,true,true,true,true,true,true,not_applicable,true,true,,2159
ACP002159,PL,Finance,Accounting,Individual Contributor,Permanent,2021-02-02,,,,HCM_A,2025-12-31,PL,Individual Contributor,true,true,true,true,true,false,not_applicable,true,true,,2160
ACP002160,GR,Digital,Product,Senior Leader,Permanent,2022-10-14,,,,HCM_B,2025-12-20,GR,Senior Leader,true,true,true,true,true,true,not_applicable,true,true,,2161
ACP002161,GR,Sales,Key Accounts,Individual Contributor,Permanent,2023-08-20,2025-04-20,Voluntary,false,HCM_A,2025-12-21,GR,Individual Contributor,true,true,true,true,true,false,false,true,true,,2162
ACP002162,BG,Finance,FP&A,Individual Contributor,Permanent,2025-06-08,,,,HCM_A,2025-12-22,BG,Individual Contributor,true,true,true,true,true,false,not_applicable,true,false,,2163
ACP002163,IT,Supply Chain,Manufacturing,Senior Leader,Fixed Term,2021-09-06,,,,HCM_A,2025-12-23,IT,Senior Leader,true,true,true,true,true,true,not_applicable,true,true,,2164
ACP002164,BG,Digital,Data,Senior Leader,Permanent,2022-09-24,,,,HCM_A,2025-12-24,BG,Senior Leader,true,true,true,true,true,true,not_applicable,true,true,,2165
ACP002165,BG,Sales,Commercial Planning,Senior Leader,Permanent,2021-07-01,,,,HCM_B,2025-12-25,BG,Senior Leader,true,true,true,true,true,true,not_applicable,true,true,,2166
ACP002166,RO,Finance,Controls,Individual Contributor,Permanent,2022-09-06,,,,HCM_A,2025-12-26,RO,Individual Contributor,true,true,true,true,true,false,not_applicable,true,true,,2167
ACP002167,RO,Sales,Commercial Planning,Manager,Permanent,2024-08-27,,,,HCM_A,2025-12-27,RO,Manager,true,true,true,true,true,false,not_applicable,true,true,,2168
ACP002168,PL,Digital,Data,Individual Contributor,Fixed Term,2020-10-26,,,,HCM_A,2025-12-28,PL,Individual Contributor,true,true,true,true,true,false,not_applicable,true,true,,2169
ACP002169,GR,Sales,Key Accounts,Individual Contributor,Permanent,2025-07-08,,,,HCM_A,2025-12-29,GR,Individual Contributor,true,true,true,true,true,false,not_applicable,false,false,,2170
ACP002170,IE,Digital,Software,Senior Leader,Fixed Term,2021-02-23,,,,HCM_B,2025-12-30,IE,Senior Leader,true,true,true,true,true,true,not_applicable,true,true,,2171
ACP002171,IT,Digital,Software,Manager,Fixed Term,2020-04-19,,,,HCM_A,2025-12-31,IT,Manager,true,true,true,true,true,false,not_applicable,true,true,,2172
ACP002172,RO,Digital,Product,Individual Contributor,Permanent,2022-08-10,,,,HCM_A,2025-12-20,RO,Individual Contributor,true,true,true,true,true,false,not_applicable,true,true,,2173
ACP002173,BG,Digital,Data,Individual Contributor,Permanent,2021-10-27,,,,HCM_A,2025-12-21,BG,Individual Contributor,true,true,true,true,true,false,not_applicable,true,true,,2174
ACP002174,IE,Supply Chain,Manufacturing,Manager,Permanent,2022-06-29,,,,HCM_A,2025-12-22,IE,Manager,true,true,true,true,true,false,not_applicable,true,true,,2175
ACP002175,PL,Digital,Data,Individual Contributor,Fixed Term,2020-11-01,2020-12-26,Voluntary,true,HCM_B,2025-12-23,PL,Individual Contributor,true,true,true,true,true,false,true,true,true,,2176
ACP002176,GR,Sales,Commercial Planning,Individual Contributor,Permanent,2021-11-09,,,,HCM_A,2025-12-24,GR,Individual Contributor,true,true,true,true,true,false,not_applicable,true,true,,2177
ACP002177,RO,Supply Chain,Procurement,Individual Contributor,Fixed Term,2021-09-12,,,,HCM_A,2025-12-25,RO,Individual Contributor,true,true,true,true,true,false,not_applicable,true,true,,2178
ACP002178,IE,Supply Chain,Logistics,Manager,Permanent,2024-03-04,,,,HCM_A,2025-12-26,IE,Manager,true,true,true,true,true,false,not_applicable,true,true,,2179
ACP002179,IT,Finance,Controls,Manager,Permanent,2023-11-04,2025-05-22,Voluntary,false,HCM_A,2025-12-27,IT,Manager,true,true,true,true,true,false,false,true,true,,2180
ACP002180,PL,Digital,Data,Individual Contributor,Permanent,2020-10-12,,,,HCM_B,2025-12-28,PL,Individual Contributor,true,true,true,true,true,false,not_applicable,true,true,,2181
ACP002181,RO,Digital,Software,Individual Contributor,Permanent,2024-04-20,,,,HCM_A,2025-12-29,RO,Individual Contributor,true,true,true,true,true,false,not_applicable,true,true,,2182
ACP002182,GR,Sales,Field Sales,Individual Contributor,Permanent,2020-11-11,2020-12-18,Involuntary,false,HCM_A,2025-12-30,GR,Individual Contributor,true,true,true,true,true,false,false,true,true,,2183
ACP002183,GR,Digital,Data,Individual Contributor,Permanent,2020-04-16,,,,HCM_A,2025-12-31,GR,Individual Contributor,true,true,true,true,true,false,not_applicable,true,true,,2184
ACP002184,IE,Finance,Controls,Manager,Permanent,2024-05-13,,,,HCM_A,2025-12-20,IE,Manager,true,true,true,true,true,false,not_applicable,true,true,,2185
ACP002185,BG,Digital,Software,Individual Contributor,Permanent,2023-01-25,,,,HCM_B,2025-12-21,BG,Individual Contributor,true,true,true,true,true,false,not_applicable,true,true,,2186
ACP002186,PL,Digital,Product,Manager,Permanent,2022-03-29,,,,HCM_A,2025-12-22,PL,Manager,true,true,true,true,true,false,not_applicable,true,true,,2187
ACP002187,BG,Supply Chain,Manufacturing,Senior Leader,Permanent,2024-11-01,,,,HCM_A,2025-12-23,BG,Senior Leader,true,true,true,true,true,true,not_applicable,true,true,,2188
ACP002188,RO,Sales,Commercial Planning,Manager,Permanent,2023-07-27,,,,HCM_A,2025-12-24,RO,Manager,true,true,true,true,true,false,not_applicable,true,true,,2189
ACP002189,RO,Digital,Software,Individual Contributor,Permanent,2021-08-10,2022-02-25,Involuntary,false,HCM_A,2025-12-25,RO,Individual Contributor,true,true,true,true,true,false,false,true,true,,2190
ACP002190,BG,Supply Chain,Manufacturing,Senior Leader,Permanent,2022-04-25,,,,HCM_B,2025-12-26,BG,Sr Mgmt,true,true,true,true,true,true,not_applicable,true,true,seniority_mapping_assumed,2191
ACP002191,IT,Digital,Product,Senior Leader,Permanent,2020-08-08,,,,HCM_A,2025-12-27,IT,Senior Leader,true,true,true,true,true,true,not_applicable,true,true,,2192
ACP002192,RO,Finance,Controls,Manager,Permanent,2022-07-29,2022-11-08,Voluntary,true,HCM_A,2025-12-28,RO,Manager,true,true,true,true,true,false,true,true,true,,2193
ACP002193,IE,Finance,Accounting,Individual Contributor,Permanent,2022-07-26,2022-08-17,Involuntary,false,HCM_A,2025-12-29,IE,Individual Contributor,true,true,true,true,true,false,false,true,true,,2194
ACP002194,RO,Digital,Product,Manager,Permanent,2020-11-09,2021-06-02,Voluntary,true,HCM_A,2025-12-30,RO,Manager,true,true,true,true,true,false,true,true,true,,2195
ACP002195,GR,Sales,Key Accounts,Manager,Permanent,2020-11-12,,,,HCM_B,2025-12-31,GR,Manager,true,true,true,true,true,false,not_applicable,true,true,,2196
ACP002196,PL,Supply Chain,Logistics,Manager,Permanent,2021-11-13,,,,HCM_A,2025-12-20,PL,Manager,true,true,true,true,true,false,not_applicable,true,true,,2197
ACP002197,GR,Finance,Accounting,Individual Contributor,Permanent,2020-01-29,,,,HCM_A,2025-12-21,GR,Individual Contributor,true,true,true,true,true,false,not_applicable,true,true,,2198
ACP002198,GR,Sales,Key Accounts,Individual Contributor,Permanent,2023-06-01,2023-09-19,Voluntary,false,HCM_A,2025-12-22,GR,Individual Contributor,true,true,true,true,true,false,false,true,true,,2199
ACP002199,GR,Finance,Controls,Individual Contributor,Fixed Term,2020-10-14,,,,HCM_A,2025-12-23,GR,Individual Contributor,true,true,true,true,true,false,not_applicable,true,true,,2200
ACP002200,GR,Finance,Controls,Individual Contributor,Permanent,2022-12-11,,,,HCM_B,2025-12-24,GR,Individual Contributor,true,true,true,true,true,false,not_applicable,true,true,,2201
ACP002201,IT,Finance,Accounting,Manager,Fixed Term,2024-08-13,2024-10-13,Voluntary,false,HCM_A,2025-12-25,IT,Manager,true,true,true,true,true,false,false,true,true,,2202
ACP002202,GR,Finance,Accounting,Senior Leader,Permanent,2025-02-17,2025-07-30,Involuntary,false,HCM_A,2025-12-26,GR,Senior Leader,true,true,true,true,true,true,false,true,false,,2203
ACP002203,IT,Finance,Controls,Individual Contributor,Permanent,2021-11-04,,,,HCM_A,2025-12-27,IT,Individual Contributor,true,true,true,true,true,false,not_applicable,true,true,,2204
ACP002204,BG,Sales,Commercial Planning,Individual Contributor,Permanent,2020-10-14,2024-02-03,Involuntary,false,HCM_A,2025-12-28,BG,Individual Contributor,true,true,true,true,true,false,false,true,true,,2205
ACP002205,RO,Sales,Key Accounts,Individual Contributor,Permanent,2022-09-27,2025-02-19,Voluntary,true,HCM_B,2025-12-29,RO,Individual Contributor,true,true,true,true,true,false,true,true,true,,2206
ACP002206,IT,Sales,Field Sales,Manager,Permanent,2022-09-15,,,,HCM_A,2025-12-30,IT,Manager,true,true,true,true,true,false,not_applicable,true,true,,2207
ACP002207,RO,Sales,Key Accounts,Manager,Permanent,2021-11-15,,,,HCM_A,2025-12-31,RO,Manager,true,true,true,true,true,false,not_applicable,true,true,,2208
ACP002208,IT,Supply Chain,Logistics,Individual Contributor,Permanent,2022-11-09,,,,HCM_A,2025-12-20,IT,Individual Contributor,true,true,true,true,true,false,not_applicable,true,true,,2209
ACP002209,RO,Sales,Key Accounts,Individual Contributor,Permanent,2023-11-29,2025-07-27,Voluntary,false,HCM_A,2025-12-21,RO,Individual Contributor,true,true,true,true,true,false,false,true,true,,2210
ACP002210,BG,Digital,Product,Manager,Permanent,2020-08-23,,,,HCM_B,2025-12-22,BG,Manager,true,true,true,true,true,false,not_applicable,true,true,,2211
ACP002211,IT,Finance,FP&A,Individual Contributor,Permanent,2023-07-03,2025-05-24,Involuntary,false,HCM_A,2025-12-23,IT,Individual Contributor,true,true,true,true,true,false,false,true,true,,2212
ACP002212,IE,Supply Chain,Manufacturing,Manager,Permanent,2024-01-09,2024-10-24,Voluntary,false,HCM_A,2025-12-24,IE,Manager,true,true,true,true,true,false,false,true,true,,2213
ACP002213,BG,Digital,Product,Individual Contributor,Permanent,2022-05-25,2022-08-12,Voluntary,false,HCM_A,2025-12-25,BG,Individual Contributor,true,true,true,true,true,false,false,true,true,,2214
ACP002214,IE,Digital,Data,Manager,Fixed Term,2021-02-17,,,,HCM_A,2025-12-26,IE,Manager,true,true,true,true,true,false,not_applicable,true,true,,2215
ACP002215,RO,Finance,Controls,Individual Contributor,Permanent,2020-01-21,,,,HCM_B,2025-12-27,RO,Individual Contributor,true,true,true,true,true,false,not_applicable,true,true,,2216
ACP002216,PL,Supply Chain,Logistics,Manager,Permanent,2024-09-18,,,,HCM_A,2025-12-28,PL,Manager,true,true,true,true,true,false,not_applicable,true,true,,2217
ACP002217,BG,Finance,FP&A,Senior Leader,Permanent,2022-01-25,,,,HCM_A,2025-12-29,BG,Senior Leader,true,true,true,true,true,true,not_applicable,true,true,,2218
ACP002218,BG,Finance,FP&A,Individual Contributor,Permanent,2025-09-18,,,,HCM_A,2025-12-30,BG,Individual Contributor,true,true,true,true,true,false,not_applicable,false,false,,2219
ACP002219,IT,Supply Chain,Procurement,Individual Contributor,Permanent,2023-04-09,,,,HCM_A,2025-12-31,IT,Individual Contributor,true,true,true,true,true,false,not_applicable,true,true,,2220
ACP002220,IE,Digital,Data,Individual Contributor,Permanent,2025-10-25,,,,HCM_B,2025-12-20,IE,Individual Contributor,true,true,true,true,true,false,not_applicable,false,false,,2221
ACP002221,IE,Digital,Software,Individual Contributor,Permanent,2021-12-02,2021-12-25,Voluntary,false,HCM_A,2025-12-21,IE,Individual Contributor,true,true,true,true,true,false,false,true,true,,2222
ACP002222,BG,Sales,Key Accounts,Individual Contributor,Fixed Term,2023-11-02,,,,HCM_A,2025-12-22,BG,Individual Contributor,true,true,true,true,true,false,not_applicable,true,true,,2223
ACP002223,BG,Supply Chain,Logistics,Senior Leader,Permanent,2022-02-04,,,,HCM_A,2025-12-23,BG,Senior Leader,true,true,true,true,true,true,not_applicable,true,true,,2224
ACP002224,IT,Finance,Controls,Manager,Permanent,2020-04-15,,,,HCM_A,2025-12-24,IT,Manager,true,true,true,true,true,false,not_applicable,true,true,,2225
ACP002225,IT,Supply Chain,Manufacturing,Individual Contributor,Permanent,2023-02-07,2023-05-08,,,HCM_B,2025-12-25,IT,Individual Contributor,true,true,true,true,true,false,unknown,true,true,termination_type_unknown|regretted_classification_unknown,2226
ACP002226,IE,Finance,Controls,Individual Contributor,Permanent,2025-04-17,,,,HCM_A,2025-12-26,IE,Individual Contributor,true,true,true,true,true,false,not_applicable,true,false,,2227
ACP002227,IT,Digital,Software,Senior Leader,Permanent,2024-04-14,2025-04-15,Voluntary,true,HCM_A,2025-12-27,IT,Senior Leader,true,true,true,true,true,true,true,true,true,,2228
ACP002228,IT,Digital,Software,Senior Leader,Permanent,2023-07-04,,,,HCM_A,2025-12-28,IT,Senior Leader,true,true,true,true,true,true,not_applicable,true,true,,2229
ACP002229,PL,Supply Chain,Logistics,Senior Leader,Permanent,2021-12-06,2022-01-08,Voluntary,true,HCM_A,2025-12-29,PL,Senior Leader,true,true,true,true,true,true,true,true,true,,2230
ACP002230,IT,Finance,Controls,Individual Contributor,Permanent,2023-10-27,2024-04-29,Voluntary,true,HCM_B,2025-12-30,IT,Individual Contributor,true,true,true,true,true,false,true,true,true,,2231
ACP002231,BG,Finance,Accounting,Individual Contributor,Permanent,2022-04-20,,,,HCM_A,2025-12-31,BG,Individual Contributor,true,true,true,true,true,false,not_applicable,true,true,,2232
ACP002232,RO,Digital,Software,Individual Contributor,Permanent,2022-10-27,2024-05-23,Involuntary,false,HCM_A,2025-12-20,RO,Individual Contributor,true,true,true,true,true,false,false,true,true,,2233
ACP002233,PL,Finance,Controls,Senior Leader,Permanent,2020-10-29,,,,HCM_A,2025-12-21,PL,Senior Leader,true,true,true,true,true,true,not_applicable,true,true,,2234
ACP002234,IT,Digital,Data,Manager,Permanent,2025-10-13,,,,HCM_A,2025-12-22,IT,Manager,true,true,true,true,true,false,not_applicable,false,false,,2235
ACP002235,IT,Digital,Data,Manager,Permanent,2022-08-25,,,,HCM_B,2025-12-23,IT,Manager,true,true,true,true,true,false,not_applicable,true,true,,2236
ACP002236,BG,Finance,FP&A,Manager,Fixed Term,2020-10-23,,,,HCM_A,2025-12-24,BG,Manager,true,true,true,true,true,false,not_applicable,true,true,,2237
ACP002237,RO,Digital,Software,Individual Contributor,Fixed Term,2020-01-12,,,,HCM_A,2025-12-25,RO,Individual Contributor,true,true,true,true,true,false,not_applicable,true,true,,2238
ACP002238,RO,Finance,Accounting,Individual Contributor,Fixed Term,2023-01-15,2024-01-04,Voluntary,false,HCM_A,2025-12-26,RO,Individual Contributor,true,true,true,true,true,false,false,true,true,,2239
ACP002239,GR,Sales,Commercial Planning,Senior Leader,Permanent,2023-09-28,,,,HCM_A,2025-12-27,GR,Senior Leader,true,true,true,true,true,true,not_applicable,true,true,,2240
ACP002240,GR,Digital,Software,Manager,Permanent,2023-08-12,,,,HCM_B,2025-12-28,GR,Manager,true,true,true,true,true,false,not_applicable,true,true,,2241
ACP002241,IE,Supply Chain,Procurement,Manager,Permanent,2021-01-23,,,,HCM_A,2025-12-29,IE,Manager,true,true,true,true,true,false,not_applicable,true,true,,2242
ACP002242,IE,Digital,Product,Individual Contributor,Permanent,2024-07-13,,,,HCM_A,2025-12-30,IE,Individual Contributor,true,true,true,true,true,false,not_applicable,true,true,,2243
ACP002243,IE,Sales,Field Sales,Individual Contributor,Permanent,2021-03-26,2021-05-30,End of Contract,false,HCM_A,2025-12-31,IE,Individual Contributor,true,true,true,true,true,false,false,true,true,,2244
ACP002244,GR,Digital,Data,Individual Contributor,Fixed Term,2022-04-20,,,,HCM_A,2025-12-20,GR,Individual Contributor,true,true,true,true,true,false,not_applicable,true,true,,2245
ACP002245,RO,Finance,Accounting,Individual Contributor,Fixed Term,2024-12-17,,,,HCM_B,2025-12-21,RO,Individual Contributor,true,true,true,true,true,false,not_applicable,true,true,,2246
ACP002246,RO,Finance,FP&A,Individual Contributor,Permanent,2023-05-14,,,,HCM_A,2025-12-22,RO,Individual Contributor,true,true,true,true,true,false,not_applicable,true,true,,2247
ACP002247,IT,Supply Chain,Manufacturing,Manager,Fixed Term,2021-02-17,,,,HCM_A,2025-12-23,IT,Manager,true,true,true,true,true,false,not_applicable,true,true,,2248
ACP002248,BG,Finance,Controls,Senior Leader,Fixed Term,2025-03-24,,,,HCM_A,2025-12-24,BG,Senior Leader,true,true,true,true,true,true,not_applicable,true,false,,2249
ACP002249,GR,Sales,Field Sales,Senior Leader,Permanent,2021-05-26,,,,HCM_A,2025-12-25,GR,Senior Leader,true,true,true,true,true,true,not_applicable,true,true,,2250
ACP002250,GR,Supply Chain,Logistics,Manager,Permanent,2023-09-01,,,,HCM_B,2025-12-26,GR,Manager,true,true,true,true,true,false,not_applicable,true,true,,2251
ACP002251,GR,Finance,Accounting,Senior Leader,Permanent,2025-07-29,,,,HCM_A,2025-12-27,GR,Senior Leader,true,true,true,true,true,true,not_applicable,false,false,,2252
ACP002252,BG,Digital,Software,Manager,Permanent,2021-05-25,,,,HCM_A,2025-12-28,BG,Manager,true,true,true,true,true,false,not_applicable,true,true,,2253
ACP002253,PL,Sales,Commercial Planning,Individual Contributor,Permanent,2023-09-28,,,,HCM_A,2025-12-29,PL,Individual Contributor,true,true,true,true,true,false,not_applicable,true,true,,2254
ACP002254,BG,Sales,Field Sales,Senior Leader,Permanent,2021-01-05,,,,HCM_A,2025-12-30,BG,Senior Leader,true,true,true,true,true,true,not_applicable,true,true,,2255
ACP002255,IT,Finance,Controls,Manager,Fixed Term,2025-08-13,,,,HCM_B,2025-12-31,IT,Manager,true,true,true,true,true,false,not_applicable,false,false,,2256
ACP002256,GR,Finance,FP&A,Individual Contributor,Permanent,2023-11-07,,,,HCM_A,2025-12-20,GR,Individual Contributor,true,true,true,true,true,false,not_applicable,true,true,,2257
ACP002257,RO,Digital,Product,Manager,Fixed Term,2021-03-15,,,,HCM_A,2025-12-21,RO,Manager,true,true,true,true,true,false,not_applicable,true,true,,2258
ACP002258,BG,Sales,Key Accounts,Individual Contributor,Permanent,2024-12-14,2025-02-14,Voluntary,false,HCM_A,2025-12-22,BG,Individual Contributor,true,true,true,true,true,false,false,true,true,,2259
ACP002259,PL,Finance,Accounting,Manager,Permanent,2023-10-26,,,,HCM_A,2025-12-23,PL,Manager,true,true,true,true,true,false,not_applicable,true,true,,2260
ACP002260,RO,Sales,Field Sales,Individual Contributor,Permanent,2021-04-21,2021-05-31,Voluntary,false,HCM_B,2025-12-24,RO,Individual Contributor,true,true,true,true,true,false,false,true,true,,2261
ACP002261,IT,Supply Chain,Logistics,Individual Contributor,Permanent,2023-10-04,,,,HCM_A,2025-12-25,IT,Individual Contributor,true,true,true,true,true,false,not_applicable,true,true,,2262
ACP002262,PL,Finance,FP&A,Individual Contributor,Fixed Term,2022-08-09,,,,HCM_A,2025-12-26,PL,Individual Contributor,true,true,true,true,true,false,not_applicable,true,true,,2263
ACP002263,IT,Supply Chain,Manufacturing,Manager,Permanent,2025-07-16,,,,HCM_A,2025-12-27,IT,Manager,true,true,true,true,true,false,not_applicable,false,false,,2264
ACP002264,IT,Digital,Software,Manager,Permanent,2025-05-01,,,,HCM_A,2025-12-28,IT,Manager,true,true,true,true,true,false,not_applicable,true,false,,2265
ACP002265,IT,Finance,Controls,Individual Contributor,Fixed Term,2025-08-18,,,,HCM_B,2025-12-29,IT,Individual Contributor,true,true,true,true,true,false,not_applicable,false,false,,2266
ACP002266,BG,Sales,Commercial Planning,Manager,Permanent,2024-09-18,2025-10-17,Voluntary,false,HCM_A,2025-12-30,BG,Manager,true,true,true,true,true,false,false,true,true,,2267
ACP002267,PL,Finance,FP&A,Manager,Permanent,2021-07-27,,,,HCM_A,2025-12-31,PL,Manager,true,true,true,true,true,false,not_applicable,true,true,,2268
ACP002268,IT,Finance,Accounting,Manager,Permanent,2023-09-25,,,,HCM_A,2025-12-20,IT,Manager,true,true,true,true,true,false,not_applicable,true,true,,2269
ACP002269,BG,Digital,Product,Individual Contributor,Permanent,2024-04-01,,,,HCM_A,2025-12-21,BG,Individual Contributor,true,true,true,true,true,false,not_applicable,true,true,,2270
ACP002270,GR,Digital,Product,Individual Contributor,Permanent,2022-12-24,,,,HCM_B,2025-12-22,GR,Individual Contributor,true,true,true,true,true,false,not_applicable,true,true,,2271
ACP002271,IT,Finance,Accounting,Individual Contributor,Permanent,2023-05-13,,,,HCM_A,2025-12-23,IT,Individual Contributor,true,true,true,true,true,false,not_applicable,true,true,,2272
ACP002272,GR,Finance,Accounting,Manager,Permanent,2023-04-20,,,,HCM_A,2025-12-24,GR,Manager,true,true,true,true,true,false,not_applicable,true,true,,2273
ACP002273,IT,Sales,Field Sales,Manager,Permanent,2021-08-16,,,,HCM_A,2025-12-25,IT,Manager,true,true,true,true,true,false,not_applicable,true,true,,2274
ACP002274,BG,Supply Chain,Manufacturing,Manager,Permanent,2020-10-03,,,,HCM_A,2025-12-26,BG,Manager,true,true,true,true,true,false,not_applicable,true,true,,2275
ACP002275,GR,Sales,Field Sales,Manager,Permanent,2025-05-07,,,,HCM_B,2025-12-27,GR,Manager,true,true,true,true,true,false,not_applicable,true,false,,2276
ACP002276,RO,Digital,Product,Individual Contributor,Permanent,2024-07-29,2024-12-24,Voluntary,false,HCM_A,2025-12-28,RO,Individual Contributor,true,true,true,true,true,false,false,true,true,,2277
ACP002277,RO,Digital,Software,Manager,Permanent,2024-07-17,2025-07-21,Voluntary,false,HCM_A,2025-12-29,RO,Manager,true,true,true,true,true,false,false,true,true,,2278
ACP002278,GR,Digital,Software,Manager,Permanent,2023-04-29,2024-05-25,Voluntary,false,HCM_A,2025-12-30,GR,Manager,true,true,true,true,true,false,false,true,true,,2279
ACP002279,PL,Supply Chain,Manufacturing,Senior Leader,Fixed Term,2025-11-28,,,,HCM_A,2025-12-31,PL,Senior Leader,true,true,true,true,true,true,not_applicable,false,false,,2280
ACP002280,IT,Digital,Software,Individual Contributor,Permanent,2025-03-21,,,,HCM_B,2025-12-20,IT,Individual Contributor,true,true,true,true,true,false,not_applicable,true,false,,2281
ACP002281,BG,Sales,Field Sales,Individual Contributor,Permanent,2023-04-14,2025-09-23,End of Contract,false,HCM_A,2025-12-21,BG,Individual Contributor,true,true,true,true,true,false,false,true,true,,2282
ACP002282,IE,Sales,Field Sales,Individual Contributor,Permanent,2024-05-30,,,,HCM_A,2025-12-22,IE,Individual Contributor,true,true,true,true,true,false,not_applicable,true,true,,2283
ACP002283,RO,Supply Chain,Procurement,Individual Contributor,Permanent,2023-11-29,,,,HCM_A,2025-12-23,RO,Individual Contributor,true,true,true,true,true,false,not_applicable,true,true,,2284
ACP002284,PL,Supply Chain,Logistics,Manager,Fixed Term,2024-03-19,,,,HCM_A,2025-12-24,PL,Manager,true,true,true,true,true,false,not_applicable,true,true,,2285
ACP002285,PL,Supply Chain,Logistics,Individual Contributor,Fixed Term,2020-12-09,2021-04-24,Voluntary,false,HCM_B,2025-12-25,PL,Individual Contributor,true,true,true,true,true,false,false,true,true,,2286
ACP002286,IT,Supply Chain,Procurement,Individual Contributor,Permanent,2025-10-24,,,,HCM_A,2025-12-26,IT,Individual Contributor,true,true,true,true,true,false,not_applicable,false,false,,2287
ACP002287,IT,Supply Chain,Procurement,Individual Contributor,Permanent,2025-10-01,,,,HCM_A,2025-12-27,IT,Individual Contributor,true,true,true,true,true,false,not_applicable,false,false,,2288
ACP002288,BG,Supply Chain,Procurement,Manager,Permanent,2023-09-07,2025-06-30,Voluntary,false,HCM_A,2025-12-28,BG,Manager,true,true,true,true,true,false,false,true,true,,2289
ACP002289,GR,Finance,Accounting,Individual Contributor,Permanent,2022-06-20,,,,HCM_A,2025-12-29,GR,Individual Contributor,true,true,true,true,true,false,not_applicable,true,true,,2290
ACP002290,GR,Digital,Data,Senior Leader,Permanent,2025-09-05,,,,HCM_B,2025-12-30,GR,Senior Leader,true,true,true,true,true,true,not_applicable,false,false,,2291
ACP002291,IE,Sales,Commercial Planning,Senior Leader,Permanent,2022-12-09,2024-03-22,Voluntary,true,HCM_A,2025-12-31,IE,Senior Leader,true,true,true,true,true,true,true,true,true,,2292
ACP002292,IE,Supply Chain,Logistics,Individual Contributor,Permanent,2023-11-30,,,,HCM_A,2025-12-20,IE,Individual Contributor,true,true,true,true,true,false,not_applicable,true,true,,2293
ACP002293,PL,Supply Chain,Manufacturing,Manager,Permanent,2022-04-30,,,,HCM_A,2025-12-21,PL,Manager,true,true,true,true,true,false,not_applicable,true,true,,2294
ACP002294,IT,Sales,Key Accounts,Senior Leader,Permanent,2024-06-12,,,,HCM_A,2025-12-22,IT,Senior Leader,true,true,true,true,true,true,not_applicable,true,true,,2295
ACP002295,RO,Supply Chain,Manufacturing,Manager,Permanent,2022-05-08,2023-01-28,Voluntary,false,HCM_B,2025-12-23,RO,Manager,true,true,true,true,true,false,false,true,true,,2296
ACP002296,RO,Finance,FP&A,Individual Contributor,Permanent,2024-03-20,,,,HCM_A,2025-12-24,RO,Individual Contributor,true,true,true,true,true,false,not_applicable,true,true,,2297
ACP002297,BG,Sales,Field Sales,Senior Leader,Permanent,2023-06-03,2023-09-10,Voluntary,false,HCM_A,2025-12-25,BG,Senior Leader,true,true,true,true,true,true,false,true,true,,2298
ACP002298,GR,Sales,Key Accounts,Individual Contributor,Fixed Term,2025-10-09,,,,HCM_A,2025-12-26,GR,Individual Contributor,true,true,true,true,true,false,not_applicable,false,false,,2299
ACP002299,PL,Finance,Controls,Manager,Permanent,2024-12-29,,,,HCM_A,2025-12-27,PL,Manager,true,true,true,true,true,false,not_applicable,true,true,,2300
ACP002300,IT,Finance,Controls,Manager,Fixed Term,2021-08-08,,,,HCM_B,2025-12-28,IT,Manager,true,true,true,true,true,false,not_applicable,true,true,,2301
ACP002301,IE,Sales,Key Accounts,Individual Contributor,Permanent,2025-05-16,2025-10-08,Involuntary,false,HCM_A,2025-12-29,IE,Individual Contributor,true,true,true,true,true,false,false,true,false,,2302
ACP002302,IE,Finance,Controls,Individual Contributor,Permanent,2024-06-29,,,,HCM_A,2025-12-30,IE,Individual Contributor,true,true,true,true,true,false,not_applicable,true,true,,2303
ACP002303,IE,Digital,Product,Individual Contributor,Permanent,2020-05-25,2024-10-19,End of Contract,false,HCM_A,2025-12-31,IE,Individual Contributor,true,true,true,true,true,false,false,true,true,,2304
ACP002304,IE,Finance,FP&A,Individual Contributor,Permanent,2022-09-12,2023-01-16,Voluntary,false,HCM_A,2025-12-20,IE,Individual Contributor,true,true,true,true,true,false,false,true,true,,2305
ACP002305,GR,Finance,FP&A,Senior Leader,Permanent,2022-04-24,,,,HCM_B,2025-12-21,GR,Senior Leader,true,true,true,true,true,true,not_applicable,true,true,,2306
ACP002306,PL,Digital,Product,Manager,Permanent,2023-02-19,,,,HCM_A,2025-12-22,PL,Manager,true,true,true,true,true,false,not_applicable,true,true,,2307
ACP002307,PL,Finance,Controls,Individual Contributor,Permanent,2021-04-09,2021-05-27,Voluntary,false,HCM_A,2025-12-23,PL,Individual Contributor,true,true,true,true,true,false,false,true,true,,2308
ACP002308,GR,Sales,Key Accounts,Senior Leader,Fixed Term,2024-06-04,2025-02-10,Involuntary,false,HCM_A,2025-12-24,GR,Senior Leader,true,true,true,true,true,true,false,true,true,,2309
ACP002309,RO,Digital,Product,Manager,Permanent,2025-08-03,,,,HCM_A,2025-12-25,RO,Manager,true,true,true,true,true,false,not_applicable,false,false,,2310
ACP002310,BG,Supply Chain,Procurement,Individual Contributor,Permanent,2020-10-02,,,,HCM_B,2025-12-26,BG,Individual Contributor,true,true,true,true,true,false,not_applicable,true,true,,2311
ACP002311,BG,Digital,Product,Individual Contributor,Permanent,2021-05-02,2024-09-20,Voluntary,true,HCM_A,2025-12-27,BG,Individual Contributor,true,true,true,true,true,false,true,true,true,,2312
ACP002312,PL,Sales,Commercial Planning,Manager,Fixed Term,2021-07-29,2024-06-16,Voluntary,false,HCM_A,2025-12-28,PL,Manager,true,true,true,true,true,false,false,true,true,,2313
ACP002313,RO,Supply Chain,Procurement,Senior Leader,Permanent,2022-10-31,,,,HCM_A,2025-12-29,RO,Senior Leader,true,true,true,true,true,true,not_applicable,true,true,,2314
ACP002314,BG,Sales,Commercial Planning,Manager,Permanent,2024-06-26,,,,HCM_A,2025-12-30,BG,Manager,true,true,true,true,true,false,not_applicable,true,true,,2315
ACP002315,RO,Finance,FP&A,Individual Contributor,Permanent,2023-02-18,,,,HCM_B,2025-12-31,RO,Individual Contributor,true,true,true,true,true,false,not_applicable,true,true,,2316
ACP002316,PL,Digital,Data,Individual Contributor,Permanent,2022-05-25,2022-10-25,Voluntary,true,HCM_A,2025-12-20,PL,Individual Contributor,true,true,true,true,true,false,true,true,true,,2317
ACP002317,IE,Supply Chain,Manufacturing,Manager,Permanent,2023-08-01,2025-09-13,Voluntary,true,HCM_A,2025-12-21,IE,Manager,true,true,true,true,true,false,true,true,true,,2318
ACP002318,PL,Digital,Data,Individual Contributor,Permanent,2024-05-01,,,,HCM_A,2025-12-22,PL,Individual Contributor,true,true,true,true,true,false,not_applicable,true,true,,2319
ACP002319,IT,Finance,Accounting,Senior Leader,Permanent,2022-08-10,,,,HCM_A,2025-12-23,IT,Senior Leader,true,true,true,true,true,true,not_applicable,true,true,,2320
ACP002320,IE,Supply Chain,Manufacturing,Individual Contributor,Permanent,2021-10-27,2022-04-28,Voluntary,true,HCM_B,2025-12-24,IE,Individual Contributor,true,true,true,true,true,false,true,true,true,,2321
ACP002321,RO,Finance,Controls,Manager,Permanent,2025-11-15,,,,HCM_A,2025-12-25,ROM,Manager,true,true,true,true,true,false,not_applicable,false,false,country_alias_mapped,2322
ACP002322,BG,Digital,Software,Individual Contributor,Permanent,2023-12-10,,,,HCM_A,2025-12-26,BG,Individual Contributor,true,true,true,true,true,false,not_applicable,true,true,,2323
ACP002323,PL,Digital,Software,Individual Contributor,Permanent,2020-07-08,,,,HCM_A,2025-12-27,PL,Individual Contributor,true,true,true,true,true,false,not_applicable,true,true,,2324
ACP002324,RO,Supply Chain,Logistics,Manager,Permanent,2023-04-06,,,,HCM_A,2025-12-28,RO,Manager,true,true,true,true,true,false,not_applicable,true,true,,2325
ACP002325,GR,Supply Chain,Manufacturing,Senior Leader,Fixed Term,2023-06-15,,,,HCM_B,2025-12-29,GR,Senior Leader,true,true,true,true,true,true,not_applicable,true,true,,2326
ACP002326,GR,Digital,Software,Senior Leader,Permanent,2024-10-20,,,,HCM_A,2025-12-30,GR,Senior Leader,true,true,true,true,true,true,not_applicable,true,true,,2327
ACP002327,RO,Supply Chain,Procurement,Senior Leader,Permanent,2023-01-21,,,,HCM_A,2025-12-31,RO,Senior Leader,true,true,true,true,true,true,not_applicable,true,true,,2328
ACP002328,BG,Finance,FP&A,Manager,Fixed Term,2020-03-14,,,,HCM_A,2025-12-20,BG,Manager,true,true,true,true,true,false,not_applicable,true,true,,2329
ACP002329,RO,Finance,Controls,Individual Contributor,Permanent,2024-03-22,,,,HCM_A,2025-12-21,RO,Individual Contributor,true,true,true,true,true,false,not_applicable,true,true,,2330
ACP002330,RO,Finance,FP&A,Individual Contributor,Permanent,2023-03-15,2023-04-18,End of Contract,false,HCM_B,2025-12-22,RO,Individual Contributor,true,true,true,true,true,false,false,true,true,,2331
ACP002331,IT,Digital,Data,Individual Contributor,Permanent,2021-09-28,2021-10-28,Voluntary,false,HCM_A,2025-12-23,IT,Individual Contributor,true,true,true,true,true,false,false,true,true,,2332
ACP002332,BG,Finance,Controls,Individual Contributor,Permanent,2023-11-29,,,,HCM_A,2025-12-24,BG,Individual Contributor,true,true,true,true,true,false,not_applicable,true,true,,2333
ACP002333,PL,Finance,Accounting,Individual Contributor,Fixed Term,2024-07-11,,,,HCM_A,2025-12-25,PL,Individual Contributor,true,true,true,true,true,false,not_applicable,true,true,,2334
ACP002334,PL,Digital,Software,Individual Contributor,Permanent,2020-10-31,,,,HCM_A,2025-12-26,PL,Individual Contributor,true,true,true,true,true,false,not_applicable,true,true,,2335
ACP002335,IT,Digital,Data,Individual Contributor,Permanent,2025-09-16,,,,HCM_B,2025-12-27,IT,Individual Contributor,true,true,true,true,true,false,not_applicable,false,false,,2336
ACP002336,IE,Supply Chain,Manufacturing,Manager,Permanent,2020-05-29,2020-11-10,Voluntary,true,HCM_A,2025-12-28,IE,Manager,true,true,true,true,true,false,true,true,true,,2337
ACP002337,GR,Finance,Accounting,Individual Contributor,Permanent,2021-05-16,,,,HCM_A,2025-12-29,GR,Individual Contributor,true,true,true,true,true,false,not_applicable,true,true,,2338
ACP002338,BG,Supply Chain,Manufacturing,Individual Contributor,Permanent,2022-10-02,2024-02-07,Voluntary,true,HCM_A,2025-12-30,BG,Individual Contributor,true,true,true,true,true,false,true,true,true,,2339
ACP002339,IE,Supply Chain,Procurement,Individual Contributor,Permanent,2025-05-09,2025-11-17,Voluntary,false,HCM_A,2025-12-31,IE,Individual Contributor,true,true,true,true,true,false,false,true,false,,2340
ACP002340,IE,Finance,Controls,Individual Contributor,Permanent,2024-06-21,,,,HCM_B,2025-12-20,IE,Individual Contributor,true,true,true,true,true,false,not_applicable,true,true,,2341
ACP002341,GR,Supply Chain,Procurement,Individual Contributor,Permanent,2020-04-23,,,,HCM_A,2025-12-21,GR,Individual Contributor,true,true,true,true,true,false,not_applicable,true,true,,2342
ACP002342,PL,Finance,Accounting,Individual Contributor,Permanent,2022-05-08,2022-09-02,Involuntary,false,HCM_A,2025-12-22,PL,Individual Contributor,true,true,true,true,true,false,false,true,true,,2343
ACP002343,PL,Digital,Product,Manager,Permanent,2023-04-16,,,,HCM_A,2025-12-23,PL,Manager,true,true,true,true,true,false,not_applicable,true,true,,2344
ACP002344,IT,Digital,Data,Individual Contributor,Permanent,2025-10-21,,,,HCM_A,2025-12-24,IT,Individual Contributor,true,true,true,true,true,false,not_applicable,false,false,,2345
ACP002345,BG,Finance,Controls,Individual Contributor,Permanent,2020-11-04,,,,HCM_B,2025-12-25,BG,Individual Contributor,true,true,true,true,true,false,not_applicable,true,true,,2346
ACP002346,GR,Digital,Software,Manager,Permanent,2022-09-24,,,,HCM_A,2025-12-26,GR,Manager,true,true,true,true,true,false,not_applicable,true,true,,2347
ACP002347,GR,Sales,Commercial Planning,Individual Contributor,Permanent,2020-07-21,2021-03-10,Involuntary,false,HCM_A,2025-12-27,GR,Individual Contributor,true,true,true,true,true,false,false,true,true,,2348
ACP002348,RO,Digital,Software,Manager,Permanent,2023-05-11,2023-12-30,End of Contract,false,HCM_A,2025-12-28,RO,Manager,true,true,true,true,true,false,false,true,true,,2349
ACP002349,RO,Sales,Key Accounts,Manager,Permanent,2022-10-18,,,,HCM_A,2025-12-29,RO,Manager,true,true,true,true,true,false,not_applicable,true,true,,2350
ACP002350,IE,Supply Chain,Procurement,Individual Contributor,Fixed Term,2022-09-02,,,,HCM_B,2025-12-30,IE,Individual Contributor,true,true,true,true,true,false,not_applicable,true,true,,2351
ACP002351,IE,Finance,Controls,Manager,Permanent,2022-10-20,2023-08-07,Voluntary,true,HCM_A,2025-12-31,IE,Manager,true,true,true,true,true,false,true,true,true,,2352
ACP002352,PL,Finance,Controls,Individual Contributor,Permanent,2021-08-28,,,,HCM_A,2025-12-20,PL,Individual Contributor,true,true,true,true,true,false,not_applicable,true,true,,2353
ACP002353,RO,Digital,Data,Individual Contributor,Permanent,2024-02-24,2024-08-27,Voluntary,true,HCM_A,2025-12-21,RO,Individual Contributor,true,true,true,true,true,false,true,true,true,,2354
ACP002354,GR,Finance,Controls,Senior Leader,Permanent,2023-06-24,,,,HCM_A,2025-12-22,GR,Senior Leader,true,true,true,true,true,true,not_applicable,true,true,,2355
ACP002355,IT,Sales,Commercial Planning,Individual Contributor,Fixed Term,2025-08-09,,,,HCM_B,2025-12-23,IT,Individual Contributor,true,true,true,true,true,false,not_applicable,false,false,,2356
ACP002356,RO,Digital,Software,Senior Leader,Permanent,2022-01-26,,,,HCM_A,2025-12-24,RO,Senior Leader,true,true,true,true,true,true,not_applicable,true,true,,2357
ACP002357,IT,Sales,Key Accounts,Individual Contributor,Permanent,2023-04-09,,,,HCM_A,2025-12-25,IT,Individual Contributor,true,true,true,true,true,false,not_applicable,true,true,,2358
ACP002358,RO,Sales,Field Sales,Individual Contributor,Permanent,2024-01-31,,,,HCM_A,2025-12-26,RO,Individual Contributor,true,true,true,true,true,false,not_applicable,true,true,,2359
ACP002359,PL,Finance,Controls,Manager,Fixed Term,2025-03-02,,,,HCM_A,2025-12-27,PL,Manager,true,true,true,true,true,false,not_applicable,true,false,,2360
ACP002360,PL,Sales,Field Sales,Individual Contributor,Permanent,2022-11-08,,,,HCM_B,2025-12-28,PL,Individual Contributor,true,true,true,true,true,false,not_applicable,true,true,,2361
ACP002361,IE,Finance,Accounting,Individual Contributor,Permanent,2022-08-31,,,,HCM_A,2025-12-29,IE,Individual Contributor,true,true,true,true,true,false,not_applicable,true,true,,2362
ACP002362,GR,Supply Chain,Manufacturing,Manager,Permanent,2020-12-10,2025-03-18,End of Contract,false,HCM_A,2025-12-30,GR,Manager,true,true,true,true,true,false,false,true,true,,2363
ACP002363,IT,Sales,Commercial Planning,Senior Leader,Fixed Term,2024-06-19,,,,HCM_A,2025-12-31,IT,Senior Leader,true,true,true,true,true,true,not_applicable,true,true,,2364
ACP002364,IT,Digital,Data,Manager,Permanent,2022-01-09,,,,HCM_A,2025-12-20,IT,Manager,true,true,true,true,true,false,not_applicable,true,true,,2365
ACP002365,GR,Supply Chain,Logistics,Individual Contributor,Fixed Term,2021-06-09,2021-10-08,Voluntary,true,HCM_B,2025-12-21,GR,Individual Contributor,true,true,true,true,true,false,true,true,true,,2366
ACP002366,IT,Digital,Software,Manager,Permanent,2020-04-14,,,,HCM_A,2025-12-22,IT,Manager,true,true,true,true,true,false,not_applicable,true,true,,2367
ACP002367,GR,Finance,Controls,Manager,Permanent,2025-06-18,,,,HCM_A,2025-12-23,GR,Manager,true,true,true,true,true,false,not_applicable,true,false,,2368
ACP002368,IT,Finance,FP&A,Individual Contributor,Permanent,2025-02-05,,,,HCM_A,2025-12-24,IT,Individual Contributor,true,true,true,true,true,false,not_applicable,true,false,,2369
ACP002369,RO,Sales,Key Accounts,Senior Leader,Permanent,2025-07-06,,,,HCM_A,2025-12-25,RO,Senior Leader,true,true,true,true,true,true,not_applicable,false,false,,2370
ACP002370,GR,Supply Chain,Procurement,Individual Contributor,Permanent,2024-08-31,,,,HCM_B,2025-12-26,GR,Individual Contributor,true,true,true,true,true,false,not_applicable,true,true,,2371
ACP002371,IT,Digital,Data,Manager,Permanent,2024-09-25,,,,HCM_A,2025-12-27,IT,Manager,true,true,true,true,true,false,not_applicable,true,true,,2372
ACP002372,GR,Supply Chain,Manufacturing,Individual Contributor,Fixed Term,2024-08-26,,,,HCM_A,2025-12-28,GR,Individual Contributor,true,true,true,true,true,false,not_applicable,true,true,,2373
ACP002373,BG,Supply Chain,Manufacturing,Individual Contributor,Permanent,2022-08-07,2023-02-03,Involuntary,false,HCM_A,2025-12-29,BG,Individual Contributor,true,true,true,true,true,false,false,true,true,,2374
ACP002374,BG,Supply Chain,Manufacturing,Individual Contributor,Fixed Term,2021-02-23,2025-04-08,Voluntary,false,HCM_A,2025-12-30,BG,Individual Contributor,true,true,true,true,true,false,false,true,true,,2375
ACP002375,GR,Supply Chain,Manufacturing,Individual Contributor,Permanent,2022-12-09,2023-03-12,Voluntary,false,HCM_B,2025-12-31,GR,Individual Contributor,true,true,true,true,true,false,false,true,true,,2376
ACP002376,BG,Digital,Data,Individual Contributor,Permanent,2021-11-22,2023-10-10,Voluntary,false,HCM_A,2025-12-20,BG,Individual Contributor,true,true,true,true,true,false,false,true,true,,2377
ACP002377,IE,Sales,Key Accounts,Manager,Permanent,2023-12-14,2025-08-28,Voluntary,false,HCM_A,2025-12-21,IE,Manager,true,true,true,true,true,false,false,true,true,,2378
ACP002378,BG,Supply Chain,Procurement,Manager,Permanent,2024-03-08,2025-08-17,Involuntary,false,HCM_A,2025-12-22,BG,Manager,true,true,true,true,true,false,false,true,true,,2379
ACP002379,PL,Finance,Accounting,Individual Contributor,Permanent,2020-04-01,,,,HCM_A,2025-12-23,PL,Individual Contributor,true,true,true,true,true,false,not_applicable,true,true,,2380
ACP002380,GR,Supply Chain,Manufacturing,Individual Contributor,Permanent,2022-06-07,2023-09-08,Voluntary,false,HCM_B,2025-12-24,GR,Individual Contributor,true,true,true,true,true,false,false,true,true,,2381
ACP002381,RO,Sales,Key Accounts,Individual Contributor,Permanent,2024-02-27,,,,HCM_A,2025-12-25,RO,Individual Contributor,true,true,true,true,true,false,not_applicable,true,true,,2382
ACP002382,IE,Supply Chain,Procurement,Senior Leader,Permanent,2020-02-14,2021-01-16,Voluntary,true,HCM_A,2025-12-26,IE,Senior Leader,true,true,true,true,true,true,true,true,true,,2383
ACP002383,IE,Sales,Key Accounts,Individual Contributor,Permanent,2022-12-16,,,,HCM_A,2025-12-27,IE,Individual Contributor,true,true,true,true,true,false,not_applicable,true,true,,2384
ACP002384,GR,Supply Chain,Logistics,Senior Leader,Permanent,2025-06-27,,,,HCM_A,2025-12-28,GR,Senior Leader,true,true,true,true,true,true,not_applicable,true,false,,2385
ACP002385,RO,Sales,Commercial Planning,Individual Contributor,Permanent,2022-12-06,2023-01-21,Involuntary,false,HCM_B,2025-12-29,RO,Individual Contributor,true,true,true,true,true,false,false,true,true,,2386
ACP002386,PL,Finance,Accounting,Individual Contributor,Permanent,2021-07-07,,,,HCM_A,2025-12-30,PL,Individual Contributor,true,true,true,true,true,false,not_applicable,true,true,,2387
ACP002387,IT,Sales,Commercial Planning,Manager,Permanent,2025-04-05,,,,HCM_A,2025-12-31,IT,Manager,true,true,true,true,true,false,not_applicable,true,false,,2388
ACP002388,IE,Finance,FP&A,Manager,Permanent,2021-09-04,,,,HCM_A,2025-12-20,IE,Manager,true,true,true,true,true,false,not_applicable,true,true,,2389
ACP002389,IE,Sales,Commercial Planning,Manager,Permanent,2022-08-03,,,,HCM_A,2025-12-21,IE,Manager,true,true,true,true,true,false,not_applicable,true,true,,2390
ACP002390,IE,Digital,Data,Individual Contributor,Permanent,2025-05-20,,,,HCM_B,2025-12-22,IE,Individual Contributor,true,true,true,true,true,false,not_applicable,true,false,,2391
ACP002391,GR,Finance,FP&A,Manager,Permanent,2024-09-11,,,,HCM_A,2025-12-23,GR,Manager,true,true,true,true,true,false,not_applicable,true,true,,2392
ACP002392,IE,Digital,Data,Individual Contributor,Fixed Term,2023-06-17,,,,HCM_A,2025-12-24,IE,Individual Contributor,true,true,true,true,true,false,not_applicable,true,true,,2393
ACP002393,IT,Supply Chain,Procurement,Individual Contributor,Permanent,2025-05-03,,,,HCM_A,2025-12-25,IT,Individual Contributor,true,true,true,true,true,false,not_applicable,true,false,,2394
ACP002394,IT,Sales,Field Sales,Individual Contributor,Permanent,2025-07-09,,,,HCM_A,2025-12-26,IT,Individual Contributor,true,true,true,true,true,false,not_applicable,false,false,,2395
ACP002395,IE,Finance,FP&A,Individual Contributor,Fixed Term,2022-06-14,,,,HCM_B,2025-12-27,IE,Individual Contributor,true,true,true,true,true,false,not_applicable,true,true,,2396
ACP002396,RO,Supply Chain,Procurement,Senior Leader,Permanent,2020-11-22,,,,HCM_A,2025-12-28,RO,Senior Leader,true,true,true,true,true,true,not_applicable,true,true,,2397
ACP002397,PL,Sales,Field Sales,Individual Contributor,Fixed Term,2020-03-21,,,,HCM_A,2025-12-29,PL,Individual Contributor,true,true,true,true,true,false,not_applicable,true,true,,2398
ACP002398,RO,Sales,Field Sales,Manager,Fixed Term,2022-10-07,2023-01-30,Involuntary,false,HCM_A,2025-12-30,RO,Manager,true,true,true,true,true,false,false,true,true,,2399
ACP002399,PL,Sales,Key Accounts,Individual Contributor,Permanent,2023-11-17,2024-12-17,Voluntary,false,HCM_A,2025-12-31,PL,Individual Contributor,true,true,true,true,true,false,false,true,true,,2400
ACP002400,BG,Supply Chain,Logistics,Manager,Permanent,2023-05-19,,,,HCM_B,2025-12-20,BG,Manager,true,true,true,true,true,false,not_applicable,true,true,,2401
