employee_id,country_code,business_unit,job_family,career_level,employment_type,hire_date,termination_date,termination_type,regretted_exit,source_system,record_updated_at,country_code_original,career_level_original,valid_employment_dates,retention_eligible,headcount_eligible,regretted_turnover_eligible,country_analysis_eligible,is_senior_assumed,regretted_classification,mature_6m_as_of,mature_12m_as_of,quality_flags,employee_id_original,business_unit_original,job_family_original,employment_type_original,hire_date_original,termination_date_original,termination_type_original,regretted_exit_original,source_system_original,record_updated_at_original,source_recovery_fields,source_recovery_method,source_csv_line
ACP000001,BG,Supply Chain,Procurement,Individual Contributor,Permanent,2024-09-04,,,,HCM_A,2025-12-21,BG,Individual Contributor,true,true,true,true,true,false,not_applicable,true,true,,ACP000001,Supply Chain,Procurement,Permanent,2024-09-04,,,,HCM_A,2025-12-21,,,2
ACP000002,BG,Digital,Data,Manager,Permanent,2022-11-24,,,,HCM_A,2025-12-22,BG,Manager,true,true,true,true,true,false,not_applicable,true,true,,ACP000002,Digital,Data,Permanent,2022-11-24,,,,HCM_A,2025-12-22,,,3
ACP000003,IE,Sales,Field Sales,Individual Contributor,Permanent,2025-09-21,,,,HCM_A,2025-12-23,IE,Individual Contributor,true,true,true,true,true,false,not_applicable,false,false,,ACP000003,Sales,Field Sales,Permanent,2025-09-21,,,,HCM_A,2025-12-23,,,4
ACP000004,IT,Digital,Product,Manager,Permanent,2020-05-29,,,,HCM_A,2025-12-24,IT,Manager,true,true,true,true,true,false,not_applicable,true,true,,ACP000004,Digital,Product,Permanent,2020-05-29,,,,HCM_A,2025-12-24,,,5
ACP000005,RO,Finance,Accounting,Manager,Permanent,2021-05-21,,,,HCM_B,2025-12-25,RO,Manager,true,true,true,true,true,false,not_applicable,true,true,,ACP000005,Finance,Accounting,Permanent,2021-05-21,,,,HCM_B,2025-12-25,,,6
ACP000006,BG,Finance,Controls,Manager,Permanent,2023-06-21,2024-10-13,Voluntary,false,HCM_A,2025-12-26,BG,Manager,true,true,true,true,true,false,false,true,true,,ACP000006,Finance,Controls,Permanent,2023-06-21,2024-10-13,Voluntary,false,HCM_A,2025-12-26,,,7
ACP000007,IT,Finance,FP&A,Manager,Permanent,2021-04-06,,,,HCM_A,2025-12-27,IT,Manager,true,true,true,true,true,false,not_applicable,true,true,,ACP000007,Finance,FP&A,Permanent,2021-04-06,,,,HCM_A,2025-12-27,,,8
ACP000008,BG,Digital,Data,Individual Contributor,Permanent,2023-12-02,,,,HCM_A,2025-12-28,BG,Individual Contributor,true,true,true,true,true,false,not_applicable,true,true,,ACP000008,Digital,Data,Permanent,2023-12-02,,,,HCM_A,2025-12-28,,,9
ACP000009,GR,Digital,Product,Individual Contributor,Permanent,2021-11-19,,,,HCM_A,2025-12-29,GR,Individual Contributor,true,true,true,true,true,false,not_applicable,true,true,,ACP000009,Digital,Product,Permanent,2021-11-19,,,,HCM_A,2025-12-29,,,10
ACP000010,GR,Digital,Software,Individual Contributor,Fixed Term,2025-05-29,,,,HCM_B,2025-12-30,GR,Individual Contributor,true,true,true,true,true,false,not_applicable,true,false,,ACP000010,Digital,Software,Fixed Term,2025-05-29,,,,HCM_B,2025-12-30,,,11
ACP000011,IT,Supply Chain,Manufacturing,Senior Leader,Permanent,2024-11-02,2025-12-08,Voluntary,true,HCM_A,2025-12-31,IT,Senior Leader,true,true,true,true,true,true,true,true,true,,ACP000011,Supply Chain,Manufacturing,Permanent,2024-11-02,2025-12-08,Voluntary,true,HCM_A,2025-12-31,,,12
ACP000012,IT,Supply Chain,Logistics,Senior Leader,Permanent,2020-04-14,,,,HCM_A,2025-12-20,IT,Senior Leader,true,true,true,true,true,true,not_applicable,true,true,,ACP000012,Supply Chain,Logistics,Permanent,2020-04-14,,,,HCM_A,2025-12-20,,,13
ACP000013,GR,Sales,Field Sales,Individual Contributor,Permanent,2023-05-04,,,,HCM_A,2025-12-21,GR,Individual Contributor,true,true,true,true,true,false,not_applicable,true,true,,ACP000013,Sales,Field Sales,Permanent,2023-05-04,,,,HCM_A,2025-12-21,,,14
ACP000014,IE,Finance,Accounting,Senior Leader,Permanent,2021-01-31,,,,HCM_A,2025-12-22,IE,Senior Leader,true,true,true,true,true,true,not_applicable,true,true,,ACP000014,Finance,Accounting,Permanent,2021-01-31,,,,HCM_A,2025-12-22,,,15
ACP000015,RO,Supply Chain,Manufacturing,Individual Contributor,Fixed Term,2021-08-05,2022-03-02,Voluntary,true,HCM_B,2025-12-23,RO,Individual Contributor,true,true,true,true,true,false,true,true,true,,ACP000015,Supply Chain,Manufacturing,Fixed Term,2021-08-05,2022-03-02,Voluntary,true,HCM_B,2025-12-23,,,16
ACP000016,IT,Digital,Software,Individual Contributor,Permanent,2021-02-26,2024-01-11,End of Contract,false,HCM_A,2025-12-24,IT,Individual Contributor,true,true,true,true,true,false,false,true,true,,ACP000016,Digital,Software,Permanent,2021-02-26,2024-01-11,End of Contract,false,HCM_A,2025-12-24,,,17
ACP000017,RO,Supply Chain,Manufacturing,Individual Contributor,Fixed Term,2023-01-24,2023-05-30,Involuntary,false,HCM_A,2025-12-25,RO,Individual Contributor,true,true,true,true,true,false,false,true,true,,ACP000017,Supply Chain,Manufacturing,Fixed Term,2023-01-24,2023-05-30,Involuntary,false,HCM_A,2025-12-25,,,18
ACP000018,IE,Sales,Key Accounts,Individual Contributor,Permanent,2023-02-24,2023-12-11,Voluntary,false,HCM_A,2025-12-26,IE,Individual Contributor,true,true,true,true,true,false,false,true,true,,ACP000018,Sales,Key Accounts,Permanent,2023-02-24,2023-12-11,Voluntary,false,HCM_A,2025-12-26,,,19
ACP000019,PL,Digital,Product,Individual Contributor,Permanent,2021-08-04,2022-01-26,End of Contract,false,HCM_A,2025-12-27,PL,Individual Contributor,true,true,true,true,true,false,false,true,true,,ACP000019,Digital,Product,Permanent,2021-08-04,2022-01-26,End of Contract,false,HCM_A,2025-12-27,,,20
ACP000020,PL,Digital,Product,Senior Leader,Fixed Term,2023-07-18,2024-01-09,Involuntary,false,HCM_B,2025-12-28,PL,Senior Leader,true,true,true,true,true,true,false,true,true,,ACP000020,Digital,Product,Fixed Term,2023-07-18,2024-01-09,Involuntary,false,HCM_B,2025-12-28,,,21
ACP000021,RO,Digital,Data,Senior Leader,Permanent,2020-06-14,2020-07-11,Voluntary,false,HCM_A,2025-12-29,RO,Senior Leader,true,true,true,true,true,true,false,true,true,,ACP000021,Digital,Data,Permanent,2020-06-14,2020-07-11,Voluntary,false,HCM_A,2025-12-29,,,22
ACP000022,RO,Digital,Data,Individual Contributor,Permanent,2023-10-26,,,,HCM_A,2025-12-30,RO,Individual Contributor,true,true,true,true,true,false,not_applicable,true,true,,ACP000022,Digital,Data,Permanent,2023-10-26,,,,HCM_A,2025-12-30,,,23
ACP000023,IE,Supply Chain,Procurement,Individual Contributor,Permanent,2025-05-27,,,,HCM_A,2025-12-31,IE,Individual Contributor,true,true,true,true,true,false,not_applicable,true,false,,ACP000023,Supply Chain,Procurement,Permanent,2025-05-27,,,,HCM_A,2025-12-31,,,24
ACP000024,RO,Digital,Software,Manager,Permanent,2025-06-27,2025-12-27,Voluntary,false,HCM_A,2025-12-20,RO,Manager,true,true,true,true,true,false,false,true,false,,ACP000024,Digital,Software,Permanent,2025-06-27,2025-12-27,Voluntary,false,HCM_A,2025-12-20,,,25
ACP000025,RO,Digital,Product,Manager,Permanent,2025-08-15,,,,HCM_B,2025-12-21,RO,Manager,true,true,true,true,true,false,not_applicable,false,false,,ACP000025,Digital,Product,Permanent,2025-08-15,,,,HCM_B,2025-12-21,,,26
ACP000026,RO,Digital,Data,Manager,Permanent,2021-07-01,,,,HCM_A,2025-12-22,RO,Manager,true,true,true,true,true,false,not_applicable,true,true,,ACP000026,Digital,Data,Permanent,2021-07-01,,,,HCM_A,2025-12-22,,,27
ACP000027,IE,Finance,FP&A,Manager,Permanent,2023-01-22,,,,HCM_A,2025-12-23,IE,Manager,true,true,true,true,true,false,not_applicable,true,true,,ACP000027,Finance,FP&A,Permanent,2023-01-22,,,,HCM_A,2025-12-23,,,28
ACP000028,BG,Sales,Key Accounts,Senior Leader,Fixed Term,2022-02-03,,,,HCM_A,2025-12-24,BG,Senior Leader,true,true,true,true,true,true,not_applicable,true,true,,ACP000028,Sales,Key Accounts,Fixed Term,2022-02-03,,,,HCM_A,2025-12-24,,,29
ACP000029,IE,Finance,Controls,Individual Contributor,Fixed Term,2024-07-23,,,,HCM_A,2025-12-25,IE,Individual Contributor,true,true,true,true,true,false,not_applicable,true,true,,ACP000029,Finance,Controls,Fixed Term,2024-07-23,,,,HCM_A,2025-12-25,,,30
ACP000030,BG,Sales,Key Accounts,Individual Contributor,Permanent,2020-05-23,,,,HCM_B,2025-12-26,BG,Individual Contributor,true,true,true,true,true,false,not_applicable,true,true,,ACP000030,Sales,Key Accounts,Permanent,2020-05-23,,,,HCM_B,2025-12-26,,,31
ACP000031,IE,Supply Chain,Manufacturing,Individual Contributor,Permanent,2024-01-29,,,,HCM_A,2025-12-27,IE,Individual Contributor,true,true,true,true,true,false,not_applicable,true,true,,ACP000031,Supply Chain,Manufacturing,Permanent,2024-01-29,,,,HCM_A,2025-12-27,,,32
ACP000032,BG,Supply Chain,Logistics,Senior Leader,Permanent,2025-06-18,,,,HCM_A,2025-12-28,BG,Senior Leader,true,true,true,true,true,true,not_applicable,true,false,,ACP000032,Supply Chain,Logistics,Permanent,2025-06-18,,,,HCM_A,2025-12-28,,,33
ACP000033,PL,Finance,Controls,Manager,Fixed Term,2020-03-14,,,,HCM_A,2025-12-29,PL,Manager,true,true,true,true,true,false,not_applicable,true,true,,ACP000033,Finance,Controls,Fixed Term,2020-03-14,,,,HCM_A,2025-12-29,,,34
ACP000034,PL,Supply Chain,Procurement,Individual Contributor,Permanent,2023-09-23,,,,HCM_A,2025-12-30,PL,Individual Contributor,true,true,true,true,true,false,not_applicable,true,true,,ACP000034,Supply Chain,Procurement,Permanent,2023-09-23,,,,HCM_A,2025-12-30,,,35
ACP000035,GR,Digital,Software,Senior Leader,Permanent,2023-12-13,,,,HCM_B,2025-12-31,GR,Senior Leader,true,true,true,true,true,true,not_applicable,true,true,,ACP000035,Digital,Software,Permanent,2023-12-13,,,,HCM_B,2025-12-31,,,36
ACP000036,GR,Digital,Software,Senior Leader,Permanent,2024-06-26,,,,HCM_A,2025-12-20,GR,Senior Leader,true,true,true,true,true,true,not_applicable,true,true,,ACP000036,Digital,Software,Permanent,2024-06-26,,,,HCM_A,2025-12-20,,,37
ACP000037,GR,Finance,FP&A,Individual Contributor,Permanent,2024-10-23,,,,HCM_A,2025-12-21,GR,Individual Contributor,true,true,true,true,true,false,not_applicable,true,true,,ACP000037,Finance,FP&A,Permanent,2024-10-23,,,,HCM_A,2025-12-21,,,38
ACP000038,IT,Supply Chain,Manufacturing,Manager,Permanent,2021-08-12,,,,HCM_A,2025-12-22,IT,Manager,true,true,true,true,true,false,not_applicable,true,true,,ACP000038,Supply Chain,Manufacturing,Permanent,2021-08-12,,,,HCM_A,2025-12-22,,,39
ACP000039,RO,Finance,FP&A,Individual Contributor,Permanent,2021-03-02,,,,HCM_A,2025-12-23,RO,Individual Contributor,true,true,true,true,true,false,not_applicable,true,true,,ACP000039,Finance,FP&A,Permanent,2021-03-02,,,,HCM_A,2025-12-23,,,40
ACP000040,GR,Digital,Product,Individual Contributor,Permanent,2024-12-25,,,,HCM_B,2025-12-24,GR,Individual Contributor,true,true,true,true,true,false,not_applicable,true,true,,ACP000040,Digital,Product,Permanent,2024-12-25,,,,HCM_B,2025-12-24,,,41
ACP000041,RO,Finance,Accounting,Individual Contributor,Fixed Term,2021-04-04,,,,HCM_A,2025-12-25,RO,Individual Contributor,true,true,true,true,true,false,not_applicable,true,true,,ACP000041,Finance,Accounting,Fixed Term,2021-04-04,,,,HCM_A,2025-12-25,,,42
ACP000042,RO,Digital,Data,Manager,Permanent,2024-03-30,,,,HCM_A,2025-12-26,RO,Manager,true,true,true,true,true,false,not_applicable,true,true,,ACP000042,Digital,Data,Permanent,2024-03-30,,,,HCM_A,2025-12-26,,,43
ACP000043,RO,Digital,Product,Manager,Permanent,2020-09-21,,,,HCM_A,2025-12-27,RO,Manager,true,true,true,true,true,false,not_applicable,true,true,,ACP000043,Digital,Product,Permanent,2020-09-21,,,,HCM_A,2025-12-27,,,44
ACP000044,RO,Digital,Product,Individual Contributor,Fixed Term,2021-02-03,2025-07-24,Voluntary,false,HCM_A,2025-12-28,RO,Individual Contributor,true,true,true,true,true,false,false,true,true,,ACP000044,Digital,Product,Fixed Term,2021-02-03,2025-07-24,Voluntary,false,HCM_A,2025-12-28,,,45
ACP000045,BG,Digital,Software,Individual Contributor,Permanent,2020-12-27,,,,HCM_B,2025-12-29,BG,Individual Contributor,true,true,true,true,true,false,not_applicable,true,true,,ACP000045,Digital,Software,Permanent,2020-12-27,,,,HCM_B,2025-12-29,,,46
ACP000046,GR,Supply Chain,Logistics,Manager,Permanent,2021-10-11,,,,HCM_A,2025-12-30,GR,Manager,true,true,true,true,true,false,not_applicable,true,true,,ACP000046,Supply Chain,Logistics,Permanent,2021-10-11,,,,HCM_A,2025-12-30,,,47
ACP000047,BG,Sales,Field Sales,Individual Contributor,Permanent,2024-01-17,,,,HCM_A,2025-12-31,BG,Individual Contributor,true,true,true,true,true,false,not_applicable,true,true,,ACP000047,Sales,Field Sales,Permanent,2024-01-17,,,,HCM_A,2025-12-31,,,48
ACP000048,IT,Finance,Controls,Individual Contributor,Permanent,2021-07-08,,,,HCM_A,2025-12-20,IT,Individual Contributor,true,true,true,true,true,false,not_applicable,true,true,,ACP000048,Finance,Controls,Permanent,2021-07-08,,,,HCM_A,2025-12-20,,,49
ACP000049,PL,Sales,Field Sales,Manager,Permanent,2025-10-21,,,,HCM_A,2025-12-21,PL,Manager,true,true,true,true,true,false,not_applicable,false,false,,ACP000049,Sales,Field Sales,Permanent,2025-10-21,,,,HCM_A,2025-12-21,,,50
ACP000050,PL,Supply Chain,Logistics,Senior Leader,Permanent,2022-05-01,,,,HCM_B,2025-12-22,PL,Senior Leader,true,true,true,true,true,true,not_applicable,true,true,,ACP000050,Supply Chain,Logistics,Permanent,2022-05-01,,,,HCM_B,2025-12-22,,,51
ACP000051,BG,Sales,Commercial Planning,Individual Contributor,Fixed Term,2021-12-04,2022-08-04,Voluntary,true,HCM_A,2025-12-23,BG,Individual Contributor,true,true,true,true,true,false,true,true,true,,ACP000051,Sales,Commercial Planning,Fixed Term,2021-12-04,2022-08-04,Voluntary,true,HCM_A,2025-12-23,,,52
ACP000052,BG,Supply Chain,Procurement,Individual Contributor,Permanent,2024-07-19,,,,HCM_A,2025-12-24,BG,Individual Contributor,true,true,true,true,true,false,not_applicable,true,true,,ACP000052,Supply Chain,Procurement,Permanent,2024-07-19,,,,HCM_A,2025-12-24,,,53
ACP000053,IE,Finance,Controls,Individual Contributor,Permanent,2025-08-04,2025-12-28,End of Contract,false,HCM_A,2025-12-25,IE,Individual Contributor,true,true,true,true,true,false,false,false,false,,ACP000053,Finance,Controls,Permanent,2025-08-04,2025-12-28,End of Contract,false,HCM_A,2025-12-25,,,54
ACP000054,GR,Sales,Commercial Planning,Manager,Permanent,2023-07-31,,,,HCM_A,2025-12-26,GR,Manager,true,true,true,true,true,false,not_applicable,true,true,,ACP000054,Sales,Commercial Planning,Permanent,2023-07-31,,,,HCM_A,2025-12-26,,,55
ACP000055,IT,Finance,Accounting,Individual Contributor,Permanent,2020-09-19,,,,HCM_B,2025-12-27,IT,Individual Contributor,true,true,true,true,true,false,not_applicable,true,true,,ACP000055,Finance,Accounting,Permanent,2020-09-19,,,,HCM_B,2025-12-27,,,56
ACP000056,BG,Digital,Data,Individual Contributor,Permanent,2024-05-26,,,,HCM_A,2025-12-28,BG,Individual Contributor,true,true,true,true,true,false,not_applicable,true,true,,ACP000056,Digital,Data,Permanent,2024-05-26,,,,HCM_A,2025-12-28,,,57
ACP000057,RO,Sales,Key Accounts,Manager,Permanent,2025-10-01,2025-11-01,End of Contract,false,HCM_A,2025-12-29,RO,Manager,true,true,true,true,true,false,false,false,false,,ACP000057,Sales,Key Accounts,Permanent,2025-10-01,2025-11-01,End of Contract,false,HCM_A,2025-12-29,,,58
ACP000058,IT,Supply Chain,Logistics,Individual Contributor,Fixed Term,2024-07-14,2025-12-22,Involuntary,false,HCM_A,2025-12-30,IT,Individual Contributor,true,true,true,true,true,false,false,true,true,,ACP000058,Supply Chain,Logistics,Fixed Term,2024-07-14,2025-12-22,Involuntary,false,HCM_A,2025-12-30,,,59
ACP000059,IE,Finance,Controls,Senior Leader,Permanent,2023-02-24,,,,HCM_A,2025-12-31,IE,Senior Leader,true,true,true,true,true,true,not_applicable,true,true,,ACP000059,Finance,Controls,Permanent,2023-02-24,,,,HCM_A,2025-12-31,,,60
ACP000060,IE,Supply Chain,Procurement,Senior Leader,Fixed Term,2025-03-12,,,,HCM_B,2025-12-20,IE,Senior Leader,true,true,true,true,true,true,not_applicable,true,false,,ACP000060,Supply Chain,Procurement,Fixed Term,2025-03-12,,,,HCM_B,2025-12-20,,,61
ACP000061,RO,Finance,Controls,Manager,Permanent,2025-11-15,,,,HCM_A,2025-12-21,RO,Manager,true,true,true,true,true,false,not_applicable,false,false,,ACP000061,Finance,Controls,Permanent,2025-11-15,,,,HCM_A,2025-12-21,,,62
ACP000062,RO,Supply Chain,Logistics,Individual Contributor,Permanent,2021-04-04,,,,HCM_A,2025-12-22,RO,Individual Contributor,true,true,true,true,true,false,not_applicable,true,true,,ACP000062,Supply Chain,Logistics,Permanent,2021-04-04,,,,HCM_A,2025-12-22,,,63
ACP000063,PL,Sales,Key Accounts,Manager,Permanent,2021-10-16,,,,HCM_A,2025-12-23,PL,Manager,true,true,true,true,true,false,not_applicable,true,true,,ACP000063,Sales,Key Accounts,Permanent,2021-10-16,,,,HCM_A,2025-12-23,,,64
ACP000064,IE,Finance,Controls,Individual Contributor,Fixed Term,2023-04-02,,,,HCM_A,2025-12-24,IE,Individual Contributor,true,true,true,true,true,false,not_applicable,true,true,,ACP000064,Finance,Controls,Fixed Term,2023-04-02,,,,HCM_A,2025-12-24,,,65
ACP000065,PL,Digital,Data,Senior Leader,Permanent,2021-03-04,,,,HCM_B,2025-12-25,PL,Senior Leader,true,true,true,true,true,true,not_applicable,true,true,,ACP000065,Digital,Data,Permanent,2021-03-04,,,,HCM_B,2025-12-25,,,66
ACP000066,IT,Sales,Key Accounts,Senior Leader,Permanent,2023-05-07,,,,HCM_A,2025-12-26,IT,Senior Leader,true,true,true,true,true,true,not_applicable,true,true,,ACP000066,Sales,Key Accounts,Permanent,2023-05-07,,,,HCM_A,2025-12-26,,,67
ACP000067,IT,Finance,FP&A,Individual Contributor,Fixed Term,2022-09-28,,,,HCM_A,2025-12-27,IT,Individual Contributor,true,true,true,true,true,false,not_applicable,true,true,,ACP000067,Finance,FP&A,Fixed Term,2022-09-28,,,,HCM_A,2025-12-27,,,68
ACP000068,PL,Sales,Key Accounts,Manager,Permanent,2023-03-27,2023-12-26,Voluntary,true,HCM_A,2025-12-28,PL,Manager,true,true,true,true,true,false,true,true,true,,ACP000068,Sales,Key Accounts,Permanent,2023-03-27,2023-12-26,Voluntary,true,HCM_A,2025-12-28,,,69
ACP000069,PL,Finance,FP&A,Senior Leader,Permanent,2023-11-22,2024-11-26,Involuntary,false,HCM_A,2025-12-29,PL,Senior Leader,true,true,true,true,true,true,false,true,true,,ACP000069,Finance,FP&A,Permanent,2023-11-22,2024-11-26,Involuntary,false,HCM_A,2025-12-29,,,70
ACP000070,IE,Supply Chain,Manufacturing,Senior Leader,Fixed Term,2023-04-28,2023-06-05,End of Contract,false,HCM_B,2025-12-30,IE,Senior Leader,true,true,true,true,true,true,false,true,true,,ACP000070,Supply Chain,Manufacturing,Fixed Term,2023-04-28,2023-06-05,End of Contract,false,HCM_B,2025-12-30,,,71
ACP000071,IE,Supply Chain,Manufacturing,Senior Leader,Permanent,2021-07-22,2023-06-09,End of Contract,false,HCM_A,2025-12-31,IE,Senior Leader,true,true,true,true,true,true,false,true,true,,ACP000071,Supply Chain,Manufacturing,Permanent,2021-07-22,2023-06-09,End of Contract,false,HCM_A,2025-12-31,,,72
ACP000072,IT,Finance,Controls,Manager,Fixed Term,2021-04-10,,,,HCM_A,2025-12-20,IT,Manager,true,true,true,true,true,false,not_applicable,true,true,,ACP000072,Finance,Controls,Fixed Term,2021-04-10,,,,HCM_A,2025-12-20,,,73
ACP000073,IE,Sales,Field Sales,Senior Leader,Permanent,2023-01-26,,,,HCM_A,2025-12-21,EL,Senior Leader,true,true,true,true,true,true,not_applicable,true,true,synthetic_source_recovered,ACP000073,Sales,Field Sales,Permanent,2023-01-26,,,,HCM_A,2025-12-21,country_code,verified_synthetic_generator_recovery,74
ACP000074,RO,Finance,Accounting,Manager,Permanent,2024-11-06,,,,HCM_A,2025-12-22,RO,Manager,true,true,true,true,true,false,not_applicable,true,true,,ACP000074,Finance,Accounting,Permanent,2024-11-06,,,,HCM_A,2025-12-22,,,75
ACP000075,PL,Finance,Accounting,Individual Contributor,Permanent,2020-12-17,,,,HCM_B,2025-12-23,PL,Individual Contributor,true,true,true,true,true,false,not_applicable,true,true,,ACP000075,Finance,Accounting,Permanent,2020-12-17,,,,HCM_B,2025-12-23,,,76
ACP000076,PL,Finance,Accounting,Individual Contributor,Permanent,2025-11-15,,,,HCM_A,2025-12-24,PL,Individual Contributor,true,true,true,true,true,false,not_applicable,false,false,,ACP000076,Finance,Accounting,Permanent,2025-11-15,,,,HCM_A,2025-12-24,,,77
ACP000077,BG,Supply Chain,Logistics,Manager,Permanent,2020-01-24,,,,HCM_A,2025-12-25,BG,Manager,true,true,true,true,true,false,not_applicable,true,true,,ACP000077,Supply Chain,Logistics,Permanent,2020-01-24,,,,HCM_A,2025-12-25,,,78
ACP000078,IE,Supply Chain,Logistics,Individual Contributor,Permanent,2023-03-18,2024-09-02,Voluntary,false,HCM_A,2025-12-26,IE,Individual Contributor,true,true,true,true,true,false,false,true,true,,ACP000078,Supply Chain,Logistics,Permanent,2023-03-18,2024-09-02,Voluntary,false,HCM_A,2025-12-26,,,79
ACP000079,RO,Sales,Field Sales,Manager,Permanent,2025-09-26,,,,HCM_A,2025-12-27,RO,Manager,true,true,true,true,true,false,not_applicable,false,false,,ACP000079,Sales,Field Sales,Permanent,2025-09-26,,,,HCM_A,2025-12-27,,,80
ACP000080,IE,Digital,Product,Individual Contributor,Fixed Term,2025-07-03,,,,HCM_B,2025-12-28,IE,Individual Contributor,true,true,true,true,true,false,not_applicable,false,false,,ACP000080,Digital,Product,Fixed Term,2025-07-03,,,,HCM_B,2025-12-28,,,81
ACP000081,RO,Sales,Field Sales,Manager,Permanent,2022-06-13,,,,HCM_A,2025-12-29,RO,Manager,true,true,true,true,true,false,not_applicable,true,true,,ACP000081,Sales,Field Sales,Permanent,2022-06-13,,,,HCM_A,2025-12-29,,,82
ACP000082,RO,Digital,Product,Individual Contributor,Permanent,2022-04-11,2023-09-26,Voluntary,true,HCM_A,2025-12-30,RO,Individual Contributor,true,true,true,true,true,false,true,true,true,,ACP000082,Digital,Product,Permanent,2022-04-11,2023-09-26,Voluntary,true,HCM_A,2025-12-30,,,83
ACP000083,BG,Finance,Accounting,Senior Leader,Permanent,2024-12-30,,,,HCM_A,2025-12-31,BG,Senior Leader,true,true,true,true,true,true,not_applicable,true,true,,ACP000083,Finance,Accounting,Permanent,2024-12-30,,,,HCM_A,2025-12-31,,,84
ACP000084,IT,Digital,Product,Manager,Fixed Term,2021-11-02,,,,HCM_A,2025-12-20,IT,Manager,true,true,true,true,true,false,not_applicable,true,true,,ACP000084,Digital,Product,Fixed Term,2021-11-02,,,,HCM_A,2025-12-20,,,85
ACP000085,BG,Supply Chain,Manufacturing,Individual Contributor,Permanent,2023-06-08,,,,HCM_B,2025-12-21,BG,Individual Contributor,true,true,true,true,true,false,not_applicable,true,true,,ACP000085,Supply Chain,Manufacturing,Permanent,2023-06-08,,,,HCM_B,2025-12-21,,,86
ACP000086,IE,Digital,Product,Individual Contributor,Permanent,2025-08-30,,,,HCM_A,2025-12-22,IE,Individual Contributor,true,true,true,true,true,false,not_applicable,false,false,,ACP000086,Digital,Product,Permanent,2025-08-30,,,,HCM_A,2025-12-22,,,87
ACP000087,IE,Supply Chain,Manufacturing,Individual Contributor,Fixed Term,2020-09-19,2021-05-13,Voluntary,false,HCM_A,2025-12-23,IE,Individual Contributor,true,true,true,true,true,false,false,true,true,,ACP000087,Supply Chain,Manufacturing,Fixed Term,2020-09-19,2021-05-13,Voluntary,false,HCM_A,2025-12-23,,,88
ACP000088,PL,Finance,Controls,Manager,Permanent,2021-08-10,,,,HCM_A,2025-12-24,PL,Manager,true,true,true,true,true,false,not_applicable,true,true,,ACP000088,Finance,Controls,Permanent,2021-08-10,,,,HCM_A,2025-12-24,,,89
ACP000089,GR,Digital,Software,Manager,Permanent,2021-10-07,,,,HCM_A,2025-12-25,GR,Manager,true,true,true,true,true,false,not_applicable,true,true,synthetic_source_recovered,ACP000089,Digital,Software,Permanent,2021-10-07,2022-01-05,,,HCM_A,2025-12-25,termination_date,verified_synthetic_generator_recovery,90
ACP000090,PL,Digital,Software,Individual Contributor,Permanent,2023-07-06,,,,HCM_B,2025-12-26,PL,Individual Contributor,true,true,true,true,true,false,not_applicable,true,true,,ACP000090,Digital,Software,Permanent,2023-07-06,,,,HCM_B,2025-12-26,,,91
ACP000091,IT,Digital,Software,Individual Contributor,Permanent,2022-12-24,2024-06-18,End of Contract,false,HCM_A,2025-12-27,IT,Individual Contributor,true,true,true,true,true,false,false,true,true,,ACP000091,Digital,Software,Permanent,2022-12-24,2024-06-18,End of Contract,false,HCM_A,2025-12-27,,,92
ACP000092,IE,Finance,Controls,Individual Contributor,Permanent,2021-06-03,,,,HCM_A,2025-12-28,IE,Individual Contributor,true,true,true,true,true,false,not_applicable,true,true,,ACP000092,Finance,Controls,Permanent,2021-06-03,,,,HCM_A,2025-12-28,,,93
ACP000093,GR,Sales,Field Sales,Senior Leader,Fixed Term,2021-07-02,2022-01-28,Voluntary,true,HCM_A,2025-12-29,GR,Senior Leader,true,true,true,true,true,true,true,true,true,,ACP000093,Sales,Field Sales,Fixed Term,2021-07-02,2022-01-28,Voluntary,true,HCM_A,2025-12-29,,,94
ACP000094,IT,Supply Chain,Logistics,Individual Contributor,Fixed Term,2021-08-13,2024-06-18,End of Contract,false,HCM_A,2025-12-30,IT,Individual Contributor,true,true,true,true,true,false,false,true,true,,ACP000094,Supply Chain,Logistics,Fixed Term,2021-08-13,2024-06-18,End of Contract,false,HCM_A,2025-12-30,,,95
ACP000095,IE,Digital,Software,Individual Contributor,Permanent,2025-04-08,,,,HCM_B,2025-12-31,IE,Individual Contributor,true,true,true,true,true,false,not_applicable,true,false,,ACP000095,Digital,Software,Permanent,2025-04-08,,,,HCM_B,2025-12-31,,,96
ACP000096,IE,Finance,Controls,Manager,Fixed Term,2022-06-22,2022-08-03,Involuntary,false,HCM_A,2025-12-20,IE,Manager,true,true,true,true,true,false,false,true,true,,ACP000096,Finance,Controls,Fixed Term,2022-06-22,2022-08-03,Involuntary,false,HCM_A,2025-12-20,,,97
ACP000097,IT,Sales,Field Sales,Manager,Permanent,2020-08-22,,,,HCM_A,2025-12-21,IT,Manager,true,true,true,true,true,false,not_applicable,true,true,,ACP000097,Sales,Field Sales,Permanent,2020-08-22,,,,HCM_A,2025-12-21,,,98
ACP000098,RO,Digital,Software,Manager,Permanent,2024-08-30,2025-03-20,End of Contract,false,HCM_A,2025-12-22,RO,Manager,true,true,true,true,true,false,false,true,true,,ACP000098,Digital,Software,Permanent,2024-08-30,2025-03-20,End of Contract,false,HCM_A,2025-12-22,,,99
ACP000099,RO,Supply Chain,Manufacturing,Individual Contributor,Fixed Term,2024-08-09,2025-08-21,Voluntary,false,HCM_A,2025-12-23,RO,Individual Contributor,true,true,true,true,true,false,false,true,true,,ACP000099,Supply Chain,Manufacturing,Fixed Term,2024-08-09,2025-08-21,Voluntary,false,HCM_A,2025-12-23,,,100
ACP000100,GR,Digital,Product,Manager,Permanent,2025-06-14,,,,HCM_B,2025-12-24,GR,Manager,true,true,true,true,true,false,not_applicable,true,false,,ACP000100,Digital,Product,Permanent,2025-06-14,,,,HCM_B,2025-12-24,,,101
ACP000101,PL,Digital,Product,Individual Contributor,Permanent,2023-09-17,,,,HCM_A,2025-12-25,PL,Individual Contributor,true,true,true,true,true,false,not_applicable,true,true,,ACP000101,Digital,Product,Permanent,2023-09-17,,,,HCM_A,2025-12-25,,,102
ACP000102,PL,Sales,Field Sales,Manager,Permanent,2021-11-21,,,,HCM_A,2025-12-26,PL,Sr Mgmt,true,true,true,true,true,false,not_applicable,true,true,synthetic_source_recovered,ACP000102,Sales,Field Sales,Permanent,2021-11-21,,,,HCM_A,2025-12-26,career_level,verified_synthetic_generator_recovery,103
ACP000103,PL,Digital,Product,Manager,Permanent,2025-04-19,,,,HCM_A,2025-12-27,PL,Manager,true,true,true,true,true,false,not_applicable,true,false,,ACP000103,Digital,Product,Permanent,2025-04-19,,,,HCM_A,2025-12-27,,,104
ACP000104,BG,Sales,Commercial Planning,Senior Leader,Permanent,2021-10-25,,,,HCM_A,2025-12-28,BG,Senior Leader,true,true,true,true,true,true,not_applicable,true,true,,ACP000104,Sales,Commercial Planning,Permanent,2021-10-25,,,,HCM_A,2025-12-28,,,105
ACP000105,RO,Sales,Commercial Planning,Individual Contributor,Permanent,2024-06-16,,,,HCM_B,2025-12-29,RO,Individual Contributor,true,true,true,true,true,false,not_applicable,true,true,,ACP000105,Sales,Commercial Planning,Permanent,2024-06-16,,,,HCM_B,2025-12-29,,,106
ACP000106,PL,Digital,Software,Manager,Permanent,2023-07-30,2025-04-28,Involuntary,false,HCM_A,2025-12-30,PL,Manager,true,true,true,true,true,false,false,true,true,,ACP000106,Digital,Software,Permanent,2023-07-30,2025-04-28,Involuntary,false,HCM_A,2025-12-30,,,107
ACP000107,GR,Sales,Field Sales,Individual Contributor,Permanent,2020-08-25,,,,HCM_A,2025-12-31,GR,Individual Contributor,true,true,true,true,true,false,not_applicable,true,true,,ACP000107,Sales,Field Sales,Permanent,2020-08-25,,,,HCM_A,2025-12-31,,,108
ACP000108,IT,Digital,Product,Individual Contributor,Permanent,2025-03-23,,,,HCM_A,2025-12-20,IT,Individual Contributor,true,true,true,true,true,false,not_applicable,true,false,,ACP000108,Digital,Product,Permanent,2025-03-23,,,,HCM_A,2025-12-20,,,109
ACP000109,GR,Sales,Key Accounts,Manager,Permanent,2020-03-14,,,,HCM_A,2025-12-21,GR,Manager,true,true,true,true,true,false,not_applicable,true,true,,ACP000109,Sales,Key Accounts,Permanent,2020-03-14,,,,HCM_A,2025-12-21,,,110
ACP000110,PL,Supply Chain,Manufacturing,Manager,Permanent,2025-06-14,,,,HCM_B,2025-12-22,PL,Manager,true,true,true,true,true,false,not_applicable,true,false,,ACP000110,Supply Chain,Manufacturing,Permanent,2025-06-14,,,,HCM_B,2025-12-22,,,111
ACP000111,BG,Supply Chain,Manufacturing,Senior Leader,Permanent,2022-09-21,,,,HCM_A,2025-12-23,BG,Senior Leader,true,true,true,true,true,true,not_applicable,true,true,,ACP000111,Supply Chain,Manufacturing,Permanent,2022-09-21,,,,HCM_A,2025-12-23,,,112
ACP000112,RO,Digital,Data,Individual Contributor,Permanent,2024-08-04,,,,HCM_A,2025-12-24,RO,Individual Contributor,true,true,true,true,true,false,not_applicable,true,true,,ACP000112,Digital,Data,Permanent,2024-08-04,,,,HCM_A,2025-12-24,,,113
ACP000113,RO,Digital,Data,Individual Contributor,Permanent,2024-01-07,,,,HCM_A,2025-12-25,RO,Individual Contributor,true,true,true,true,true,false,not_applicable,true,true,,ACP000113,Digital,Data,Permanent,2024-01-07,,,,HCM_A,2025-12-25,,,114
ACP000114,IT,Finance,Accounting,Individual Contributor,Permanent,2020-01-10,,,,HCM_A,2025-12-26,IT,Individual Contributor,true,true,true,true,true,false,not_applicable,true,true,,ACP000114,Finance,Accounting,Permanent,2020-01-10,,,,HCM_A,2025-12-26,,,115
ACP000115,IT,Finance,Accounting,Manager,Permanent,2020-03-21,,,,HCM_B,2025-12-27,IT,Manager,true,true,true,true,true,false,not_applicable,true,true,,ACP000115,Finance,Accounting,Permanent,2020-03-21,,,,HCM_B,2025-12-27,,,116
ACP000116,GR,Finance,Accounting,Individual Contributor,Fixed Term,2023-07-15,,,,HCM_A,2025-12-28,GR,Individual Contributor,true,true,true,true,true,false,not_applicable,true,true,,ACP000116,Finance,Accounting,Fixed Term,2023-07-15,,,,HCM_A,2025-12-28,,,117
ACP000117,BG,Sales,Commercial Planning,Individual Contributor,Permanent,2020-01-02,,,,HCM_A,2025-12-29,BG,Individual Contributor,true,true,true,true,true,false,not_applicable,true,true,,ACP000117,Sales,Commercial Planning,Permanent,2020-01-02,,,,HCM_A,2025-12-29,,,118
ACP000118,IE,Finance,Accounting,Individual Contributor,Permanent,2020-06-18,,,,HCM_A,2025-12-30,IE,Individual Contributor,true,true,true,true,true,false,not_applicable,true,true,,ACP000118,Finance,Accounting,Permanent,2020-06-18,,,,HCM_A,2025-12-30,,,119
ACP000119,IT,Sales,Commercial Planning,Individual Contributor,Permanent,2024-05-08,2024-11-15,Voluntary,false,HCM_A,2025-12-31,IT,Individual Contributor,true,true,true,true,true,false,false,true,true,,ACP000119,Sales,Commercial Planning,Permanent,2024-05-08,2024-11-15,Voluntary,false,HCM_A,2025-12-31,,,120
ACP000120,GR,Supply Chain,Manufacturing,Individual Contributor,Permanent,2021-12-02,,,,HCM_B,2025-12-20,,Individual Contributor,true,true,true,true,true,false,not_applicable,true,true,synthetic_source_recovered,ACP000120,Supply Chain,Manufacturing,Permanent,2021-12-02,,,,HCM_B,2025-12-20,country_code,verified_synthetic_generator_recovery,121
ACP000121,PL,Finance,Controls,Individual Contributor,Permanent,2024-05-26,,,,HCM_A,2025-12-21,PL,Individual Contributor,true,true,true,true,true,false,not_applicable,true,true,,ACP000121,Finance,Controls,Permanent,2024-05-26,,,,HCM_A,2025-12-21,,,122
ACP000122,RO,Finance,Controls,Individual Contributor,Fixed Term,2022-11-18,2022-12-07,Involuntary,false,HCM_A,2025-12-22,RO,Individual Contributor,true,true,true,true,true,false,false,true,true,,ACP000122,Finance,Controls,Fixed Term,2022-11-18,2022-12-07,Involuntary,false,HCM_A,2025-12-22,,,123
ACP000123,RO,Sales,Key Accounts,Manager,Permanent,2023-08-19,,,,HCM_A,2025-12-23,RO,Manager,true,true,true,true,true,false,not_applicable,true,true,,ACP000123,Sales,Key Accounts,Permanent,2023-08-19,,,,HCM_A,2025-12-23,,,124
ACP000124,IE,Supply Chain,Manufacturing,Manager,Fixed Term,2024-11-22,,,,HCM_A,2025-12-24,IE,Manager,true,true,true,true,true,false,not_applicable,true,true,,ACP000124,Supply Chain,Manufacturing,Fixed Term,2024-11-22,,,,HCM_A,2025-12-24,,,125
ACP000125,IT,Finance,Controls,Manager,Fixed Term,2025-02-28,,,,HCM_B,2025-12-25,IT,Manager,true,true,true,true,true,false,not_applicable,true,false,,ACP000125,Finance,Controls,Fixed Term,2025-02-28,,,,HCM_B,2025-12-25,,,126
ACP000126,IT,Supply Chain,Procurement,Individual Contributor,Fixed Term,2021-07-10,2021-09-26,Voluntary,false,HCM_A,2025-12-26,IT,Individual Contributor,true,true,true,true,true,false,false,true,true,,ACP000126,Supply Chain,Procurement,Fixed Term,2021-07-10,2021-09-26,Voluntary,false,HCM_A,2025-12-26,,,127
ACP000127,IE,Supply Chain,Procurement,Individual Contributor,Permanent,2023-05-26,,,,HCM_A,2025-12-27,IE,Individual Contributor,true,true,true,true,true,false,not_applicable,true,true,,ACP000127,Supply Chain,Procurement,Permanent,2023-05-26,,,,HCM_A,2025-12-27,,,128
ACP000128,PL,Sales,Commercial Planning,Manager,Permanent,2021-07-04,2024-05-09,Voluntary,true,HCM_A,2025-12-28,PL,Manager,true,true,true,true,true,false,true,true,true,,ACP000128,Sales,Commercial Planning,Permanent,2021-07-04,2024-05-09,Voluntary,true,HCM_A,2025-12-28,,,129
ACP000129,GR,Digital,Product,Individual Contributor,Permanent,2020-06-24,,,,HCM_A,2025-12-29,GR,Individual Contributor,true,true,true,true,true,false,not_applicable,true,true,,ACP000129,Digital,Product,Permanent,2020-06-24,,,,HCM_A,2025-12-29,,,130
ACP000130,BG,Finance,Accounting,Individual Contributor,Permanent,2020-02-05,,,,HCM_B,2025-12-30,BG,Individual Contributor,true,true,true,true,true,false,not_applicable,true,true,,ACP000130,Finance,Accounting,Permanent,2020-02-05,,,,HCM_B,2025-12-30,,,131
ACP000131,PL,Digital,Software,Individual Contributor,Fixed Term,2022-11-25,,,,HCM_A,2025-12-31,PL,Individual Contributor,true,true,true,true,true,false,not_applicable,true,true,,ACP000131,Digital,Software,Fixed Term,2022-11-25,,,,HCM_A,2025-12-31,,,132
ACP000132,IE,Sales,Commercial Planning,Individual Contributor,Permanent,2020-09-28,2021-02-21,Voluntary,false,HCM_A,2025-12-20,IE,Individual Contributor,true,true,true,true,true,false,false,true,true,,ACP000132,Sales,Commercial Planning,Permanent,2020-09-28,2021-02-21,Voluntary,false,HCM_A,2025-12-20,,,133
ACP000133,IT,Supply Chain,Logistics,Individual Contributor,Permanent,2021-09-02,,,,HCM_A,2025-12-21,IT,Individual Contributor,true,true,true,true,true,false,not_applicable,true,true,,ACP000133,Supply Chain,Logistics,Permanent,2021-09-02,,,,HCM_A,2025-12-21,,,134
ACP000134,RO,Finance,Accounting,Individual Contributor,Permanent,2024-08-15,2025-11-29,Voluntary,true,HCM_A,2025-12-22,RO,Individual Contributor,true,true,true,true,true,false,true,true,true,,ACP000134,Finance,Accounting,Permanent,2024-08-15,2025-11-29,Voluntary,true,HCM_A,2025-12-22,,,135
ACP000135,BG,Sales,Field Sales,Manager,Permanent,2024-02-06,,,,HCM_B,2025-12-23,BG,Manager,true,true,true,true,true,false,not_applicable,true,true,,ACP000135,Sales,Field Sales,Permanent,2024-02-06,,,,HCM_B,2025-12-23,,,136
ACP000136,RO,Sales,Field Sales,Individual Contributor,Permanent,2023-04-19,2025-10-26,Involuntary,false,HCM_A,2025-12-24,RO,Individual Contributor,true,true,true,true,true,false,false,true,true,,ACP000136,Sales,Field Sales,Permanent,2023-04-19,2025-10-26,Involuntary,false,HCM_A,2025-12-24,,,137
ACP000137,IE,Finance,Accounting,Individual Contributor,Permanent,2024-08-17,2025-10-21,End of Contract,false,HCM_A,2025-12-25,IE,Individual Contributor,true,true,true,true,true,false,false,true,true,,ACP000137,Finance,Accounting,Permanent,2024-08-17,2025-10-21,End of Contract,false,HCM_A,2025-12-25,,,138
ACP000138,RO,Finance,FP&A,Individual Contributor,Permanent,2022-12-02,,,,HCM_A,2025-12-26,RO,Individual Contributor,true,true,true,true,true,false,not_applicable,true,true,,ACP000138,Finance,FP&A,Permanent,2022-12-02,,,,HCM_A,2025-12-26,,,139
ACP000139,PL,Supply Chain,Procurement,Manager,Permanent,2021-02-20,2021-06-11,Involuntary,false,HCM_A,2025-12-27,PL,Manager,true,true,true,true,true,false,false,true,true,,ACP000139,Supply Chain,Procurement,Permanent,2021-02-20,2021-06-11,Involuntary,false,HCM_A,2025-12-27,,,140
ACP000140,IT,Finance,Controls,Individual Contributor,Permanent,2023-07-21,,,,HCM_B,2025-12-28,IT,Individual Contributor,true,true,true,true,true,false,not_applicable,true,true,,ACP000140,Finance,Controls,Permanent,2023-07-21,,,,HCM_B,2025-12-28,,,141
ACP000141,IE,Digital,Software,Manager,Fixed Term,2021-09-07,2022-05-06,Voluntary,true,HCM_A,2025-12-29,IE,Manager,true,true,true,true,true,false,true,true,true,,ACP000141,Digital,Software,Fixed Term,2021-09-07,2022-05-06,Voluntary,true,HCM_A,2025-12-29,,,142
ACP000142,GR,Finance,Controls,Individual Contributor,Permanent,2020-09-28,,,,HCM_A,2025-12-30,GR,Individual Contributor,true,true,true,true,true,false,not_applicable,true,true,,ACP000142,Finance,Controls,Permanent,2020-09-28,,,,HCM_A,2025-12-30,,,143
ACP000143,PL,Finance,Controls,Manager,Fixed Term,2022-05-05,,,,HCM_A,2025-12-31,PL,Manager,true,true,true,true,true,false,not_applicable,true,true,,ACP000143,Finance,Controls,Fixed Term,2022-05-05,,,,HCM_A,2025-12-31,,,144
ACP000144,RO,Digital,Product,Individual Contributor,Permanent,2020-07-17,,,,HCM_A,2025-12-20,RO,Individual Contributor,true,true,true,true,true,false,not_applicable,true,true,,ACP000144,Digital,Product,Permanent,2020-07-17,,,,HCM_A,2025-12-20,,,145
ACP000145,PL,Finance,Controls,Individual Contributor,Permanent,2020-04-09,,,,HCM_B,2025-12-21,PL,Individual Contributor,true,true,true,true,true,false,not_applicable,true,true,,ACP000145,Finance,Controls,Permanent,2020-04-09,,,,HCM_B,2025-12-21,,,146
ACP000146,BG,Digital,Data,Individual Contributor,Permanent,2023-03-05,,,,HCM_A,2025-12-22,BG,Individual Contributor,true,true,true,true,true,false,not_applicable,true,true,,ACP000146,Digital,Data,Permanent,2023-03-05,,,,HCM_A,2025-12-22,,,147
ACP000147,RO,Sales,Field Sales,Manager,Permanent,2023-08-10,2024-07-08,End of Contract,false,HCM_A,2025-12-23,RO,Manager,true,true,true,true,true,false,false,true,true,,ACP000147,Sales,Field Sales,Permanent,2023-08-10,2024-07-08,End of Contract,false,HCM_A,2025-12-23,,,148
ACP000148,IE,Supply Chain,Procurement,Manager,Permanent,2023-05-19,,,,HCM_A,2025-12-24,IE,Manager,true,true,true,true,true,false,not_applicable,true,true,,ACP000148,Supply Chain,Procurement,Permanent,2023-05-19,,,,HCM_A,2025-12-24,,,149
ACP000149,BG,Sales,Commercial Planning,Manager,Permanent,2025-03-29,,,,HCM_A,2025-12-25,BG,Manager,true,true,true,true,true,false,not_applicable,true,false,,ACP000149,Sales,Commercial Planning,Permanent,2025-03-29,,,,HCM_A,2025-12-25,,,150
ACP000150,BG,Supply Chain,Manufacturing,Individual Contributor,Permanent,2024-04-10,2024-09-16,End of Contract,false,HCM_B,2025-12-26,BG,Individual Contributor,true,true,true,true,true,false,false,true,true,,ACP000150,Supply Chain,Manufacturing,Permanent,2024-04-10,2024-09-16,End of Contract,false,HCM_B,2025-12-26,,,151
ACP000151,IT,Sales,Key Accounts,Manager,Permanent,2021-11-20,2023-05-27,Voluntary,true,HCM_A,2025-12-27,IT,Manager,true,true,true,true,true,false,true,true,true,,ACP000151,Sales,Key Accounts,Permanent,2021-11-20,2023-05-27,Voluntary,true,HCM_A,2025-12-27,,,152
ACP000152,IE,Supply Chain,Logistics,Senior Leader,Permanent,2025-04-21,,,,HCM_A,2025-12-28,IE,Senior Leader,true,true,true,true,true,true,not_applicable,true,false,,ACP000152,Supply Chain,Logistics,Permanent,2025-04-21,,,,HCM_A,2025-12-28,,,153
ACP000153,GR,Finance,Accounting,Manager,Permanent,2024-12-15,,,,HCM_A,2025-12-29,GR,Manager,true,true,true,true,true,false,not_applicable,true,true,,ACP000153,Finance,Accounting,Permanent,2024-12-15,,,,HCM_A,2025-12-29,,,154
ACP000154,GR,Digital,Data,Manager,Permanent,2023-08-04,,,,HCM_A,2025-12-30,GR,Manager,true,true,true,true,true,false,not_applicable,true,true,,ACP000154,Digital,Data,Permanent,2023-08-04,,,,HCM_A,2025-12-30,,,155
ACP000155,GR,Digital,Product,Individual Contributor,Permanent,2020-10-30,2024-02-07,Voluntary,true,HCM_B,2025-12-31,GR,Individual Contributor,true,true,true,true,true,false,true,true,true,,ACP000155,Digital,Product,Permanent,2020-10-30,2024-02-07,Voluntary,true,HCM_B,2025-12-31,,,156
ACP000156,BG,Supply Chain,Procurement,Individual Contributor,Permanent,2023-06-20,2025-01-28,Voluntary,true,HCM_A,2025-12-20,BG,Individual Contributor,true,true,true,true,true,false,true,true,true,,ACP000156,Supply Chain,Procurement,Permanent,2023-06-20,2025-01-28,Voluntary,true,HCM_A,2025-12-20,,,157
ACP000157,IT,Finance,Accounting,Individual Contributor,Permanent,2024-04-20,2024-12-05,Voluntary,false,HCM_A,2025-12-21,IT,Individual Contributor,true,true,true,true,true,false,false,true,true,,ACP000157,Finance,Accounting,Permanent,2024-04-20,2024-12-05,Voluntary,false,HCM_A,2025-12-21,,,158
ACP000158,BG,Finance,Accounting,Senior Leader,Permanent,2021-01-08,,,,HCM_A,2025-12-22,BG,Senior Leader,true,true,true,true,true,true,not_applicable,true,true,,ACP000158,Finance,Accounting,Permanent,2021-01-08,,,,HCM_A,2025-12-22,,,159
ACP000159,BG,Digital,Product,Individual Contributor,Permanent,2025-01-18,,,,HCM_A,2025-12-23,BG,Individual Contributor,true,true,true,true,true,false,not_applicable,true,false,synthetic_source_recovered,ACP000159,Digital,Product,Permanent,,,,,HCM_A,2025-12-23,hire_date,verified_synthetic_generator_recovery,160
ACP000160,RO,Supply Chain,Procurement,Manager,Permanent,2025-05-03,2025-12-15,Voluntary,false,HCM_B,2025-12-24,RO,Manager,true,true,true,true,true,false,false,true,false,,ACP000160,Supply Chain,Procurement,Permanent,2025-05-03,2025-12-15,Voluntary,false,HCM_B,2025-12-24,,,161
ACP000161,PL,Sales,Field Sales,Senior Leader,Permanent,2025-08-09,,,,HCM_A,2025-12-25,PL,Senior Leader,true,true,true,true,true,true,not_applicable,false,false,,ACP000161,Sales,Field Sales,Permanent,2025-08-09,,,,HCM_A,2025-12-25,,,162
ACP000162,BG,Digital,Software,Manager,Permanent,2025-07-15,,,,HCM_A,2025-12-26,BG,Manager,true,true,true,true,true,false,not_applicable,false,false,,ACP000162,Digital,Software,Permanent,2025-07-15,,,,HCM_A,2025-12-26,,,163
ACP000163,RO,Finance,Controls,Senior Leader,Permanent,2023-02-08,,,,HCM_A,2025-12-27,RO,Senior Leader,true,true,true,true,true,true,not_applicable,true,true,,ACP000163,Finance,Controls,Permanent,2023-02-08,,,,HCM_A,2025-12-27,,,164
ACP000164,BG,Digital,Data,Senior Leader,Permanent,2021-09-18,2022-03-09,Voluntary,true,HCM_A,2025-12-28,BG,Senior Leader,true,true,true,true,true,true,true,true,true,,ACP000164,Digital,Data,Permanent,2021-09-18,2022-03-09,Voluntary,true,HCM_A,2025-12-28,,,165
ACP000165,PL,Digital,Software,Individual Contributor,Fixed Term,2021-12-11,,,,HCM_B,2025-12-29,PL,Individual Contributor,true,true,true,true,true,false,not_applicable,true,true,,ACP000165,Digital,Software,Fixed Term,2021-12-11,,,,HCM_B,2025-12-29,,,166
ACP000166,PL,Supply Chain,Procurement,Manager,Permanent,2021-09-19,,,,HCM_A,2025-12-30,PL,Manager,true,true,true,true,true,false,not_applicable,true,true,,ACP000166,Supply Chain,Procurement,Permanent,2021-09-19,,,,HCM_A,2025-12-30,,,167
ACP000167,IE,Supply Chain,Manufacturing,Senior Leader,Permanent,2020-11-21,,,,HCM_A,2025-12-31,IE,Senior Leader,true,true,true,true,true,true,not_applicable,true,true,,ACP000167,Supply Chain,Manufacturing,Permanent,2020-11-21,,,,HCM_A,2025-12-31,,,168
ACP000168,PL,Finance,FP&A,Individual Contributor,Fixed Term,2024-06-21,,,,HCM_A,2025-12-20,PL,Individual Contributor,true,true,true,true,true,false,not_applicable,true,true,,ACP000168,Finance,FP&A,Fixed Term,2024-06-21,,,,HCM_A,2025-12-20,,,169
ACP000169,RO,Sales,Key Accounts,Individual Contributor,Permanent,2023-10-03,2025-02-14,Voluntary,true,HCM_A,2025-12-21,RO,Individual Contributor,true,true,true,true,true,false,true,true,true,,ACP000169,Sales,Key Accounts,Permanent,2023-10-03,2025-02-14,Voluntary,true,HCM_A,2025-12-21,,,170
ACP000170,PL,Supply Chain,Logistics,Individual Contributor,Permanent,2021-02-03,,,,HCM_B,2025-12-22,PL,Individual Contributor,true,true,true,true,true,false,not_applicable,true,true,,ACP000170,Supply Chain,Logistics,Permanent,2021-02-03,,,,HCM_B,2025-12-22,,,171
ACP000171,IE,Digital,Product,Manager,Permanent,2020-05-29,2024-01-03,Voluntary,true,HCM_A,2025-12-23,IE,Manager,true,true,true,true,true,false,true,true,true,,ACP000171,Digital,Product,Permanent,2020-05-29,2024-01-03,Voluntary,true,HCM_A,2025-12-23,,,172
ACP000172,RO,Sales,Field Sales,Individual Contributor,Permanent,2025-01-04,,,,HCM_A,2025-12-24,RO,Individual Contributor,true,true,true,true,true,false,not_applicable,true,false,,ACP000172,Sales,Field Sales,Permanent,2025-01-04,,,,HCM_A,2025-12-24,,,173
ACP000173,IE,Digital,Product,Manager,Permanent,2022-08-27,,,,HCM_A,2025-12-25,IE,Manager,true,true,true,true,true,false,not_applicable,true,true,,ACP000173,Digital,Product,Permanent,2022-08-27,,,,HCM_A,2025-12-25,,,174
ACP000174,RO,Supply Chain,Manufacturing,Individual Contributor,Permanent,2022-05-19,,,,HCM_A,2025-12-26,RO,Individual Contributor,true,true,true,true,true,false,not_applicable,true,true,,ACP000174,Supply Chain,Manufacturing,Permanent,2022-05-19,,,,HCM_A,2025-12-26,,,175
ACP000175,IE,Digital,Product,Manager,Permanent,2021-02-21,2025-12-03,Voluntary,false,HCM_B,2025-12-27,IE,Manager,true,true,true,true,true,false,false,true,true,,ACP000175,Digital,Product,Permanent,2021-02-21,2025-12-03,Voluntary,false,HCM_B,2025-12-27,,,176
ACP000176,BG,Finance,FP&A,Individual Contributor,Permanent,2020-04-19,2024-07-11,Voluntary,true,HCM_A,2025-12-28,BG,Individual Contributor,true,true,true,true,true,false,true,true,true,,ACP000176,Finance,FP&A,Permanent,2020-04-19,2024-07-11,Voluntary,true,HCM_A,2025-12-28,,,177
ACP000177,IE,Digital,Data,Individual Contributor,Permanent,2024-11-02,2025-12-11,End of Contract,false,HCM_A,2025-12-29,IE,Individual Contributor,true,true,true,true,true,false,false,true,true,,ACP000177,Digital,Data,Permanent,2024-11-02,2025-12-11,End of Contract,false,HCM_A,2025-12-29,,,178
ACP000178,RO,Finance,FP&A,Manager,Permanent,2021-03-04,2023-03-22,Involuntary,false,HCM_A,2025-12-30,RO,Manager,true,true,true,true,true,false,false,true,true,,ACP000178,Finance,FP&A,Permanent,2021-03-04,2023-03-22,Involuntary,false,HCM_A,2025-12-30,,,179
ACP000179,IT,Sales,Key Accounts,Individual Contributor,Permanent,2025-05-17,,,,HCM_A,2025-12-31,IT,Individual Contributor,true,true,true,true,true,false,not_applicable,true,false,,ACP000179,Sales,Key Accounts,Permanent,2025-05-17,,,,HCM_A,2025-12-31,,,180
ACP000180,IE,Finance,Accounting,Manager,Permanent,2025-04-06,,,,HCM_B,2025-12-20,IE,Manager,true,true,true,true,true,false,not_applicable,true,false,,ACP000180,Finance,Accounting,Permanent,2025-04-06,,,,HCM_B,2025-12-20,,,181
ACP000181,IT,Finance,FP&A,Individual Contributor,Permanent,2025-10-14,2025-11-09,End of Contract,false,HCM_A,2025-12-21,IT,Individual Contributor,true,true,true,true,true,false,false,false,false,,ACP000181,Finance,FP&A,Permanent,2025-10-14,2025-11-09,End of Contract,false,HCM_A,2025-12-21,,,182
ACP000182,IE,Sales,Commercial Planning,Individual Contributor,Permanent,2022-12-12,,,,HCM_A,2025-12-22,IE,Individual Contributor,true,true,true,true,true,false,not_applicable,true,true,,ACP000182,Sales,Commercial Planning,Permanent,2022-12-12,,,,HCM_A,2025-12-22,,,183
ACP000183,BG,Supply Chain,Procurement,Manager,Permanent,2022-07-23,,,,HCM_A,2025-12-23,BG,Manager,true,true,true,true,true,false,not_applicable,true,true,,ACP000183,Supply Chain,Procurement,Permanent,2022-07-23,,,,HCM_A,2025-12-23,,,184
ACP000184,BG,Finance,Accounting,Senior Leader,Fixed Term,2022-09-08,,,,HCM_A,2025-12-24,BG,Senior Leader,true,true,true,true,true,true,not_applicable,true,true,,ACP000184,Finance,Accounting,Fixed Term,2022-09-08,,,,HCM_A,2025-12-24,,,185
ACP000185,IE,Digital,Product,Senior Leader,Permanent,2023-02-06,2023-12-20,End of Contract,false,HCM_B,2025-12-25,IE,Senior Leader,true,true,true,true,true,true,false,true,true,,ACP000185,Digital,Product,Permanent,2023-02-06,2023-12-20,End of Contract,false,HCM_B,2025-12-25,,,186
ACP000186,PL,Finance,FP&A,Manager,Permanent,2021-12-26,,,,HCM_A,2025-12-26,PL,Manager,true,true,true,true,true,false,not_applicable,true,true,,ACP000186,Finance,FP&A,Permanent,2021-12-26,,,,HCM_A,2025-12-26,,,187
ACP000187,PL,Supply Chain,Logistics,Individual Contributor,Permanent,2025-07-14,,,,HCM_A,2025-12-27,PL,Individual Contributor,true,true,true,true,true,false,not_applicable,false,false,,ACP000187,Supply Chain,Logistics,Permanent,2025-07-14,,,,HCM_A,2025-12-27,,,188
ACP000188,GR,Supply Chain,Logistics,Senior Leader,Permanent,2022-08-15,,,,HCM_A,2025-12-28,GR,Senior Leader,true,true,true,true,true,true,not_applicable,true,true,,ACP000188,Supply Chain,Logistics,Permanent,2022-08-15,,,,HCM_A,2025-12-28,,,189
ACP000189,PL,Sales,Field Sales,Individual Contributor,Permanent,2022-11-22,2024-10-08,End of Contract,false,HCM_A,2025-12-29,PL,Individual Contributor,true,true,true,true,true,false,false,true,true,,ACP000189,Sales,Field Sales,Permanent,2022-11-22,2024-10-08,End of Contract,false,HCM_A,2025-12-29,,,190
ACP000190,GR,Supply Chain,Logistics,Individual Contributor,Permanent,2021-04-27,,,,HCM_B,2025-12-30,GR,Individual Contributor,true,true,true,true,true,false,not_applicable,true,true,,ACP000190,Supply Chain,Logistics,Permanent,2021-04-27,,,,HCM_B,2025-12-30,,,191
ACP000191,GR,Digital,Data,Senior Leader,Permanent,2024-07-09,,,,HCM_A,2025-12-31,GR,Senior Leader,true,true,true,true,true,true,not_applicable,true,true,,ACP000191,Digital,Data,Permanent,2024-07-09,,,,HCM_A,2025-12-31,,,192
ACP000192,PL,Digital,Data,Manager,Permanent,2022-12-09,2025-11-13,Voluntary,false,HCM_A,2025-12-20,PL,Manager,true,true,true,true,true,false,false,true,true,,ACP000192,Digital,Data,Permanent,2022-12-09,2025-11-13,Voluntary,false,HCM_A,2025-12-20,,,193
ACP000193,BG,Supply Chain,Procurement,Manager,Permanent,2021-12-21,,,,HCM_A,2025-12-21,BG,Manager,true,true,true,true,true,false,not_applicable,true,true,,ACP000193,Supply Chain,Procurement,Permanent,2021-12-21,,,,HCM_A,2025-12-21,,,194
ACP000194,GR,Digital,Product,Individual Contributor,Permanent,2023-08-11,,,,HCM_A,2025-12-22,GR,Individual Contributor,true,true,true,true,true,false,not_applicable,true,true,,ACP000194,Digital,Product,Permanent,2023-08-11,,,,HCM_A,2025-12-22,,,195
ACP000195,RO,Finance,Accounting,Individual Contributor,Permanent,2020-08-22,,,,HCM_B,2025-12-23,RO,Individual Contributor,true,true,true,true,true,false,not_applicable,true,true,,ACP000195,Finance,Accounting,Permanent,2020-08-22,,,,HCM_B,2025-12-23,,,196
ACP000196,IT,Sales,Field Sales,Individual Contributor,Fixed Term,2020-12-19,,,,HCM_A,2025-12-24,IT,Individual Contributor,true,true,true,true,true,false,not_applicable,true,true,,ACP000196,Sales,Field Sales,Fixed Term,2020-12-19,,,,HCM_A,2025-12-24,,,197
ACP000197,GR,Supply Chain,Logistics,Senior Leader,Permanent,2021-02-07,,,,HCM_A,2025-12-25,GR,Senior Leader,true,true,true,true,true,true,not_applicable,true,true,,ACP000197,Supply Chain,Logistics,Permanent,2021-02-07,,,,HCM_A,2025-12-25,,,198
ACP000198,RO,Supply Chain,Manufacturing,Manager,Fixed Term,2025-09-30,,,,HCM_A,2025-12-26,RO,Manager,true,true,true,true,true,false,not_applicable,false,false,,ACP000198,Supply Chain,Manufacturing,Fixed Term,2025-09-30,,,,HCM_A,2025-12-26,,,199
ACP000199,IT,Finance,FP&A,Manager,Permanent,2020-05-22,,,,HCM_A,2025-12-27,IT,Manager,true,true,true,true,true,false,not_applicable,true,true,,ACP000199,Finance,FP&A,Permanent,2020-05-22,,,,HCM_A,2025-12-27,,,200
ACP000200,BG,Digital,Software,Manager,Permanent,2025-09-13,,,,HCM_B,2025-12-28,BG,Manager,true,true,true,true,true,false,not_applicable,false,false,,ACP000200,Digital,Software,Permanent,2025-09-13,,,,HCM_B,2025-12-28,,,201
ACP000201,BG,Sales,Key Accounts,Manager,Permanent,2024-10-01,2025-11-05,Voluntary,true,HCM_A,2025-12-29,BG,Manager,true,true,true,true,true,false,true,true,true,,ACP000201,Sales,Key Accounts,Permanent,2024-10-01,2025-11-05,Voluntary,true,HCM_A,2025-12-29,,,202
ACP000202,BG,Finance,FP&A,Manager,Permanent,2020-09-26,,,,HCM_A,2025-12-30,BG,Manager,true,true,true,true,true,false,not_applicable,true,true,,ACP000202,Finance,FP&A,Permanent,2020-09-26,,,,HCM_A,2025-12-30,,,203
ACP000203,BG,Supply Chain,Procurement,Individual Contributor,Permanent,2024-09-16,,,,HCM_A,2025-12-31,BG,Individual Contributor,true,true,true,true,true,false,not_applicable,true,true,,ACP000203,Supply Chain,Procurement,Permanent,2024-09-16,,,,HCM_A,2025-12-31,,,204
ACP000204,GR,Digital,Product,Individual Contributor,Permanent,2020-02-04,,,,HCM_A,2025-12-20,GR,Individual Contributor,true,true,true,true,true,false,not_applicable,true,true,,ACP000204,Digital,Product,Permanent,2020-02-04,,,,HCM_A,2025-12-20,,,205
ACP000205,GR,Finance,Controls,Individual Contributor,Permanent,2024-04-15,,,,HCM_B,2025-12-21,GR,Individual Contributor,true,true,true,true,true,false,not_applicable,true,true,,ACP000205,Finance,Controls,Permanent,2024-04-15,,,,HCM_B,2025-12-21,,,206
ACP000206,GR,Sales,Key Accounts,Individual Contributor,Fixed Term,2023-10-04,,,,HCM_A,2025-12-22,GR,Individual Contributor,true,true,true,true,true,false,not_applicable,true,true,synthetic_source_recovered,ACP000206,Sales,Key Accounts,Fixed Term,2023-10-04,2023-09-24,Voluntary,true,HCM_A,2025-12-22,termination_date|termination_type|regretted_exit,verified_synthetic_generator_recovery,207
ACP000207,IT,Finance,FP&A,Individual Contributor,Permanent,2023-03-27,,,,HCM_A,2025-12-23,IT,Individual Contributor,true,true,true,true,true,false,not_applicable,true,true,,ACP000207,Finance,FP&A,Permanent,2023-03-27,,,,HCM_A,2025-12-23,,,208
ACP000208,IE,Digital,Data,Individual Contributor,Permanent,2022-03-03,,,,HCM_A,2025-12-24,IE,Individual Contributor,true,true,true,true,true,false,not_applicable,true,true,,ACP000208,Digital,Data,Permanent,2022-03-03,,,,HCM_A,2025-12-24,,,209
ACP000209,IE,Supply Chain,Logistics,Manager,Permanent,2023-03-21,,,,HCM_A,2025-12-25,IE,Manager,true,true,true,true,true,false,not_applicable,true,true,,ACP000209,Supply Chain,Logistics,Permanent,2023-03-21,,,,HCM_A,2025-12-25,,,210
ACP000210,IT,Supply Chain,Procurement,Individual Contributor,Permanent,2023-03-25,,,,HCM_B,2025-12-26,IT,Individual Contributor,true,true,true,true,true,false,not_applicable,true,true,,ACP000210,Supply Chain,Procurement,Permanent,2023-03-25,,,,HCM_B,2025-12-26,,,211
ACP000211,IT,Finance,FP&A,Manager,Permanent,2025-01-16,2025-05-09,Voluntary,true,HCM_A,2025-12-27,IT,Manager,true,true,true,true,true,false,true,true,false,,ACP000211,Finance,FP&A,Permanent,2025-01-16,2025-05-09,Voluntary,true,HCM_A,2025-12-27,,,212
ACP000212,RO,Digital,Data,Individual Contributor,Permanent,2025-08-16,2025-12-23,End of Contract,false,HCM_A,2025-12-28,RO,Individual Contributor,true,true,true,true,true,false,false,false,false,,ACP000212,Digital,Data,Permanent,2025-08-16,2025-12-23,End of Contract,false,HCM_A,2025-12-28,,,213
ACP000213,IT,Sales,Key Accounts,Individual Contributor,Permanent,2021-08-07,2022-01-02,Involuntary,false,HCM_A,2025-12-29,IT,Individual Contributor,true,true,true,true,true,false,false,true,true,,ACP000213,Sales,Key Accounts,Permanent,2021-08-07,2022-01-02,Involuntary,false,HCM_A,2025-12-29,,,214
ACP000214,BG,Sales,Commercial Planning,Manager,Permanent,2022-01-27,,,,HCM_A,2025-12-30,BG,Manager,true,true,true,true,true,false,not_applicable,true,true,,ACP000214,Sales,Commercial Planning,Permanent,2022-01-27,,,,HCM_A,2025-12-30,,,215
ACP000215,GR,Supply Chain,Logistics,Individual Contributor,Fixed Term,2021-02-13,,,,HCM_B,2025-12-31,GR,Individual Contributor,true,true,true,true,true,false,not_applicable,true,true,,ACP000215,Supply Chain,Logistics,Fixed Term,2021-02-13,,,,HCM_B,2025-12-31,,,216
ACP000216,GR,Finance,FP&A,Individual Contributor,Permanent,2022-05-07,,,,HCM_A,2025-12-20,GR,Individual Contributor,true,true,true,true,true,false,not_applicable,true,true,,ACP000216,Finance,FP&A,Permanent,2022-05-07,,,,HCM_A,2025-12-20,,,217
ACP000217,GR,Sales,Commercial Planning,Individual Contributor,Permanent,2023-11-01,2025-03-28,Voluntary,false,HCM_A,2025-12-21,GR,Individual Contributor,true,true,true,true,true,false,false,true,true,,ACP000217,Sales,Commercial Planning,Permanent,2023-11-01,2025-03-28,Voluntary,false,HCM_A,2025-12-21,,,218
ACP000218,PL,Digital,Software,Manager,Fixed Term,2023-02-26,2023-12-30,Voluntary,true,HCM_A,2025-12-22,PL,Manager,true,true,true,true,true,false,true,true,true,,ACP000218,Digital,Software,Fixed Term,2023-02-26,2023-12-30,Voluntary,true,HCM_A,2025-12-22,,,219
ACP000219,PL,Sales,Key Accounts,Senior Leader,Permanent,2023-11-18,,,,HCM_A,2025-12-23,PL,Senior Leader,true,true,true,true,true,true,not_applicable,true,true,,ACP000219,Sales,Key Accounts,Permanent,2023-11-18,,,,HCM_A,2025-12-23,,,220
ACP000220,PL,Supply Chain,Logistics,Individual Contributor,Permanent,2020-07-10,,,,HCM_B,2025-12-24,PL,Individual Contributor,true,true,true,true,true,false,not_applicable,true,true,,ACP000220,Supply Chain,Logistics,Permanent,2020-07-10,,,,HCM_B,2025-12-24,,,221
ACP000221,IE,Sales,Commercial Planning,Manager,Permanent,2023-04-30,2023-12-17,Voluntary,false,HCM_A,2025-12-25,IE,Manager,true,true,true,true,true,false,false,true,true,,ACP000221,Sales,Commercial Planning,Permanent,2023-04-30,2023-12-17,Voluntary,false,HCM_A,2025-12-25,,,222
ACP000222,BG,Finance,FP&A,Individual Contributor,Fixed Term,2025-06-07,2025-12-14,Voluntary,true,HCM_A,2025-12-26,BG,Individual Contributor,true,true,true,true,true,false,true,true,false,,ACP000222,Finance,FP&A,Fixed Term,2025-06-07,2025-12-14,Voluntary,true,HCM_A,2025-12-26,,,223
ACP000223,RO,Digital,Product,Manager,Permanent,2020-01-09,,,,HCM_A,2025-12-27,RO,Manager,true,true,true,true,true,false,not_applicable,true,true,,ACP000223,Digital,Product,Permanent,2020-01-09,,,,HCM_A,2025-12-27,,,224
ACP000224,GR,Sales,Commercial Planning,Senior Leader,Permanent,2021-12-18,,,,HCM_A,2025-12-28,GR,Senior Leader,true,true,true,true,true,true,not_applicable,true,true,,ACP000224,Sales,Commercial Planning,Permanent,2021-12-18,,,,HCM_A,2025-12-28,,,225
ACP000225,GR,Finance,FP&A,Senior Leader,Permanent,2022-01-06,,,,HCM_B,2025-12-29,GR,Senior Leader,true,true,true,true,true,true,not_applicable,true,true,,ACP000225,Finance,FP&A,Permanent,2022-01-06,,,,HCM_B,2025-12-29,,,226
ACP000226,BG,Supply Chain,Logistics,Individual Contributor,Permanent,2023-08-24,,,,HCM_A,2025-12-30,BG,Individual Contributor,true,true,true,true,true,false,not_applicable,true,true,,ACP000226,Supply Chain,Logistics,Permanent,2023-08-24,,,,HCM_A,2025-12-30,,,227
ACP000227,GR,Digital,Software,Manager,Fixed Term,2020-05-30,2020-06-27,End of Contract,false,HCM_A,2025-12-31,GR,Manager,true,true,true,true,true,false,false,true,true,,ACP000227,Digital,Software,Fixed Term,2020-05-30,2020-06-27,End of Contract,false,HCM_A,2025-12-31,,,228
ACP000228,IT,Sales,Field Sales,Manager,Permanent,2024-05-11,2025-12-13,Voluntary,false,HCM_A,2025-12-20,IT,Manager,true,true,true,true,true,false,false,true,true,,ACP000228,Sales,Field Sales,Permanent,2024-05-11,2025-12-13,Voluntary,false,HCM_A,2025-12-20,,,229
ACP000229,GR,Supply Chain,Procurement,Individual Contributor,Fixed Term,2022-09-17,,,,HCM_A,2025-12-21,GR,Individual Contributor,true,true,true,true,true,false,not_applicable,true,true,,ACP000229,Supply Chain,Procurement,Fixed Term,2022-09-17,,,,HCM_A,2025-12-21,,,230
ACP000230,GR,Supply Chain,Logistics,Manager,Permanent,2020-02-26,,,,HCM_B,2025-12-22,GR,Manager,true,true,true,true,true,false,not_applicable,true,true,,ACP000230,Supply Chain,Logistics,Permanent,2020-02-26,,,,HCM_B,2025-12-22,,,231
ACP000231,PL,Finance,FP&A,Senior Leader,Permanent,2024-12-28,,,,HCM_A,2025-12-23,PL,Senior Leader,true,true,true,true,true,true,not_applicable,true,true,,ACP000231,Finance,FP&A,Permanent,2024-12-28,,,,HCM_A,2025-12-23,,,232
ACP000232,PL,Digital,Software,Manager,Permanent,2023-05-10,,,,HCM_A,2025-12-24,PL,Manager,true,true,true,true,true,false,not_applicable,true,true,,ACP000232,Digital,Software,Permanent,2023-05-10,,,,HCM_A,2025-12-24,,,233
ACP000233,IE,Sales,Key Accounts,Senior Leader,Fixed Term,2024-03-06,,,,HCM_A,2025-12-25,IE,Senior Leader,true,true,true,true,true,true,not_applicable,true,true,,ACP000233,Sales,Key Accounts,Fixed Term,2024-03-06,,,,HCM_A,2025-12-25,,,234
ACP000234,PL,Digital,Software,Individual Contributor,Permanent,2024-07-13,2024-12-19,Voluntary,true,HCM_A,2025-12-26,PL,Individual Contributor,true,true,true,true,true,false,true,true,true,,ACP000234,Digital,Software,Permanent,2024-07-13,2024-12-19,Voluntary,true,HCM_A,2025-12-26,,,235
ACP000235,IT,Sales,Commercial Planning,Individual Contributor,Permanent,2024-09-30,,,,HCM_B,2025-12-27,IT,Individual Contributor,true,true,true,true,true,false,not_applicable,true,true,,ACP000235,Sales,Commercial Planning,Permanent,2024-09-30,,,,HCM_B,2025-12-27,,,236
ACP000236,BG,Supply Chain,Procurement,Individual Contributor,Fixed Term,2021-09-18,2021-12-16,End of Contract,false,HCM_A,2025-12-28,BG,Individual Contributor,true,true,true,true,true,false,false,true,true,,ACP000236,Supply Chain,Procurement,Fixed Term,2021-09-18,2021-12-16,End of Contract,false,HCM_A,2025-12-28,,,237
ACP000237,IE,Finance,Controls,Senior Leader,Permanent,2020-11-21,,,,HCM_A,2025-12-29,IE,Senior Leader,true,true,true,true,true,true,not_applicable,true,true,,ACP000237,Finance,Controls,Permanent,2020-11-21,,,,HCM_A,2025-12-29,,,238
ACP000238,GR,Sales,Field Sales,Manager,Permanent,2022-04-05,,,,HCM_A,2025-12-30,GR,Manager,true,true,true,true,true,false,not_applicable,true,true,,ACP000238,Sales,Field Sales,Permanent,2022-04-05,,,,HCM_A,2025-12-30,,,239
ACP000239,PL,Supply Chain,Procurement,Senior Leader,Permanent,2022-05-25,,,,HCM_A,2025-12-31,PL,Senior Leader,true,true,true,true,true,true,not_applicable,true,true,,ACP000239,Supply Chain,Procurement,Permanent,2022-05-25,,,,HCM_A,2025-12-31,,,240
ACP000240,GR,Supply Chain,Logistics,Individual Contributor,Permanent,2024-02-11,,,,HCM_B,2025-12-20,GR,Individual Contributor,true,true,true,true,true,false,not_applicable,true,true,,ACP000240,Supply Chain,Logistics,Permanent,2024-02-11,,,,HCM_B,2025-12-20,,,241
ACP000241,IT,Finance,Accounting,Individual Contributor,Permanent,2022-01-27,,,,HCM_A,2025-12-21,IT,Individual Contributor,true,true,true,true,true,false,not_applicable,true,true,,ACP000241,Finance,Accounting,Permanent,2022-01-27,,,,HCM_A,2025-12-21,,,242
ACP000242,GR,Supply Chain,Procurement,Manager,Permanent,2024-02-03,,,,HCM_A,2025-12-22,GR,Manager,true,true,true,true,true,false,not_applicable,true,true,,ACP000242,Supply Chain,Procurement,Permanent,2024-02-03,,,,HCM_A,2025-12-22,,,243
ACP000243,BG,Supply Chain,Logistics,Individual Contributor,Permanent,2024-08-28,,,,HCM_A,2025-12-23,BG,Individual Contributor,true,true,true,true,true,false,not_applicable,true,true,,ACP000243,Supply Chain,Logistics,Permanent,2024-08-28,,,,HCM_A,2025-12-23,,,244
ACP000244,IT,Supply Chain,Logistics,Individual Contributor,Permanent,2021-07-21,2024-03-12,Involuntary,false,HCM_A,2025-12-24,IT,Individual Contributor,true,true,true,true,true,false,false,true,true,,ACP000244,Supply Chain,Logistics,Permanent,2021-07-21,2024-03-12,Involuntary,false,HCM_A,2025-12-24,,,245
ACP000245,BG,Finance,Controls,Individual Contributor,Permanent,2024-05-25,2024-10-14,Involuntary,false,HCM_B,2025-12-25,BG,Individual Contributor,true,true,true,true,true,false,false,true,true,,ACP000245,Finance,Controls,Permanent,2024-05-25,2024-10-14,Involuntary,false,HCM_B,2025-12-25,,,246
ACP000246,GR,Supply Chain,Logistics,Individual Contributor,Permanent,2022-08-08,,,,HCM_A,2025-12-26,GR,Individual Contributor,true,true,true,true,true,false,not_applicable,true,true,,ACP000246,Supply Chain,Logistics,Permanent,2022-08-08,,,,HCM_A,2025-12-26,,,247
ACP000247,BG,Sales,Key Accounts,Manager,Permanent,2024-08-06,,,,HCM_A,2025-12-27,BG,Manager,true,true,true,true,true,false,not_applicable,true,true,,ACP000247,Sales,Key Accounts,Permanent,2024-08-06,,,,HCM_A,2025-12-27,,,248
ACP000248,RO,Finance,Controls,Senior Leader,Permanent,2023-02-20,2023-10-22,End of Contract,false,HCM_A,2025-12-28,RO,Senior Leader,true,true,true,true,true,true,false,true,true,,ACP000248,Finance,Controls,Permanent,2023-02-20,2023-10-22,End of Contract,false,HCM_A,2025-12-28,,,249
ACP000249,BG,Supply Chain,Procurement,Manager,Permanent,2025-10-28,,,,HCM_A,2025-12-29,BG,Manager,true,true,true,true,true,false,not_applicable,false,false,,ACP000249,Supply Chain,Procurement,Permanent,2025-10-28,,,,HCM_A,2025-12-29,,,250
ACP000250,RO,Finance,FP&A,Individual Contributor,Permanent,2023-11-24,2024-03-29,Voluntary,false,HCM_B,2025-12-30,RO,Individual Contributor,true,true,true,true,true,false,false,true,true,,ACP000250,Finance,FP&A,Permanent,2023-11-24,2024-03-29,Voluntary,false,HCM_B,2025-12-30,,,251
ACP000251,IE,Digital,Software,Manager,Fixed Term,2021-02-25,2021-04-30,Voluntary,true,HCM_A,2025-12-31,IE,Manager,true,true,true,true,true,false,true,true,true,,ACP000251,Digital,Software,Fixed Term,2021-02-25,2021-04-30,Voluntary,true,HCM_A,2025-12-31,,,252
ACP000252,RO,Finance,Accounting,Manager,Permanent,2023-05-11,,,,HCM_A,2025-12-20,RO,Manager,true,true,true,true,true,false,not_applicable,true,true,,ACP000252,Finance,Accounting,Permanent,2023-05-11,,,,HCM_A,2025-12-20,,,253
ACP000253,RO,Supply Chain,Procurement,Individual Contributor,Fixed Term,2024-01-02,,,,HCM_A,2025-12-21,RO,Individual Contributor,true,true,true,true,true,false,not_applicable,true,true,,ACP000253,Supply Chain,Procurement,Fixed Term,2024-01-02,,,,HCM_A,2025-12-21,,,254
ACP000254,PL,Finance,FP&A,Individual Contributor,Permanent,2022-07-12,,,,HCM_A,2025-12-22,PL,Individual Contributor,true,true,true,true,true,false,not_applicable,true,true,,ACP000254,Finance,FP&A,Permanent,2022-07-12,,,,HCM_A,2025-12-22,,,255
ACP000255,PL,Digital,Data,Individual Contributor,Permanent,2024-05-05,,,,HCM_B,2025-12-23,PL,Individual Contributor,true,true,true,true,true,false,not_applicable,true,true,,ACP000255,Digital,Data,Permanent,2024-05-05,,,,HCM_B,2025-12-23,,,256
ACP000256,IE,Supply Chain,Procurement,Individual Contributor,Permanent,2021-08-29,2022-01-24,Voluntary,false,HCM_A,2025-12-24,IE,Individual Contributor,true,true,true,true,true,false,false,true,true,,ACP000256,Supply Chain,Procurement,Permanent,2021-08-29,2022-01-24,Voluntary,false,HCM_A,2025-12-24,,,257
ACP000257,GR,Sales,Field Sales,Manager,Permanent,2023-04-18,2023-04-30,End of Contract,false,HCM_A,2025-12-25,GR,Manager,true,true,true,true,true,false,false,true,true,,ACP000257,Sales,Field Sales,Permanent,2023-04-18,2023-04-30,End of Contract,false,HCM_A,2025-12-25,,,258
ACP000258,IT,Supply Chain,Procurement,Individual Contributor,Permanent,2023-09-05,2024-08-12,Voluntary,true,HCM_A,2025-12-26,IT,Individual Contributor,true,true,true,true,true,false,true,true,true,,ACP000258,Supply Chain,Procurement,Permanent,2023-09-05,2024-08-12,Voluntary,true,HCM_A,2025-12-26,,,259
ACP000259,GR,Sales,Field Sales,Manager,Fixed Term,2023-09-13,,,,HCM_A,2025-12-27,GR,Manager,true,true,true,true,true,false,not_applicable,true,true,,ACP000259,Sales,Field Sales,Fixed Term,2023-09-13,,,,HCM_A,2025-12-27,,,260
ACP000260,PL,Finance,Accounting,Manager,Permanent,2021-11-11,,,,HCM_B,2025-12-28,PL,Manager,true,true,true,true,true,false,not_applicable,true,true,,ACP000260,Finance,Accounting,Permanent,2021-11-11,,,,HCM_B,2025-12-28,,,261
ACP000261,IT,Digital,Product,Senior Leader,Permanent,2023-11-26,,,,HCM_A,2025-12-29,IT,Senior Leader,true,true,true,true,true,true,not_applicable,true,true,,ACP000261,Digital,Product,Permanent,2023-11-26,,,,HCM_A,2025-12-29,,,262
ACP000262,PL,Finance,Controls,Senior Leader,Permanent,2021-12-19,,,,HCM_A,2025-12-30,PL,Senior Leader,true,true,true,true,true,true,not_applicable,true,true,,ACP000262,Finance,Controls,Permanent,2021-12-19,,,,HCM_A,2025-12-30,,,263
ACP000263,PL,Finance,Controls,Manager,Permanent,2021-04-22,2025-01-05,End of Contract,false,HCM_A,2025-12-31,PL,Manager,true,true,true,true,true,false,false,true,true,,ACP000263,Finance,Controls,Permanent,2021-04-22,2025-01-05,End of Contract,false,HCM_A,2025-12-31,,,264
ACP000264,BG,Supply Chain,Procurement,Senior Leader,Permanent,2020-08-26,,,,HCM_A,2025-12-20,BG,Senior Leader,true,true,true,true,true,true,not_applicable,true,true,,ACP000264,Supply Chain,Procurement,Permanent,2020-08-26,,,,HCM_A,2025-12-20,,,265
ACP000265,PL,Sales,Field Sales,Individual Contributor,Permanent,2023-08-29,,,,HCM_B,2025-12-21,PL,Individual Contributor,true,true,true,true,true,false,not_applicable,true,true,,ACP000265,Sales,Field Sales,Permanent,2023-08-29,,,,HCM_B,2025-12-21,,,266
ACP000266,IE,Digital,Data,Individual Contributor,Permanent,2025-08-13,,,,HCM_A,2025-12-22,IE,Individual Contributor,true,true,true,true,true,false,not_applicable,false,false,,ACP000266,Digital,Data,Permanent,2025-08-13,,,,HCM_A,2025-12-22,,,267
ACP000267,IE,Supply Chain,Procurement,Individual Contributor,Permanent,2023-08-28,,,,HCM_A,2025-12-23,IE,Individual Contributor,true,true,true,true,true,false,not_applicable,true,true,synthetic_source_recovered,ACP000267,Supply Chain,Procurement,Permanent,2023-08-28,2023-11-26,,,HCM_A,2025-12-23,termination_date,verified_synthetic_generator_recovery,268
ACP000268,PL,Digital,Product,Individual Contributor,Permanent,2025-03-03,,,,HCM_A,2025-12-24,PL,Individual Contributor,true,true,true,true,true,false,not_applicable,true,false,,ACP000268,Digital,Product,Permanent,2025-03-03,,,,HCM_A,2025-12-24,,,269
ACP000269,BG,Sales,Commercial Planning,Individual Contributor,Permanent,2023-04-18,,,,HCM_A,2025-12-25,BG,Individual Contributor,true,true,true,true,true,false,not_applicable,true,true,,ACP000269,Sales,Commercial Planning,Permanent,2023-04-18,,,,HCM_A,2025-12-25,,,270
ACP000270,IE,Supply Chain,Logistics,Manager,Fixed Term,2025-02-22,,,,HCM_B,2025-12-26,IE,Manager,true,true,true,true,true,false,not_applicable,true,false,,ACP000270,Supply Chain,Logistics,Fixed Term,2025-02-22,,,,HCM_B,2025-12-26,,,271
ACP000271,IT,Supply Chain,Procurement,Individual Contributor,Permanent,2024-11-06,,,,HCM_A,2025-12-27,IT,Individual Contributor,true,true,true,true,true,false,not_applicable,true,true,,ACP000271,Supply Chain,Procurement,Permanent,2024-11-06,,,,HCM_A,2025-12-27,,,272
ACP000272,RO,Finance,Accounting,Senior Leader,Permanent,2024-12-22,,,,HCM_A,2025-12-28,RO,Senior Leader,true,true,true,true,true,true,not_applicable,true,true,,ACP000272,Finance,Accounting,Permanent,2024-12-22,,,,HCM_A,2025-12-28,,,273
ACP000273,BG,Digital,Software,Individual Contributor,Permanent,2022-06-02,,,,HCM_A,2025-12-29,BG,Individual Contributor,true,true,true,true,true,false,not_applicable,true,true,,ACP000273,Digital,Software,Permanent,2022-06-02,,,,HCM_A,2025-12-29,,,274
ACP000274,IT,Digital,Data,Individual Contributor,Permanent,2023-04-20,2023-12-26,Voluntary,false,HCM_A,2025-12-30,IT,Individual Contributor,true,true,true,true,true,false,false,true,true,,ACP000274,Digital,Data,Permanent,2023-04-20,2023-12-26,Voluntary,false,HCM_A,2025-12-30,,,275
ACP000275,RO,Supply Chain,Logistics,Manager,Permanent,2024-10-19,2024-12-31,Voluntary,true,HCM_B,2025-12-31,RO,Manager,true,true,true,true,true,false,true,true,true,,ACP000275,Supply Chain,Logistics,Permanent,2024-10-19,2024-12-31,Voluntary,true,HCM_B,2025-12-31,,,276
ACP000276,IT,Sales,Key Accounts,Individual Contributor,Fixed Term,2023-05-01,2023-06-10,Voluntary,true,HCM_A,2025-12-20,IT,Individual Contributor,true,true,true,true,true,false,true,true,true,,ACP000276,Sales,Key Accounts,Fixed Term,2023-05-01,2023-06-10,Voluntary,true,HCM_A,2025-12-20,,,277
ACP000277,GR,Supply Chain,Procurement,Individual Contributor,Permanent,2020-07-31,2021-01-02,Voluntary,true,HCM_A,2025-12-21,GR,Individual Contributor,true,true,true,true,true,false,true,true,true,,ACP000277,Supply Chain,Procurement,Permanent,2020-07-31,2021-01-02,Voluntary,true,HCM_A,2025-12-21,,,278
ACP000278,PL,Supply Chain,Logistics,Senior Leader,Permanent,2021-05-25,,,,HCM_A,2025-12-22,PL,Senior Leader,true,true,true,true,true,true,not_applicable,true,true,,ACP000278,Supply Chain,Logistics,Permanent,2021-05-25,,,,HCM_A,2025-12-22,,,279
ACP000279,BG,Digital,Product,Individual Contributor,Fixed Term,2020-11-01,,,,HCM_A,2025-12-23,BG,Individual Contributor,true,true,true,true,true,false,not_applicable,true,true,,ACP000279,Digital,Product,Fixed Term,2020-11-01,,,,HCM_A,2025-12-23,,,280
ACP000280,GR,Sales,Key Accounts,Senior Leader,Fixed Term,2022-12-08,2024-12-25,Voluntary,true,HCM_B,2025-12-24,GR,Senior Leader,true,true,true,true,true,true,true,true,true,,ACP000280,Sales,Key Accounts,Fixed Term,2022-12-08,2024-12-25,Voluntary,true,HCM_B,2025-12-24,,,281
ACP000281,IE,Finance,FP&A,Individual Contributor,Fixed Term,2024-08-14,2025-03-13,Voluntary,true,HCM_A,2025-12-25,IE,Individual Contributor,true,true,true,true,true,false,true,true,true,,ACP000281,Finance,FP&A,Fixed Term,2024-08-14,2025-03-13,Voluntary,true,HCM_A,2025-12-25,,,282
ACP000282,BG,Supply Chain,Logistics,Manager,Fixed Term,2024-06-11,2024-09-02,Voluntary,true,HCM_A,2025-12-26,BG,Manager,true,true,true,true,true,false,true,true,true,,ACP000282,Supply Chain,Logistics,Fixed Term,2024-06-11,2024-09-02,Voluntary,true,HCM_A,2025-12-26,,,283
ACP000283,RO,Digital,Software,Manager,Fixed Term,2021-07-26,,,,HCM_A,2025-12-27,RO,Manager,true,true,true,true,true,false,not_applicable,true,true,,ACP000283,Digital,Software,Fixed Term,2021-07-26,,,,HCM_A,2025-12-27,,,284
ACP000284,IE,Finance,Controls,Individual Contributor,Permanent,2025-03-31,,,,HCM_A,2025-12-28,IE,Individual Contributor,true,true,true,true,true,false,not_applicable,true,false,,ACP000284,Finance,Controls,Permanent,2025-03-31,,,,HCM_A,2025-12-28,,,285
ACP000285,BG,Finance,Accounting,Individual Contributor,Permanent,2020-06-28,,,,HCM_B,2025-12-29,BG,Individual Contributor,true,true,true,true,true,false,not_applicable,true,true,,ACP000285,Finance,Accounting,Permanent,2020-06-28,,,,HCM_B,2025-12-29,,,286
ACP000286,PL,Finance,Controls,Individual Contributor,Permanent,2020-06-18,,,,HCM_A,2025-12-30,PL,Individual Contributor,true,true,true,true,true,false,not_applicable,true,true,,ACP000286,Finance,Controls,Permanent,2020-06-18,,,,HCM_A,2025-12-30,,,287
ACP000287,IT,Finance,Controls,Manager,Permanent,2023-12-20,2024-11-16,Involuntary,false,HCM_A,2025-12-31,IT,Manager,true,true,true,true,true,false,false,true,true,,ACP000287,Finance,Controls,Permanent,2023-12-20,2024-11-16,Involuntary,false,HCM_A,2025-12-31,,,288
ACP000288,IE,Finance,FP&A,Manager,Permanent,2024-02-11,,,,HCM_A,2025-12-20,IE,Manager,true,true,true,true,true,false,not_applicable,true,true,,ACP000288,Finance,FP&A,Permanent,2024-02-11,,,,HCM_A,2025-12-20,,,289
ACP000289,GR,Digital,Data,Individual Contributor,Fixed Term,2020-08-05,2024-03-28,Voluntary,false,HCM_A,2025-12-21,GR,Individual Contributor,true,true,true,true,true,false,false,true,true,,ACP000289,Digital,Data,Fixed Term,2020-08-05,2024-03-28,Voluntary,false,HCM_A,2025-12-21,,,290
ACP000290,IT,Supply Chain,Procurement,Individual Contributor,Permanent,2020-02-20,,,,HCM_B,2025-12-22,IT,Individual Contributor,true,true,true,true,true,false,not_applicable,true,true,,ACP000290,Supply Chain,Procurement,Permanent,2020-02-20,,,,HCM_B,2025-12-22,,,291
ACP000291,BG,Finance,Controls,Individual Contributor,Permanent,2020-08-13,,,,HCM_A,2025-12-23,BG,Individual Contributor,true,true,true,true,true,false,not_applicable,true,true,,ACP000291,Finance,Controls,Permanent,2020-08-13,,,,HCM_A,2025-12-23,,,292
ACP000292,RO,Digital,Data,Individual Contributor,Permanent,2023-05-16,2025-07-27,Voluntary,true,HCM_A,2025-12-24,RO,Individual Contributor,true,true,true,true,true,false,true,true,true,,ACP000292,Digital,Data,Permanent,2023-05-16,2025-07-27,Voluntary,true,HCM_A,2025-12-24,,,293
ACP000293,BG,Sales,Key Accounts,Senior Leader,Permanent,2021-09-18,,,,HCM_A,2025-12-25,BG,Senior Leader,true,true,true,true,true,true,not_applicable,true,true,,ACP000293,Sales,Key Accounts,Permanent,2021-09-18,,,,HCM_A,2025-12-25,,,294
ACP000294,GR,Sales,Key Accounts,Manager,Fixed Term,2021-08-01,2021-11-05,Involuntary,false,HCM_A,2025-12-26,GR,Manager,true,true,true,true,true,false,false,true,true,,ACP000294,Sales,Key Accounts,Fixed Term,2021-08-01,2021-11-05,Involuntary,false,HCM_A,2025-12-26,,,295
ACP000295,PL,Supply Chain,Logistics,Individual Contributor,Permanent,2020-01-11,2020-09-29,Voluntary,true,HCM_B,2025-12-27,PL,Individual Contributor,true,true,true,true,true,false,true,true,true,,ACP000295,Supply Chain,Logistics,Permanent,2020-01-11,2020-09-29,Voluntary,true,HCM_B,2025-12-27,,,296
ACP000296,PL,Sales,Commercial Planning,Individual Contributor,Permanent,2025-07-14,,,,HCM_A,2025-12-28,PL,Individual Contributor,true,true,true,true,true,false,not_applicable,false,false,,ACP000296,Sales,Commercial Planning,Permanent,2025-07-14,,,,HCM_A,2025-12-28,,,297
ACP000297,IE,Supply Chain,Procurement,Individual Contributor,Permanent,2022-02-11,,,,HCM_A,2025-12-29,IE,Individual Contributor,true,true,true,true,true,false,not_applicable,true,true,,ACP000297,Supply Chain,Procurement,Permanent,2022-02-11,,,,HCM_A,2025-12-29,,,298
ACP000298,IT,Digital,Software,Manager,Fixed Term,2022-05-03,,,,HCM_A,2025-12-30,IT,Manager,true,true,true,true,true,false,not_applicable,true,true,,ACP000298,Digital,Software,Fixed Term,2022-05-03,,,,HCM_A,2025-12-30,,,299
ACP000299,GR,Sales,Field Sales,Senior Leader,Permanent,2023-09-15,2024-12-07,Voluntary,true,HCM_A,2025-12-31,GR,Senior Leader,true,true,true,true,true,true,true,true,true,,ACP000299,Sales,Field Sales,Permanent,2023-09-15,2024-12-07,Voluntary,true,HCM_A,2025-12-31,,,300
ACP000300,IE,Supply Chain,Logistics,Manager,Permanent,2020-09-27,2024-01-30,Voluntary,false,HCM_B,2025-12-20,IE,Manager,true,true,true,true,true,false,false,true,true,,ACP000300,Supply Chain,Logistics,Permanent,2020-09-27,2024-01-30,Voluntary,false,HCM_B,2025-12-20,,,301
ACP000301,RO,Sales,Field Sales,Senior Leader,Permanent,2025-07-20,,,,HCM_A,2025-12-21,RO,Senior Leader,true,true,true,true,true,true,not_applicable,false,false,,ACP000301,Sales,Field Sales,Permanent,2025-07-20,,,,HCM_A,2025-12-21,,,302
ACP000302,PL,Digital,Data,Individual Contributor,Permanent,2024-09-18,2025-01-28,Voluntary,true,HCM_A,2025-12-22,PL,Individual Contributor,true,true,true,true,true,false,true,true,true,,ACP000302,Digital,Data,Permanent,2024-09-18,2025-01-28,Voluntary,true,HCM_A,2025-12-22,,,303
ACP000303,IT,Supply Chain,Manufacturing,Manager,Permanent,2022-10-21,2024-01-08,Voluntary,true,HCM_A,2025-12-23,IT,Manager,true,true,true,true,true,false,true,true,true,,ACP000303,Supply Chain,Manufacturing,Permanent,2022-10-21,2024-01-08,Voluntary,true,HCM_A,2025-12-23,,,304
ACP000304,IT,Supply Chain,Manufacturing,Individual Contributor,Permanent,2023-04-04,2023-06-05,Involuntary,false,HCM_A,2025-12-24,IT,Individual Contributor,true,true,true,true,true,false,false,true,true,,ACP000304,Supply Chain,Manufacturing,Permanent,2023-04-04,2023-06-05,Involuntary,false,HCM_A,2025-12-24,,,305
ACP000305,IE,Sales,Field Sales,Manager,Permanent,2023-11-25,,,,HCM_B,2025-12-25,IE,Manager,true,true,true,true,true,false,not_applicable,true,true,,ACP000305,Sales,Field Sales,Permanent,2023-11-25,,,,HCM_B,2025-12-25,,,306
ACP000306,GR,Digital,Product,Manager,Permanent,2021-05-15,,,,HCM_A,2025-12-26,GR,Manager,true,true,true,true,true,false,not_applicable,true,true,,ACP000306,Digital,Product,Permanent,2021-05-15,,,,HCM_A,2025-12-26,,,307
ACP000307,PL,Finance,FP&A,Individual Contributor,Permanent,2021-07-06,,,,HCM_A,2025-12-27,PL,Individual Contributor,true,true,true,true,true,false,not_applicable,true,true,,ACP000307,Finance,FP&A,Permanent,2021-07-06,,,,HCM_A,2025-12-27,,,308
ACP000308,IT,Supply Chain,Manufacturing,Individual Contributor,Permanent,2021-11-04,2021-11-20,Involuntary,false,HCM_A,2025-12-28,IT,Individual Contributor,true,true,true,true,true,false,false,true,true,,ACP000308,Supply Chain,Manufacturing,Permanent,2021-11-04,2021-11-20,Involuntary,false,HCM_A,2025-12-28,,,309
ACP000309,GR,Sales,Key Accounts,Manager,Permanent,2020-12-16,,,,HCM_A,2025-12-29,GR,Manager,true,true,true,true,true,false,not_applicable,true,true,,ACP000309,Sales,Key Accounts,Permanent,2020-12-16,,,,HCM_A,2025-12-29,,,310
ACP000310,PL,Supply Chain,Manufacturing,Senior Leader,Permanent,2022-06-11,2025-07-19,Involuntary,false,HCM_B,2025-12-30,PL,Senior Leader,true,true,true,true,true,true,false,true,true,,ACP000310,Supply Chain,Manufacturing,Permanent,2022-06-11,2025-07-19,Involuntary,false,HCM_B,2025-12-30,,,311
ACP000311,GR,Sales,Key Accounts,Senior Leader,Permanent,2023-11-15,2024-12-10,Voluntary,true,HCM_A,2025-12-31,GR,Senior Leader,true,true,true,true,true,true,true,true,true,,ACP000311,Sales,Key Accounts,Permanent,2023-11-15,2024-12-10,Voluntary,true,HCM_A,2025-12-31,,,312
ACP000312,GR,Digital,Product,Manager,Permanent,2022-12-04,,,,HCM_A,2025-12-20,GR,Manager,true,true,true,true,true,false,not_applicable,true,true,,ACP000312,Digital,Product,Permanent,2022-12-04,,,,HCM_A,2025-12-20,,,313
ACP000313,RO,Finance,Accounting,Manager,Fixed Term,2023-07-21,,,,HCM_A,2025-12-21,RO,Manager,true,true,true,true,true,false,not_applicable,true,true,,ACP000313,Finance,Accounting,Fixed Term,2023-07-21,,,,HCM_A,2025-12-21,,,314
ACP000314,RO,Digital,Product,Manager,Permanent,2025-10-05,,,,HCM_A,2025-12-22,RO,Manager,true,true,true,true,true,false,not_applicable,false,false,,ACP000314,Digital,Product,Permanent,2025-10-05,,,,HCM_A,2025-12-22,,,315
ACP000315,GR,Supply Chain,Procurement,Manager,Permanent,2024-12-05,2025-05-23,Involuntary,false,HCM_B,2025-12-23,GR,Manager,true,true,true,true,true,false,false,true,true,,ACP000315,Supply Chain,Procurement,Permanent,2024-12-05,2025-05-23,Involuntary,false,HCM_B,2025-12-23,,,316
ACP000316,GR,Supply Chain,Procurement,Manager,Permanent,2022-09-29,,,,HCM_A,2025-12-24,GR,Manager,true,true,true,true,true,false,not_applicable,true,true,,ACP000316,Supply Chain,Procurement,Permanent,2022-09-29,,,,HCM_A,2025-12-24,,,317
ACP000317,PL,Sales,Field Sales,Manager,Permanent,2020-06-16,,,,HCM_A,2025-12-25,PL,Manager,true,true,true,true,true,false,not_applicable,true,true,,ACP000317,Sales,Field Sales,Permanent,2020-06-16,,,,HCM_A,2025-12-25,,,318
ACP000318,PL,Finance,Controls,Manager,Permanent,2022-06-03,2023-11-14,Voluntary,false,HCM_A,2025-12-26,PL,Manager,true,true,true,true,true,false,false,true,true,,ACP000318,Finance,Controls,Permanent,2022-06-03,2023-11-14,Voluntary,false,HCM_A,2025-12-26,,,319
ACP000319,BG,Sales,Key Accounts,Individual Contributor,Fixed Term,2024-01-03,,,,HCM_A,2025-12-27,BG,Individual Contributor,true,true,true,true,true,false,not_applicable,true,true,,ACP000319,Sales,Key Accounts,Fixed Term,2024-01-03,,,,HCM_A,2025-12-27,,,320
ACP000320,IE,Finance,FP&A,Manager,Permanent,2020-12-01,,,,HCM_B,2025-12-28,IE,Manager,true,true,true,true,true,false,not_applicable,true,true,,ACP000320,Finance,FP&A,Permanent,2020-12-01,,,,HCM_B,2025-12-28,,,321
ACP000321,BG,Finance,Controls,Manager,Permanent,2024-07-31,2024-11-13,Voluntary,true,HCM_A,2025-12-29,BG,Manager,true,true,true,true,true,false,true,true,true,,ACP000321,Finance,Controls,Permanent,2024-07-31,2024-11-13,Voluntary,true,HCM_A,2025-12-29,,,322
ACP000322,PL,Supply Chain,Manufacturing,Manager,Permanent,2024-09-06,2025-10-14,End of Contract,false,HCM_A,2025-12-30,PL,Manager,true,true,true,true,true,false,false,true,true,,ACP000322,Supply Chain,Manufacturing,Permanent,2024-09-06,2025-10-14,End of Contract,false,HCM_A,2025-12-30,,,323
ACP000323,GR,Sales,Field Sales,Senior Leader,Permanent,2024-03-17,2024-06-29,Involuntary,false,HCM_A,2025-12-31,GR,Senior Leader,true,true,true,true,true,true,false,true,true,,ACP000323,Sales,Field Sales,Permanent,2024-03-17,2024-06-29,Involuntary,false,HCM_A,2025-12-31,,,324
ACP000324,IT,Finance,Controls,Senior Leader,Permanent,2025-10-26,,,,HCM_A,2025-12-20,IT,Senior Leader,true,true,true,true,true,true,not_applicable,false,false,,ACP000324,Finance,Controls,Permanent,2025-10-26,,,,HCM_A,2025-12-20,,,325
ACP000325,IT,Finance,Controls,Manager,Permanent,2021-02-22,,,,HCM_B,2025-12-21,IT,Manager,true,true,true,true,true,false,not_applicable,true,true,,ACP000325,Finance,Controls,Permanent,2021-02-22,,,,HCM_B,2025-12-21,,,326
ACP000326,GR,Sales,Commercial Planning,Individual Contributor,Permanent,2022-08-01,,,,HCM_A,2025-12-22,GR,Individual Contributor,true,true,true,true,true,false,not_applicable,true,true,,ACP000326,Sales,Commercial Planning,Permanent,2022-08-01,,,,HCM_A,2025-12-22,,,327
ACP000327,BG,Digital,Data,Individual Contributor,Fixed Term,2024-01-07,2025-01-19,Involuntary,false,HCM_A,2025-12-23,BG,Individual Contributor,true,true,true,true,true,false,false,true,true,,ACP000327,Digital,Data,Fixed Term,2024-01-07,2025-01-19,Involuntary,false,HCM_A,2025-12-23,,,328
ACP000328,PL,Supply Chain,Manufacturing,Individual Contributor,Fixed Term,2022-04-12,,,,HCM_A,2025-12-24,PL,Individual Contributor,true,true,true,true,true,false,not_applicable,true,true,,ACP000328,Supply Chain,Manufacturing,Fixed Term,2022-04-12,,,,HCM_A,2025-12-24,,,329
ACP000329,IT,Finance,Controls,Manager,Fixed Term,2023-12-14,,,,HCM_A,2025-12-25,IT,Manager,true,true,true,true,true,false,not_applicable,true,true,,ACP000329,Finance,Controls,Fixed Term,2023-12-14,,,,HCM_A,2025-12-25,,,330
ACP000330,PL,Digital,Product,Individual Contributor,Permanent,2020-03-23,2024-05-28,End of Contract,false,HCM_B,2025-12-26,PL,Individual Contributor,true,true,true,true,true,false,false,true,true,,ACP000330,Digital,Product,Permanent,2020-03-23,2024-05-28,End of Contract,false,HCM_B,2025-12-26,,,331
ACP000331,RO,Digital,Product,Manager,Permanent,2021-12-29,,,,HCM_A,2025-12-27,RO,Manager,true,true,true,true,true,false,not_applicable,true,true,,ACP000331,Digital,Product,Permanent,2021-12-29,,,,HCM_A,2025-12-27,,,332
ACP000332,IE,Sales,Field Sales,Manager,Permanent,2020-01-30,,,,HCM_A,2025-12-28,IE,Manager,true,true,true,true,true,false,not_applicable,true,true,,ACP000332,Sales,Field Sales,Permanent,2020-01-30,,,,HCM_A,2025-12-28,,,333
ACP000333,GR,Finance,Controls,Individual Contributor,Permanent,2020-11-21,2022-04-22,Involuntary,false,HCM_A,2025-12-29,GR,Individual Contributor,true,true,true,true,true,false,false,true,true,,ACP000333,Finance,Controls,Permanent,2020-11-21,2022-04-22,Involuntary,false,HCM_A,2025-12-29,,,334
ACP000334,BG,Supply Chain,Logistics,Manager,Fixed Term,2024-05-26,,,,HCM_A,2025-12-30,BG,Sr Mgmt,true,true,true,true,true,false,not_applicable,true,true,synthetic_source_recovered,ACP000334,Supply Chain,Logistics,Fixed Term,2024-05-26,,,,HCM_A,2025-12-30,career_level,verified_synthetic_generator_recovery,335
ACP000335,PL,Sales,Commercial Planning,Individual Contributor,Permanent,2024-06-18,2024-11-19,Voluntary,false,HCM_B,2025-12-31,PL,Individual Contributor,true,true,true,true,true,false,false,true,true,,ACP000335,Sales,Commercial Planning,Permanent,2024-06-18,2024-11-19,Voluntary,false,HCM_B,2025-12-31,,,336
ACP000336,BG,Sales,Commercial Planning,Manager,Permanent,2024-04-14,2025-06-03,Voluntary,false,HCM_A,2025-12-20,BG,Manager,true,true,true,true,true,false,false,true,true,,ACP000336,Sales,Commercial Planning,Permanent,2024-04-14,2025-06-03,Voluntary,false,HCM_A,2025-12-20,,,337
ACP000337,IE,Sales,Field Sales,Individual Contributor,Permanent,2022-05-06,,,,HCM_A,2025-12-21,IE,Individual Contributor,true,true,true,true,true,false,not_applicable,true,true,,ACP000337,Sales,Field Sales,Permanent,2022-05-06,,,,HCM_A,2025-12-21,,,338
ACP000338,GR,Sales,Commercial Planning,Individual Contributor,Permanent,2020-09-24,,,,HCM_A,2025-12-22,GR,Individual Contributor,true,true,true,true,true,false,not_applicable,true,true,,ACP000338,Sales,Commercial Planning,Permanent,2020-09-24,,,,HCM_A,2025-12-22,,,339
ACP000339,PL,Supply Chain,Manufacturing,Manager,Permanent,2024-03-07,,,,HCM_A,2025-12-23,PL,Manager,true,true,true,true,true,false,not_applicable,true,true,,ACP000339,Supply Chain,Manufacturing,Permanent,2024-03-07,,,,HCM_A,2025-12-23,,,340
ACP000340,BG,Digital,Software,Individual Contributor,Permanent,2021-04-07,,,,HCM_B,2025-12-24,BG,Individual Contributor,true,true,true,true,true,false,not_applicable,true,true,,ACP000340,Digital,Software,Permanent,2021-04-07,,,,HCM_B,2025-12-24,,,341
ACP000341,BG,Digital,Product,Manager,Fixed Term,2020-02-26,,,,HCM_A,2025-12-25,BG,Manager,true,true,true,true,true,false,not_applicable,true,true,,ACP000341,Digital,Product,Fixed Term,2020-02-26,,,,HCM_A,2025-12-25,,,342
ACP000342,BG,Supply Chain,Manufacturing,Senior Leader,Permanent,2020-01-27,,,,HCM_A,2025-12-26,BG,Senior Leader,true,true,true,true,true,true,not_applicable,true,true,,ACP000342,Supply Chain,Manufacturing,Permanent,2020-01-27,,,,HCM_A,2025-12-26,,,343
ACP000343,PL,Finance,FP&A,Individual Contributor,Permanent,2025-09-20,,,,HCM_A,2025-12-27,PL,Individual Contributor,true,true,true,true,true,false,not_applicable,false,false,,ACP000343,Finance,FP&A,Permanent,2025-09-20,,,,HCM_A,2025-12-27,,,344
ACP000344,PL,Finance,FP&A,Manager,Permanent,2025-10-29,,,,HCM_A,2025-12-28,PL,Manager,true,true,true,true,true,false,not_applicable,false,false,,ACP000344,Finance,FP&A,Permanent,2025-10-29,,,,HCM_A,2025-12-28,,,345
ACP000345,PL,Sales,Key Accounts,Individual Contributor,Permanent,2023-05-17,,,,HCM_B,2025-12-29,PL,Individual Contributor,true,true,true,true,true,false,not_applicable,true,true,,ACP000345,Sales,Key Accounts,Permanent,2023-05-17,,,,HCM_B,2025-12-29,,,346
ACP000346,GR,Digital,Product,Manager,Permanent,2020-10-10,2021-09-02,Voluntary,true,HCM_A,2025-12-30,GR,Manager,true,true,true,true,true,false,true,true,true,,ACP000346,Digital,Product,Permanent,2020-10-10,2021-09-02,Voluntary,true,HCM_A,2025-12-30,,,347
ACP000347,BG,Sales,Key Accounts,Manager,Permanent,2021-07-14,,,,HCM_A,2025-12-31,BG,Manager,true,true,true,true,true,false,not_applicable,true,true,,ACP000347,Sales,Key Accounts,Permanent,2021-07-14,,,,HCM_A,2025-12-31,,,348
ACP000348,IE,Sales,Field Sales,Individual Contributor,Permanent,2020-02-10,,,,HCM_A,2025-12-20,IE,Individual Contributor,true,true,true,true,true,false,not_applicable,true,true,,ACP000348,Sales,Field Sales,Permanent,2020-02-10,,,,HCM_A,2025-12-20,,,349
ACP000349,PL,Finance,FP&A,Senior Leader,Permanent,2024-12-04,,,,HCM_A,2025-12-21,PL,Senior Leader,true,true,true,true,true,true,not_applicable,true,true,,ACP000349,Finance,FP&A,Permanent,2024-12-04,,,,HCM_A,2025-12-21,,,350
ACP000350,BG,Supply Chain,Logistics,Individual Contributor,Permanent,2022-02-05,,,,HCM_B,2025-12-22,BG,Individual Contributor,true,true,true,true,true,false,not_applicable,true,true,,ACP000350,Supply Chain,Logistics,Permanent,2022-02-05,,,,HCM_B,2025-12-22,,,351
ACP000351,IT,Finance,Controls,Manager,Permanent,2022-07-29,2024-03-29,End of Contract,false,HCM_A,2025-12-23,IT,Manager,true,true,true,true,true,false,false,true,true,,ACP000351,Finance,Controls,Permanent,2022-07-29,2024-03-29,End of Contract,false,HCM_A,2025-12-23,,,352
ACP000352,IE,Sales,Key Accounts,Individual Contributor,Permanent,2025-04-28,,,,HCM_A,2025-12-24,IE,Individual Contributor,true,true,true,true,true,false,not_applicable,true,false,,ACP000352,Sales,Key Accounts,Permanent,2025-04-28,,,,HCM_A,2025-12-24,,,353
ACP000353,BG,Digital,Software,Individual Contributor,Permanent,2023-09-06,2025-01-10,Voluntary,false,HCM_A,2025-12-25,BG,Individual Contributor,true,true,true,true,true,false,false,true,true,,ACP000353,Digital,Software,Permanent,2023-09-06,2025-01-10,Voluntary,false,HCM_A,2025-12-25,,,354
ACP000354,RO,Finance,Accounting,Individual Contributor,Permanent,2024-01-27,,,,HCM_A,2025-12-26,RO,Individual Contributor,true,true,true,true,true,false,not_applicable,true,true,,ACP000354,Finance,Accounting,Permanent,2024-01-27,,,,HCM_A,2025-12-26,,,355
ACP000355,RO,Finance,FP&A,Individual Contributor,Permanent,2025-06-03,,,,HCM_B,2025-12-27,RO,Individual Contributor,true,true,true,true,true,false,not_applicable,true,false,,ACP000355,Finance,FP&A,Permanent,2025-06-03,,,,HCM_B,2025-12-27,,,356
ACP000356,PL,Finance,Accounting,Manager,Permanent,2020-04-12,2021-02-23,End of Contract,false,HCM_A,2025-12-28,PL,Manager,true,true,true,true,true,false,false,true,true,,ACP000356,Finance,Accounting,Permanent,2020-04-12,2021-02-23,End of Contract,false,HCM_A,2025-12-28,,,357
ACP000357,RO,Digital,Product,Individual Contributor,Permanent,2023-04-29,,,,HCM_A,2025-12-29,RO,Individual Contributor,true,true,true,true,true,false,not_applicable,true,true,,ACP000357,Digital,Product,Permanent,2023-04-29,,,,HCM_A,2025-12-29,,,358
ACP000358,IE,Finance,Accounting,Senior Leader,Permanent,2020-05-11,2023-01-18,Involuntary,false,HCM_A,2025-12-30,IE,Senior Leader,true,true,true,true,true,true,false,true,true,,ACP000358,Finance,Accounting,Permanent,2020-05-11,2023-01-18,Involuntary,false,HCM_A,2025-12-30,,,359
ACP000359,IT,Digital,Data,Senior Leader,Permanent,2022-01-08,2022-04-27,Voluntary,true,HCM_A,2025-12-31,IT,Senior Leader,true,true,true,true,true,true,true,true,true,,ACP000359,Digital,Data,Permanent,2022-01-08,2022-04-27,Voluntary,true,HCM_A,2025-12-31,,,360
ACP000360,IT,Sales,Field Sales,Individual Contributor,Fixed Term,2023-05-04,2025-10-05,Voluntary,true,HCM_B,2025-12-20,IT,Individual Contributor,true,true,true,true,true,false,true,true,true,,ACP000360,Sales,Field Sales,Fixed Term,2023-05-04,2025-10-05,Voluntary,true,HCM_B,2025-12-20,,,361
ACP000361,GR,Finance,Accounting,Manager,Permanent,2021-12-05,,,,HCM_A,2025-12-21,GR,Manager,true,true,true,true,true,false,not_applicable,true,true,,ACP000361,Finance,Accounting,Permanent,2021-12-05,,,,HCM_A,2025-12-21,,,362
ACP000362,BG,Sales,Key Accounts,Manager,Permanent,2025-09-15,,,,HCM_A,2025-12-22,BG,Manager,true,true,true,true,true,false,not_applicable,false,false,,ACP000362,Sales,Key Accounts,Permanent,2025-09-15,,,,HCM_A,2025-12-22,,,363
ACP000363,BG,Finance,FP&A,Manager,Permanent,2021-11-06,2023-08-27,Involuntary,false,HCM_A,2025-12-23,BG,Manager,true,true,true,true,true,false,false,true,true,,ACP000363,Finance,FP&A,Permanent,2021-11-06,2023-08-27,Involuntary,false,HCM_A,2025-12-23,,,364
ACP000364,IT,Digital,Software,Manager,Fixed Term,2025-01-15,,,,HCM_A,2025-12-24,IT,Manager,true,true,true,true,true,false,not_applicable,true,false,,ACP000364,Digital,Software,Fixed Term,2025-01-15,,,,HCM_A,2025-12-24,,,365
ACP000365,GR,Finance,Controls,Individual Contributor,Fixed Term,2023-08-27,,,,HCM_B,2025-12-25,GR,Individual Contributor,true,true,true,true,true,false,not_applicable,true,true,,ACP000365,Finance,Controls,Fixed Term,2023-08-27,,,,HCM_B,2025-12-25,,,366
ACP000366,BG,Supply Chain,Procurement,Senior Leader,Permanent,2020-12-25,2025-09-11,Involuntary,false,HCM_A,2025-12-26,BG,Senior Leader,true,true,true,true,true,true,false,true,true,,ACP000366,Supply Chain,Procurement,Permanent,2020-12-25,2025-09-11,Involuntary,false,HCM_A,2025-12-26,,,367
ACP000367,PL,Finance,Accounting,Manager,Permanent,2022-11-10,,,,HCM_A,2025-12-27,PL,Manager,true,true,true,true,true,false,not_applicable,true,true,,ACP000367,Finance,Accounting,Permanent,2022-11-10,,,,HCM_A,2025-12-27,,,368
ACP000368,GR,Supply Chain,Procurement,Individual Contributor,Permanent,2025-05-24,2025-12-08,Voluntary,true,HCM_A,2025-12-28,,Individual Contributor,true,true,true,true,true,false,true,true,false,synthetic_source_recovered,ACP000368,Supply Chain,Procurement,Permanent,2025-05-24,2025-12-08,Voluntary,true,HCM_A,2025-12-28,country_code,verified_synthetic_generator_recovery,369
ACP000369,RO,Digital,Software,Manager,Permanent,2023-08-21,,,,HCM_A,2025-12-29,RO,Manager,true,true,true,true,true,false,not_applicable,true,true,,ACP000369,Digital,Software,Permanent,2023-08-21,,,,HCM_A,2025-12-29,,,370
ACP000370,RO,Sales,Key Accounts,Senior Leader,Permanent,2020-06-24,2021-05-08,Voluntary,false,HCM_B,2025-12-30,RO,Senior Leader,true,true,true,true,true,true,false,true,true,,ACP000370,Sales,Key Accounts,Permanent,2020-06-24,2021-05-08,Voluntary,false,HCM_B,2025-12-30,,,371
ACP000371,IT,Digital,Product,Individual Contributor,Permanent,2025-02-26,,,,HCM_A,2025-12-31,IT,Individual Contributor,true,true,true,true,true,false,not_applicable,true,false,,ACP000371,Digital,Product,Permanent,2025-02-26,,,,HCM_A,2025-12-31,,,372
ACP000372,IT,Finance,FP&A,Individual Contributor,Permanent,2023-12-28,,,,HCM_A,2025-12-20,IT,Individual Contributor,true,true,true,true,true,false,not_applicable,true,true,,ACP000372,Finance,FP&A,Permanent,2023-12-28,,,,HCM_A,2025-12-20,,,373
ACP000373,IE,Finance,Controls,Individual Contributor,Permanent,2023-05-25,,,,HCM_A,2025-12-21,IE,Individual Contributor,true,true,true,true,true,false,not_applicable,true,true,,ACP000373,Finance,Controls,Permanent,2023-05-25,,,,HCM_A,2025-12-21,,,374
ACP000374,IT,Sales,Key Accounts,Senior Leader,Fixed Term,2024-08-05,2025-08-26,Voluntary,true,HCM_A,2025-12-22,IT,Senior Leader,true,true,true,true,true,true,true,true,true,,ACP000374,Sales,Key Accounts,Fixed Term,2024-08-05,2025-08-26,Voluntary,true,HCM_A,2025-12-22,,,375
ACP000375,IE,Finance,Accounting,Manager,Permanent,2024-05-10,,,,HCM_B,2025-12-23,IE,Manager,true,true,true,true,true,false,not_applicable,true,true,,ACP000375,Finance,Accounting,Permanent,2024-05-10,,,,HCM_B,2025-12-23,,,376
ACP000376,GR,Finance,Accounting,Manager,Permanent,2023-05-26,,,,HCM_A,2025-12-24,GR,Manager,true,true,true,true,true,false,not_applicable,true,true,,ACP000376,Finance,Accounting,Permanent,2023-05-26,,,,HCM_A,2025-12-24,,,377
ACP000377,IT,Digital,Product,Manager,Permanent,2021-09-16,,,,HCM_A,2025-12-25,IT,Manager,true,true,true,true,true,false,not_applicable,true,true,,ACP000377,Digital,Product,Permanent,2021-09-16,,,,HCM_A,2025-12-25,,,378
ACP000378,PL,Finance,FP&A,Senior Leader,Permanent,2023-11-16,,,,HCM_A,2025-12-26,PL,Senior Leader,true,true,true,true,true,true,not_applicable,true,true,,ACP000378,Finance,FP&A,Permanent,2023-11-16,,,,HCM_A,2025-12-26,,,379
ACP000379,IE,Sales,Commercial Planning,Individual Contributor,Permanent,2023-02-27,2023-05-25,Involuntary,false,HCM_A,2025-12-27,IE,Individual Contributor,true,true,true,true,true,false,false,true,true,,ACP000379,Sales,Commercial Planning,Permanent,2023-02-27,2023-05-25,Involuntary,false,HCM_A,2025-12-27,,,380
ACP000380,GR,Supply Chain,Manufacturing,Individual Contributor,Permanent,2023-01-15,2024-03-23,Voluntary,true,HCM_B,2025-12-28,GR,Individual Contributor,true,true,true,true,true,false,true,true,true,,ACP000380,Supply Chain,Manufacturing,Permanent,2023-01-15,2024-03-23,Voluntary,true,HCM_B,2025-12-28,,,381
ACP000381,IE,Supply Chain,Logistics,Manager,Permanent,2020-03-07,,,,HCM_A,2025-12-29,IE,Manager,true,true,true,true,true,false,not_applicable,true,true,,ACP000381,Supply Chain,Logistics,Permanent,2020-03-07,,,,HCM_A,2025-12-29,,,382
ACP000382,GR,Finance,Controls,Individual Contributor,Permanent,2024-01-11,,,,HCM_A,2025-12-30,GR,Individual Contributor,true,true,true,true,true,false,not_applicable,true,true,,ACP000382,Finance,Controls,Permanent,2024-01-11,,,,HCM_A,2025-12-30,,,383
ACP000383,BG,Digital,Software,Senior Leader,Permanent,2024-09-28,,,,HCM_A,2025-12-31,BG,Senior Leader,true,true,true,true,true,true,not_applicable,true,true,,ACP000383,Digital,Software,Permanent,2024-09-28,,,,HCM_A,2025-12-31,,,384
ACP000384,BG,Digital,Data,Individual Contributor,Permanent,2023-04-02,2025-04-18,Involuntary,false,HCM_A,2025-12-20,BG,Individual Contributor,true,true,true,true,true,false,false,true,true,,ACP000384,Digital,Data,Permanent,2023-04-02,2025-04-18,Involuntary,false,HCM_A,2025-12-20,,,385
ACP000385,PL,Sales,Commercial Planning,Individual Contributor,Permanent,2023-06-02,,,,HCM_B,2025-12-21,PL,Individual Contributor,true,true,true,true,true,false,not_applicable,true,true,,ACP000385,Sales,Commercial Planning,Permanent,2023-06-02,,,,HCM_B,2025-12-21,,,386
ACP000386,PL,Finance,Accounting,Individual Contributor,Permanent,2024-05-09,2025-03-21,Voluntary,true,HCM_A,2025-12-22,PL,Individual Contributor,true,true,true,true,true,false,true,true,true,,ACP000386,Finance,Accounting,Permanent,2024-05-09,2025-03-21,Voluntary,true,HCM_A,2025-12-22,,,387
ACP000387,IT,Sales,Key Accounts,Individual Contributor,Permanent,2020-05-11,,,,HCM_A,2025-12-23,IT,Individual Contributor,true,true,true,true,true,false,not_applicable,true,true,,ACP000387,Sales,Key Accounts,Permanent,2020-05-11,,,,HCM_A,2025-12-23,,,388
ACP000388,IE,Finance,FP&A,Manager,Permanent,2025-07-21,,,,HCM_A,2025-12-24,IE,Manager,true,true,true,true,true,false,not_applicable,false,false,,ACP000388,Finance,FP&A,Permanent,2025-07-21,,,,HCM_A,2025-12-24,,,389
ACP000389,BG,Sales,Key Accounts,Individual Contributor,Permanent,2023-11-13,,,,HCM_A,2025-12-25,BG,Individual Contributor,true,true,true,true,true,false,not_applicable,true,true,,ACP000389,Sales,Key Accounts,Permanent,2023-11-13,,,,HCM_A,2025-12-25,,,390
ACP000390,GR,Digital,Software,Senior Leader,Permanent,2020-08-14,2021-01-02,Voluntary,true,HCM_B,2025-12-26,GR,Senior Leader,true,true,true,true,true,true,true,true,true,,ACP000390,Digital,Software,Permanent,2020-08-14,2021-01-02,Voluntary,true,HCM_B,2025-12-26,,,391
ACP000391,PL,Supply Chain,Procurement,Individual Contributor,Permanent,2022-10-25,,,,HCM_A,2025-12-27,PL,Individual Contributor,true,true,true,true,true,false,not_applicable,true,true,,ACP000391,Supply Chain,Procurement,Permanent,2022-10-25,,,,HCM_A,2025-12-27,,,392
ACP000392,IT,Supply Chain,Manufacturing,Individual Contributor,Permanent,2024-09-08,,,,HCM_A,2025-12-28,IT,Individual Contributor,true,true,true,true,true,false,not_applicable,true,true,,ACP000392,Supply Chain,Manufacturing,Permanent,2024-09-08,,,,HCM_A,2025-12-28,,,393
ACP000393,GR,Sales,Key Accounts,Senior Leader,Fixed Term,2025-08-18,,,,HCM_A,2025-12-29,GR,Senior Leader,true,true,true,true,true,true,not_applicable,false,false,,ACP000393,Sales,Key Accounts,Fixed Term,2025-08-18,,,,HCM_A,2025-12-29,,,394
ACP000394,IT,Supply Chain,Manufacturing,Individual Contributor,Permanent,2025-04-05,,,,HCM_A,2025-12-30,IT,Individual Contributor,true,true,true,true,true,false,not_applicable,true,false,,ACP000394,Supply Chain,Manufacturing,Permanent,2025-04-05,,,,HCM_A,2025-12-30,,,395
ACP000395,GR,Supply Chain,Procurement,Individual Contributor,Fixed Term,2021-04-08,,,,HCM_B,2025-12-31,GR,Individual Contributor,true,true,true,true,true,false,not_applicable,true,true,,ACP000395,Supply Chain,Procurement,Fixed Term,2021-04-08,,,,HCM_B,2025-12-31,,,396
ACP000396,PL,Supply Chain,Procurement,Manager,Fixed Term,2021-02-24,2024-05-22,Voluntary,false,HCM_A,2025-12-20,PL,Manager,true,true,true,true,true,false,false,true,true,,ACP000396,Supply Chain,Procurement,Fixed Term,2021-02-24,2024-05-22,Voluntary,false,HCM_A,2025-12-20,,,397
ACP000397,PL,Supply Chain,Procurement,Manager,Permanent,2022-10-31,,,,HCM_A,2025-12-21,PL,Manager,true,true,true,true,true,false,not_applicable,true,true,,ACP000397,Supply Chain,Procurement,Permanent,2022-10-31,,,,HCM_A,2025-12-21,,,398
ACP000398,BG,Sales,Key Accounts,Individual Contributor,Permanent,2025-10-18,,,,HCM_A,2025-12-22,BG,Individual Contributor,true,true,true,true,true,false,not_applicable,false,false,,ACP000398,Sales,Key Accounts,Permanent,2025-10-18,,,,HCM_A,2025-12-22,,,399
ACP000399,RO,Finance,FP&A,Individual Contributor,Permanent,2025-02-27,,,,HCM_A,2025-12-23,RO,Individual Contributor,true,true,true,true,true,false,not_applicable,true,false,,ACP000399,Finance,FP&A,Permanent,2025-02-27,,,,HCM_A,2025-12-23,,,400
ACP000400,BG,Supply Chain,Logistics,Manager,Fixed Term,2021-06-23,,,,HCM_B,2025-12-24,BG,Manager,true,true,true,true,true,false,not_applicable,true,true,,ACP000400,Supply Chain,Logistics,Fixed Term,2021-06-23,,,,HCM_B,2025-12-24,,,401
ACP000401,IT,Supply Chain,Manufacturing,Manager,Permanent,2023-01-18,,,,HCM_A,2025-12-25,IT,Manager,true,true,true,true,true,false,not_applicable,true,true,,ACP000401,Supply Chain,Manufacturing,Permanent,2023-01-18,,,,HCM_A,2025-12-25,,,402
ACP000402,PL,Sales,Field Sales,Individual Contributor,Permanent,2025-01-04,,,,HCM_A,2025-12-26,PL,Individual Contributor,true,true,true,true,true,false,not_applicable,true,false,,ACP000402,Sales,Field Sales,Permanent,2025-01-04,,,,HCM_A,2025-12-26,,,403
ACP000403,IT,Finance,Accounting,Individual Contributor,Permanent,2025-06-07,2025-08-07,Voluntary,false,HCM_A,2025-12-27,IT,Individual Contributor,true,true,true,true,true,false,false,true,false,,ACP000403,Finance,Accounting,Permanent,2025-06-07,2025-08-07,Voluntary,false,HCM_A,2025-12-27,,,404
ACP000404,IT,Finance,FP&A,Individual Contributor,Permanent,2023-09-06,2025-11-22,Voluntary,true,HCM_A,2025-12-28,IT,Individual Contributor,true,true,true,true,true,false,true,true,true,,ACP000404,Finance,FP&A,Permanent,2023-09-06,2025-11-22,Voluntary,true,HCM_A,2025-12-28,,,405
ACP000405,IE,Digital,Product,Senior Leader,Permanent,2021-01-17,,,,HCM_B,2025-12-29,ROM,Senior Leader,true,true,true,true,true,true,not_applicable,true,true,synthetic_source_recovered,ACP000405,Digital,Product,Permanent,2021-01-17,,,,HCM_B,2025-12-29,country_code,verified_synthetic_generator_recovery,406
ACP000406,BG,Digital,Product,Manager,Permanent,2025-05-30,2025-12-01,Voluntary,false,HCM_A,2025-12-30,BG,Manager,true,true,true,true,true,false,false,true,false,,ACP000406,Digital,Product,Permanent,2025-05-30,2025-12-01,Voluntary,false,HCM_A,2025-12-30,,,407
ACP000407,RO,Supply Chain,Logistics,Senior Leader,Permanent,2020-02-27,,,,HCM_A,2025-12-31,RO,Senior Leader,true,true,true,true,true,true,not_applicable,true,true,,ACP000407,Supply Chain,Logistics,Permanent,2020-02-27,,,,HCM_A,2025-12-31,,,408
ACP000408,BG,Digital,Product,Individual Contributor,Permanent,2022-10-09,,,,HCM_A,2025-12-20,BG,Individual Contributor,true,true,true,true,true,false,not_applicable,true,true,,ACP000408,Digital,Product,Permanent,2022-10-09,,,,HCM_A,2025-12-20,,,409
ACP000409,RO,Sales,Commercial Planning,Senior Leader,Permanent,2022-02-25,,,,HCM_A,2025-12-21,RO,Senior Leader,true,true,true,true,true,true,not_applicable,true,true,,ACP000409,Sales,Commercial Planning,Permanent,2022-02-25,,,,HCM_A,2025-12-21,,,410
ACP000410,GR,Supply Chain,Logistics,Individual Contributor,Permanent,2024-07-27,,,,HCM_B,2025-12-22,GR,Individual Contributor,true,true,true,true,true,false,not_applicable,true,true,,ACP000410,Supply Chain,Logistics,Permanent,2024-07-27,,,,HCM_B,2025-12-22,,,411
ACP000411,BG,Supply Chain,Procurement,Senior Leader,Permanent,2024-02-19,2025-12-01,Voluntary,true,HCM_A,2025-12-23,BG,Senior Leader,true,true,true,true,true,true,true,true,true,,ACP000411,Supply Chain,Procurement,Permanent,2024-02-19,2025-12-01,Voluntary,true,HCM_A,2025-12-23,,,412
ACP000412,PL,Finance,Accounting,Manager,Fixed Term,2025-11-24,,,,HCM_A,2025-12-24,PL,Manager,true,true,true,true,true,false,not_applicable,false,false,,ACP000412,Finance,Accounting,Fixed Term,2025-11-24,,,,HCM_A,2025-12-24,,,413
ACP000413,IT,Sales,Key Accounts,Individual Contributor,Permanent,2023-02-27,2023-09-03,Voluntary,true,HCM_A,2025-12-25,IT,Individual Contributor,true,true,true,true,true,false,true,true,true,,ACP000413,Sales,Key Accounts,Permanent,2023-02-27,2023-09-03,Voluntary,true,HCM_A,2025-12-25,,,414
ACP000414,GR,Digital,Product,Individual Contributor,Permanent,2024-05-16,,,,HCM_A,2025-12-26,GR,Individual Contributor,true,true,true,true,true,false,not_applicable,true,true,,ACP000414,Digital,Product,Permanent,2024-05-16,,,,HCM_A,2025-12-26,,,415
ACP000415,PL,Digital,Software,Manager,Fixed Term,2020-02-20,,,,HCM_B,2025-12-27,PL,Manager,true,true,true,true,true,false,not_applicable,true,true,,ACP000415,Digital,Software,Fixed Term,2020-02-20,,,,HCM_B,2025-12-27,,,416
ACP000416,IT,Supply Chain,Manufacturing,Individual Contributor,Permanent,2025-05-30,,,,HCM_A,2025-12-28,IT,Individual Contributor,true,true,true,true,true,false,not_applicable,true,false,,ACP000416,Supply Chain,Manufacturing,Permanent,2025-05-30,,,,HCM_A,2025-12-28,,,417
ACP000417,IE,Sales,Key Accounts,Individual Contributor,Permanent,2023-03-11,2025-03-17,Voluntary,false,HCM_A,2025-12-29,IE,Individual Contributor,true,true,true,true,true,false,false,true,true,,ACP000417,Sales,Key Accounts,Permanent,2023-03-11,2025-03-17,Voluntary,false,HCM_A,2025-12-29,,,418
ACP000418,GR,Sales,Key Accounts,Individual Contributor,Fixed Term,2021-06-19,,,,HCM_A,2025-12-30,GR,Individual Contributor,true,true,true,true,true,false,not_applicable,true,true,,ACP000418,Sales,Key Accounts,Fixed Term,2021-06-19,,,,HCM_A,2025-12-30,,,419
ACP000419,BG,Digital,Software,Manager,Permanent,2025-07-19,,,,HCM_A,2025-12-31,BG,Manager,true,true,true,true,true,false,not_applicable,false,false,,ACP000419,Digital,Software,Permanent,2025-07-19,,,,HCM_A,2025-12-31,,,420
ACP000420,BG,Sales,Key Accounts,Individual Contributor,Fixed Term,2022-07-08,,,,HCM_B,2025-12-20,BG,Individual Contributor,true,true,true,true,true,false,not_applicable,true,true,,ACP000420,Sales,Key Accounts,Fixed Term,2022-07-08,,,,HCM_B,2025-12-20,,,421
ACP000421,PL,Digital,Product,Individual Contributor,Permanent,2024-10-13,,,,HCM_A,2025-12-21,PL,Individual Contributor,true,true,true,true,true,false,not_applicable,true,true,,ACP000421,Digital,Product,Permanent,2024-10-13,,,,HCM_A,2025-12-21,,,422
ACP000422,IE,Digital,Software,Individual Contributor,Fixed Term,2023-01-22,2024-12-29,Involuntary,false,HCM_A,2025-12-22,IE,Individual Contributor,true,true,true,true,true,false,false,true,true,,ACP000422,Digital,Software,Fixed Term,2023-01-22,2024-12-29,Involuntary,false,HCM_A,2025-12-22,,,423
ACP000423,IT,Finance,Controls,Manager,Permanent,2023-11-24,,,,HCM_A,2025-12-23,IT,Manager,true,true,true,true,true,false,not_applicable,true,true,,ACP000423,Finance,Controls,Permanent,2023-11-24,,,,HCM_A,2025-12-23,,,424
ACP000424,IT,Sales,Commercial Planning,Individual Contributor,Permanent,2024-04-15,,,,HCM_A,2025-12-24,IT,Individual Contributor,true,true,true,true,true,false,not_applicable,true,true,,ACP000424,Sales,Commercial Planning,Permanent,2024-04-15,,,,HCM_A,2025-12-24,,,425
ACP000425,RO,Sales,Commercial Planning,Manager,Permanent,2025-04-20,,,,HCM_B,2025-12-25,RO,Manager,true,true,true,true,true,false,not_applicable,true,false,,ACP000425,Sales,Commercial Planning,Permanent,2025-04-20,,,,HCM_B,2025-12-25,,,426
ACP000426,GR,Finance,FP&A,Manager,Permanent,2022-04-01,2022-06-02,Voluntary,false,HCM_A,2025-12-26,GR,Manager,true,true,true,true,true,false,false,true,true,,ACP000426,Finance,FP&A,Permanent,2022-04-01,2022-06-02,Voluntary,false,HCM_A,2025-12-26,,,427
ACP000427,BG,Supply Chain,Logistics,Manager,Permanent,2022-09-22,,,,HCM_A,2025-12-27,BG,Manager,true,true,true,true,true,false,not_applicable,true,true,,ACP000427,Supply Chain,Logistics,Permanent,2022-09-22,,,,HCM_A,2025-12-27,,,428
ACP000428,IT,Supply Chain,Logistics,Senior Leader,Permanent,2024-06-09,2024-07-28,Involuntary,false,HCM_A,2025-12-28,IT,Senior Leader,true,true,true,true,true,true,false,true,true,,ACP000428,Supply Chain,Logistics,Permanent,2024-06-09,2024-07-28,Involuntary,false,HCM_A,2025-12-28,,,429
ACP000429,GR,Sales,Key Accounts,Individual Contributor,Permanent,2023-12-30,,,,HCM_A,2025-12-29,GR,Individual Contributor,true,true,true,true,true,false,not_applicable,true,true,,ACP000429,Sales,Key Accounts,Permanent,2023-12-30,,,,HCM_A,2025-12-29,,,430
ACP000430,IT,Supply Chain,Logistics,Senior Leader,Permanent,2022-02-09,2022-12-20,Voluntary,true,HCM_B,2025-12-30,IT,Senior Leader,true,true,true,true,true,true,true,true,true,,ACP000430,Supply Chain,Logistics,Permanent,2022-02-09,2022-12-20,Voluntary,true,HCM_B,2025-12-30,,,431
ACP000431,BG,Sales,Key Accounts,Manager,Permanent,2020-01-05,2023-08-04,Voluntary,false,HCM_A,2025-12-31,BG,Manager,true,true,true,true,true,false,false,true,true,,ACP000431,Sales,Key Accounts,Permanent,2020-01-05,2023-08-04,Voluntary,false,HCM_A,2025-12-31,,,432
ACP000432,IE,Finance,Controls,Individual Contributor,Fixed Term,2021-12-13,,,,HCM_A,2025-12-20,IE,Individual Contributor,true,true,true,true,true,false,not_applicable,true,true,,ACP000432,Finance,Controls,Fixed Term,2021-12-13,,,,HCM_A,2025-12-20,,,433
ACP000433,GR,Digital,Software,Individual Contributor,Permanent,2025-07-26,,,,HCM_A,2025-12-21,GR,Individual Contributor,true,true,true,true,true,false,not_applicable,false,false,,ACP000433,Digital,Software,Permanent,2025-07-26,,,,HCM_A,2025-12-21,,,434
ACP000434,PL,Sales,Field Sales,Manager,Permanent,2020-08-31,,,,HCM_A,2025-12-22,PL,Manager,true,true,true,true,true,false,not_applicable,true,true,,ACP000434,Sales,Field Sales,Permanent,2020-08-31,,,,HCM_A,2025-12-22,,,435
ACP000435,RO,Sales,Commercial Planning,Individual Contributor,Permanent,2020-01-09,,,,HCM_B,2025-12-23,RO,Individual Contributor,true,true,true,true,true,false,not_applicable,true,true,,ACP000435,Sales,Commercial Planning,Permanent,2020-01-09,,,,HCM_B,2025-12-23,,,436
ACP000436,BG,Finance,Controls,Individual Contributor,Permanent,2025-01-18,,,,HCM_A,2025-12-24,BG,Individual Contributor,true,true,true,true,true,false,not_applicable,true,false,,ACP000436,Finance,Controls,Permanent,2025-01-18,,,,HCM_A,2025-12-24,,,437
ACP000437,RO,Digital,Data,Individual Contributor,Permanent,2024-02-10,,,,HCM_A,2025-12-25,RO,Individual Contributor,true,true,true,true,true,false,not_applicable,true,true,,ACP000437,Digital,Data,Permanent,2024-02-10,,,,HCM_A,2025-12-25,,,438
ACP000438,RO,Digital,Data,Senior Leader,Permanent,2025-05-23,,,,HCM_A,2025-12-26,RO,Senior Leader,true,true,true,true,true,true,not_applicable,true,false,,ACP000438,Digital,Data,Permanent,2025-05-23,,,,HCM_A,2025-12-26,,,439
ACP000439,IT,Digital,Product,Individual Contributor,Permanent,2023-04-28,,,,HCM_A,2025-12-27,IT,Individual Contributor,true,true,true,true,true,false,not_applicable,true,true,,ACP000439,Digital,Product,Permanent,2023-04-28,,,,HCM_A,2025-12-27,,,440
ACP000440,PL,Supply Chain,Procurement,Senior Leader,Fixed Term,2023-12-29,,,,HCM_B,2025-12-28,PL,Senior Leader,true,true,true,true,true,true,not_applicable,true,true,,ACP000440,Supply Chain,Procurement,Fixed Term,2023-12-29,,,,HCM_B,2025-12-28,,,441
ACP000441,IE,Supply Chain,Logistics,Individual Contributor,Permanent,2021-09-16,,,,HCM_A,2025-12-29,IE,Individual Contributor,true,true,true,true,true,false,not_applicable,true,true,,ACP000441,Supply Chain,Logistics,Permanent,2021-09-16,,,,HCM_A,2025-12-29,,,442
ACP000442,GR,Supply Chain,Procurement,Manager,Permanent,2025-05-22,,,,HCM_A,2025-12-30,GR,Manager,true,true,true,true,true,false,not_applicable,true,false,,ACP000442,Supply Chain,Procurement,Permanent,2025-05-22,,,,HCM_A,2025-12-30,,,443
ACP000443,IT,Digital,Data,Individual Contributor,Permanent,2020-05-25,,,,HCM_A,2025-12-31,IT,Individual Contributor,true,true,true,true,true,false,not_applicable,true,true,,ACP000443,Digital,Data,Permanent,2020-05-25,,,,HCM_A,2025-12-31,,,444
ACP000444,IT,Sales,Commercial Planning,Individual Contributor,Permanent,2022-05-23,2022-10-26,Voluntary,false,HCM_A,2025-12-20,IT,Individual Contributor,true,true,true,true,true,false,false,true,true,,ACP000444,Sales,Commercial Planning,Permanent,2022-05-23,2022-10-26,Voluntary,false,HCM_A,2025-12-20,,,445
ACP000445,IE,Finance,Accounting,Manager,Permanent,2022-03-02,,,,HCM_B,2025-12-21,IE,Manager,true,true,true,true,true,false,not_applicable,true,true,synthetic_source_recovered,ACP000445,Finance,Accounting,Permanent,2022-03-02,2022-05-31,,,HCM_B,2025-12-21,termination_date,verified_synthetic_generator_recovery,446
ACP000446,BG,Sales,Key Accounts,Manager,Permanent,2021-02-14,,,,HCM_A,2025-12-22,BG,Manager,true,true,true,true,true,false,not_applicable,true,true,,ACP000446,Sales,Key Accounts,Permanent,2021-02-14,,,,HCM_A,2025-12-22,,,447
ACP000447,IT,Sales,Commercial Planning,Individual Contributor,Permanent,2023-01-25,,,,HCM_A,2025-12-23,IT,Individual Contributor,true,true,true,true,true,false,not_applicable,true,true,,ACP000447,Sales,Commercial Planning,Permanent,2023-01-25,,,,HCM_A,2025-12-23,,,448
ACP000448,RO,Supply Chain,Procurement,Individual Contributor,Permanent,2020-08-22,,,,HCM_A,2025-12-24,RO,Individual Contributor,true,true,true,true,true,false,not_applicable,true,true,,ACP000448,Supply Chain,Procurement,Permanent,2020-08-22,,,,HCM_A,2025-12-24,,,449
ACP000449,IT,Supply Chain,Manufacturing,Senior Leader,Permanent,2025-04-14,,,,HCM_A,2025-12-25,IT,Senior Leader,true,true,true,true,true,true,not_applicable,true,false,,ACP000449,Supply Chain,Manufacturing,Permanent,2025-04-14,,,,HCM_A,2025-12-25,,,450
ACP000450,PL,Supply Chain,Procurement,Manager,Permanent,2021-09-05,,,,HCM_B,2025-12-26,PL,Manager,true,true,true,true,true,false,not_applicable,true,true,,ACP000450,Supply Chain,Procurement,Permanent,2021-09-05,,,,HCM_B,2025-12-26,,,451
ACP000451,PL,Digital,Product,Manager,Permanent,2021-06-09,2025-09-24,Involuntary,false,HCM_A,2025-12-27,PL,Manager,true,true,true,true,true,false,false,true,true,,ACP000451,Digital,Product,Permanent,2021-06-09,2025-09-24,Involuntary,false,HCM_A,2025-12-27,,,452
ACP000452,BG,Finance,Accounting,Individual Contributor,Permanent,2025-05-28,,,,HCM_A,2025-12-28,BG,Individual Contributor,true,true,true,true,true,false,not_applicable,true,false,,ACP000452,Finance,Accounting,Permanent,2025-05-28,,,,HCM_A,2025-12-28,,,453
ACP000453,IT,Finance,Accounting,Individual Contributor,Permanent,2020-07-09,,,,HCM_A,2025-12-29,IT,Individual Contributor,true,true,true,true,true,false,not_applicable,true,true,,ACP000453,Finance,Accounting,Permanent,2020-07-09,,,,HCM_A,2025-12-29,,,454
ACP000454,IT,Finance,FP&A,Individual Contributor,Permanent,2021-07-01,,,,HCM_A,2025-12-30,IT,Individual Contributor,true,true,true,true,true,false,not_applicable,true,true,,ACP000454,Finance,FP&A,Permanent,2021-07-01,,,,HCM_A,2025-12-30,,,455
ACP000455,IE,Digital,Data,Individual Contributor,Permanent,2025-11-29,,,,HCM_B,2025-12-31,IE,Individual Contributor,true,true,true,true,true,false,not_applicable,false,false,,ACP000455,Digital,Data,Permanent,2025-11-29,,,,HCM_B,2025-12-31,,,456
ACP000456,BG,Digital,Product,Senior Leader,Fixed Term,2021-09-21,,,,HCM_A,2025-12-20,BG,Senior Leader,true,true,true,true,true,true,not_applicable,true,true,,ACP000456,Digital,Product,Fixed Term,2021-09-21,,,,HCM_A,2025-12-20,,,457
ACP000457,IT,Digital,Data,Manager,Permanent,2021-04-27,,,,HCM_A,2025-12-21,IT,Manager,true,true,true,true,true,false,not_applicable,true,true,,ACP000457,Digital,Data,Permanent,2021-04-27,,,,HCM_A,2025-12-21,,,458
ACP000458,IT,Sales,Key Accounts,Individual Contributor,Permanent,2024-11-05,2025-12-29,Voluntary,false,HCM_A,2025-12-22,IT,Individual Contributor,true,true,true,true,true,false,false,true,true,,ACP000458,Sales,Key Accounts,Permanent,2024-11-05,2025-12-29,Voluntary,false,HCM_A,2025-12-22,,,459
ACP000459,IT,Supply Chain,Manufacturing,Individual Contributor,Permanent,2023-02-19,2023-06-10,End of Contract,false,HCM_A,2025-12-23,IT,Individual Contributor,true,true,true,true,true,false,false,true,true,,ACP000459,Supply Chain,Manufacturing,Permanent,2023-02-19,2023-06-10,End of Contract,false,HCM_A,2025-12-23,,,460
ACP000460,RO,Sales,Field Sales,Manager,Permanent,2024-02-29,2024-10-27,Involuntary,false,HCM_B,2025-12-24,RO,Manager,true,true,true,true,true,false,false,true,true,,ACP000460,Sales,Field Sales,Permanent,2024-02-29,2024-10-27,Involuntary,false,HCM_B,2025-12-24,,,461
ACP000461,BG,Digital,Data,Individual Contributor,Permanent,2023-10-16,,,,HCM_A,2025-12-25,BG,Individual Contributor,true,true,true,true,true,false,not_applicable,true,true,,ACP000461,Digital,Data,Permanent,2023-10-16,,,,HCM_A,2025-12-25,,,462
ACP000462,PL,Digital,Data,Manager,Permanent,2021-06-06,2022-04-15,Voluntary,true,HCM_A,2025-12-26,PL,Manager,true,true,true,true,true,false,true,true,true,,ACP000462,Digital,Data,Permanent,2021-06-06,2022-04-15,Voluntary,true,HCM_A,2025-12-26,,,463
ACP000463,BG,Digital,Software,Senior Leader,Permanent,2024-07-06,,,,HCM_A,2025-12-27,BG,Senior Leader,true,true,true,true,true,true,not_applicable,true,true,,ACP000463,Digital,Software,Permanent,2024-07-06,,,,HCM_A,2025-12-27,,,464
ACP000464,RO,Finance,Accounting,Senior Leader,Permanent,2022-06-12,2024-11-10,Involuntary,false,HCM_A,2025-12-28,RO,Senior Leader,true,true,true,true,true,true,false,true,true,,ACP000464,Finance,Accounting,Permanent,2022-06-12,2024-11-10,Involuntary,false,HCM_A,2025-12-28,,,465
ACP000465,IE,Finance,Accounting,Manager,Permanent,2022-12-10,2025-12-21,Involuntary,false,HCM_B,2025-12-29,IE,Manager,true,true,true,true,true,false,false,true,true,,ACP000465,Finance,Accounting,Permanent,2022-12-10,2025-12-21,Involuntary,false,HCM_B,2025-12-29,,,466
ACP000466,BG,Sales,Key Accounts,Manager,Permanent,2024-09-13,2025-10-04,Voluntary,false,HCM_A,2025-12-30,BG,Manager,true,true,true,true,true,false,false,true,true,,ACP000466,Sales,Key Accounts,Permanent,2024-09-13,2025-10-04,Voluntary,false,HCM_A,2025-12-30,,,467
ACP000467,BG,Digital,Software,Individual Contributor,Fixed Term,2022-05-26,2023-11-21,End of Contract,false,HCM_A,2025-12-31,BG,Individual Contributor,true,true,true,true,true,false,false,true,true,,ACP000467,Digital,Software,Fixed Term,2022-05-26,2023-11-21,End of Contract,false,HCM_A,2025-12-31,,,468
ACP000468,GR,Sales,Field Sales,Manager,Permanent,2024-11-25,,,,HCM_A,2025-12-20,GR,Manager,true,true,true,true,true,false,not_applicable,true,true,,ACP000468,Sales,Field Sales,Permanent,2024-11-25,,,,HCM_A,2025-12-20,,,469
ACP000469,RO,Sales,Key Accounts,Manager,Permanent,2025-01-03,,,,HCM_A,2025-12-21,RO,Manager,true,true,true,true,true,false,not_applicable,true,false,,ACP000469,Sales,Key Accounts,Permanent,2025-01-03,,,,HCM_A,2025-12-21,,,470
ACP000470,BG,Sales,Field Sales,Individual Contributor,Permanent,2020-08-06,2025-06-05,Voluntary,false,HCM_B,2025-12-22,BG,Individual Contributor,true,true,true,true,true,false,false,true,true,,ACP000470,Sales,Field Sales,Permanent,2020-08-06,2025-06-05,Voluntary,false,HCM_B,2025-12-22,,,471
ACP000471,PL,Sales,Key Accounts,Manager,Permanent,2021-08-03,,,,HCM_A,2025-12-23,PL,Manager,true,true,true,true,true,false,not_applicable,true,true,,ACP000471,Sales,Key Accounts,Permanent,2021-08-03,,,,HCM_A,2025-12-23,,,472
ACP000472,GR,Supply Chain,Manufacturing,Individual Contributor,Permanent,2022-11-09,,,,HCM_A,2025-12-24,GR,Individual Contributor,true,true,true,true,true,false,not_applicable,true,true,,ACP000472,Supply Chain,Manufacturing,Permanent,2022-11-09,,,,HCM_A,2025-12-24,,,473
ACP000473,PL,Supply Chain,Procurement,Senior Leader,Permanent,2023-11-06,,,,HCM_A,2025-12-25,PL,Senior Leader,true,true,true,true,true,true,not_applicable,true,true,,ACP000473,Supply Chain,Procurement,Permanent,2023-11-06,,,,HCM_A,2025-12-25,,,474
ACP000474,RO,Sales,Commercial Planning,Manager,Permanent,2023-07-10,2025-12-08,Voluntary,true,HCM_A,2025-12-26,RO,Manager,true,true,true,true,true,false,true,true,true,,ACP000474,Sales,Commercial Planning,Permanent,2023-07-10,2025-12-08,Voluntary,true,HCM_A,2025-12-26,,,475
ACP000475,PL,Finance,FP&A,Individual Contributor,Permanent,2023-12-29,2025-05-21,End of Contract,false,HCM_B,2025-12-27,PL,Individual Contributor,true,true,true,true,true,false,false,true,true,,ACP000475,Finance,FP&A,Permanent,2023-12-29,2025-05-21,End of Contract,false,HCM_B,2025-12-27,,,476
ACP000476,IT,Finance,Accounting,Manager,Permanent,2020-04-03,,,,HCM_A,2025-12-28,IT,Manager,true,true,true,true,true,false,not_applicable,true,true,,ACP000476,Finance,Accounting,Permanent,2020-04-03,,,,HCM_A,2025-12-28,,,477
ACP000477,BG,Supply Chain,Manufacturing,Individual Contributor,Fixed Term,2022-11-28,,,,HCM_A,2025-12-29,BG,Individual Contributor,true,true,true,true,true,false,not_applicable,true,true,,ACP000477,Supply Chain,Manufacturing,Fixed Term,2022-11-28,,,,HCM_A,2025-12-29,,,478
ACP000478,RO,Sales,Commercial Planning,Senior Leader,Fixed Term,2022-06-19,2022-08-25,Voluntary,true,HCM_A,2025-12-30,RO,Senior Leader,true,true,true,true,true,true,true,true,true,,ACP000478,Sales,Commercial Planning,Fixed Term,2022-06-19,2022-08-25,Voluntary,true,HCM_A,2025-12-30,,,479
ACP000479,BG,Finance,FP&A,Individual Contributor,Permanent,2022-03-06,,,,HCM_A,2025-12-31,BG,Individual Contributor,true,true,true,true,true,false,not_applicable,true,true,,ACP000479,Finance,FP&A,Permanent,2022-03-06,,,,HCM_A,2025-12-31,,,480
ACP000480,PL,Finance,FP&A,Manager,Permanent,2020-05-11,2020-08-18,End of Contract,false,HCM_B,2025-12-20,PL,Manager,true,true,true,true,true,false,false,true,true,,ACP000480,Finance,FP&A,Permanent,2020-05-11,2020-08-18,End of Contract,false,HCM_B,2025-12-20,,,481
ACP000481,IT,Sales,Commercial Planning,Manager,Permanent,2023-07-23,2024-04-21,Voluntary,true,HCM_A,2025-12-21,IT,Manager,true,true,true,true,true,false,true,true,true,,ACP000481,Sales,Commercial Planning,Permanent,2023-07-23,2024-04-21,Voluntary,true,HCM_A,2025-12-21,,,482
ACP000482,BG,Sales,Commercial Planning,Individual Contributor,Permanent,2022-07-23,,,,HCM_A,2025-12-22,BG,Individual Contributor,true,true,true,true,true,false,not_applicable,true,true,,ACP000482,Sales,Commercial Planning,Permanent,2022-07-23,,,,HCM_A,2025-12-22,,,483
ACP000483,RO,Digital,Product,Manager,Permanent,2025-07-11,,,,HCM_A,2025-12-23,RO,Manager,true,true,true,true,true,false,not_applicable,false,false,,ACP000483,Digital,Product,Permanent,2025-07-11,,,,HCM_A,2025-12-23,,,484
ACP000484,IT,Digital,Product,Manager,Permanent,2023-01-01,,,,HCM_A,2025-12-24,IT,Manager,true,true,true,true,true,false,not_applicable,true,true,,ACP000484,Digital,Product,Permanent,2023-01-01,,,,HCM_A,2025-12-24,,,485
ACP000485,IT,Digital,Software,Individual Contributor,Permanent,2025-10-18,,,,HCM_B,2025-12-25,IT,Individual Contributor,true,true,true,true,true,false,not_applicable,false,false,,ACP000485,Digital,Software,Permanent,2025-10-18,,,,HCM_B,2025-12-25,,,486
ACP000486,IE,Digital,Product,Manager,Permanent,2023-11-16,,,,HCM_A,2025-12-26,IE,Manager,true,true,true,true,true,false,not_applicable,true,true,,ACP000486,Digital,Product,Permanent,2023-11-16,,,,HCM_A,2025-12-26,,,487
ACP000487,IE,Digital,Software,Manager,Permanent,2023-08-07,,,,HCM_A,2025-12-27,IE,Manager,true,true,true,true,true,false,not_applicable,true,true,,ACP000487,Digital,Software,Permanent,2023-08-07,,,,HCM_A,2025-12-27,,,488
ACP000488,IT,Finance,FP&A,Individual Contributor,Permanent,2025-04-06,,,,HCM_A,2025-12-28,IT,Individual Contributor,true,true,true,true,true,false,not_applicable,true,false,,ACP000488,Finance,FP&A,Permanent,2025-04-06,,,,HCM_A,2025-12-28,,,489
ACP000489,RO,Digital,Data,Individual Contributor,Permanent,2020-11-14,2020-12-23,Involuntary,false,HCM_A,2025-12-29,RO,Individual Contributor,true,true,true,true,true,false,false,true,true,,ACP000489,Digital,Data,Permanent,2020-11-14,2020-12-23,Involuntary,false,HCM_A,2025-12-29,,,490
ACP000490,GR,Sales,Key Accounts,Individual Contributor,Permanent,2024-04-11,2024-07-16,Voluntary,false,HCM_B,2025-12-30,GR,Individual Contributor,true,true,true,true,true,false,false,true,true,,ACP000490,Sales,Key Accounts,Permanent,2024-04-11,2024-07-16,Voluntary,false,HCM_B,2025-12-30,,,491
ACP000491,IT,Sales,Key Accounts,Individual Contributor,Permanent,2021-01-01,,,,HCM_A,2025-12-31,IT,Individual Contributor,true,true,true,true,true,false,not_applicable,true,true,,ACP000491,Sales,Key Accounts,Permanent,2021-01-01,,,,HCM_A,2025-12-31,,,492
ACP000492,IE,Supply Chain,Procurement,Individual Contributor,Permanent,2023-02-28,,,,HCM_A,2025-12-20,IE,Individual Contributor,true,true,true,true,true,false,not_applicable,true,true,,ACP000492,Supply Chain,Procurement,Permanent,2023-02-28,,,,HCM_A,2025-12-20,,,493
ACP000493,BG,Supply Chain,Procurement,Senior Leader,Permanent,2025-05-31,,,,HCM_A,2025-12-21,BG,Senior Leader,true,true,true,true,true,true,not_applicable,true,false,,ACP000493,Supply Chain,Procurement,Permanent,2025-05-31,,,,HCM_A,2025-12-21,,,494
ACP000494,BG,Supply Chain,Manufacturing,Manager,Fixed Term,2025-04-04,,,,HCM_A,2025-12-22,BG,Manager,true,true,true,true,true,false,not_applicable,true,false,,ACP000494,Supply Chain,Manufacturing,Fixed Term,2025-04-04,,,,HCM_A,2025-12-22,,,495
ACP000495,GR,Digital,Data,Individual Contributor,Permanent,2020-12-20,,,,HCM_B,2025-12-23,GR,Individual Contributor,true,true,true,true,true,false,not_applicable,true,true,,ACP000495,Digital,Data,Permanent,2020-12-20,,,,HCM_B,2025-12-23,,,496
ACP000496,IE,Supply Chain,Logistics,Individual Contributor,Permanent,2024-08-23,,,,HCM_A,2025-12-24,IE,Individual Contributor,true,true,true,true,true,false,not_applicable,true,true,,ACP000496,Supply Chain,Logistics,Permanent,2024-08-23,,,,HCM_A,2025-12-24,,,497
ACP000497,GR,Sales,Field Sales,Manager,Permanent,2020-02-01,,,,HCM_A,2025-12-25,GR,Manager,true,true,true,true,true,false,not_applicable,true,true,,ACP000497,Sales,Field Sales,Permanent,2020-02-01,,,,HCM_A,2025-12-25,,,498
ACP000498,IT,Finance,Accounting,Manager,Fixed Term,2023-10-18,2023-12-13,Voluntary,true,HCM_A,2025-12-26,IT,Manager,true,true,true,true,true,false,true,true,true,,ACP000498,Finance,Accounting,Fixed Term,2023-10-18,2023-12-13,Voluntary,true,HCM_A,2025-12-26,,,499
ACP000499,GR,Sales,Commercial Planning,Manager,Fixed Term,2024-12-29,2025-12-29,Voluntary,false,HCM_A,2025-12-27,GR,Manager,true,true,true,true,true,false,false,true,true,,ACP000499,Sales,Commercial Planning,Fixed Term,2024-12-29,2025-12-29,Voluntary,false,HCM_A,2025-12-27,,,500
ACP000500,BG,Finance,Accounting,Individual Contributor,Fixed Term,2025-04-16,,,,HCM_B,2025-12-28,BG,Individual Contributor,true,true,true,true,true,false,not_applicable,true,false,,ACP000500,Finance,Accounting,Fixed Term,2025-04-16,,,,HCM_B,2025-12-28,,,501
ACP000501,GR,Sales,Field Sales,Manager,Permanent,2025-04-19,,,,HCM_A,2025-12-29,GR,Manager,true,true,true,true,true,false,not_applicable,true,false,,ACP000501,Sales,Field Sales,Permanent,2025-04-19,,,,HCM_A,2025-12-29,,,502
ACP000502,GR,Sales,Key Accounts,Manager,Permanent,2023-02-02,,,,HCM_A,2025-12-30,GR,Manager,true,true,true,true,true,false,not_applicable,true,true,,ACP000502,Sales,Key Accounts,Permanent,2023-02-02,,,,HCM_A,2025-12-30,,,503
ACP000503,PL,Finance,FP&A,Senior Leader,Permanent,2022-08-28,2023-04-21,Involuntary,false,HCM_A,2025-12-31,PL,Senior Leader,true,true,true,true,true,true,false,true,true,,ACP000503,Finance,FP&A,Permanent,2022-08-28,2023-04-21,Involuntary,false,HCM_A,2025-12-31,,,504
ACP000504,IE,Finance,Accounting,Senior Leader,Fixed Term,2024-05-24,2025-12-21,Voluntary,true,HCM_A,2025-12-20,IE,Senior Leader,true,true,true,true,true,true,true,true,true,,ACP000504,Finance,Accounting,Fixed Term,2024-05-24,2025-12-21,Voluntary,true,HCM_A,2025-12-20,,,505
ACP000505,GR,Supply Chain,Procurement,Senior Leader,Fixed Term,2023-08-21,,,,HCM_B,2025-12-21,GR,Senior Leader,true,true,true,true,true,true,not_applicable,true,true,,ACP000505,Supply Chain,Procurement,Fixed Term,2023-08-21,,,,HCM_B,2025-12-21,,,506
ACP000506,PL,Supply Chain,Logistics,Manager,Fixed Term,2023-02-08,2025-12-27,Voluntary,false,HCM_A,2025-12-22,PL,Manager,true,true,true,true,true,false,false,true,true,,ACP000506,Supply Chain,Logistics,Fixed Term,2023-02-08,2025-12-27,Voluntary,false,HCM_A,2025-12-22,,,507
ACP000507,PL,Supply Chain,Manufacturing,Manager,Permanent,2020-03-15,2022-07-16,Voluntary,true,HCM_A,2025-12-23,PL,Manager,true,true,true,true,true,false,true,true,true,,ACP000507,Supply Chain,Manufacturing,Permanent,2020-03-15,2022-07-16,Voluntary,true,HCM_A,2025-12-23,,,508
ACP000508,GR,Sales,Key Accounts,Manager,Permanent,2021-04-24,2023-03-12,Voluntary,false,HCM_A,2025-12-24,GR,Manager,true,true,true,true,true,false,false,true,true,,ACP000508,Sales,Key Accounts,Permanent,2021-04-24,2023-03-12,Voluntary,false,HCM_A,2025-12-24,,,509
ACP000509,IE,Finance,FP&A,Individual Contributor,Permanent,2020-01-27,,,,HCM_A,2025-12-25,IE,Individual Contributor,true,true,true,true,true,false,not_applicable,true,true,,ACP000509,Finance,FP&A,Permanent,2020-01-27,,,,HCM_A,2025-12-25,,,510
ACP000510,RO,Finance,Controls,Individual Contributor,Permanent,2023-12-22,,,,HCM_B,2025-12-26,RO,Individual Contributor,true,true,true,true,true,false,not_applicable,true,true,,ACP000510,Finance,Controls,Permanent,2023-12-22,,,,HCM_B,2025-12-26,,,511
ACP000511,IE,Finance,Controls,Individual Contributor,Permanent,2020-04-15,,,,HCM_A,2025-12-27,IE,Individual Contributor,true,true,true,true,true,false,not_applicable,true,true,,ACP000511,Finance,Controls,Permanent,2020-04-15,,,,HCM_A,2025-12-27,,,512
ACP000512,RO,Finance,FP&A,Manager,Permanent,2020-06-04,,,,HCM_A,2025-12-28,RO,Manager,true,true,true,true,true,false,not_applicable,true,true,,ACP000512,Finance,FP&A,Permanent,2020-06-04,,,,HCM_A,2025-12-28,,,513
ACP000513,IT,Digital,Product,Individual Contributor,Fixed Term,2021-04-22,,,,HCM_A,2025-12-29,IT,Individual Contributor,true,true,true,true,true,false,not_applicable,true,true,,ACP000513,Digital,Product,Fixed Term,2021-04-22,,,,HCM_A,2025-12-29,,,514
ACP000514,BG,Supply Chain,Logistics,Senior Leader,Permanent,2024-09-26,2024-12-28,Involuntary,false,HCM_A,2025-12-30,BG,Senior Leader,true,true,true,true,true,true,false,true,true,,ACP000514,Supply Chain,Logistics,Permanent,2024-09-26,2024-12-28,Involuntary,false,HCM_A,2025-12-30,,,515
ACP000515,GR,Sales,Field Sales,Senior Leader,Permanent,2020-11-11,,,,HCM_B,2025-12-31,GR,Senior Leader,true,true,true,true,true,true,not_applicable,true,true,,ACP000515,Sales,Field Sales,Permanent,2020-11-11,,,,HCM_B,2025-12-31,,,516
ACP000516,IT,Finance,Controls,Individual Contributor,Permanent,2020-12-21,2021-03-31,End of Contract,false,HCM_A,2025-12-20,IT,Individual Contributor,true,true,true,true,true,false,false,true,true,,ACP000516,Finance,Controls,Permanent,2020-12-21,2021-03-31,End of Contract,false,HCM_A,2025-12-20,,,517
ACP000517,IE,Finance,FP&A,Individual Contributor,Permanent,2025-03-08,2025-05-06,Voluntary,true,HCM_A,2025-12-21,IE,Individual Contributor,true,true,true,true,true,false,true,true,false,,ACP000517,Finance,FP&A,Permanent,2025-03-08,2025-05-06,Voluntary,true,HCM_A,2025-12-21,,,518
ACP000518,BG,Sales,Field Sales,Manager,Permanent,2023-05-30,,,,HCM_A,2025-12-22,BG,Manager,true,true,true,true,true,false,not_applicable,true,true,,ACP000518,Sales,Field Sales,Permanent,2023-05-30,,,,HCM_A,2025-12-22,,,519
ACP000519,IT,Finance,FP&A,Individual Contributor,Permanent,2021-12-04,,,,HCM_A,2025-12-23,IT,Individual Contributor,true,true,true,true,true,false,not_applicable,true,true,,ACP000519,Finance,FP&A,Permanent,2021-12-04,,,,HCM_A,2025-12-23,,,520
ACP000520,RO,Digital,Data,Manager,Permanent,2025-03-29,2025-12-25,Voluntary,true,HCM_B,2025-12-24,RO,Manager,true,true,true,true,true,false,true,true,false,,ACP000520,Digital,Data,Permanent,2025-03-29,2025-12-25,Voluntary,true,HCM_B,2025-12-24,,,521
ACP000521,IT,Finance,FP&A,Manager,Permanent,2023-05-03,2024-05-05,Involuntary,false,HCM_A,2025-12-25,IT,Manager,true,true,true,true,true,false,false,true,true,,ACP000521,Finance,FP&A,Permanent,2023-05-03,2024-05-05,Involuntary,false,HCM_A,2025-12-25,,,522
ACP000522,IE,Supply Chain,Manufacturing,Individual Contributor,Permanent,2020-01-24,2024-02-21,Voluntary,false,HCM_A,2025-12-26,IE,Individual Contributor,true,true,true,true,true,false,false,true,true,,ACP000522,Supply Chain,Manufacturing,Permanent,2020-01-24,2024-02-21,Voluntary,false,HCM_A,2025-12-26,,,523
ACP000523,BG,Finance,FP&A,Individual Contributor,Permanent,2025-05-27,2025-12-19,Voluntary,false,HCM_A,2025-12-27,BG,Individual Contributor,true,true,true,true,true,false,false,true,false,,ACP000523,Finance,FP&A,Permanent,2025-05-27,2025-12-19,Voluntary,false,HCM_A,2025-12-27,,,524
ACP000524,GR,Digital,Software,Individual Contributor,Fixed Term,2024-04-08,,,,HCM_A,2025-12-28,GR,Individual Contributor,true,true,true,true,true,false,not_applicable,true,true,,ACP000524,Digital,Software,Fixed Term,2024-04-08,,,,HCM_A,2025-12-28,,,525
ACP000525,IE,Supply Chain,Procurement,Senior Leader,Fixed Term,2024-03-14,2024-03-26,Voluntary,false,HCM_B,2025-12-29,IE,Senior Leader,true,true,true,true,true,true,false,true,true,,ACP000525,Supply Chain,Procurement,Fixed Term,2024-03-14,2024-03-26,Voluntary,false,HCM_B,2025-12-29,,,526
ACP000526,GR,Sales,Field Sales,Senior Leader,Fixed Term,2023-07-22,,,,HCM_A,2025-12-30,GR,Senior Leader,true,true,true,true,true,true,not_applicable,true,true,,ACP000526,Sales,Field Sales,Fixed Term,2023-07-22,,,,HCM_A,2025-12-30,,,527
ACP000527,IT,Digital,Data,Individual Contributor,Permanent,2024-10-04,2025-12-17,Voluntary,false,HCM_A,2025-12-31,IT,Individual Contributor,true,true,true,true,true,false,false,true,true,,ACP000527,Digital,Data,Permanent,2024-10-04,2025-12-17,Voluntary,false,HCM_A,2025-12-31,,,528
ACP000528,IT,Digital,Software,Individual Contributor,Permanent,2021-05-01,,,,HCM_A,2025-12-20,IT,Individual Contributor,true,true,true,true,true,false,not_applicable,true,true,,ACP000528,Digital,Software,Permanent,2021-05-01,,,,HCM_A,2025-12-20,,,529
ACP000529,RO,Finance,Accounting,Manager,Permanent,2021-11-14,,,,HCM_A,2025-12-21,RO,Manager,true,true,true,true,true,false,not_applicable,true,true,,ACP000529,Finance,Accounting,Permanent,2021-11-14,,,,HCM_A,2025-12-21,,,530
ACP000530,GR,Supply Chain,Manufacturing,Manager,Fixed Term,2025-08-13,,,,HCM_B,2025-12-22,GR,Manager,true,true,true,true,true,false,not_applicable,false,false,,ACP000530,Supply Chain,Manufacturing,Fixed Term,2025-08-13,,,,HCM_B,2025-12-22,,,531
ACP000531,IT,Supply Chain,Procurement,Senior Leader,Permanent,2022-12-29,,,,HCM_A,2025-12-23,IT,Senior Leader,true,true,true,true,true,true,not_applicable,true,true,,ACP000531,Supply Chain,Procurement,Permanent,2022-12-29,,,,HCM_A,2025-12-23,,,532
ACP000532,GR,Digital,Product,Individual Contributor,Permanent,2020-04-29,,,,HCM_A,2025-12-24,GR,Individual Contributor,true,true,true,true,true,false,not_applicable,true,true,,ACP000532,Digital,Product,Permanent,2020-04-29,,,,HCM_A,2025-12-24,,,533
ACP000533,BG,Supply Chain,Logistics,Individual Contributor,Permanent,2024-02-12,2025-01-23,Voluntary,true,HCM_A,2025-12-25,BG,Individual Contributor,true,true,true,true,true,false,true,true,true,,ACP000533,Supply Chain,Logistics,Permanent,2024-02-12,2025-01-23,Voluntary,true,HCM_A,2025-12-25,,,534
ACP000534,BG,Supply Chain,Procurement,Manager,Permanent,2024-09-04,2024-11-26,Voluntary,true,HCM_A,2025-12-26,BG,Manager,true,true,true,true,true,false,true,true,true,synthetic_source_recovered,ACP000534,Supply Chain,Procurement,Permanent,2024-09-04,2024-11-26,Voluntary,,HCM_A,2025-12-26,regretted_exit,verified_synthetic_generator_recovery,535
ACP000535,GR,Finance,FP&A,Manager,Permanent,2022-02-10,,,,HCM_B,2025-12-27,GR,Manager,true,true,true,true,true,false,not_applicable,true,true,,ACP000535,Finance,FP&A,Permanent,2022-02-10,,,,HCM_B,2025-12-27,,,536
ACP000536,IE,Digital,Product,Manager,Permanent,2024-11-05,,,,HCM_A,2025-12-28,IE,Manager,true,true,true,true,true,false,not_applicable,true,true,,ACP000536,Digital,Product,Permanent,2024-11-05,,,,HCM_A,2025-12-28,,,537
ACP000537,BG,Digital,Data,Individual Contributor,Permanent,2025-03-16,,,,HCM_A,2025-12-29,BG,Individual Contributor,true,true,true,true,true,false,not_applicable,true,false,,ACP000537,Digital,Data,Permanent,2025-03-16,,,,HCM_A,2025-12-29,,,538
ACP000538,IT,Supply Chain,Manufacturing,Manager,Permanent,2020-08-28,,,,HCM_A,2025-12-30,IT,Manager,true,true,true,true,true,false,not_applicable,true,true,,ACP000538,Supply Chain,Manufacturing,Permanent,2020-08-28,,,,HCM_A,2025-12-30,,,539
ACP000539,BG,Supply Chain,Logistics,Individual Contributor,Fixed Term,2024-11-30,,,,HCM_A,2025-12-31,BG,Individual Contributor,true,true,true,true,true,false,not_applicable,true,true,,ACP000539,Supply Chain,Logistics,Fixed Term,2024-11-30,,,,HCM_A,2025-12-31,,,540
ACP000540,BG,Finance,Accounting,Individual Contributor,Permanent,2023-02-22,2024-01-15,End of Contract,false,HCM_B,2025-12-20,BG,Individual Contributor,true,true,true,true,true,false,false,true,true,,ACP000540,Finance,Accounting,Permanent,2023-02-22,2024-01-15,End of Contract,false,HCM_B,2025-12-20,,,541
ACP000541,IT,Digital,Product,Individual Contributor,Permanent,2024-03-01,,,,HCM_A,2025-12-21,IT,Individual Contributor,true,true,true,true,true,false,not_applicable,true,true,,ACP000541,Digital,Product,Permanent,2024-03-01,,,,HCM_A,2025-12-21,,,542
ACP000542,RO,Supply Chain,Manufacturing,Individual Contributor,Permanent,2025-08-26,,,,HCM_A,2025-12-22,RO,Individual Contributor,true,true,true,true,true,false,not_applicable,false,false,,ACP000542,Supply Chain,Manufacturing,Permanent,2025-08-26,,,,HCM_A,2025-12-22,,,543
ACP000543,GR,Finance,Controls,Individual Contributor,Permanent,2021-04-14,,,,HCM_A,2025-12-23,GR,Individual Contributor,true,true,true,true,true,false,not_applicable,true,true,,ACP000543,Finance,Controls,Permanent,2021-04-14,,,,HCM_A,2025-12-23,,,544
ACP000544,GR,Finance,Accounting,Individual Contributor,Permanent,2021-09-03,,,,HCM_A,2025-12-24,GR,Individual Contributor,true,true,true,true,true,false,not_applicable,true,true,,ACP000544,Finance,Accounting,Permanent,2021-09-03,,,,HCM_A,2025-12-24,,,545
ACP000545,IT,Supply Chain,Procurement,Individual Contributor,Permanent,2021-04-18,,,,HCM_B,2025-12-25,IT,Individual Contributor,true,true,true,true,true,false,not_applicable,true,true,,ACP000545,Supply Chain,Procurement,Permanent,2021-04-18,,,,HCM_B,2025-12-25,,,546
ACP000546,RO,Supply Chain,Procurement,Individual Contributor,Permanent,2022-06-03,,,,HCM_A,2025-12-26,RO,Individual Contributor,true,true,true,true,true,false,not_applicable,true,true,,ACP000546,Supply Chain,Procurement,Permanent,2022-06-03,,,,HCM_A,2025-12-26,,,547
ACP000547,BG,Finance,Controls,Manager,Permanent,2023-01-27,,,,HCM_A,2025-12-27,BG,Manager,true,true,true,true,true,false,not_applicable,true,true,,ACP000547,Finance,Controls,Permanent,2023-01-27,,,,HCM_A,2025-12-27,,,548
ACP000548,GR,Supply Chain,Procurement,Manager,Permanent,2020-06-21,,,,HCM_A,2025-12-28,GR,Manager,true,true,true,true,true,false,not_applicable,true,true,,ACP000548,Supply Chain,Procurement,Permanent,2020-06-21,,,,HCM_A,2025-12-28,,,549
ACP000549,BG,Digital,Product,Individual Contributor,Permanent,2020-06-30,2024-04-09,Involuntary,false,HCM_A,2025-12-29,BG,Individual Contributor,true,true,true,true,true,false,false,true,true,,ACP000549,Digital,Product,Permanent,2020-06-30,2024-04-09,Involuntary,false,HCM_A,2025-12-29,,,550
ACP000550,RO,Finance,FP&A,Manager,Permanent,2021-08-11,2025-08-04,Voluntary,false,HCM_B,2025-12-30,RO,Manager,true,true,true,true,true,false,false,true,true,,ACP000550,Finance,FP&A,Permanent,2021-08-11,2025-08-04,Voluntary,false,HCM_B,2025-12-30,,,551
ACP000551,IE,Digital,Product,Manager,Permanent,2023-03-04,,,,HCM_A,2025-12-31,IE,Manager,true,true,true,true,true,false,not_applicable,true,true,,ACP000551,Digital,Product,Permanent,2023-03-04,,,,HCM_A,2025-12-31,,,552
ACP000552,GR,Sales,Key Accounts,Individual Contributor,Permanent,2020-07-11,,,,HCM_A,2025-12-20,GR,Individual Contributor,true,true,true,true,true,false,not_applicable,true,true,,ACP000552,Sales,Key Accounts,Permanent,2020-07-11,,,,HCM_A,2025-12-20,,,553
ACP000553,IT,Finance,FP&A,Manager,Permanent,2023-02-25,2025-01-10,Voluntary,true,HCM_A,2025-12-21,IT,Manager,true,true,true,true,true,false,true,true,true,,ACP000553,Finance,FP&A,Permanent,2023-02-25,2025-01-10,Voluntary,true,HCM_A,2025-12-21,,,554
ACP000554,IE,Sales,Field Sales,Manager,Permanent,2024-09-21,,,,HCM_A,2025-12-22,IE,Manager,true,true,true,true,true,false,not_applicable,true,true,,ACP000554,Sales,Field Sales,Permanent,2024-09-21,,,,HCM_A,2025-12-22,,,555
ACP000555,IT,Finance,FP&A,Individual Contributor,Permanent,2020-03-20,2020-10-26,Voluntary,true,HCM_B,2025-12-23,IT,Individual Contributor,true,true,true,true,true,false,true,true,true,,ACP000555,Finance,FP&A,Permanent,2020-03-20,2020-10-26,Voluntary,true,HCM_B,2025-12-23,,,556
ACP000556,GR,Supply Chain,Manufacturing,Individual Contributor,Permanent,2021-05-22,2021-06-03,Voluntary,false,HCM_A,2025-12-24,GR,Individual Contributor,true,true,true,true,true,false,false,true,true,,ACP000556,Supply Chain,Manufacturing,Permanent,2021-05-22,2021-06-03,Voluntary,false,HCM_A,2025-12-24,,,557
ACP000557,IE,Supply Chain,Manufacturing,Manager,Permanent,2020-02-18,2025-05-15,Involuntary,false,HCM_A,2025-12-25,IE,Manager,true,true,true,true,true,false,false,true,true,,ACP000557,Supply Chain,Manufacturing,Permanent,2020-02-18,2025-05-15,Involuntary,false,HCM_A,2025-12-25,,,558
ACP000558,IT,Finance,FP&A,Manager,Permanent,2023-02-08,,,,HCM_A,2025-12-26,IT,Manager,true,true,true,true,true,false,not_applicable,true,true,,ACP000558,Finance,FP&A,Permanent,2023-02-08,,,,HCM_A,2025-12-26,,,559
ACP000559,IT,Digital,Product,Manager,Permanent,2021-10-28,2023-04-19,End of Contract,false,HCM_A,2025-12-27,IT,Manager,true,true,true,true,true,false,false,true,true,,ACP000559,Digital,Product,Permanent,2021-10-28,2023-04-19,End of Contract,false,HCM_A,2025-12-27,,,560
ACP000560,RO,Supply Chain,Manufacturing,Individual Contributor,Permanent,2021-06-11,2024-04-27,Voluntary,false,HCM_B,2025-12-28,RO,Individual Contributor,true,true,true,true,true,false,false,true,true,synthetic_source_recovered,ACP000560,Supply Chain,Manufacturing,Permanent,,2024-04-27,Voluntary,false,HCM_B,2025-12-28,hire_date,verified_synthetic_generator_recovery,561
ACP000561,BG,Sales,Field Sales,Individual Contributor,Permanent,2022-06-06,,,,HCM_A,2025-12-29,BG,Individual Contributor,true,true,true,true,true,false,not_applicable,true,true,,ACP000561,Sales,Field Sales,Permanent,2022-06-06,,,,HCM_A,2025-12-29,,,562
ACP000562,PL,Sales,Field Sales,Senior Leader,Permanent,2025-09-22,,,,HCM_A,2025-12-30,PL,Senior Leader,true,true,true,true,true,true,not_applicable,false,false,,ACP000562,Sales,Field Sales,Permanent,2025-09-22,,,,HCM_A,2025-12-30,,,563
ACP000563,IE,Digital,Product,Individual Contributor,Permanent,2025-10-25,,,,HCM_A,2025-12-31,IE,Individual Contributor,true,true,true,true,true,false,not_applicable,false,false,,ACP000563,Digital,Product,Permanent,2025-10-25,,,,HCM_A,2025-12-31,,,564
ACP000564,GR,Supply Chain,Logistics,Manager,Permanent,2023-09-03,,,,HCM_A,2025-12-20,GR,Manager,true,true,true,true,true,false,not_applicable,true,true,,ACP000564,Supply Chain,Logistics,Permanent,2023-09-03,,,,HCM_A,2025-12-20,,,565
ACP000565,PL,Sales,Key Accounts,Individual Contributor,Permanent,2025-11-20,,,,HCM_B,2025-12-21,PL,Individual Contributor,true,true,true,true,true,false,not_applicable,false,false,,ACP000565,Sales,Key Accounts,Permanent,2025-11-20,,,,HCM_B,2025-12-21,,,566
ACP000566,BG,Supply Chain,Procurement,Individual Contributor,Fixed Term,2021-04-07,,,,HCM_A,2025-12-22,BG,Sr Mgmt,true,true,true,true,true,false,not_applicable,true,true,synthetic_source_recovered,ACP000566,Supply Chain,Procurement,Fixed Term,2021-04-07,,,,HCM_A,2025-12-22,career_level,verified_synthetic_generator_recovery,567
ACP000567,BG,Digital,Product,Manager,Permanent,2022-10-10,,,,HCM_A,2025-12-23,BG,Manager,true,true,true,true,true,false,not_applicable,true,true,,ACP000567,Digital,Product,Permanent,2022-10-10,,,,HCM_A,2025-12-23,,,568
ACP000568,IE,Digital,Software,Manager,Permanent,2020-08-12,2020-10-24,Voluntary,false,HCM_A,2025-12-24,IE,Manager,true,true,true,true,true,false,false,true,true,,ACP000568,Digital,Software,Permanent,2020-08-12,2020-10-24,Voluntary,false,HCM_A,2025-12-24,,,569
ACP000569,IE,Sales,Key Accounts,Manager,Fixed Term,2025-04-10,,,,HCM_A,2025-12-25,IE,Manager,true,true,true,true,true,false,not_applicable,true,false,,ACP000569,Sales,Key Accounts,Fixed Term,2025-04-10,,,,HCM_A,2025-12-25,,,570
ACP000570,IE,Supply Chain,Manufacturing,Individual Contributor,Permanent,2022-09-14,,,,HCM_B,2025-12-26,IE,Individual Contributor,true,true,true,true,true,false,not_applicable,true,true,,ACP000570,Supply Chain,Manufacturing,Permanent,2022-09-14,,,,HCM_B,2025-12-26,,,571
ACP000571,BG,Digital,Software,Individual Contributor,Permanent,2021-07-27,,,,HCM_A,2025-12-27,BG,Individual Contributor,true,true,true,true,true,false,not_applicable,true,true,,ACP000571,Digital,Software,Permanent,2021-07-27,,,,HCM_A,2025-12-27,,,572
ACP000572,IT,Digital,Product,Individual Contributor,Permanent,2023-08-25,,,,HCM_A,2025-12-28,IT,Individual Contributor,true,true,true,true,true,false,not_applicable,true,true,,ACP000572,Digital,Product,Permanent,2023-08-25,,,,HCM_A,2025-12-28,,,573
ACP000573,RO,Finance,Accounting,Individual Contributor,Permanent,2022-12-16,,,,HCM_A,2025-12-29,RO,Individual Contributor,true,true,true,true,true,false,not_applicable,true,true,,ACP000573,Finance,Accounting,Permanent,2022-12-16,,,,HCM_A,2025-12-29,,,574
ACP000574,GR,Supply Chain,Logistics,Manager,Fixed Term,2025-06-05,2025-09-18,Voluntary,true,HCM_A,2025-12-30,GR,Manager,true,true,true,true,true,false,true,true,false,,ACP000574,Supply Chain,Logistics,Fixed Term,2025-06-05,2025-09-18,Voluntary,true,HCM_A,2025-12-30,,,575
ACP000575,RO,Supply Chain,Logistics,Manager,Permanent,2022-10-24,2024-09-25,End of Contract,false,HCM_B,2025-12-31,RO,Manager,true,true,true,true,true,false,false,true,true,,ACP000575,Supply Chain,Logistics,Permanent,2022-10-24,2024-09-25,End of Contract,false,HCM_B,2025-12-31,,,576
ACP000576,PL,Supply Chain,Logistics,Senior Leader,Permanent,2023-05-23,,,,HCM_A,2025-12-20,PL,Senior Leader,true,true,true,true,true,true,not_applicable,true,true,,ACP000576,Supply Chain,Logistics,Permanent,2023-05-23,,,,HCM_A,2025-12-20,,,577
ACP000577,RO,Digital,Software,Individual Contributor,Permanent,2021-10-26,,,,HCM_A,2025-12-21,RO,Individual Contributor,true,true,true,true,true,false,not_applicable,true,true,,ACP000577,Digital,Software,Permanent,2021-10-26,,,,HCM_A,2025-12-21,,,578
ACP000578,IE,Finance,FP&A,Manager,Fixed Term,2020-06-03,2023-05-04,Voluntary,false,HCM_A,2025-12-22,IE,Manager,true,true,true,true,true,false,false,true,true,,ACP000578,Finance,FP&A,Fixed Term,2020-06-03,2023-05-04,Voluntary,false,HCM_A,2025-12-22,,,579
ACP000579,IT,Supply Chain,Logistics,Manager,Fixed Term,2020-08-21,2020-11-19,End of Contract,false,HCM_A,2025-12-23,IT,Manager,true,true,true,true,true,false,false,true,true,,ACP000579,Supply Chain,Logistics,Fixed Term,2020-08-21,2020-11-19,End of Contract,false,HCM_A,2025-12-23,,,580
ACP000580,IE,Finance,Accounting,Individual Contributor,Permanent,2023-11-30,2024-01-16,Voluntary,false,HCM_B,2025-12-24,IE,Individual Contributor,true,true,true,true,true,false,false,true,true,,ACP000580,Finance,Accounting,Permanent,2023-11-30,2024-01-16,Voluntary,false,HCM_B,2025-12-24,,,581
ACP000581,IE,Finance,FP&A,Senior Leader,Fixed Term,2025-04-17,2025-10-27,Involuntary,false,HCM_A,2025-12-25,IE,Senior Leader,true,true,true,true,true,true,false,true,false,,ACP000581,Finance,FP&A,Fixed Term,2025-04-17,2025-10-27,Involuntary,false,HCM_A,2025-12-25,,,582
ACP000582,GR,Finance,Accounting,Individual Contributor,Permanent,2022-11-16,,,,HCM_A,2025-12-26,GR,Individual Contributor,true,true,true,true,true,false,not_applicable,true,true,,ACP000582,Finance,Accounting,Permanent,2022-11-16,,,,HCM_A,2025-12-26,,,583
ACP000583,PL,Sales,Key Accounts,Manager,Permanent,2020-10-01,,,,HCM_A,2025-12-27,PL,Manager,true,true,true,true,true,false,not_applicable,true,true,,ACP000583,Sales,Key Accounts,Permanent,2020-10-01,,,,HCM_A,2025-12-27,,,584
ACP000584,IT,Sales,Field Sales,Individual Contributor,Permanent,2022-05-17,2022-06-30,Involuntary,false,HCM_A,2025-12-28,IT,Individual Contributor,true,true,true,true,true,false,false,true,true,,ACP000584,Sales,Field Sales,Permanent,2022-05-17,2022-06-30,Involuntary,false,HCM_A,2025-12-28,,,585
ACP000585,GR,Supply Chain,Procurement,Senior Leader,Permanent,2023-12-09,2024-03-24,Voluntary,true,HCM_B,2025-12-29,GR,Senior Leader,true,true,true,true,true,true,true,true,true,,ACP000585,Supply Chain,Procurement,Permanent,2023-12-09,2024-03-24,Voluntary,true,HCM_B,2025-12-29,,,586
ACP000586,RO,Sales,Key Accounts,Manager,Permanent,2024-04-06,,,,HCM_A,2025-12-30,RO,Manager,true,true,true,true,true,false,not_applicable,true,true,,ACP000586,Sales,Key Accounts,Permanent,2024-04-06,,,,HCM_A,2025-12-30,,,587
ACP000587,IE,Finance,Accounting,Individual Contributor,Permanent,2024-11-20,,,,HCM_A,2025-12-31,IE,Individual Contributor,true,true,true,true,true,false,not_applicable,true,true,,ACP000587,Finance,Accounting,Permanent,2024-11-20,,,,HCM_A,2025-12-31,,,588
ACP000588,BG,Finance,FP&A,Individual Contributor,Permanent,2024-08-03,2025-12-28,Voluntary,true,HCM_A,2025-12-20,BG,Individual Contributor,true,true,true,true,true,false,true,true,true,,ACP000588,Finance,FP&A,Permanent,2024-08-03,2025-12-28,Voluntary,true,HCM_A,2025-12-20,,,589
ACP000589,IT,Sales,Field Sales,Manager,Permanent,2022-08-02,2023-02-15,Voluntary,false,HCM_A,2025-12-21,IT,Manager,true,true,true,true,true,false,false,true,true,,ACP000589,Sales,Field Sales,Permanent,2022-08-02,2023-02-15,Voluntary,false,HCM_A,2025-12-21,,,590
ACP000590,BG,Supply Chain,Logistics,Manager,Permanent,2022-09-07,,,,HCM_B,2025-12-22,BG,Manager,true,true,true,true,true,false,not_applicable,true,true,,ACP000590,Supply Chain,Logistics,Permanent,2022-09-07,,,,HCM_B,2025-12-22,,,591
ACP000591,PL,Finance,Accounting,Individual Contributor,Permanent,2021-01-25,2022-06-26,Voluntary,false,HCM_A,2025-12-23,PL,Individual Contributor,true,true,true,true,true,false,false,true,true,,ACP000591,Finance,Accounting,Permanent,2021-01-25,2022-06-26,Voluntary,false,HCM_A,2025-12-23,,,592
ACP000592,BG,Digital,Product,Individual Contributor,Permanent,2022-11-27,2023-05-22,Involuntary,false,HCM_A,2025-12-24,BG,Individual Contributor,true,true,true,true,true,false,false,true,true,,ACP000592,Digital,Product,Permanent,2022-11-27,2023-05-22,Involuntary,false,HCM_A,2025-12-24,,,593
ACP000593,BG,Supply Chain,Manufacturing,Manager,Fixed Term,2024-01-09,2024-10-21,Voluntary,false,HCM_A,2025-12-25,BG,Manager,true,true,true,true,true,false,false,true,true,,ACP000593,Supply Chain,Manufacturing,Fixed Term,2024-01-09,2024-10-21,Voluntary,false,HCM_A,2025-12-25,,,594
ACP000594,GR,Supply Chain,Procurement,Manager,Permanent,2024-10-23,,,,HCM_A,2025-12-26,GR,Manager,true,true,true,true,true,false,not_applicable,true,true,,ACP000594,Supply Chain,Procurement,Permanent,2024-10-23,,,,HCM_A,2025-12-26,,,595
ACP000595,BG,Digital,Software,Manager,Permanent,2020-06-08,,,,HCM_B,2025-12-27,BG,Manager,true,true,true,true,true,false,not_applicable,true,true,,ACP000595,Digital,Software,Permanent,2020-06-08,,,,HCM_B,2025-12-27,,,596
ACP000596,BG,Finance,Accounting,Manager,Permanent,2023-01-02,,,,HCM_A,2025-12-28,BG,Manager,true,true,true,true,true,false,not_applicable,true,true,,ACP000596,Finance,Accounting,Permanent,2023-01-02,,,,HCM_A,2025-12-28,,,597
ACP000597,IT,Supply Chain,Logistics,Senior Leader,Permanent,2025-01-12,,,,HCM_A,2025-12-29,IT,Senior Leader,true,true,true,true,true,true,not_applicable,true,false,,ACP000597,Supply Chain,Logistics,Permanent,2025-01-12,,,,HCM_A,2025-12-29,,,598
ACP000598,IE,Finance,FP&A,Senior Leader,Fixed Term,2023-08-16,2023-12-21,Voluntary,true,HCM_A,2025-12-30,IE,Senior Leader,true,true,true,true,true,true,true,true,true,,ACP000598,Finance,FP&A,Fixed Term,2023-08-16,2023-12-21,Voluntary,true,HCM_A,2025-12-30,,,599
ACP000599,RO,Finance,Controls,Individual Contributor,Permanent,2023-07-22,,,,HCM_A,2025-12-31,RO,Individual Contributor,true,true,true,true,true,false,not_applicable,true,true,,ACP000599,Finance,Controls,Permanent,2023-07-22,,,,HCM_A,2025-12-31,,,600
ACP000600,IE,Sales,Commercial Planning,Manager,Permanent,2022-07-07,,,,HCM_B,2025-12-20,IE,Manager,true,true,true,true,true,false,not_applicable,true,true,,ACP000600,Sales,Commercial Planning,Permanent,2022-07-07,,,,HCM_B,2025-12-20,,,601
ACP000601,PL,Finance,Controls,Individual Contributor,Permanent,2024-08-25,,,,HCM_A,2025-12-21,PL,Individual Contributor,true,true,true,true,true,false,not_applicable,true,true,,ACP000601,Finance,Controls,Permanent,2024-08-25,,,,HCM_A,2025-12-21,,,602
ACP000602,RO,Digital,Product,Individual Contributor,Permanent,2021-11-29,2022-02-03,Involuntary,false,HCM_A,2025-12-22,RO,Individual Contributor,true,true,true,true,true,false,false,true,true,,ACP000602,Digital,Product,Permanent,2021-11-29,2022-02-03,Involuntary,false,HCM_A,2025-12-22,,,603
ACP000603,GR,Digital,Product,Individual Contributor,Permanent,2024-04-11,,,,HCM_A,2025-12-23,GR,Individual Contributor,true,true,true,true,true,false,not_applicable,true,true,,ACP000603,Digital,Product,Permanent,2024-04-11,,,,HCM_A,2025-12-23,,,604
ACP000604,PL,Sales,Key Accounts,Individual Contributor,Permanent,2024-12-24,,,,HCM_A,2025-12-24,PL,Individual Contributor,true,true,true,true,true,false,not_applicable,true,true,,ACP000604,Sales,Key Accounts,Permanent,2024-12-24,,,,HCM_A,2025-12-24,,,605
ACP000605,PL,Sales,Key Accounts,Manager,Permanent,2022-08-11,,,,HCM_B,2025-12-25,PL,Manager,true,true,true,true,true,false,not_applicable,true,true,,ACP000605,Sales,Key Accounts,Permanent,2022-08-11,,,,HCM_B,2025-12-25,,,606
ACP000606,PL,Supply Chain,Procurement,Individual Contributor,Permanent,2023-04-14,2025-08-15,Voluntary,false,HCM_A,2025-12-26,PL,Individual Contributor,true,true,true,true,true,false,false,true,true,,ACP000606,Supply Chain,Procurement,Permanent,2023-04-14,2025-08-15,Voluntary,false,HCM_A,2025-12-26,,,607
ACP000607,PL,Finance,FP&A,Individual Contributor,Permanent,2024-04-09,,,,HCM_A,2025-12-27,PL,Individual Contributor,true,true,true,true,true,false,not_applicable,true,true,synthetic_source_recovered,ACP000607,Finance,FP&A,Permanent,2024-04-09,2024-03-24,Voluntary,false,HCM_A,2025-12-27,termination_date|termination_type|regretted_exit,verified_synthetic_generator_recovery,608
ACP000608,IE,Supply Chain,Procurement,Individual Contributor,Fixed Term,2021-12-12,2022-03-30,Voluntary,false,HCM_A,2025-12-28,IE,Individual Contributor,true,true,true,true,true,false,false,true,true,,ACP000608,Supply Chain,Procurement,Fixed Term,2021-12-12,2022-03-30,Voluntary,false,HCM_A,2025-12-28,,,609
ACP000609,IE,Finance,Controls,Individual Contributor,Permanent,2020-06-08,2020-09-12,End of Contract,false,HCM_A,2025-12-29,IE,Individual Contributor,true,true,true,true,true,false,false,true,true,,ACP000609,Finance,Controls,Permanent,2020-06-08,2020-09-12,End of Contract,false,HCM_A,2025-12-29,,,610
ACP000610,IT,Digital,Product,Manager,Permanent,2021-03-27,,,,HCM_B,2025-12-30,IT,Manager,true,true,true,true,true,false,not_applicable,true,true,,ACP000610,Digital,Product,Permanent,2021-03-27,,,,HCM_B,2025-12-30,,,611
ACP000611,PL,Sales,Field Sales,Manager,Permanent,2025-03-23,,,,HCM_A,2025-12-31,PL,Manager,true,true,true,true,true,false,not_applicable,true,false,,ACP000611,Sales,Field Sales,Permanent,2025-03-23,,,,HCM_A,2025-12-31,,,612
ACP000612,BG,Finance,FP&A,Individual Contributor,Permanent,2021-05-07,,,,HCM_A,2025-12-20,BG,Individual Contributor,true,true,true,true,true,false,not_applicable,true,true,,ACP000612,Finance,FP&A,Permanent,2021-05-07,,,,HCM_A,2025-12-20,,,613
ACP000613,IE,Sales,Key Accounts,Manager,Permanent,2025-02-15,,,,HCM_A,2025-12-21,IE,Manager,true,true,true,true,true,false,not_applicable,true,false,,ACP000613,Sales,Key Accounts,Permanent,2025-02-15,,,,HCM_A,2025-12-21,,,614
ACP000614,PL,Supply Chain,Manufacturing,Senior Leader,Permanent,2022-12-23,,,,HCM_A,2025-12-22,PL,Senior Leader,true,true,true,true,true,true,not_applicable,true,true,,ACP000614,Supply Chain,Manufacturing,Permanent,2022-12-23,,,,HCM_A,2025-12-22,,,615
ACP000615,IT,Sales,Commercial Planning,Manager,Fixed Term,2022-01-24,,,,HCM_B,2025-12-23,IT,Manager,true,true,true,true,true,false,not_applicable,true,true,,ACP000615,Sales,Commercial Planning,Fixed Term,2022-01-24,,,,HCM_B,2025-12-23,,,616
ACP000616,GR,Supply Chain,Logistics,Manager,Permanent,2023-08-06,2025-10-24,Voluntary,true,HCM_A,2025-12-24,,Manager,true,true,true,true,true,false,true,true,true,synthetic_source_recovered,ACP000616,Supply Chain,Logistics,Permanent,2023-08-06,2025-10-24,Voluntary,true,HCM_A,2025-12-24,country_code,verified_synthetic_generator_recovery,617
ACP000617,BG,Finance,Accounting,Individual Contributor,Permanent,2022-12-14,2023-08-29,Voluntary,false,HCM_A,2025-12-25,BG,Individual Contributor,true,true,true,true,true,false,false,true,true,,ACP000617,Finance,Accounting,Permanent,2022-12-14,2023-08-29,Voluntary,false,HCM_A,2025-12-25,,,618
ACP000618,RO,Sales,Commercial Planning,Manager,Permanent,2023-02-12,,,,HCM_A,2025-12-26,RO,Manager,true,true,true,true,true,false,not_applicable,true,true,,ACP000618,Sales,Commercial Planning,Permanent,2023-02-12,,,,HCM_A,2025-12-26,,,619
ACP000619,PL,Finance,FP&A,Individual Contributor,Fixed Term,2023-04-06,,,,HCM_A,2025-12-27,PL,Individual Contributor,true,true,true,true,true,false,not_applicable,true,true,,ACP000619,Finance,FP&A,Fixed Term,2023-04-06,,,,HCM_A,2025-12-27,,,620
ACP000620,BG,Sales,Key Accounts,Individual Contributor,Permanent,2021-11-10,,,,HCM_B,2025-12-28,BG,Individual Contributor,true,true,true,true,true,false,not_applicable,true,true,,ACP000620,Sales,Key Accounts,Permanent,2021-11-10,,,,HCM_B,2025-12-28,,,621
ACP000621,GR,Supply Chain,Logistics,Senior Leader,Permanent,2024-02-19,,,,HCM_A,2025-12-29,GR,Senior Leader,true,true,true,true,true,true,not_applicable,true,true,,ACP000621,Supply Chain,Logistics,Permanent,2024-02-19,,,,HCM_A,2025-12-29,,,622
ACP000622,RO,Sales,Commercial Planning,Manager,Permanent,2020-05-19,,,,HCM_A,2025-12-30,RO,Manager,true,true,true,true,true,false,not_applicable,true,true,,ACP000622,Sales,Commercial Planning,Permanent,2020-05-19,,,,HCM_A,2025-12-30,,,623
ACP000623,IE,Finance,FP&A,Senior Leader,Permanent,2025-09-05,,,,HCM_A,2025-12-31,IE,Senior Leader,true,true,true,true,true,true,not_applicable,false,false,synthetic_source_recovered,ACP000623,Finance,FP&A,Permanent,2025-09-05,2025-12-04,,,HCM_A,2025-12-31,termination_date,verified_synthetic_generator_recovery,624
ACP000624,IT,Finance,Accounting,Manager,Permanent,2021-01-11,,,,HCM_A,2025-12-20,IT,Manager,true,true,true,true,true,false,not_applicable,true,true,,ACP000624,Finance,Accounting,Permanent,2021-01-11,,,,HCM_A,2025-12-20,,,625
ACP000625,RO,Finance,FP&A,Individual Contributor,Permanent,2023-12-28,,,,HCM_B,2025-12-21,RO,Individual Contributor,true,true,true,true,true,false,not_applicable,true,true,,ACP000625,Finance,FP&A,Permanent,2023-12-28,,,,HCM_B,2025-12-21,,,626
ACP000626,IE,Sales,Field Sales,Senior Leader,Fixed Term,2025-11-13,,,,HCM_A,2025-12-22,IE,Senior Leader,true,true,true,true,true,true,not_applicable,false,false,,ACP000626,Sales,Field Sales,Fixed Term,2025-11-13,,,,HCM_A,2025-12-22,,,627
ACP000627,RO,Finance,FP&A,Individual Contributor,Fixed Term,2024-02-17,,,,HCM_A,2025-12-23,RO,Individual Contributor,true,true,true,true,true,false,not_applicable,true,true,,ACP000627,Finance,FP&A,Fixed Term,2024-02-17,,,,HCM_A,2025-12-23,,,628
ACP000628,GR,Digital,Product,Individual Contributor,Permanent,2020-11-15,,,,HCM_A,2025-12-24,GR,Individual Contributor,true,true,true,true,true,false,not_applicable,true,true,,ACP000628,Digital,Product,Permanent,2020-11-15,,,,HCM_A,2025-12-24,,,629
ACP000629,RO,Finance,FP&A,Senior Leader,Permanent,2020-08-29,,,,HCM_A,2025-12-25,RO,Senior Leader,true,true,true,true,true,true,not_applicable,true,true,,ACP000629,Finance,FP&A,Permanent,2020-08-29,,,,HCM_A,2025-12-25,,,630
ACP000630,GR,Digital,Product,Manager,Permanent,2023-08-03,2023-09-28,Voluntary,true,HCM_B,2025-12-26,GR,Manager,true,true,true,true,true,false,true,true,true,,ACP000630,Digital,Product,Permanent,2023-08-03,2023-09-28,Voluntary,true,HCM_B,2025-12-26,,,631
ACP000631,IT,Finance,Controls,Senior Leader,Permanent,2022-09-18,,,,HCM_A,2025-12-27,IT,Senior Leader,true,true,true,true,true,true,not_applicable,true,true,,ACP000631,Finance,Controls,Permanent,2022-09-18,,,,HCM_A,2025-12-27,,,632
ACP000632,BG,Supply Chain,Procurement,Individual Contributor,Permanent,2024-02-19,,,,HCM_A,2025-12-28,BG,Individual Contributor,true,true,true,true,true,false,not_applicable,true,true,,ACP000632,Supply Chain,Procurement,Permanent,2024-02-19,,,,HCM_A,2025-12-28,,,633
ACP000633,BG,Supply Chain,Logistics,Individual Contributor,Fixed Term,2025-01-15,,,,HCM_A,2025-12-29,BG,Individual Contributor,true,true,true,true,true,false,not_applicable,true,false,,ACP000633,Supply Chain,Logistics,Fixed Term,2025-01-15,,,,HCM_A,2025-12-29,,,634
ACP000634,IT,Supply Chain,Manufacturing,Manager,Permanent,2022-02-21,,,,HCM_A,2025-12-30,IT,Manager,true,true,true,true,true,false,not_applicable,true,true,,ACP000634,Supply Chain,Manufacturing,Permanent,2022-02-21,,,,HCM_A,2025-12-30,,,635
ACP000635,IT,Digital,Product,Senior Leader,Permanent,2020-07-01,,,,HCM_B,2025-12-31,IT,Senior Leader,true,true,true,true,true,true,not_applicable,true,true,,ACP000635,Digital,Product,Permanent,2020-07-01,,,,HCM_B,2025-12-31,,,636
ACP000636,IT,Finance,FP&A,Individual Contributor,Fixed Term,2024-03-09,2025-05-11,Voluntary,true,HCM_A,2025-12-20,IT,Individual Contributor,true,true,true,true,true,false,true,true,true,,ACP000636,Finance,FP&A,Fixed Term,2024-03-09,2025-05-11,Voluntary,true,HCM_A,2025-12-20,,,637
ACP000637,GR,Finance,FP&A,Manager,Fixed Term,2021-04-22,,,,HCM_A,2025-12-21,GR,Manager,true,true,true,true,true,false,not_applicable,true,true,,ACP000637,Finance,FP&A,Fixed Term,2021-04-22,,,,HCM_A,2025-12-21,,,638
ACP000638,RO,Finance,FP&A,Individual Contributor,Permanent,2020-07-22,2020-10-22,End of Contract,false,HCM_A,2025-12-22,RO,Individual Contributor,true,true,true,true,true,false,false,true,true,,ACP000638,Finance,FP&A,Permanent,2020-07-22,2020-10-22,End of Contract,false,HCM_A,2025-12-22,,,639
ACP000639,GR,Supply Chain,Manufacturing,Individual Contributor,Permanent,2020-03-19,,,,HCM_A,2025-12-23,GR,Individual Contributor,true,true,true,true,true,false,not_applicable,true,true,,ACP000639,Supply Chain,Manufacturing,Permanent,2020-03-19,,,,HCM_A,2025-12-23,,,640
ACP000640,IT,Sales,Commercial Planning,Manager,Permanent,2025-01-31,,,,HCM_B,2025-12-24,IT,Manager,true,true,true,true,true,false,not_applicable,true,false,,ACP000640,Sales,Commercial Planning,Permanent,2025-01-31,,,,HCM_B,2025-12-24,,,641
ACP000641,RO,Digital,Product,Manager,Permanent,2025-03-10,,,,HCM_A,2025-12-25,RO,Manager,true,true,true,true,true,false,not_applicable,true,false,,ACP000641,Digital,Product,Permanent,2025-03-10,,,,HCM_A,2025-12-25,,,642
ACP000642,BG,Supply Chain,Procurement,Manager,Permanent,2024-10-29,,,,HCM_A,2025-12-26,BG,Manager,true,true,true,true,true,false,not_applicable,true,true,,ACP000642,Supply Chain,Procurement,Permanent,2024-10-29,,,,HCM_A,2025-12-26,,,643
ACP000643,PL,Sales,Field Sales,Manager,Permanent,2024-08-18,,,,HCM_A,2025-12-27,PL,Manager,true,true,true,true,true,false,not_applicable,true,true,,ACP000643,Sales,Field Sales,Permanent,2024-08-18,,,,HCM_A,2025-12-27,,,644
ACP000644,RO,Finance,Accounting,Senior Leader,Permanent,2022-09-24,2022-12-02,Voluntary,true,HCM_A,2025-12-28,RO,Senior Leader,true,true,true,true,true,true,true,true,true,,ACP000644,Finance,Accounting,Permanent,2022-09-24,2022-12-02,Voluntary,true,HCM_A,2025-12-28,,,645
ACP000645,IE,Sales,Key Accounts,Individual Contributor,Permanent,2023-04-22,,,,HCM_B,2025-12-29,IE,Individual Contributor,true,true,true,true,true,false,not_applicable,true,true,,ACP000645,Sales,Key Accounts,Permanent,2023-04-22,,,,HCM_B,2025-12-29,,,646
ACP000646,RO,Digital,Software,Manager,Permanent,2020-05-13,2020-09-28,Voluntary,true,HCM_A,2025-12-30,RO,Manager,true,true,true,true,true,false,true,true,true,,ACP000646,Digital,Software,Permanent,2020-05-13,2020-09-28,Voluntary,true,HCM_A,2025-12-30,,,647
ACP000647,GR,Supply Chain,Logistics,Individual Contributor,Permanent,2022-05-21,,,,HCM_A,2025-12-31,GR,Individual Contributor,true,true,true,true,true,false,not_applicable,true,true,,ACP000647,Supply Chain,Logistics,Permanent,2022-05-21,,,,HCM_A,2025-12-31,,,648
ACP000648,GR,Finance,Controls,Individual Contributor,Permanent,2022-07-29,,,,HCM_A,2025-12-20,GR,Individual Contributor,true,true,true,true,true,false,not_applicable,true,true,,ACP000648,Finance,Controls,Permanent,2022-07-29,,,,HCM_A,2025-12-20,,,649
ACP000649,RO,Supply Chain,Procurement,Manager,Permanent,2022-06-17,,,,HCM_A,2025-12-21,RO,Manager,true,true,true,true,true,false,not_applicable,true,true,,ACP000649,Supply Chain,Procurement,Permanent,2022-06-17,,,,HCM_A,2025-12-21,,,650
ACP000650,GR,Sales,Key Accounts,Individual Contributor,Permanent,2025-05-06,,,,HCM_B,2025-12-22,GR,Individual Contributor,true,true,true,true,true,false,not_applicable,true,false,,ACP000650,Sales,Key Accounts,Permanent,2025-05-06,,,,HCM_B,2025-12-22,,,651
ACP000651,IT,Finance,Controls,Individual Contributor,Permanent,2022-11-01,,,,HCM_A,2025-12-23,IT,Individual Contributor,true,true,true,true,true,false,not_applicable,true,true,,ACP000651,Finance,Controls,Permanent,2022-11-01,,,,HCM_A,2025-12-23,,,652
ACP000652,PL,Finance,FP&A,Manager,Permanent,2022-07-31,,,,HCM_A,2025-12-24,PL,Manager,true,true,true,true,true,false,not_applicable,true,true,,ACP000652,Finance,FP&A,Permanent,2022-07-31,,,,HCM_A,2025-12-24,,,653
ACP000653,RO,Sales,Commercial Planning,Individual Contributor,Permanent,2022-02-17,,,,HCM_A,2025-12-25,RO,Individual Contributor,true,true,true,true,true,false,not_applicable,true,true,,ACP000653,Sales,Commercial Planning,Permanent,2022-02-17,,,,HCM_A,2025-12-25,,,654
ACP000654,IT,Finance,FP&A,Individual Contributor,Fixed Term,2021-08-07,2022-08-01,Involuntary,false,HCM_A,2025-12-26,IT,Individual Contributor,true,true,true,true,true,false,false,true,true,,ACP000654,Finance,FP&A,Fixed Term,2021-08-07,2022-08-01,Involuntary,false,HCM_A,2025-12-26,,,655
ACP000655,PL,Supply Chain,Manufacturing,Individual Contributor,Permanent,2022-10-09,2025-08-05,Voluntary,true,HCM_B,2025-12-27,PL,Individual Contributor,true,true,true,true,true,false,true,true,true,,ACP000655,Supply Chain,Manufacturing,Permanent,2022-10-09,2025-08-05,Voluntary,true,HCM_B,2025-12-27,,,656
ACP000656,PL,Supply Chain,Manufacturing,Individual Contributor,Permanent,2023-11-27,,,,HCM_A,2025-12-28,PL,Individual Contributor,true,true,true,true,true,false,not_applicable,true,true,,ACP000656,Supply Chain,Manufacturing,Permanent,2023-11-27,,,,HCM_A,2025-12-28,,,657
ACP000657,IE,Supply Chain,Logistics,Individual Contributor,Permanent,2022-03-12,,,,HCM_A,2025-12-29,IE,Individual Contributor,true,true,true,true,true,false,not_applicable,true,true,,ACP000657,Supply Chain,Logistics,Permanent,2022-03-12,,,,HCM_A,2025-12-29,,,658
ACP000658,IT,Supply Chain,Manufacturing,Individual Contributor,Permanent,2021-09-18,2025-04-16,Involuntary,false,HCM_A,2025-12-30,IT,Individual Contributor,true,true,true,true,true,false,false,true,true,,ACP000658,Supply Chain,Manufacturing,Permanent,2021-09-18,2025-04-16,Involuntary,false,HCM_A,2025-12-30,,,659
ACP000659,GR,Supply Chain,Procurement,Manager,Permanent,2023-08-24,,,,HCM_A,2025-12-31,GR,Manager,true,true,true,true,true,false,not_applicable,true,true,,ACP000659,Supply Chain,Procurement,Permanent,2023-08-24,,,,HCM_A,2025-12-31,,,660
ACP000660,PL,Finance,FP&A,Senior Leader,Permanent,2020-10-26,,,,HCM_B,2025-12-20,PL,Senior Leader,true,true,true,true,true,true,not_applicable,true,true,,ACP000660,Finance,FP&A,Permanent,2020-10-26,,,,HCM_B,2025-12-20,,,661
ACP000661,GR,Digital,Data,Senior Leader,Permanent,2021-10-09,,,,HCM_A,2025-12-21,GR,Senior Leader,true,true,true,true,true,true,not_applicable,true,true,,ACP000661,Digital,Data,Permanent,2021-10-09,,,,HCM_A,2025-12-21,,,662
ACP000662,GR,Finance,Controls,Individual Contributor,Permanent,2024-06-08,,,,HCM_A,2025-12-22,GR,Individual Contributor,true,true,true,true,true,false,not_applicable,true,true,,ACP000662,Finance,Controls,Permanent,2024-06-08,,,,HCM_A,2025-12-22,,,663
ACP000663,BG,Sales,Commercial Planning,Individual Contributor,Permanent,2025-04-27,,,,HCM_A,2025-12-23,BG,Individual Contributor,true,true,true,true,true,false,not_applicable,true,false,,ACP000663,Sales,Commercial Planning,Permanent,2025-04-27,,,,HCM_A,2025-12-23,,,664
ACP000664,PL,Finance,Controls,Manager,Permanent,2020-10-15,2022-09-15,Voluntary,false,HCM_A,2025-12-24,PL,Manager,true,true,true,true,true,false,false,true,true,,ACP000664,Finance,Controls,Permanent,2020-10-15,2022-09-15,Voluntary,false,HCM_A,2025-12-24,,,665
ACP000665,IT,Finance,FP&A,Individual Contributor,Permanent,2022-07-03,,,,HCM_B,2025-12-25,IT,Individual Contributor,true,true,true,true,true,false,not_applicable,true,true,,ACP000665,Finance,FP&A,Permanent,2022-07-03,,,,HCM_B,2025-12-25,,,666
ACP000666,GR,Finance,Accounting,Individual Contributor,Fixed Term,2021-04-08,,,,HCM_A,2025-12-26,GR,Individual Contributor,true,true,true,true,true,false,not_applicable,true,true,,ACP000666,Finance,Accounting,Fixed Term,2021-04-08,,,,HCM_A,2025-12-26,,,667
ACP000667,RO,Sales,Commercial Planning,Individual Contributor,Permanent,2024-09-28,,,,HCM_A,2025-12-27,RO,Individual Contributor,true,true,true,true,true,false,not_applicable,true,true,,ACP000667,Sales,Commercial Planning,Permanent,2024-09-28,,,,HCM_A,2025-12-27,,,668
ACP000668,IE,Supply Chain,Manufacturing,Individual Contributor,Permanent,2022-11-04,,,,HCM_A,2025-12-28,IE,Individual Contributor,true,true,true,true,true,false,not_applicable,true,true,,ACP000668,Supply Chain,Manufacturing,Permanent,2022-11-04,,,,HCM_A,2025-12-28,,,669
ACP000669,IT,Sales,Commercial Planning,Manager,Fixed Term,2020-01-28,,,,HCM_A,2025-12-29,IT,Manager,true,true,true,true,true,false,not_applicable,true,true,,ACP000669,Sales,Commercial Planning,Fixed Term,2020-01-28,,,,HCM_A,2025-12-29,,,670
ACP000670,GR,Supply Chain,Manufacturing,Manager,Permanent,2021-02-18,2023-12-23,Involuntary,false,HCM_B,2025-12-30,GR,Manager,true,true,true,true,true,false,false,true,true,,ACP000670,Supply Chain,Manufacturing,Permanent,2021-02-18,2023-12-23,Involuntary,false,HCM_B,2025-12-30,,,671
ACP000671,BG,Supply Chain,Procurement,Individual Contributor,Permanent,2020-01-16,,,,HCM_A,2025-12-31,BG,Individual Contributor,true,true,true,true,true,false,not_applicable,true,true,,ACP000671,Supply Chain,Procurement,Permanent,2020-01-16,,,,HCM_A,2025-12-31,,,672
ACP000672,BG,Supply Chain,Manufacturing,Individual Contributor,Permanent,2023-01-14,,,,HCM_A,2025-12-20,BG,Individual Contributor,true,true,true,true,true,false,not_applicable,true,true,,ACP000672,Supply Chain,Manufacturing,Permanent,2023-01-14,,,,HCM_A,2025-12-20,,,673
ACP000673,IT,Supply Chain,Manufacturing,Individual Contributor,Permanent,2020-07-02,2021-10-22,End of Contract,false,HCM_A,2025-12-21,IT,Individual Contributor,true,true,true,true,true,false,false,true,true,,ACP000673,Supply Chain,Manufacturing,Permanent,2020-07-02,2021-10-22,End of Contract,false,HCM_A,2025-12-21,,,674
ACP000674,RO,Supply Chain,Logistics,Manager,Permanent,2024-06-22,,,,HCM_A,2025-12-22,RO,Manager,true,true,true,true,true,false,not_applicable,true,true,,ACP000674,Supply Chain,Logistics,Permanent,2024-06-22,,,,HCM_A,2025-12-22,,,675
ACP000675,GR,Supply Chain,Manufacturing,Individual Contributor,Permanent,2022-08-01,2023-05-12,Voluntary,false,HCM_B,2025-12-23,GR,Individual Contributor,true,true,true,true,true,false,false,true,true,,ACP000675,Supply Chain,Manufacturing,Permanent,2022-08-01,2023-05-12,Voluntary,false,HCM_B,2025-12-23,,,676
ACP000676,IE,Supply Chain,Logistics,Individual Contributor,Permanent,2025-03-15,,,,HCM_A,2025-12-24,IE,Individual Contributor,true,true,true,true,true,false,not_applicable,true,false,,ACP000676,Supply Chain,Logistics,Permanent,2025-03-15,,,,HCM_A,2025-12-24,,,677
ACP000677,BG,Digital,Software,Individual Contributor,Permanent,2025-10-07,,,,HCM_A,2025-12-25,BG,Individual Contributor,true,true,true,true,true,false,not_applicable,false,false,,ACP000677,Digital,Software,Permanent,2025-10-07,,,,HCM_A,2025-12-25,,,678
ACP000678,IE,Sales,Field Sales,Manager,Permanent,2021-10-29,,,,HCM_A,2025-12-26,IE,Manager,true,true,true,true,true,false,not_applicable,true,true,,ACP000678,Sales,Field Sales,Permanent,2021-10-29,,,,HCM_A,2025-12-26,,,679
ACP000679,IE,Supply Chain,Logistics,Manager,Permanent,2022-08-28,,,,HCM_A,2025-12-27,IE,Manager,true,true,true,true,true,false,not_applicable,true,true,,ACP000679,Supply Chain,Logistics,Permanent,2022-08-28,,,,HCM_A,2025-12-27,,,680
ACP000680,BG,Sales,Key Accounts,Individual Contributor,Permanent,2022-09-15,2023-01-17,Voluntary,false,HCM_B,2025-12-28,BG,Individual Contributor,true,true,true,true,true,false,false,true,true,,ACP000680,Sales,Key Accounts,Permanent,2022-09-15,2023-01-17,Voluntary,false,HCM_B,2025-12-28,,,681
ACP000681,GR,Digital,Data,Manager,Permanent,2022-01-21,2025-05-12,End of Contract,false,HCM_A,2025-12-29,GR,Manager,true,true,true,true,true,false,false,true,true,,ACP000681,Digital,Data,Permanent,2022-01-21,2025-05-12,End of Contract,false,HCM_A,2025-12-29,,,682
ACP000682,BG,Finance,Controls,Individual Contributor,Permanent,2025-01-09,,,,HCM_A,2025-12-30,BG,Individual Contributor,true,true,true,true,true,false,not_applicable,true,false,,ACP000682,Finance,Controls,Permanent,2025-01-09,,,,HCM_A,2025-12-30,,,683
ACP000683,IT,Finance,Controls,Individual Contributor,Permanent,2024-08-29,,,,HCM_A,2025-12-31,IT,Individual Contributor,true,true,true,true,true,false,not_applicable,true,true,,ACP000683,Finance,Controls,Permanent,2024-08-29,,,,HCM_A,2025-12-31,,,684
ACP000684,RO,Sales,Key Accounts,Individual Contributor,Permanent,2020-07-25,2022-11-16,Voluntary,true,HCM_A,2025-12-20,RO,Individual Contributor,true,true,true,true,true,false,true,true,true,,ACP000684,Sales,Key Accounts,Permanent,2020-07-25,2022-11-16,Voluntary,true,HCM_A,2025-12-20,,,685
ACP000685,GR,Digital,Product,Individual Contributor,Permanent,2020-07-03,,,,HCM_B,2025-12-21,GR,Individual Contributor,true,true,true,true,true,false,not_applicable,true,true,,ACP000685,Digital,Product,Permanent,2020-07-03,,,,HCM_B,2025-12-21,,,686
ACP000686,PL,Digital,Data,Manager,Permanent,2024-07-24,2025-11-03,Voluntary,true,HCM_A,2025-12-22,PL,Manager,true,true,true,true,true,false,true,true,true,,ACP000686,Digital,Data,Permanent,2024-07-24,2025-11-03,Voluntary,true,HCM_A,2025-12-22,,,687
ACP000687,IT,Digital,Software,Manager,Permanent,2025-09-16,,,,HCM_A,2025-12-23,IT,Manager,true,true,true,true,true,false,not_applicable,false,false,,ACP000687,Digital,Software,Permanent,2025-09-16,,,,HCM_A,2025-12-23,,,688
ACP000688,IE,Sales,Field Sales,Individual Contributor,Permanent,2024-02-01,2024-12-11,Voluntary,true,HCM_A,2025-12-24,IE,Individual Contributor,true,true,true,true,true,false,true,true,true,,ACP000688,Sales,Field Sales,Permanent,2024-02-01,2024-12-11,Voluntary,true,HCM_A,2025-12-24,,,689
ACP000689,IT,Supply Chain,Procurement,Senior Leader,Permanent,2021-07-20,2021-08-31,Involuntary,false,HCM_A,2025-12-25,IT,Senior Leader,true,true,true,true,true,true,false,true,true,,ACP000689,Supply Chain,Procurement,Permanent,2021-07-20,2021-08-31,Involuntary,false,HCM_A,2025-12-25,,,690
ACP000690,BG,Digital,Product,Individual Contributor,Permanent,2025-01-19,2025-05-05,Voluntary,true,HCM_B,2025-12-26,BG,Individual Contributor,true,true,true,true,true,false,true,true,false,,ACP000690,Digital,Product,Permanent,2025-01-19,2025-05-05,Voluntary,true,HCM_B,2025-12-26,,,691
ACP000691,IE,Supply Chain,Logistics,Individual Contributor,Permanent,2022-12-13,2025-04-18,Voluntary,false,HCM_A,2025-12-27,IE,Individual Contributor,true,true,true,true,true,false,false,true,true,,ACP000691,Supply Chain,Logistics,Permanent,2022-12-13,2025-04-18,Voluntary,false,HCM_A,2025-12-27,,,692
ACP000692,PL,Supply Chain,Logistics,Manager,Permanent,2025-06-24,,,,HCM_A,2025-12-28,PL,Manager,true,true,true,true,true,false,not_applicable,true,false,,ACP000692,Supply Chain,Logistics,Permanent,2025-06-24,,,,HCM_A,2025-12-28,,,693
ACP000693,PL,Finance,FP&A,Manager,Permanent,2025-08-05,,,,HCM_A,2025-12-29,PL,Manager,true,true,true,true,true,false,not_applicable,false,false,,ACP000693,Finance,FP&A,Permanent,2025-08-05,,,,HCM_A,2025-12-29,,,694
ACP000694,IT,Supply Chain,Manufacturing,Individual Contributor,Fixed Term,2025-09-03,,,,HCM_A,2025-12-30,IT,Individual Contributor,true,true,true,true,true,false,not_applicable,false,false,,ACP000694,Supply Chain,Manufacturing,Fixed Term,2025-09-03,,,,HCM_A,2025-12-30,,,695
ACP000695,BG,Supply Chain,Procurement,Senior Leader,Fixed Term,2023-03-10,,,,HCM_B,2025-12-31,BG,Senior Leader,true,true,true,true,true,true,not_applicable,true,true,,ACP000695,Supply Chain,Procurement,Fixed Term,2023-03-10,,,,HCM_B,2025-12-31,,,696
ACP000696,IE,Digital,Software,Senior Leader,Permanent,2020-10-23,,,,HCM_A,2025-12-20,IE,Senior Leader,true,true,true,true,true,true,not_applicable,true,true,,ACP000696,Digital,Software,Permanent,2020-10-23,,,,HCM_A,2025-12-20,,,697
ACP000697,IT,Digital,Data,Manager,Permanent,2021-07-31,2024-02-12,End of Contract,false,HCM_A,2025-12-21,IT,Manager,true,true,true,true,true,false,false,true,true,,ACP000697,Digital,Data,Permanent,2021-07-31,2024-02-12,End of Contract,false,HCM_A,2025-12-21,,,698
ACP000698,PL,Sales,Commercial Planning,Individual Contributor,Fixed Term,2020-06-28,,,,HCM_A,2025-12-22,PL,Individual Contributor,true,true,true,true,true,false,not_applicable,true,true,,ACP000698,Sales,Commercial Planning,Fixed Term,2020-06-28,,,,HCM_A,2025-12-22,,,699
ACP000699,BG,Finance,FP&A,Individual Contributor,Permanent,2023-01-19,,,,HCM_A,2025-12-23,BG,Individual Contributor,true,true,true,true,true,false,not_applicable,true,true,,ACP000699,Finance,FP&A,Permanent,2023-01-19,,,,HCM_A,2025-12-23,,,700
ACP000700,IE,Supply Chain,Manufacturing,Individual Contributor,Permanent,2024-08-18,2025-01-15,Involuntary,false,HCM_B,2025-12-24,IE,Individual Contributor,true,true,true,true,true,false,false,true,true,,ACP000700,Supply Chain,Manufacturing,Permanent,2024-08-18,2025-01-15,Involuntary,false,HCM_B,2025-12-24,,,701
ACP000701,IT,Supply Chain,Logistics,Individual Contributor,Permanent,2024-04-21,,,,HCM_A,2025-12-25,IT,Individual Contributor,true,true,true,true,true,false,not_applicable,true,true,,ACP000701,Supply Chain,Logistics,Permanent,2024-04-21,,,,HCM_A,2025-12-25,,,702
ACP000702,RO,Sales,Field Sales,Senior Leader,Permanent,2024-08-24,,,,HCM_A,2025-12-26,RO,Senior Leader,true,true,true,true,true,true,not_applicable,true,true,,ACP000702,Sales,Field Sales,Permanent,2024-08-24,,,,HCM_A,2025-12-26,,,703
ACP000703,BG,Sales,Key Accounts,Individual Contributor,Permanent,2023-04-20,2024-02-10,Involuntary,false,HCM_A,2025-12-27,BG,Individual Contributor,true,true,true,true,true,false,false,true,true,,ACP000703,Sales,Key Accounts,Permanent,2023-04-20,2024-02-10,Involuntary,false,HCM_A,2025-12-27,,,704
ACP000704,IT,Finance,FP&A,Manager,Fixed Term,2023-08-04,,,,HCM_A,2025-12-28,IT,Manager,true,true,true,true,true,false,not_applicable,true,true,,ACP000704,Finance,FP&A,Fixed Term,2023-08-04,,,,HCM_A,2025-12-28,,,705
ACP000705,BG,Sales,Field Sales,Senior Leader,Fixed Term,2020-12-10,2021-06-25,Voluntary,true,HCM_B,2025-12-29,BG,Senior Leader,true,true,true,true,true,true,true,true,true,,ACP000705,Sales,Field Sales,Fixed Term,2020-12-10,2021-06-25,Voluntary,true,HCM_B,2025-12-29,,,706
ACP000706,BG,Finance,Accounting,Individual Contributor,Permanent,2022-08-09,,,,HCM_A,2025-12-30,BG,Individual Contributor,true,true,true,true,true,false,not_applicable,true,true,,ACP000706,Finance,Accounting,Permanent,2022-08-09,,,,HCM_A,2025-12-30,,,707
ACP000707,RO,Digital,Product,Individual Contributor,Fixed Term,2025-08-15,,,,HCM_A,2025-12-31,RO,Individual Contributor,true,true,true,true,true,false,not_applicable,false,false,,ACP000707,Digital,Product,Fixed Term,2025-08-15,,,,HCM_A,2025-12-31,,,708
ACP000708,RO,Digital,Product,Individual Contributor,Permanent,2023-10-17,2025-10-19,Involuntary,false,HCM_A,2025-12-20,RO,Individual Contributor,true,true,true,true,true,false,false,true,true,,ACP000708,Digital,Product,Permanent,2023-10-17,2025-10-19,Involuntary,false,HCM_A,2025-12-20,,,709
ACP000709,PL,Supply Chain,Procurement,Manager,Permanent,2020-01-10,,,,HCM_A,2025-12-21,PL,Manager,true,true,true,true,true,false,not_applicable,true,true,,ACP000709,Supply Chain,Procurement,Permanent,2020-01-10,,,,HCM_A,2025-12-21,,,710
ACP000710,BG,Finance,Controls,Manager,Permanent,2021-12-31,,,,HCM_B,2025-12-22,BG,Manager,true,true,true,true,true,false,not_applicable,true,true,,ACP000710,Finance,Controls,Permanent,2021-12-31,,,,HCM_B,2025-12-22,,,711
ACP000711,GR,Sales,Field Sales,Individual Contributor,Permanent,2024-09-14,,,,HCM_A,2025-12-23,GR,Individual Contributor,true,true,true,true,true,false,not_applicable,true,true,,ACP000711,Sales,Field Sales,Permanent,2024-09-14,,,,HCM_A,2025-12-23,,,712
ACP000712,IT,Digital,Software,Individual Contributor,Permanent,2020-11-29,,,,HCM_A,2025-12-24,IT,Individual Contributor,true,true,true,true,true,false,not_applicable,true,true,,ACP000712,Digital,Software,Permanent,2020-11-29,,,,HCM_A,2025-12-24,,,713
ACP000713,GR,Finance,Accounting,Individual Contributor,Permanent,2024-07-09,,,,HCM_A,2025-12-25,GR,Individual Contributor,true,true,true,true,true,false,not_applicable,true,true,,ACP000713,Finance,Accounting,Permanent,2024-07-09,,,,HCM_A,2025-12-25,,,714
ACP000714,GR,Sales,Key Accounts,Individual Contributor,Permanent,2024-03-27,,,,HCM_A,2025-12-26,GR,Individual Contributor,true,true,true,true,true,false,not_applicable,true,true,,ACP000714,Sales,Key Accounts,Permanent,2024-03-27,,,,HCM_A,2025-12-26,,,715
ACP000715,IT,Sales,Commercial Planning,Individual Contributor,Permanent,2020-12-01,2022-04-26,Involuntary,false,HCM_B,2025-12-27,IT,Individual Contributor,true,true,true,true,true,false,false,true,true,,ACP000715,Sales,Commercial Planning,Permanent,2020-12-01,2022-04-26,Involuntary,false,HCM_B,2025-12-27,,,716
ACP000716,BG,Supply Chain,Procurement,Manager,Permanent,2023-03-11,,,,HCM_A,2025-12-28,BG,Manager,true,true,true,true,true,false,not_applicable,true,true,,ACP000716,Supply Chain,Procurement,Permanent,2023-03-11,,,,HCM_A,2025-12-28,,,717
ACP000717,IE,Sales,Key Accounts,Individual Contributor,Fixed Term,2020-04-21,2023-05-25,Involuntary,false,HCM_A,2025-12-29,IE,Individual Contributor,true,true,true,true,true,false,false,true,true,,ACP000717,Sales,Key Accounts,Fixed Term,2020-04-21,2023-05-25,Involuntary,false,HCM_A,2025-12-29,,,718
ACP000718,IE,Supply Chain,Manufacturing,Manager,Permanent,2021-06-19,2022-04-22,Voluntary,false,HCM_A,2025-12-30,IE,Manager,true,true,true,true,true,false,false,true,true,,ACP000718,Supply Chain,Manufacturing,Permanent,2021-06-19,2022-04-22,Voluntary,false,HCM_A,2025-12-30,,,719
ACP000719,BG,Sales,Key Accounts,Manager,Permanent,2024-03-10,,,,HCM_A,2025-12-31,BG,Manager,true,true,true,true,true,false,not_applicable,true,true,,ACP000719,Sales,Key Accounts,Permanent,2024-03-10,,,,HCM_A,2025-12-31,,,720
ACP000720,RO,Digital,Software,Manager,Permanent,2020-09-07,,,,HCM_B,2025-12-20,RO,Manager,true,true,true,true,true,false,not_applicable,true,true,,ACP000720,Digital,Software,Permanent,2020-09-07,,,,HCM_B,2025-12-20,,,721
ACP000721,BG,Sales,Commercial Planning,Individual Contributor,Permanent,2025-04-01,,,,HCM_A,2025-12-21,BG,Individual Contributor,true,true,true,true,true,false,not_applicable,true,false,,ACP000721,Sales,Commercial Planning,Permanent,2025-04-01,,,,HCM_A,2025-12-21,,,722
ACP000722,GR,Finance,Accounting,Individual Contributor,Permanent,2024-08-17,,,,HCM_A,2025-12-22,GR,Individual Contributor,true,true,true,true,true,false,not_applicable,true,true,,ACP000722,Finance,Accounting,Permanent,2024-08-17,,,,HCM_A,2025-12-22,,,723
ACP000723,RO,Digital,Data,Manager,Fixed Term,2021-07-05,,,,HCM_A,2025-12-23,RO,Manager,true,true,true,true,true,false,not_applicable,true,true,,ACP000723,Digital,Data,Fixed Term,2021-07-05,,,,HCM_A,2025-12-23,,,724
ACP000724,IT,Finance,Controls,Individual Contributor,Permanent,2024-01-20,,,,HCM_A,2025-12-24,IT,Individual Contributor,true,true,true,true,true,false,not_applicable,true,true,,ACP000724,Finance,Controls,Permanent,2024-01-20,,,,HCM_A,2025-12-24,,,725
ACP000725,PL,Finance,FP&A,Individual Contributor,Fixed Term,2022-09-05,,,,HCM_B,2025-12-25,PL,Individual Contributor,true,true,true,true,true,false,not_applicable,true,true,,ACP000725,Finance,FP&A,Fixed Term,2022-09-05,,,,HCM_B,2025-12-25,,,726
ACP000726,IT,Supply Chain,Logistics,Manager,Permanent,2025-07-15,,,,HCM_A,2025-12-26,IT,Manager,true,true,true,true,true,false,not_applicable,false,false,,ACP000726,Supply Chain,Logistics,Permanent,2025-07-15,,,,HCM_A,2025-12-26,,,727
ACP000727,BG,Sales,Field Sales,Manager,Permanent,2024-01-27,,,,HCM_A,2025-12-27,BG,Manager,true,true,true,true,true,false,not_applicable,true,true,,ACP000727,Sales,Field Sales,Permanent,2024-01-27,,,,HCM_A,2025-12-27,,,728
ACP000728,RO,Digital,Data,Individual Contributor,Fixed Term,2021-01-21,,,,HCM_A,2025-12-28,RO,Individual Contributor,true,true,true,true,true,false,not_applicable,true,true,,ACP000728,Digital,Data,Fixed Term,2021-01-21,,,,HCM_A,2025-12-28,,,729
ACP000729,PL,Sales,Key Accounts,Manager,Permanent,2022-11-11,,,,HCM_A,2025-12-29,PL,Manager,true,true,true,true,true,false,not_applicable,true,true,,ACP000729,Sales,Key Accounts,Permanent,2022-11-11,,,,HCM_A,2025-12-29,,,730
ACP000730,IT,Supply Chain,Logistics,Senior Leader,Permanent,2022-09-05,2025-06-29,Involuntary,false,HCM_B,2025-12-30,IT,Senior Leader,true,true,true,true,true,true,false,true,true,,ACP000730,Supply Chain,Logistics,Permanent,2022-09-05,2025-06-29,Involuntary,false,HCM_B,2025-12-30,,,731
ACP000731,GR,Digital,Software,Individual Contributor,Permanent,2020-08-16,,,,HCM_A,2025-12-31,GR,Individual Contributor,true,true,true,true,true,false,not_applicable,true,true,,ACP000731,Digital,Software,Permanent,2020-08-16,,,,HCM_A,2025-12-31,,,732
ACP000732,RO,Supply Chain,Procurement,Individual Contributor,Permanent,2024-02-06,2025-03-15,Voluntary,false,HCM_A,2025-12-20,RO,Individual Contributor,true,true,true,true,true,false,false,true,true,,ACP000732,Supply Chain,Procurement,Permanent,2024-02-06,2025-03-15,Voluntary,false,HCM_A,2025-12-20,,,733
ACP000733,RO,Finance,FP&A,Senior Leader,Permanent,2020-06-19,,,,HCM_A,2025-12-21,RO,Senior Leader,true,true,true,true,true,true,not_applicable,true,true,,ACP000733,Finance,FP&A,Permanent,2020-06-19,,,,HCM_A,2025-12-21,,,734
ACP000734,IE,Sales,Commercial Planning,Manager,Permanent,2025-05-17,,,,HCM_A,2025-12-22,IE,Manager,true,true,true,true,true,false,not_applicable,true,false,,ACP000734,Sales,Commercial Planning,Permanent,2025-05-17,,,,HCM_A,2025-12-22,,,735
ACP000735,BG,Digital,Software,Senior Leader,Fixed Term,2023-11-25,,,,HCM_B,2025-12-23,BG,Senior Leader,true,true,true,true,true,true,not_applicable,true,true,,ACP000735,Digital,Software,Fixed Term,2023-11-25,,,,HCM_B,2025-12-23,,,736
ACP000736,IT,Finance,FP&A,Manager,Permanent,2020-08-22,,,,HCM_A,2025-12-24,IT,Manager,true,true,true,true,true,false,not_applicable,true,true,,ACP000736,Finance,FP&A,Permanent,2020-08-22,,,,HCM_A,2025-12-24,,,737
ACP000737,IT,Digital,Product,Individual Contributor,Permanent,2021-01-09,,,,HCM_A,2025-12-25,EL,Individual Contributor,true,true,true,true,true,false,not_applicable,true,true,synthetic_source_recovered,ACP000737,Digital,Product,Permanent,2021-01-09,,,,HCM_A,2025-12-25,country_code,verified_synthetic_generator_recovery,738
ACP000738,PL,Finance,Accounting,Individual Contributor,Permanent,2022-12-26,,,,HCM_A,2025-12-26,PL,Individual Contributor,true,true,true,true,true,false,not_applicable,true,true,,ACP000738,Finance,Accounting,Permanent,2022-12-26,,,,HCM_A,2025-12-26,,,739
ACP000739,BG,Sales,Field Sales,Manager,Permanent,2020-06-12,2021-01-21,End of Contract,false,HCM_A,2025-12-27,BG,Manager,true,true,true,true,true,false,false,true,true,,ACP000739,Sales,Field Sales,Permanent,2020-06-12,2021-01-21,End of Contract,false,HCM_A,2025-12-27,,,740
ACP000740,IE,Supply Chain,Logistics,Senior Leader,Permanent,2022-11-19,2025-06-19,Voluntary,true,HCM_B,2025-12-28,IE,Senior Leader,true,true,true,true,true,true,true,true,true,,ACP000740,Supply Chain,Logistics,Permanent,2022-11-19,2025-06-19,Voluntary,true,HCM_B,2025-12-28,,,741
ACP000741,IT,Finance,Accounting,Individual Contributor,Permanent,2024-03-28,,,,HCM_A,2025-12-29,IT,Individual Contributor,true,true,true,true,true,false,not_applicable,true,true,,ACP000741,Finance,Accounting,Permanent,2024-03-28,,,,HCM_A,2025-12-29,,,742
ACP000742,RO,Digital,Software,Individual Contributor,Permanent,2023-06-24,2023-12-11,Voluntary,false,HCM_A,2025-12-30,RO,Individual Contributor,true,true,true,true,true,false,false,true,true,,ACP000742,Digital,Software,Permanent,2023-06-24,2023-12-11,Voluntary,false,HCM_A,2025-12-30,,,743
ACP000743,PL,Sales,Key Accounts,Individual Contributor,Permanent,2024-02-09,2025-09-18,Voluntary,false,HCM_A,2025-12-31,PL,Individual Contributor,true,true,true,true,true,false,false,true,true,,ACP000743,Sales,Key Accounts,Permanent,2024-02-09,2025-09-18,Voluntary,false,HCM_A,2025-12-31,,,744
ACP000744,IE,Digital,Product,Senior Leader,Permanent,2025-10-28,,,,HCM_A,2025-12-20,IE,Senior Leader,true,true,true,true,true,true,not_applicable,false,false,,ACP000744,Digital,Product,Permanent,2025-10-28,,,,HCM_A,2025-12-20,,,745
ACP000745,GR,Digital,Product,Senior Leader,Permanent,2021-01-10,2025-02-08,Involuntary,false,HCM_B,2025-12-21,GR,Senior Leader,true,true,true,true,true,true,false,true,true,,ACP000745,Digital,Product,Permanent,2021-01-10,2025-02-08,Involuntary,false,HCM_B,2025-12-21,,,746
ACP000746,GR,Sales,Commercial Planning,Senior Leader,Permanent,2021-10-05,2022-01-29,Voluntary,true,HCM_A,2025-12-22,GR,Senior Leader,true,true,true,true,true,true,true,true,true,,ACP000746,Sales,Commercial Planning,Permanent,2021-10-05,2022-01-29,Voluntary,true,HCM_A,2025-12-22,,,747
ACP000747,PL,Finance,Accounting,Individual Contributor,Permanent,2020-06-25,,,,HCM_A,2025-12-23,PL,Individual Contributor,true,true,true,true,true,false,not_applicable,true,true,,ACP000747,Finance,Accounting,Permanent,2020-06-25,,,,HCM_A,2025-12-23,,,748
ACP000748,PL,Finance,Accounting,Senior Leader,Permanent,2021-10-20,,,,HCM_A,2025-12-24,PL,Senior Leader,true,true,true,true,true,true,not_applicable,true,true,,ACP000748,Finance,Accounting,Permanent,2021-10-20,,,,HCM_A,2025-12-24,,,749
ACP000749,PL,Supply Chain,Logistics,Individual Contributor,Permanent,2022-02-26,,,,HCM_A,2025-12-25,PL,Individual Contributor,true,true,true,true,true,false,not_applicable,true,true,,ACP000749,Supply Chain,Logistics,Permanent,2022-02-26,,,,HCM_A,2025-12-25,,,750
ACP000750,IE,Digital,Product,Individual Contributor,Permanent,2024-09-10,,,,HCM_B,2025-12-26,IE,Individual Contributor,true,true,true,true,true,false,not_applicable,true,true,,ACP000750,Digital,Product,Permanent,2024-09-10,,,,HCM_B,2025-12-26,,,751
ACP000751,IT,Sales,Key Accounts,Individual Contributor,Permanent,2021-03-05,,,,HCM_A,2025-12-27,IT,Individual Contributor,true,true,true,true,true,false,not_applicable,true,true,,ACP000751,Sales,Key Accounts,Permanent,2021-03-05,,,,HCM_A,2025-12-27,,,752
ACP000752,PL,Digital,Software,Manager,Permanent,2023-09-01,2024-07-17,Voluntary,false,HCM_A,2025-12-28,PL,Manager,true,true,true,true,true,false,false,true,true,,ACP000752,Digital,Software,Permanent,2023-09-01,2024-07-17,Voluntary,false,HCM_A,2025-12-28,,,753
ACP000753,IE,Digital,Software,Individual Contributor,Permanent,2020-04-23,2020-09-21,Involuntary,false,HCM_A,2025-12-29,IE,Individual Contributor,true,true,true,true,true,false,false,true,true,,ACP000753,Digital,Software,Permanent,2020-04-23,2020-09-21,Involuntary,false,HCM_A,2025-12-29,,,754
ACP000754,PL,Finance,FP&A,Manager,Permanent,2024-06-16,,,,HCM_A,2025-12-30,PL,Manager,true,true,true,true,true,false,not_applicable,true,true,,ACP000754,Finance,FP&A,Permanent,2024-06-16,,,,HCM_A,2025-12-30,,,755
ACP000755,GR,Supply Chain,Procurement,Manager,Permanent,2024-01-02,,,,HCM_B,2025-12-31,GR,Manager,true,true,true,true,true,false,not_applicable,true,true,,ACP000755,Supply Chain,Procurement,Permanent,2024-01-02,,,,HCM_B,2025-12-31,,,756
ACP000756,IT,Supply Chain,Procurement,Senior Leader,Permanent,2020-10-13,,,,HCM_A,2025-12-20,IT,Senior Leader,true,true,true,true,true,true,not_applicable,true,true,,ACP000756,Supply Chain,Procurement,Permanent,2020-10-13,,,,HCM_A,2025-12-20,,,757
ACP000757,IT,Digital,Product,Individual Contributor,Permanent,2021-04-26,,,,HCM_A,2025-12-21,IT,Individual Contributor,true,true,true,true,true,false,not_applicable,true,true,,ACP000757,Digital,Product,Permanent,2021-04-26,,,,HCM_A,2025-12-21,,,758
ACP000758,RO,Finance,FP&A,Individual Contributor,Permanent,2021-07-17,,,,HCM_A,2025-12-22,RO,Individual Contributor,true,true,true,true,true,false,not_applicable,true,true,,ACP000758,Finance,FP&A,Permanent,2021-07-17,,,,HCM_A,2025-12-22,,,759
ACP000759,IT,Finance,FP&A,Senior Leader,Permanent,2020-10-24,2023-04-17,Involuntary,false,HCM_A,2025-12-23,IT,Senior Leader,true,true,true,true,true,true,false,true,true,,ACP000759,Finance,FP&A,Permanent,2020-10-24,2023-04-17,Involuntary,false,HCM_A,2025-12-23,,,760
ACP000760,PL,Finance,FP&A,Senior Leader,Fixed Term,2025-08-27,,,,HCM_B,2025-12-24,PL,Senior Leader,true,true,true,true,true,true,not_applicable,false,false,,ACP000760,Finance,FP&A,Fixed Term,2025-08-27,,,,HCM_B,2025-12-24,,,761
ACP000761,RO,Digital,Product,Individual Contributor,Permanent,2023-05-09,,,,HCM_A,2025-12-25,RO,Individual Contributor,true,true,true,true,true,false,not_applicable,true,true,,ACP000761,Digital,Product,Permanent,2023-05-09,,,,HCM_A,2025-12-25,,,762
ACP000762,GR,Finance,Controls,Individual Contributor,Permanent,2021-07-26,,,,HCM_A,2025-12-26,GR,Individual Contributor,true,true,true,true,true,false,not_applicable,true,true,,ACP000762,Finance,Controls,Permanent,2021-07-26,,,,HCM_A,2025-12-26,,,763
ACP000763,IT,Supply Chain,Procurement,Manager,Permanent,2021-10-27,2022-01-02,Voluntary,false,HCM_A,2025-12-27,IT,Manager,true,true,true,true,true,false,false,true,true,,ACP000763,Supply Chain,Procurement,Permanent,2021-10-27,2022-01-02,Voluntary,false,HCM_A,2025-12-27,,,764
ACP000764,IT,Digital,Data,Manager,Permanent,2024-05-03,2025-12-24,Voluntary,true,HCM_A,2025-12-28,IT,Manager,true,true,true,true,true,false,true,true,true,,ACP000764,Digital,Data,Permanent,2024-05-03,2025-12-24,Voluntary,true,HCM_A,2025-12-28,,,765
ACP000765,GR,Sales,Commercial Planning,Manager,Permanent,2023-02-20,,,,HCM_B,2025-12-29,GR,Manager,true,true,true,true,true,false,not_applicable,true,true,,ACP000765,Sales,Commercial Planning,Permanent,2023-02-20,,,,HCM_B,2025-12-29,,,766
ACP000766,PL,Supply Chain,Procurement,Individual Contributor,Fixed Term,2021-06-03,,,,HCM_A,2025-12-30,PL,Individual Contributor,true,true,true,true,true,false,not_applicable,true,true,,ACP000766,Supply Chain,Procurement,Fixed Term,2021-06-03,,,,HCM_A,2025-12-30,,,767
ACP000767,IE,Digital,Software,Manager,Permanent,2022-06-17,,,,HCM_A,2025-12-31,IE,Manager,true,true,true,true,true,false,not_applicable,true,true,,ACP000767,Digital,Software,Permanent,2022-06-17,,,,HCM_A,2025-12-31,,,768
ACP000768,IE,Digital,Software,Individual Contributor,Fixed Term,2025-03-02,,,,HCM_A,2025-12-20,IE,Individual Contributor,true,true,true,true,true,false,not_applicable,true,false,,ACP000768,Digital,Software,Fixed Term,2025-03-02,,,,HCM_A,2025-12-20,,,769
ACP000769,RO,Supply Chain,Manufacturing,Senior Leader,Permanent,2024-09-11,2025-11-16,Voluntary,true,HCM_A,2025-12-21,RO,Senior Leader,true,true,true,true,true,true,true,true,true,,ACP000769,Supply Chain,Manufacturing,Permanent,2024-09-11,2025-11-16,Voluntary,true,HCM_A,2025-12-21,,,770
ACP000770,GR,Finance,FP&A,Individual Contributor,Permanent,2025-01-14,,,,HCM_B,2025-12-22,GR,Individual Contributor,true,true,true,true,true,false,not_applicable,true,false,,ACP000770,Finance,FP&A,Permanent,2025-01-14,,,,HCM_B,2025-12-22,,,771
ACP000771,BG,Supply Chain,Procurement,Manager,Fixed Term,2024-07-29,,,,HCM_A,2025-12-23,BG,Manager,true,true,true,true,true,false,not_applicable,true,true,,ACP000771,Supply Chain,Procurement,Fixed Term,2024-07-29,,,,HCM_A,2025-12-23,,,772
ACP000772,RO,Sales,Commercial Planning,Individual Contributor,Permanent,2024-08-03,2025-01-22,Voluntary,false,HCM_A,2025-12-24,RO,Individual Contributor,true,true,true,true,true,false,false,true,true,,ACP000772,Sales,Commercial Planning,Permanent,2024-08-03,2025-01-22,Voluntary,false,HCM_A,2025-12-24,,,773
ACP000773,BG,Supply Chain,Logistics,Individual Contributor,Permanent,2022-09-11,2025-09-11,Voluntary,true,HCM_A,2025-12-25,BG,Individual Contributor,true,true,true,true,true,false,true,true,true,,ACP000773,Supply Chain,Logistics,Permanent,2022-09-11,2025-09-11,Voluntary,true,HCM_A,2025-12-25,,,774
ACP000774,PL,Digital,Software,Individual Contributor,Permanent,2024-08-30,,,,HCM_A,2025-12-26,PL,Individual Contributor,true,true,true,true,true,false,not_applicable,true,true,,ACP000774,Digital,Software,Permanent,2024-08-30,,,,HCM_A,2025-12-26,,,775
ACP000775,RO,Finance,Accounting,Senior Leader,Permanent,2024-02-15,,,,HCM_B,2025-12-27,RO,Senior Leader,true,true,true,true,true,true,not_applicable,true,true,,ACP000775,Finance,Accounting,Permanent,2024-02-15,,,,HCM_B,2025-12-27,,,776
ACP000776,GR,Digital,Product,Manager,Permanent,2023-07-15,2025-03-08,Voluntary,true,HCM_A,2025-12-28,GR,Manager,true,true,true,true,true,false,true,true,true,,ACP000776,Digital,Product,Permanent,2023-07-15,2025-03-08,Voluntary,true,HCM_A,2025-12-28,,,777
ACP000777,IE,Finance,Controls,Manager,Permanent,2022-10-22,,,,HCM_A,2025-12-29,IE,Manager,true,true,true,true,true,false,not_applicable,true,true,,ACP000777,Finance,Controls,Permanent,2022-10-22,,,,HCM_A,2025-12-29,,,778
ACP000778,IT,Sales,Field Sales,Individual Contributor,Permanent,2025-07-17,,,,HCM_A,2025-12-30,IT,Individual Contributor,true,true,true,true,true,false,not_applicable,false,false,,ACP000778,Sales,Field Sales,Permanent,2025-07-17,,,,HCM_A,2025-12-30,,,779
ACP000779,RO,Supply Chain,Manufacturing,Manager,Permanent,2024-06-02,,,,HCM_A,2025-12-31,RO,Manager,true,true,true,true,true,false,not_applicable,true,true,,ACP000779,Supply Chain,Manufacturing,Permanent,2024-06-02,,,,HCM_A,2025-12-31,,,780
ACP000780,IT,Supply Chain,Manufacturing,Individual Contributor,Permanent,2023-02-28,,,,HCM_B,2025-12-20,IT,Individual Contributor,true,true,true,true,true,false,not_applicable,true,true,,ACP000780,Supply Chain,Manufacturing,Permanent,2023-02-28,,,,HCM_B,2025-12-20,,,781
ACP000781,IE,Supply Chain,Procurement,Individual Contributor,Permanent,2020-01-16,,,,HCM_A,2025-12-21,IE,Individual Contributor,true,true,true,true,true,false,not_applicable,true,true,,ACP000781,Supply Chain,Procurement,Permanent,2020-01-16,,,,HCM_A,2025-12-21,,,782
ACP000782,PL,Finance,Controls,Individual Contributor,Permanent,2021-10-22,,,,HCM_A,2025-12-22,PL,Individual Contributor,true,true,true,true,true,false,not_applicable,true,true,,ACP000782,Finance,Controls,Permanent,2021-10-22,,,,HCM_A,2025-12-22,,,783
ACP000783,IT,Sales,Commercial Planning,Individual Contributor,Permanent,2024-06-17,,,,HCM_A,2025-12-23,IT,Individual Contributor,true,true,true,true,true,false,not_applicable,true,true,,ACP000783,Sales,Commercial Planning,Permanent,2024-06-17,,,,HCM_A,2025-12-23,,,784
ACP000784,PL,Digital,Software,Individual Contributor,Permanent,2022-09-20,2022-11-24,Voluntary,true,HCM_A,2025-12-24,PL,Individual Contributor,true,true,true,true,true,false,true,true,true,,ACP000784,Digital,Software,Permanent,2022-09-20,2022-11-24,Voluntary,true,HCM_A,2025-12-24,,,785
ACP000785,BG,Finance,Accounting,Manager,Permanent,2023-01-28,2025-06-27,Voluntary,false,HCM_B,2025-12-25,BG,Manager,true,true,true,true,true,false,false,true,true,,ACP000785,Finance,Accounting,Permanent,2023-01-28,2025-06-27,Voluntary,false,HCM_B,2025-12-25,,,786
ACP000786,BG,Finance,Controls,Manager,Permanent,2020-04-28,,,,HCM_A,2025-12-26,BG,Manager,true,true,true,true,true,false,not_applicable,true,true,,ACP000786,Finance,Controls,Permanent,2020-04-28,,,,HCM_A,2025-12-26,,,787
ACP000787,IT,Supply Chain,Manufacturing,Individual Contributor,Fixed Term,2020-06-16,2020-07-15,End of Contract,false,HCM_A,2025-12-27,IT,Individual Contributor,true,true,true,true,true,false,false,true,true,,ACP000787,Supply Chain,Manufacturing,Fixed Term,2020-06-16,2020-07-15,End of Contract,false,HCM_A,2025-12-27,,,788
ACP000788,BG,Supply Chain,Logistics,Individual Contributor,Permanent,2022-05-10,2025-06-01,Involuntary,false,HCM_A,2025-12-28,BG,Individual Contributor,true,true,true,true,true,false,false,true,true,,ACP000788,Supply Chain,Logistics,Permanent,2022-05-10,2025-06-01,Involuntary,false,HCM_A,2025-12-28,,,789
ACP000789,IE,Sales,Key Accounts,Manager,Permanent,2020-12-21,2021-06-28,End of Contract,false,HCM_A,2025-12-29,IE,Manager,true,true,true,true,true,false,false,true,true,,ACP000789,Sales,Key Accounts,Permanent,2020-12-21,2021-06-28,End of Contract,false,HCM_A,2025-12-29,,,790
ACP000790,BG,Supply Chain,Procurement,Senior Leader,Permanent,2024-06-06,,,,HCM_B,2025-12-30,BG,Senior Leader,true,true,true,true,true,true,not_applicable,true,true,,ACP000790,Supply Chain,Procurement,Permanent,2024-06-06,,,,HCM_B,2025-12-30,,,791
ACP000791,BG,Supply Chain,Procurement,Senior Leader,Permanent,2023-10-23,,,,HCM_A,2025-12-31,BG,Senior Leader,true,true,true,true,true,true,not_applicable,true,true,,ACP000791,Supply Chain,Procurement,Permanent,2023-10-23,,,,HCM_A,2025-12-31,,,792
ACP000792,IE,Finance,Controls,Senior Leader,Permanent,2022-09-25,,,,HCM_A,2025-12-20,IE,Senior Leader,true,true,true,true,true,true,not_applicable,true,true,,ACP000792,Finance,Controls,Permanent,2022-09-25,,,,HCM_A,2025-12-20,,,793
ACP000793,IT,Digital,Data,Manager,Permanent,2024-03-18,2024-11-03,Voluntary,true,HCM_A,2025-12-21,IT,Manager,true,true,true,true,true,false,true,true,true,,ACP000793,Digital,Data,Permanent,2024-03-18,2024-11-03,Voluntary,true,HCM_A,2025-12-21,,,794
ACP000794,PL,Digital,Product,Senior Leader,Permanent,2024-02-07,,,,HCM_A,2025-12-22,PL,Senior Leader,true,true,true,true,true,true,not_applicable,true,true,,ACP000794,Digital,Product,Permanent,2024-02-07,,,,HCM_A,2025-12-22,,,795
ACP000795,IT,Supply Chain,Procurement,Manager,Permanent,2020-03-18,,,,HCM_B,2025-12-23,IT,Manager,true,true,true,true,true,false,not_applicable,true,true,,ACP000795,Supply Chain,Procurement,Permanent,2020-03-18,,,,HCM_B,2025-12-23,,,796
ACP000796,IT,Digital,Software,Individual Contributor,Permanent,2024-11-19,,,,HCM_A,2025-12-24,IT,Individual Contributor,true,true,true,true,true,false,not_applicable,true,true,,ACP000796,Digital,Software,Permanent,2024-11-19,,,,HCM_A,2025-12-24,,,797
ACP000797,PL,Supply Chain,Logistics,Individual Contributor,Permanent,2022-10-16,,,,HCM_A,2025-12-25,PL,Individual Contributor,true,true,true,true,true,false,not_applicable,true,true,,ACP000797,Supply Chain,Logistics,Permanent,2022-10-16,,,,HCM_A,2025-12-25,,,798
ACP000798,IE,Supply Chain,Manufacturing,Individual Contributor,Permanent,2024-12-28,,,,HCM_A,2025-12-26,IE,Sr Mgmt,true,true,true,true,true,false,not_applicable,true,true,synthetic_source_recovered,ACP000798,Supply Chain,Manufacturing,Permanent,2024-12-28,,,,HCM_A,2025-12-26,career_level,verified_synthetic_generator_recovery,799
ACP000799,PL,Sales,Commercial Planning,Individual Contributor,Permanent,2023-01-21,2023-05-24,Voluntary,false,HCM_A,2025-12-27,PL,Individual Contributor,true,true,true,true,true,false,false,true,true,,ACP000799,Sales,Commercial Planning,Permanent,2023-01-21,2023-05-24,Voluntary,false,HCM_A,2025-12-27,,,800
ACP000800,RO,Finance,Controls,Individual Contributor,Permanent,2024-06-19,,,,HCM_B,2025-12-28,RO,Individual Contributor,true,true,true,true,true,false,not_applicable,true,true,,ACP000800,Finance,Controls,Permanent,2024-06-19,,,,HCM_B,2025-12-28,,,801
ACP000801,PL,Finance,Controls,Senior Leader,Permanent,2025-01-24,,,,HCM_A,2025-12-29,PL,Senior Leader,true,true,true,true,true,true,not_applicable,true,false,synthetic_source_recovered,ACP000801,Finance,Controls,Permanent,2025-01-24,2025-04-24,,,HCM_A,2025-12-29,termination_date,verified_synthetic_generator_recovery,802
ACP000802,RO,Sales,Field Sales,Individual Contributor,Fixed Term,2024-04-10,,,,HCM_A,2025-12-30,RO,Individual Contributor,true,true,true,true,true,false,not_applicable,true,true,,ACP000802,Sales,Field Sales,Fixed Term,2024-04-10,,,,HCM_A,2025-12-30,,,803
ACP000803,IT,Digital,Data,Individual Contributor,Permanent,2022-05-17,,,,HCM_A,2025-12-31,IT,Individual Contributor,true,true,true,true,true,false,not_applicable,true,true,,ACP000803,Digital,Data,Permanent,2022-05-17,,,,HCM_A,2025-12-31,,,804
ACP000804,RO,Digital,Software,Individual Contributor,Permanent,2024-11-20,,,,HCM_A,2025-12-20,RO,Individual Contributor,true,true,true,true,true,false,not_applicable,true,true,,ACP000804,Digital,Software,Permanent,2024-11-20,,,,HCM_A,2025-12-20,,,805
ACP000805,GR,Sales,Commercial Planning,Individual Contributor,Permanent,2022-01-22,2022-02-08,Involuntary,false,HCM_B,2025-12-21,GR,Individual Contributor,true,true,true,true,true,false,false,true,true,,ACP000805,Sales,Commercial Planning,Permanent,2022-01-22,2022-02-08,Involuntary,false,HCM_B,2025-12-21,,,806
ACP000806,IE,Supply Chain,Manufacturing,Individual Contributor,Permanent,2023-08-07,,,,HCM_A,2025-12-22,IE,Individual Contributor,true,true,true,true,true,false,not_applicable,true,true,,ACP000806,Supply Chain,Manufacturing,Permanent,2023-08-07,,,,HCM_A,2025-12-22,,,807
ACP000807,BG,Finance,FP&A,Individual Contributor,Fixed Term,2022-06-16,,,,HCM_A,2025-12-23,BG,Individual Contributor,true,true,true,true,true,false,not_applicable,true,true,,ACP000807,Finance,FP&A,Fixed Term,2022-06-16,,,,HCM_A,2025-12-23,,,808
ACP000808,BG,Finance,FP&A,Individual Contributor,Permanent,2025-10-29,,,,HCM_A,2025-12-24,BG,Individual Contributor,true,true,true,true,true,false,not_applicable,false,false,,ACP000808,Finance,FP&A,Permanent,2025-10-29,,,,HCM_A,2025-12-24,,,809
ACP000809,RO,Sales,Commercial Planning,Individual Contributor,Permanent,2022-03-30,2023-01-22,End of Contract,false,HCM_A,2025-12-25,RO,Individual Contributor,true,true,true,true,true,false,false,true,true,,ACP000809,Sales,Commercial Planning,Permanent,2022-03-30,2023-01-22,End of Contract,false,HCM_A,2025-12-25,,,810
ACP000810,IT,Sales,Field Sales,Senior Leader,Permanent,2024-08-02,,,,HCM_B,2025-12-26,IT,Senior Leader,true,true,true,true,true,true,not_applicable,true,true,,ACP000810,Sales,Field Sales,Permanent,2024-08-02,,,,HCM_B,2025-12-26,,,811
ACP000811,BG,Digital,Product,Senior Leader,Permanent,2023-11-03,2025-07-26,Voluntary,true,HCM_A,2025-12-27,BG,Senior Leader,true,true,true,true,true,true,true,true,true,,ACP000811,Digital,Product,Permanent,2023-11-03,2025-07-26,Voluntary,true,HCM_A,2025-12-27,,,812
ACP000812,IT,Sales,Commercial Planning,Individual Contributor,Fixed Term,2020-06-30,,,,HCM_A,2025-12-28,IT,Individual Contributor,true,true,true,true,true,false,not_applicable,true,true,,ACP000812,Sales,Commercial Planning,Fixed Term,2020-06-30,,,,HCM_A,2025-12-28,,,813
ACP000813,RO,Digital,Product,Manager,Permanent,2025-03-15,,,,HCM_A,2025-12-29,RO,Manager,true,true,true,true,true,false,not_applicable,true,false,,ACP000813,Digital,Product,Permanent,2025-03-15,,,,HCM_A,2025-12-29,,,814
ACP000814,BG,Supply Chain,Logistics,Individual Contributor,Fixed Term,2022-01-30,,,,HCM_A,2025-12-30,BG,Individual Contributor,true,true,true,true,true,false,not_applicable,true,true,,ACP000814,Supply Chain,Logistics,Fixed Term,2022-01-30,,,,HCM_A,2025-12-30,,,815
ACP000815,IT,Sales,Key Accounts,Individual Contributor,Permanent,2021-08-12,2022-01-19,Involuntary,false,HCM_B,2025-12-31,IT,Individual Contributor,true,true,true,true,true,false,false,true,true,,ACP000815,Sales,Key Accounts,Permanent,2021-08-12,2022-01-19,Involuntary,false,HCM_B,2025-12-31,,,816
ACP000816,PL,Supply Chain,Procurement,Individual Contributor,Permanent,2021-02-18,,,,HCM_A,2025-12-20,PL,Individual Contributor,true,true,true,true,true,false,not_applicable,true,true,,ACP000816,Supply Chain,Procurement,Permanent,2021-02-18,,,,HCM_A,2025-12-20,,,817
ACP000817,IT,Finance,FP&A,Individual Contributor,Permanent,2022-11-28,,,,HCM_A,2025-12-21,IT,Individual Contributor,true,true,true,true,true,false,not_applicable,true,true,,ACP000817,Finance,FP&A,Permanent,2022-11-28,,,,HCM_A,2025-12-21,,,818
ACP000818,IE,Supply Chain,Logistics,Individual Contributor,Permanent,2024-05-24,,,,HCM_A,2025-12-22,IE,Individual Contributor,true,true,true,true,true,false,not_applicable,true,true,,ACP000818,Supply Chain,Logistics,Permanent,2024-05-24,,,,HCM_A,2025-12-22,,,819
ACP000819,RO,Digital,Product,Individual Contributor,Fixed Term,2024-11-02,,,,HCM_A,2025-12-23,RO,Individual Contributor,true,true,true,true,true,false,not_applicable,true,true,,ACP000819,Digital,Product,Fixed Term,2024-11-02,,,,HCM_A,2025-12-23,,,820
ACP000820,BG,Sales,Key Accounts,Manager,Permanent,2023-06-14,2025-04-14,Involuntary,false,HCM_B,2025-12-24,BG,Manager,true,true,true,true,true,false,false,true,true,,ACP000820,Sales,Key Accounts,Permanent,2023-06-14,2025-04-14,Involuntary,false,HCM_B,2025-12-24,,,821
ACP000821,RO,Finance,Controls,Manager,Permanent,2025-08-10,,,,HCM_A,2025-12-25,RO,Manager,true,true,true,true,true,false,not_applicable,false,false,,ACP000821,Finance,Controls,Permanent,2025-08-10,,,,HCM_A,2025-12-25,,,822
ACP000822,IT,Finance,FP&A,Manager,Permanent,2020-11-22,,,,HCM_A,2025-12-26,IT,Manager,true,true,true,true,true,false,not_applicable,true,true,,ACP000822,Finance,FP&A,Permanent,2020-11-22,,,,HCM_A,2025-12-26,,,823
ACP000823,IE,Finance,Controls,Manager,Permanent,2021-08-25,,,,HCM_A,2025-12-27,IE,Manager,true,true,true,true,true,false,not_applicable,true,true,,ACP000823,Finance,Controls,Permanent,2021-08-25,,,,HCM_A,2025-12-27,,,824
ACP000824,IE,Digital,Software,Individual Contributor,Permanent,2024-03-13,2024-04-15,End of Contract,false,HCM_A,2025-12-28,IE,Individual Contributor,true,true,true,true,true,false,false,true,true,,ACP000824,Digital,Software,Permanent,2024-03-13,2024-04-15,End of Contract,false,HCM_A,2025-12-28,,,825
ACP000825,PL,Finance,Controls,Senior Leader,Fixed Term,2023-12-14,2024-12-14,End of Contract,false,HCM_B,2025-12-29,PL,Senior Leader,true,true,true,true,true,true,false,true,true,,ACP000825,Finance,Controls,Fixed Term,2023-12-14,2024-12-14,End of Contract,false,HCM_B,2025-12-29,,,826
ACP000826,IT,Digital,Product,Individual Contributor,Permanent,2022-01-28,,,,HCM_A,2025-12-30,IT,Individual Contributor,true,true,true,true,true,false,not_applicable,true,true,,ACP000826,Digital,Product,Permanent,2022-01-28,,,,HCM_A,2025-12-30,,,827
ACP000827,GR,Supply Chain,Manufacturing,Manager,Permanent,2024-02-14,2024-06-02,Voluntary,false,HCM_A,2025-12-31,GR,Manager,true,true,true,true,true,false,false,true,true,,ACP000827,Supply Chain,Manufacturing,Permanent,2024-02-14,2024-06-02,Voluntary,false,HCM_A,2025-12-31,,,828
ACP000828,BG,Finance,Controls,Senior Leader,Permanent,2021-11-29,,,,HCM_A,2025-12-20,BG,Senior Leader,true,true,true,true,true,true,not_applicable,true,true,,ACP000828,Finance,Controls,Permanent,2021-11-29,,,,HCM_A,2025-12-20,,,829
ACP000829,PL,Finance,FP&A,Individual Contributor,Permanent,2022-01-31,2022-09-22,Voluntary,true,HCM_A,2025-12-21,PL,Individual Contributor,true,true,true,true,true,false,true,true,true,,ACP000829,Finance,FP&A,Permanent,2022-01-31,2022-09-22,Voluntary,true,HCM_A,2025-12-21,,,830
ACP000830,GR,Sales,Field Sales,Individual Contributor,Permanent,2021-11-16,,,,HCM_B,2025-12-22,GR,Individual Contributor,true,true,true,true,true,false,not_applicable,true,true,,ACP000830,Sales,Field Sales,Permanent,2021-11-16,,,,HCM_B,2025-12-22,,,831
ACP000831,BG,Digital,Software,Manager,Fixed Term,2021-03-02,,,,HCM_A,2025-12-23,BG,Manager,true,true,true,true,true,false,not_applicable,true,true,,ACP000831,Digital,Software,Fixed Term,2021-03-02,,,,HCM_A,2025-12-23,,,832
ACP000832,IE,Finance,Controls,Individual Contributor,Permanent,2023-12-29,2025-06-11,Voluntary,false,HCM_A,2025-12-24,IE,Individual Contributor,true,true,true,true,true,false,false,true,true,,ACP000832,Finance,Controls,Permanent,2023-12-29,2025-06-11,Voluntary,false,HCM_A,2025-12-24,,,833
ACP000833,IT,Finance,Accounting,Individual Contributor,Permanent,2022-11-30,,,,HCM_A,2025-12-25,IT,Individual Contributor,true,true,true,true,true,false,not_applicable,true,true,,ACP000833,Finance,Accounting,Permanent,2022-11-30,,,,HCM_A,2025-12-25,,,834
ACP000834,IT,Sales,Key Accounts,Individual Contributor,Permanent,2021-06-13,2021-09-12,Voluntary,false,HCM_A,2025-12-26,IT,Individual Contributor,true,true,true,true,true,false,false,true,true,,ACP000834,Sales,Key Accounts,Permanent,2021-06-13,2021-09-12,Voluntary,false,HCM_A,2025-12-26,,,835
ACP000835,IT,Sales,Field Sales,Manager,Fixed Term,2023-06-29,2023-11-07,Voluntary,true,HCM_B,2025-12-27,IT,Manager,true,true,true,true,true,false,true,true,true,,ACP000835,Sales,Field Sales,Fixed Term,2023-06-29,2023-11-07,Voluntary,true,HCM_B,2025-12-27,,,836
ACP000836,GR,Supply Chain,Manufacturing,Individual Contributor,Permanent,2023-09-23,,,,HCM_A,2025-12-28,GR,Individual Contributor,true,true,true,true,true,false,not_applicable,true,true,,ACP000836,Supply Chain,Manufacturing,Permanent,2023-09-23,,,,HCM_A,2025-12-28,,,837
ACP000837,IT,Digital,Product,Manager,Permanent,2024-12-31,,,,HCM_A,2025-12-29,IT,Manager,true,true,true,true,true,false,not_applicable,true,true,,ACP000837,Digital,Product,Permanent,2024-12-31,,,,HCM_A,2025-12-29,,,838
ACP000838,GR,Digital,Software,Individual Contributor,Fixed Term,2020-02-27,2023-04-09,End of Contract,false,HCM_A,2025-12-30,GR,Individual Contributor,true,true,true,true,true,false,false,true,true,,ACP000838,Digital,Software,Fixed Term,2020-02-27,2023-04-09,End of Contract,false,HCM_A,2025-12-30,,,839
ACP000839,GR,Finance,Controls,Individual Contributor,Permanent,2020-10-31,,,,HCM_A,2025-12-31,GR,Individual Contributor,true,true,true,true,true,false,not_applicable,true,true,,ACP000839,Finance,Controls,Permanent,2020-10-31,,,,HCM_A,2025-12-31,,,840
ACP000840,BG,Supply Chain,Procurement,Individual Contributor,Permanent,2020-07-24,,,,HCM_B,2025-12-20,BG,Individual Contributor,true,true,true,true,true,false,not_applicable,true,true,,ACP000840,Supply Chain,Procurement,Permanent,2020-07-24,,,,HCM_B,2025-12-20,,,841
ACP000841,RO,Supply Chain,Procurement,Manager,Permanent,2020-02-18,,,,HCM_A,2025-12-21,RO,Manager,true,true,true,true,true,false,not_applicable,true,true,,ACP000841,Supply Chain,Procurement,Permanent,2020-02-18,,,,HCM_A,2025-12-21,,,842
ACP000842,BG,Finance,FP&A,Senior Leader,Permanent,2025-05-15,2025-08-17,Involuntary,false,HCM_A,2025-12-22,BG,Senior Leader,true,true,true,true,true,true,false,true,false,,ACP000842,Finance,FP&A,Permanent,2025-05-15,2025-08-17,Involuntary,false,HCM_A,2025-12-22,,,843
ACP000843,RO,Finance,Controls,Individual Contributor,Permanent,2023-08-30,2023-12-10,End of Contract,false,HCM_A,2025-12-23,RO,Individual Contributor,true,true,true,true,true,false,false,true,true,,ACP000843,Finance,Controls,Permanent,2023-08-30,2023-12-10,End of Contract,false,HCM_A,2025-12-23,,,844
ACP000844,PL,Digital,Product,Manager,Permanent,2021-07-23,,,,HCM_A,2025-12-24,PL,Manager,true,true,true,true,true,false,not_applicable,true,true,,ACP000844,Digital,Product,Permanent,2021-07-23,,,,HCM_A,2025-12-24,,,845
ACP000845,IT,Digital,Software,Manager,Permanent,2021-10-12,,,,HCM_B,2025-12-25,IT,Manager,true,true,true,true,true,false,not_applicable,true,true,,ACP000845,Digital,Software,Permanent,2021-10-12,,,,HCM_B,2025-12-25,,,846
ACP000846,IE,Supply Chain,Logistics,Senior Leader,Permanent,2021-08-06,,,,HCM_A,2025-12-26,IE,Senior Leader,true,true,true,true,true,true,not_applicable,true,true,,ACP000846,Supply Chain,Logistics,Permanent,2021-08-06,,,,HCM_A,2025-12-26,,,847
ACP000847,PL,Finance,FP&A,Manager,Permanent,2025-10-17,,,,HCM_A,2025-12-27,PL,Manager,true,true,true,true,true,false,not_applicable,false,false,,ACP000847,Finance,FP&A,Permanent,2025-10-17,,,,HCM_A,2025-12-27,,,848
ACP000848,BG,Digital,Software,Manager,Permanent,2023-04-05,,,,HCM_A,2025-12-28,BG,Manager,true,true,true,true,true,false,not_applicable,true,true,,ACP000848,Digital,Software,Permanent,2023-04-05,,,,HCM_A,2025-12-28,,,849
ACP000849,RO,Sales,Commercial Planning,Senior Leader,Permanent,2025-04-28,,,,HCM_A,2025-12-29,RO,Senior Leader,true,true,true,true,true,true,not_applicable,true,false,,ACP000849,Sales,Commercial Planning,Permanent,2025-04-28,,,,HCM_A,2025-12-29,,,850
ACP000850,BG,Sales,Field Sales,Individual Contributor,Permanent,2025-08-01,,,,HCM_B,2025-12-30,BG,Individual Contributor,true,true,true,true,true,false,not_applicable,false,false,,ACP000850,Sales,Field Sales,Permanent,2025-08-01,,,,HCM_B,2025-12-30,,,851
ACP000851,GR,Digital,Product,Manager,Permanent,2025-10-16,,,,HCM_A,2025-12-31,GR,Manager,true,true,true,true,true,false,not_applicable,false,false,,ACP000851,Digital,Product,Permanent,2025-10-16,,,,HCM_A,2025-12-31,,,852
ACP000852,RO,Digital,Data,Manager,Permanent,2022-10-20,,,,HCM_A,2025-12-20,RO,Manager,true,true,true,true,true,false,not_applicable,true,true,,ACP000852,Digital,Data,Permanent,2022-10-20,,,,HCM_A,2025-12-20,,,853
ACP000853,BG,Supply Chain,Procurement,Individual Contributor,Permanent,2022-11-22,,,,HCM_A,2025-12-21,BG,Individual Contributor,true,true,true,true,true,false,not_applicable,true,true,,ACP000853,Supply Chain,Procurement,Permanent,2022-11-22,,,,HCM_A,2025-12-21,,,854
ACP000854,RO,Sales,Commercial Planning,Individual Contributor,Permanent,2020-03-12,2021-11-28,Voluntary,true,HCM_A,2025-12-22,RO,Individual Contributor,true,true,true,true,true,false,true,true,true,,ACP000854,Sales,Commercial Planning,Permanent,2020-03-12,2021-11-28,Voluntary,true,HCM_A,2025-12-22,,,855
ACP000855,IE,Sales,Commercial Planning,Manager,Permanent,2023-12-16,,,,HCM_B,2025-12-23,IE,Manager,true,true,true,true,true,false,not_applicable,true,true,,ACP000855,Sales,Commercial Planning,Permanent,2023-12-16,,,,HCM_B,2025-12-23,,,856
ACP000856,GR,Sales,Field Sales,Individual Contributor,Permanent,2020-10-29,2023-03-12,Voluntary,false,HCM_A,2025-12-24,GR,Individual Contributor,true,true,true,true,true,false,false,true,true,,ACP000856,Sales,Field Sales,Permanent,2020-10-29,2023-03-12,Voluntary,false,HCM_A,2025-12-24,,,857
ACP000857,IT,Supply Chain,Logistics,Manager,Permanent,2025-02-28,,,,HCM_A,2025-12-25,IT,Manager,true,true,true,true,true,false,not_applicable,true,false,,ACP000857,Supply Chain,Logistics,Permanent,2025-02-28,,,,HCM_A,2025-12-25,,,858
ACP000858,GR,Sales,Commercial Planning,Individual Contributor,Permanent,2020-01-07,,,,HCM_A,2025-12-26,GR,Individual Contributor,true,true,true,true,true,false,not_applicable,true,true,,ACP000858,Sales,Commercial Planning,Permanent,2020-01-07,,,,HCM_A,2025-12-26,,,859
ACP000859,GR,Sales,Key Accounts,Individual Contributor,Permanent,2020-02-20,2020-09-07,Voluntary,true,HCM_A,2025-12-27,GR,Individual Contributor,true,true,true,true,true,false,true,true,true,,ACP000859,Sales,Key Accounts,Permanent,2020-02-20,2020-09-07,Voluntary,true,HCM_A,2025-12-27,,,860
ACP000860,IT,Sales,Field Sales,Manager,Permanent,2021-02-05,,,,HCM_B,2025-12-28,IT,Manager,true,true,true,true,true,false,not_applicable,true,true,,ACP000860,Sales,Field Sales,Permanent,2021-02-05,,,,HCM_B,2025-12-28,,,861
ACP000861,IT,Finance,Accounting,Individual Contributor,Permanent,2022-12-26,,,,HCM_A,2025-12-29,IT,Individual Contributor,true,true,true,true,true,false,not_applicable,true,true,,ACP000861,Finance,Accounting,Permanent,2022-12-26,,,,HCM_A,2025-12-29,,,862
ACP000862,GR,Finance,FP&A,Manager,Fixed Term,2023-08-28,,,,HCM_A,2025-12-30,GR,Manager,true,true,true,true,true,false,not_applicable,true,true,,ACP000862,Finance,FP&A,Fixed Term,2023-08-28,,,,HCM_A,2025-12-30,,,863
ACP000863,BG,Digital,Software,Individual Contributor,Permanent,2021-01-19,,,,HCM_A,2025-12-31,BG,Individual Contributor,true,true,true,true,true,false,not_applicable,true,true,,ACP000863,Digital,Software,Permanent,2021-01-19,,,,HCM_A,2025-12-31,,,864
ACP000864,GR,Finance,Controls,Senior Leader,Permanent,2020-02-03,2024-01-22,Voluntary,true,HCM_A,2025-12-20,,Senior Leader,true,true,true,true,true,true,true,true,true,synthetic_source_recovered,ACP000864,Finance,Controls,Permanent,2020-02-03,2024-01-22,Voluntary,true,HCM_A,2025-12-20,country_code,verified_synthetic_generator_recovery,865
ACP000865,RO,Sales,Field Sales,Manager,Permanent,2023-06-10,,,,HCM_B,2025-12-21,RO,Manager,true,true,true,true,true,false,not_applicable,true,true,,ACP000865,Sales,Field Sales,Permanent,2023-06-10,,,,HCM_B,2025-12-21,,,866
ACP000866,RO,Digital,Product,Individual Contributor,Permanent,2020-01-13,2023-02-10,Voluntary,true,HCM_A,2025-12-22,RO,Individual Contributor,true,true,true,true,true,false,true,true,true,,ACP000866,Digital,Product,Permanent,2020-01-13,2023-02-10,Voluntary,true,HCM_A,2025-12-22,,,867
ACP000867,RO,Finance,FP&A,Manager,Permanent,2021-11-20,2025-10-17,Voluntary,true,HCM_A,2025-12-23,RO,Manager,true,true,true,true,true,false,true,true,true,,ACP000867,Finance,FP&A,Permanent,2021-11-20,2025-10-17,Voluntary,true,HCM_A,2025-12-23,,,868
ACP000868,RO,Sales,Key Accounts,Individual Contributor,Permanent,2021-06-08,,,,HCM_A,2025-12-24,RO,Individual Contributor,true,true,true,true,true,false,not_applicable,true,true,,ACP000868,Sales,Key Accounts,Permanent,2021-06-08,,,,HCM_A,2025-12-24,,,869
ACP000869,PL,Digital,Software,Senior Leader,Fixed Term,2024-12-05,,,,HCM_A,2025-12-25,PL,Senior Leader,true,true,true,true,true,true,not_applicable,true,true,,ACP000869,Digital,Software,Fixed Term,2024-12-05,,,,HCM_A,2025-12-25,,,870
ACP000870,IE,Finance,Accounting,Individual Contributor,Permanent,2025-07-06,2025-08-06,End of Contract,false,HCM_B,2025-12-26,IE,Individual Contributor,true,true,true,true,true,false,false,false,false,,ACP000870,Finance,Accounting,Permanent,2025-07-06,2025-08-06,End of Contract,false,HCM_B,2025-12-26,,,871
ACP000871,BG,Sales,Field Sales,Individual Contributor,Permanent,2020-04-09,2022-04-29,Voluntary,false,HCM_A,2025-12-27,BG,Individual Contributor,true,true,true,true,true,false,false,true,true,,ACP000871,Sales,Field Sales,Permanent,2020-04-09,2022-04-29,Voluntary,false,HCM_A,2025-12-27,,,872
ACP000872,IT,Sales,Key Accounts,Individual Contributor,Permanent,2021-04-03,2023-10-26,Voluntary,false,HCM_A,2025-12-28,IT,Individual Contributor,true,true,true,true,true,false,false,true,true,,ACP000872,Sales,Key Accounts,Permanent,2021-04-03,2023-10-26,Voluntary,false,HCM_A,2025-12-28,,,873
ACP000873,IT,Supply Chain,Procurement,Individual Contributor,Permanent,2020-07-09,,,,HCM_A,2025-12-29,IT,Individual Contributor,true,true,true,true,true,false,not_applicable,true,true,,ACP000873,Supply Chain,Procurement,Permanent,2020-07-09,,,,HCM_A,2025-12-29,,,874
ACP000874,IE,Supply Chain,Manufacturing,Senior Leader,Permanent,2022-03-04,,,,HCM_A,2025-12-30,IE,Senior Leader,true,true,true,true,true,true,not_applicable,true,true,,ACP000874,Supply Chain,Manufacturing,Permanent,2022-03-04,,,,HCM_A,2025-12-30,,,875
ACP000875,IE,Sales,Field Sales,Senior Leader,Permanent,2025-05-13,,,,HCM_B,2025-12-31,IE,Senior Leader,true,true,true,true,true,true,not_applicable,true,false,,ACP000875,Sales,Field Sales,Permanent,2025-05-13,,,,HCM_B,2025-12-31,,,876
ACP000876,IT,Sales,Key Accounts,Individual Contributor,Fixed Term,2024-06-07,2024-12-28,End of Contract,false,HCM_A,2025-12-20,IT,Individual Contributor,true,true,true,true,true,false,false,true,true,,ACP000876,Sales,Key Accounts,Fixed Term,2024-06-07,2024-12-28,End of Contract,false,HCM_A,2025-12-20,,,877
ACP000877,RO,Supply Chain,Logistics,Individual Contributor,Permanent,2023-09-14,,,,HCM_A,2025-12-21,RO,Individual Contributor,true,true,true,true,true,false,not_applicable,true,true,,ACP000877,Supply Chain,Logistics,Permanent,2023-09-14,,,,HCM_A,2025-12-21,,,878
ACP000878,IE,Digital,Software,Manager,Permanent,2023-02-13,2023-04-01,Voluntary,true,HCM_A,2025-12-22,IE,Manager,true,true,true,true,true,false,true,true,true,,ACP000878,Digital,Software,Permanent,2023-02-13,2023-04-01,Voluntary,true,HCM_A,2025-12-22,,,879
ACP000879,BG,Finance,Controls,Manager,Permanent,2023-06-09,,,,HCM_A,2025-12-23,BG,Manager,true,true,true,true,true,false,not_applicable,true,true,,ACP000879,Finance,Controls,Permanent,2023-06-09,,,,HCM_A,2025-12-23,,,880
ACP000880,IT,Sales,Commercial Planning,Individual Contributor,Permanent,2022-07-27,,,,HCM_B,2025-12-24,IT,Individual Contributor,true,true,true,true,true,false,not_applicable,true,true,,ACP000880,Sales,Commercial Planning,Permanent,2022-07-27,,,,HCM_B,2025-12-24,,,881
ACP000881,IE,Digital,Product,Individual Contributor,Permanent,2020-12-18,,,,HCM_A,2025-12-25,IE,Individual Contributor,true,true,true,true,true,false,not_applicable,true,true,,ACP000881,Digital,Product,Permanent,2020-12-18,,,,HCM_A,2025-12-25,,,882
ACP000882,IT,Digital,Data,Individual Contributor,Permanent,2021-04-29,,,,HCM_A,2025-12-26,IT,Individual Contributor,true,true,true,true,true,false,not_applicable,true,true,,ACP000882,Digital,Data,Permanent,2021-04-29,,,,HCM_A,2025-12-26,,,883
ACP000883,IE,Digital,Product,Individual Contributor,Permanent,2022-01-19,,,,HCM_A,2025-12-27,IE,Individual Contributor,true,true,true,true,true,false,not_applicable,true,true,,ACP000883,Digital,Product,Permanent,2022-01-19,,,,HCM_A,2025-12-27,,,884
ACP000884,IT,Finance,Controls,Individual Contributor,Permanent,2024-05-20,,,,HCM_A,2025-12-28,IT,Individual Contributor,true,true,true,true,true,false,not_applicable,true,true,,ACP000884,Finance,Controls,Permanent,2024-05-20,,,,HCM_A,2025-12-28,,,885
ACP000885,PL,Digital,Software,Individual Contributor,Permanent,2021-08-22,,,,HCM_B,2025-12-29,PL,Individual Contributor,true,true,true,true,true,false,not_applicable,true,true,,ACP000885,Digital,Software,Permanent,2021-08-22,,,,HCM_B,2025-12-29,,,886
ACP000886,IE,Digital,Product,Individual Contributor,Fixed Term,2024-07-18,2025-11-24,Voluntary,true,HCM_A,2025-12-30,IE,Individual Contributor,true,true,true,true,true,false,true,true,true,,ACP000886,Digital,Product,Fixed Term,2024-07-18,2025-11-24,Voluntary,true,HCM_A,2025-12-30,,,887
ACP000887,RO,Supply Chain,Logistics,Individual Contributor,Fixed Term,2022-06-21,2022-10-23,End of Contract,false,HCM_A,2025-12-31,RO,Individual Contributor,true,true,true,true,true,false,false,true,true,,ACP000887,Supply Chain,Logistics,Fixed Term,2022-06-21,2022-10-23,End of Contract,false,HCM_A,2025-12-31,,,888
ACP000888,RO,Sales,Commercial Planning,Individual Contributor,Permanent,2024-03-07,,,,HCM_A,2025-12-20,RO,Individual Contributor,true,true,true,true,true,false,not_applicable,true,true,,ACP000888,Sales,Commercial Planning,Permanent,2024-03-07,,,,HCM_A,2025-12-20,,,889
ACP000889,PL,Sales,Field Sales,Manager,Permanent,2024-04-30,,,,HCM_A,2025-12-21,PL,Manager,true,true,true,true,true,false,not_applicable,true,true,,ACP000889,Sales,Field Sales,Permanent,2024-04-30,,,,HCM_A,2025-12-21,,,890
ACP000890,PL,Finance,Controls,Manager,Permanent,2024-04-05,2024-07-06,Involuntary,false,HCM_B,2025-12-22,PL,Manager,true,true,true,true,true,false,false,true,true,,ACP000890,Finance,Controls,Permanent,2024-04-05,2024-07-06,Involuntary,false,HCM_B,2025-12-22,,,891
ACP000891,PL,Finance,FP&A,Individual Contributor,Fixed Term,2020-07-21,,,,HCM_A,2025-12-23,PL,Individual Contributor,true,true,true,true,true,false,not_applicable,true,true,,ACP000891,Finance,FP&A,Fixed Term,2020-07-21,,,,HCM_A,2025-12-23,,,892
ACP000892,PL,Sales,Key Accounts,Manager,Fixed Term,2020-12-08,,,,HCM_A,2025-12-24,PL,Manager,true,true,true,true,true,false,not_applicable,true,true,,ACP000892,Sales,Key Accounts,Fixed Term,2020-12-08,,,,HCM_A,2025-12-24,,,893
ACP000893,PL,Digital,Data,Manager,Permanent,2020-03-10,2024-06-29,Voluntary,false,HCM_A,2025-12-25,PL,Manager,true,true,true,true,true,false,false,true,true,,ACP000893,Digital,Data,Permanent,2020-03-10,2024-06-29,Voluntary,false,HCM_A,2025-12-25,,,894
ACP000894,IT,Digital,Software,Individual Contributor,Permanent,2022-03-28,,,,HCM_A,2025-12-26,IT,Individual Contributor,true,true,true,true,true,false,not_applicable,true,true,,ACP000894,Digital,Software,Permanent,2022-03-28,,,,HCM_A,2025-12-26,,,895
ACP000895,IT,Finance,Accounting,Individual Contributor,Permanent,2020-07-06,,,,HCM_B,2025-12-27,IT,Individual Contributor,true,true,true,true,true,false,not_applicable,true,true,,ACP000895,Finance,Accounting,Permanent,2020-07-06,,,,HCM_B,2025-12-27,,,896
ACP000896,IE,Finance,Controls,Individual Contributor,Fixed Term,2025-11-04,,,,HCM_A,2025-12-28,IE,Individual Contributor,true,true,true,true,true,false,not_applicable,false,false,,ACP000896,Finance,Controls,Fixed Term,2025-11-04,,,,HCM_A,2025-12-28,,,897
ACP000897,IE,Sales,Commercial Planning,Manager,Permanent,2023-07-18,,,,HCM_A,2025-12-29,IE,Manager,true,true,true,true,true,false,not_applicable,true,true,,ACP000897,Sales,Commercial Planning,Permanent,2023-07-18,,,,HCM_A,2025-12-29,,,898
ACP000898,PL,Sales,Field Sales,Senior Leader,Permanent,2020-04-25,2025-08-15,Involuntary,false,HCM_A,2025-12-30,PL,Senior Leader,true,true,true,true,true,true,false,true,true,,ACP000898,Sales,Field Sales,Permanent,2020-04-25,2025-08-15,Involuntary,false,HCM_A,2025-12-30,,,899
ACP000899,PL,Sales,Key Accounts,Individual Contributor,Permanent,2022-10-23,,,,HCM_A,2025-12-31,PL,Individual Contributor,true,true,true,true,true,false,not_applicable,true,true,,ACP000899,Sales,Key Accounts,Permanent,2022-10-23,,,,HCM_A,2025-12-31,,,900
ACP000900,BG,Digital,Product,Manager,Permanent,2020-09-28,,,,HCM_B,2025-12-20,BG,Manager,true,true,true,true,true,false,not_applicable,true,true,,ACP000900,Digital,Product,Permanent,2020-09-28,,,,HCM_B,2025-12-20,,,901
ACP000901,BG,Finance,Accounting,Senior Leader,Permanent,2021-07-13,2022-01-14,Voluntary,true,HCM_A,2025-12-21,BG,Senior Leader,true,true,true,true,true,true,true,true,true,,ACP000901,Finance,Accounting,Permanent,2021-07-13,2022-01-14,Voluntary,true,HCM_A,2025-12-21,,,902
ACP000902,IT,Finance,Controls,Individual Contributor,Fixed Term,2021-02-05,2021-02-24,Voluntary,true,HCM_A,2025-12-22,IT,Individual Contributor,true,true,true,true,true,false,true,true,true,,ACP000902,Finance,Controls,Fixed Term,2021-02-05,2021-02-24,Voluntary,true,HCM_A,2025-12-22,,,903
ACP000903,RO,Sales,Commercial Planning,Manager,Permanent,2020-05-20,2020-06-23,Involuntary,false,HCM_A,2025-12-23,RO,Manager,true,true,true,true,true,false,false,true,true,,ACP000903,Sales,Commercial Planning,Permanent,2020-05-20,2020-06-23,Involuntary,false,HCM_A,2025-12-23,,,904
ACP000904,BG,Digital,Software,Individual Contributor,Permanent,2025-07-12,2025-11-04,Voluntary,true,HCM_A,2025-12-24,BG,Individual Contributor,true,true,true,true,true,false,true,false,false,,ACP000904,Digital,Software,Permanent,2025-07-12,2025-11-04,Voluntary,true,HCM_A,2025-12-24,,,905
ACP000905,BG,Digital,Product,Senior Leader,Permanent,2024-01-06,2025-06-03,End of Contract,false,HCM_B,2025-12-25,BG,Senior Leader,true,true,true,true,true,true,false,true,true,,ACP000905,Digital,Product,Permanent,2024-01-06,2025-06-03,End of Contract,false,HCM_B,2025-12-25,,,906
ACP000906,IT,Sales,Field Sales,Individual Contributor,Permanent,2021-11-03,,,,HCM_A,2025-12-26,IT,Individual Contributor,true,true,true,true,true,false,not_applicable,true,true,,ACP000906,Sales,Field Sales,Permanent,2021-11-03,,,,HCM_A,2025-12-26,,,907
ACP000907,IT,Digital,Product,Manager,Permanent,2023-02-13,,,,HCM_A,2025-12-27,IT,Manager,true,true,true,true,true,false,not_applicable,true,true,,ACP000907,Digital,Product,Permanent,2023-02-13,,,,HCM_A,2025-12-27,,,908
ACP000908,IT,Sales,Commercial Planning,Individual Contributor,Permanent,2021-11-05,,,,HCM_A,2025-12-28,IT,Individual Contributor,true,true,true,true,true,false,not_applicable,true,true,,ACP000908,Sales,Commercial Planning,Permanent,2021-11-05,,,,HCM_A,2025-12-28,,,909
ACP000909,IT,Sales,Commercial Planning,Individual Contributor,Permanent,2024-02-14,,,,HCM_A,2025-12-29,IT,Individual Contributor,true,true,true,true,true,false,not_applicable,true,true,,ACP000909,Sales,Commercial Planning,Permanent,2024-02-14,,,,HCM_A,2025-12-29,,,910
ACP000910,RO,Finance,Controls,Senior Leader,Permanent,2022-08-31,2025-08-14,Voluntary,false,HCM_B,2025-12-30,RO,Senior Leader,true,true,true,true,true,true,false,true,true,,ACP000910,Finance,Controls,Permanent,2022-08-31,2025-08-14,Voluntary,false,HCM_B,2025-12-30,,,911
ACP000911,GR,Digital,Data,Manager,Permanent,2025-08-23,,,,HCM_A,2025-12-31,GR,Manager,true,true,true,true,true,false,not_applicable,false,false,,ACP000911,Digital,Data,Permanent,2025-08-23,,,,HCM_A,2025-12-31,,,912
ACP000912,IT,Digital,Data,Individual Contributor,Permanent,2021-03-09,2024-06-30,Voluntary,true,HCM_A,2025-12-20,IT,Individual Contributor,true,true,true,true,true,false,true,true,true,,ACP000912,Digital,Data,Permanent,2021-03-09,2024-06-30,Voluntary,true,HCM_A,2025-12-20,,,913
ACP000913,GR,Sales,Field Sales,Senior Leader,Permanent,2025-01-29,,,,HCM_A,2025-12-21,GR,Senior Leader,true,true,true,true,true,true,not_applicable,true,false,,ACP000913,Sales,Field Sales,Permanent,2025-01-29,,,,HCM_A,2025-12-21,,,914
ACP000914,IT,Supply Chain,Procurement,Senior Leader,Permanent,2021-02-01,,,,HCM_A,2025-12-22,IT,Senior Leader,true,true,true,true,true,true,not_applicable,true,true,,ACP000914,Supply Chain,Procurement,Permanent,2021-02-01,,,,HCM_A,2025-12-22,,,915
ACP000915,PL,Sales,Commercial Planning,Individual Contributor,Fixed Term,2023-05-05,,,,HCM_B,2025-12-23,PL,Individual Contributor,true,true,true,true,true,false,not_applicable,true,true,,ACP000915,Sales,Commercial Planning,Fixed Term,2023-05-05,,,,HCM_B,2025-12-23,,,916
ACP000916,RO,Supply Chain,Procurement,Individual Contributor,Permanent,2020-08-18,2022-10-25,Voluntary,true,HCM_A,2025-12-24,RO,Individual Contributor,true,true,true,true,true,false,true,true,true,,ACP000916,Supply Chain,Procurement,Permanent,2020-08-18,2022-10-25,Voluntary,true,HCM_A,2025-12-24,,,917
ACP000917,RO,Finance,FP&A,Manager,Permanent,2025-01-01,,,,HCM_A,2025-12-25,RO,Manager,true,true,true,true,true,false,not_applicable,true,false,,ACP000917,Finance,FP&A,Permanent,2025-01-01,,,,HCM_A,2025-12-25,,,918
ACP000918,RO,Digital,Software,Individual Contributor,Fixed Term,2022-03-07,,,,HCM_A,2025-12-26,RO,Individual Contributor,true,true,true,true,true,false,not_applicable,true,true,,ACP000918,Digital,Software,Fixed Term,2022-03-07,,,,HCM_A,2025-12-26,,,919
ACP000919,PL,Supply Chain,Manufacturing,Individual Contributor,Permanent,2024-08-30,,,,HCM_A,2025-12-27,PL,Individual Contributor,true,true,true,true,true,false,not_applicable,true,true,,ACP000919,Supply Chain,Manufacturing,Permanent,2024-08-30,,,,HCM_A,2025-12-27,,,920
ACP000920,IE,Supply Chain,Manufacturing,Individual Contributor,Permanent,2024-08-08,,,,HCM_B,2025-12-28,IE,Individual Contributor,true,true,true,true,true,false,not_applicable,true,true,,ACP000920,Supply Chain,Manufacturing,Permanent,2024-08-08,,,,HCM_B,2025-12-28,,,921
ACP000921,RO,Digital,Software,Manager,Permanent,2021-12-30,2024-12-04,Involuntary,false,HCM_A,2025-12-29,RO,Manager,true,true,true,true,true,false,false,true,true,,ACP000921,Digital,Software,Permanent,2021-12-30,2024-12-04,Involuntary,false,HCM_A,2025-12-29,,,922
ACP000922,IT,Finance,Controls,Individual Contributor,Permanent,2023-03-19,,,,HCM_A,2025-12-30,IT,Individual Contributor,true,true,true,true,true,false,not_applicable,true,true,,ACP000922,Finance,Controls,Permanent,2023-03-19,,,,HCM_A,2025-12-30,,,923
ACP000923,RO,Supply Chain,Manufacturing,Individual Contributor,Fixed Term,2020-02-20,,,,HCM_A,2025-12-31,RO,Individual Contributor,true,true,true,true,true,false,not_applicable,true,true,,ACP000923,Supply Chain,Manufacturing,Fixed Term,2020-02-20,,,,HCM_A,2025-12-31,,,924
ACP000924,PL,Finance,Controls,Individual Contributor,Fixed Term,2022-12-27,,,,HCM_A,2025-12-20,PL,Individual Contributor,true,true,true,true,true,false,not_applicable,true,true,,ACP000924,Finance,Controls,Fixed Term,2022-12-27,,,,HCM_A,2025-12-20,,,925
ACP000925,BG,Supply Chain,Logistics,Individual Contributor,Permanent,2022-05-31,,,,HCM_B,2025-12-21,BG,Individual Contributor,true,true,true,true,true,false,not_applicable,true,true,,ACP000925,Supply Chain,Logistics,Permanent,2022-05-31,,,,HCM_B,2025-12-21,,,926
ACP000926,GR,Finance,Accounting,Senior Leader,Permanent,2024-06-28,2024-08-16,Voluntary,true,HCM_A,2025-12-22,GR,Senior Leader,true,true,true,true,true,true,true,true,true,,ACP000926,Finance,Accounting,Permanent,2024-06-28,2024-08-16,Voluntary,true,HCM_A,2025-12-22,,,927
ACP000927,BG,Finance,FP&A,Manager,Permanent,2021-11-11,2022-01-17,Voluntary,false,HCM_A,2025-12-23,BG,Manager,true,true,true,true,true,false,false,true,true,,ACP000927,Finance,FP&A,Permanent,2021-11-11,2022-01-17,Voluntary,false,HCM_A,2025-12-23,,,928
ACP000928,RO,Finance,Accounting,Manager,Permanent,2020-01-12,,,,HCM_A,2025-12-24,RO,Manager,true,true,true,true,true,false,not_applicable,true,true,,ACP000928,Finance,Accounting,Permanent,2020-01-12,,,,HCM_A,2025-12-24,,,929
ACP000929,RO,Digital,Product,Individual Contributor,Permanent,2020-08-02,2020-12-06,End of Contract,false,HCM_A,2025-12-25,RO,Individual Contributor,true,true,true,true,true,false,false,true,true,,ACP000929,Digital,Product,Permanent,2020-08-02,2020-12-06,End of Contract,false,HCM_A,2025-12-25,,,930
ACP000930,GR,Finance,Controls,Individual Contributor,Fixed Term,2020-07-31,2020-12-29,Voluntary,false,HCM_B,2025-12-26,GR,Individual Contributor,true,true,true,true,true,false,false,true,true,,ACP000930,Finance,Controls,Fixed Term,2020-07-31,2020-12-29,Voluntary,false,HCM_B,2025-12-26,,,931
ACP000931,RO,Sales,Key Accounts,Manager,Permanent,2020-09-14,,,,HCM_A,2025-12-27,RO,Manager,true,true,true,true,true,false,not_applicable,true,true,,ACP000931,Sales,Key Accounts,Permanent,2020-09-14,,,,HCM_A,2025-12-27,,,932
ACP000932,BG,Finance,Controls,Manager,Permanent,2025-07-02,,,,HCM_A,2025-12-28,BG,Manager,true,true,true,true,true,false,not_applicable,false,false,,ACP000932,Finance,Controls,Permanent,2025-07-02,,,,HCM_A,2025-12-28,,,933
ACP000933,BG,Supply Chain,Logistics,Individual Contributor,Fixed Term,2024-05-18,,,,HCM_A,2025-12-29,BG,Individual Contributor,true,true,true,true,true,false,not_applicable,true,true,,ACP000933,Supply Chain,Logistics,Fixed Term,2024-05-18,,,,HCM_A,2025-12-29,,,934
ACP000934,RO,Sales,Commercial Planning,Individual Contributor,Permanent,2021-05-21,2021-07-23,Voluntary,false,HCM_A,2025-12-30,RO,Individual Contributor,true,true,true,true,true,false,false,true,true,,ACP000934,Sales,Commercial Planning,Permanent,2021-05-21,2021-07-23,Voluntary,false,HCM_A,2025-12-30,,,935
ACP000935,PL,Sales,Key Accounts,Individual Contributor,Permanent,2021-04-07,,,,HCM_B,2025-12-31,PL,Individual Contributor,true,true,true,true,true,false,not_applicable,true,true,,ACP000935,Sales,Key Accounts,Permanent,2021-04-07,,,,HCM_B,2025-12-31,,,936
ACP000936,RO,Finance,Controls,Manager,Permanent,2024-02-27,,,,HCM_A,2025-12-20,RO,Manager,true,true,true,true,true,false,not_applicable,true,true,,ACP000936,Finance,Controls,Permanent,2024-02-27,,,,HCM_A,2025-12-20,,,937
ACP000937,PL,Supply Chain,Procurement,Manager,Permanent,2022-10-15,,,,HCM_A,2025-12-21,PL,Manager,true,true,true,true,true,false,not_applicable,true,true,,ACP000937,Supply Chain,Procurement,Permanent,2022-10-15,,,,HCM_A,2025-12-21,,,938
ACP000938,GR,Sales,Commercial Planning,Manager,Permanent,2021-10-22,,,,HCM_A,2025-12-22,GR,Manager,true,true,true,true,true,false,not_applicable,true,true,,ACP000938,Sales,Commercial Planning,Permanent,2021-10-22,,,,HCM_A,2025-12-22,,,939
ACP000939,BG,Digital,Product,Individual Contributor,Permanent,2024-12-24,2025-06-13,Voluntary,false,HCM_A,2025-12-23,BG,Individual Contributor,true,true,true,true,true,false,false,true,true,,ACP000939,Digital,Product,Permanent,2024-12-24,2025-06-13,Voluntary,false,HCM_A,2025-12-23,,,940
ACP000940,IE,Sales,Field Sales,Manager,Permanent,2023-02-03,,,,HCM_B,2025-12-24,IE,Manager,true,true,true,true,true,false,not_applicable,true,true,,ACP000940,Sales,Field Sales,Permanent,2023-02-03,,,,HCM_B,2025-12-24,,,941
ACP000941,IT,Finance,FP&A,Individual Contributor,Permanent,2023-01-22,,,,HCM_A,2025-12-25,IT,Individual Contributor,true,true,true,true,true,false,not_applicable,true,true,,ACP000941,Finance,FP&A,Permanent,2023-01-22,,,,HCM_A,2025-12-25,,,942
ACP000942,PL,Supply Chain,Manufacturing,Senior Leader,Fixed Term,2021-07-14,,,,HCM_A,2025-12-26,PL,Senior Leader,true,true,true,true,true,true,not_applicable,true,true,,ACP000942,Supply Chain,Manufacturing,Fixed Term,2021-07-14,,,,HCM_A,2025-12-26,,,943
ACP000943,IE,Sales,Key Accounts,Manager,Permanent,2025-06-28,,,,HCM_A,2025-12-27,IE,Manager,true,true,true,true,true,false,not_applicable,true,false,,ACP000943,Sales,Key Accounts,Permanent,2025-06-28,,,,HCM_A,2025-12-27,,,944
ACP000944,BG,Digital,Product,Manager,Permanent,2022-10-01,,,,HCM_A,2025-12-28,BG,Manager,true,true,true,true,true,false,not_applicable,true,true,,ACP000944,Digital,Product,Permanent,2022-10-01,,,,HCM_A,2025-12-28,,,945
ACP000945,IE,Finance,Accounting,Manager,Permanent,2021-04-13,2025-11-15,Involuntary,false,HCM_B,2025-12-29,IE,Manager,true,true,true,true,true,false,false,true,true,,ACP000945,Finance,Accounting,Permanent,2021-04-13,2025-11-15,Involuntary,false,HCM_B,2025-12-29,,,946
ACP000946,PL,Finance,Accounting,Individual Contributor,Permanent,2020-12-03,2021-11-05,Involuntary,false,HCM_A,2025-12-30,PL,Individual Contributor,true,true,true,true,true,false,false,true,true,,ACP000946,Finance,Accounting,Permanent,2020-12-03,2021-11-05,Involuntary,false,HCM_A,2025-12-30,,,947
ACP000947,GR,Supply Chain,Manufacturing,Manager,Permanent,2023-06-10,2024-04-12,Voluntary,true,HCM_A,2025-12-31,GR,Manager,true,true,true,true,true,false,true,true,true,,ACP000947,Supply Chain,Manufacturing,Permanent,2023-06-10,2024-04-12,Voluntary,true,HCM_A,2025-12-31,,,948
ACP000948,IT,Digital,Data,Individual Contributor,Permanent,2025-10-04,,,,HCM_A,2025-12-20,IT,Individual Contributor,true,true,true,true,true,false,not_applicable,false,false,,ACP000948,Digital,Data,Permanent,2025-10-04,,,,HCM_A,2025-12-20,,,949
ACP000949,RO,Sales,Key Accounts,Manager,Permanent,2020-06-11,2023-01-30,End of Contract,false,HCM_A,2025-12-21,RO,Manager,true,true,true,true,true,false,false,true,true,,ACP000949,Sales,Key Accounts,Permanent,2020-06-11,2023-01-30,End of Contract,false,HCM_A,2025-12-21,,,950
ACP000950,IE,Digital,Software,Senior Leader,Permanent,2020-03-25,,,,HCM_B,2025-12-22,IE,Senior Leader,true,true,true,true,true,true,not_applicable,true,true,,ACP000950,Digital,Software,Permanent,2020-03-25,,,,HCM_B,2025-12-22,,,951
ACP000951,IT,Sales,Field Sales,Senior Leader,Fixed Term,2023-03-02,,,,HCM_A,2025-12-23,IT,Senior Leader,true,true,true,true,true,true,not_applicable,true,true,,ACP000951,Sales,Field Sales,Fixed Term,2023-03-02,,,,HCM_A,2025-12-23,,,952
ACP000952,PL,Supply Chain,Procurement,Senior Leader,Permanent,2024-11-12,2025-01-19,Voluntary,false,HCM_A,2025-12-24,PL,Senior Leader,true,true,true,true,true,true,false,true,true,,ACP000952,Supply Chain,Procurement,Permanent,2024-11-12,2025-01-19,Voluntary,false,HCM_A,2025-12-24,,,953
ACP000953,BG,Finance,FP&A,Senior Leader,Permanent,2022-11-22,,,,HCM_A,2025-12-25,BG,Senior Leader,true,true,true,true,true,true,not_applicable,true,true,,ACP000953,Finance,FP&A,Permanent,2022-11-22,,,,HCM_A,2025-12-25,,,954
ACP000954,BG,Digital,Software,Manager,Permanent,2021-07-04,,,,HCM_A,2025-12-26,BG,Manager,true,true,true,true,true,false,not_applicable,true,true,,ACP000954,Digital,Software,Permanent,2021-07-04,,,,HCM_A,2025-12-26,,,955
ACP000955,RO,Digital,Data,Senior Leader,Permanent,2025-02-16,,,,HCM_B,2025-12-27,RO,Senior Leader,true,true,true,true,true,true,not_applicable,true,false,,ACP000955,Digital,Data,Permanent,2025-02-16,,,,HCM_B,2025-12-27,,,956
ACP000956,IE,Sales,Field Sales,Senior Leader,Permanent,2021-11-15,2022-11-23,Voluntary,false,HCM_A,2025-12-28,IE,Senior Leader,true,true,true,true,true,true,false,true,true,,ACP000956,Sales,Field Sales,Permanent,2021-11-15,2022-11-23,Voluntary,false,HCM_A,2025-12-28,,,957
ACP000957,PL,Finance,Controls,Individual Contributor,Permanent,2022-08-11,,,,HCM_A,2025-12-29,PL,Individual Contributor,true,true,true,true,true,false,not_applicable,true,true,,ACP000957,Finance,Controls,Permanent,2022-08-11,,,,HCM_A,2025-12-29,,,958
ACP000958,PL,Supply Chain,Procurement,Manager,Permanent,2024-01-16,,,,HCM_A,2025-12-30,PL,Manager,true,true,true,true,true,false,not_applicable,true,true,,ACP000958,Supply Chain,Procurement,Permanent,2024-01-16,,,,HCM_A,2025-12-30,,,959
ACP000959,RO,Finance,Accounting,Senior Leader,Permanent,2020-04-10,,,,HCM_A,2025-12-31,RO,Senior Leader,true,true,true,true,true,true,not_applicable,true,true,,ACP000959,Finance,Accounting,Permanent,2020-04-10,,,,HCM_A,2025-12-31,,,960
ACP000960,IT,Finance,FP&A,Individual Contributor,Permanent,2023-11-07,2024-04-07,Voluntary,false,HCM_B,2025-12-20,IT,Individual Contributor,true,true,true,true,true,false,false,true,true,,ACP000960,Finance,FP&A,Permanent,2023-11-07,2024-04-07,Voluntary,false,HCM_B,2025-12-20,,,961
ACP000961,BG,Finance,Controls,Senior Leader,Permanent,2020-11-14,,,,HCM_A,2025-12-21,BG,Senior Leader,true,true,true,true,true,true,not_applicable,true,true,synthetic_source_recovered,ACP000961,Finance,Controls,Permanent,,,,,HCM_A,2025-12-21,hire_date,verified_synthetic_generator_recovery,962
ACP000962,IE,Sales,Commercial Planning,Individual Contributor,Permanent,2020-12-01,2024-04-07,End of Contract,false,HCM_A,2025-12-22,IE,Individual Contributor,true,true,true,true,true,false,false,true,true,,ACP000962,Sales,Commercial Planning,Permanent,2020-12-01,2024-04-07,End of Contract,false,HCM_A,2025-12-22,,,963
ACP000963,PL,Supply Chain,Logistics,Individual Contributor,Permanent,2024-08-01,,,,HCM_A,2025-12-23,PL,Individual Contributor,true,true,true,true,true,false,not_applicable,true,true,,ACP000963,Supply Chain,Logistics,Permanent,2024-08-01,,,,HCM_A,2025-12-23,,,964
ACP000964,PL,Supply Chain,Procurement,Manager,Fixed Term,2022-03-10,2022-08-16,Voluntary,false,HCM_A,2025-12-24,PL,Manager,true,true,true,true,true,false,false,true,true,,ACP000964,Supply Chain,Procurement,Fixed Term,2022-03-10,2022-08-16,Voluntary,false,HCM_A,2025-12-24,,,965
ACP000965,IE,Sales,Key Accounts,Manager,Permanent,2022-09-09,,,,HCM_B,2025-12-25,IE,Manager,true,true,true,true,true,false,not_applicable,true,true,,ACP000965,Sales,Key Accounts,Permanent,2022-09-09,,,,HCM_B,2025-12-25,,,966
ACP000966,BG,Finance,Accounting,Senior Leader,Permanent,2021-07-19,,,,HCM_A,2025-12-26,BG,Senior Leader,true,true,true,true,true,true,not_applicable,true,true,,ACP000966,Finance,Accounting,Permanent,2021-07-19,,,,HCM_A,2025-12-26,,,967
ACP000967,BG,Supply Chain,Procurement,Individual Contributor,Permanent,2022-01-16,,,,HCM_A,2025-12-27,BG,Individual Contributor,true,true,true,true,true,false,not_applicable,true,true,,ACP000967,Supply Chain,Procurement,Permanent,2022-01-16,,,,HCM_A,2025-12-27,,,968
ACP000968,BG,Finance,Accounting,Individual Contributor,Permanent,2024-10-04,,,,HCM_A,2025-12-28,BG,Individual Contributor,true,true,true,true,true,false,not_applicable,true,true,,ACP000968,Finance,Accounting,Permanent,2024-10-04,,,,HCM_A,2025-12-28,,,969
ACP000969,BG,Finance,FP&A,Individual Contributor,Permanent,2021-04-15,,,,HCM_A,2025-12-29,BG,Individual Contributor,true,true,true,true,true,false,not_applicable,true,true,,ACP000969,Finance,FP&A,Permanent,2021-04-15,,,,HCM_A,2025-12-29,,,970
ACP000970,GR,Digital,Data,Manager,Permanent,2023-01-07,,,,HCM_B,2025-12-30,GR,Manager,true,true,true,true,true,false,not_applicable,true,true,,ACP000970,Digital,Data,Permanent,2023-01-07,,,,HCM_B,2025-12-30,,,971
ACP000971,IT,Finance,Controls,Individual Contributor,Permanent,2024-10-15,,,,HCM_A,2025-12-31,IT,Individual Contributor,true,true,true,true,true,false,not_applicable,true,true,,ACP000971,Finance,Controls,Permanent,2024-10-15,,,,HCM_A,2025-12-31,,,972
ACP000972,PL,Finance,Controls,Senior Leader,Permanent,2024-06-06,,,,HCM_A,2025-12-20,PL,Senior Leader,true,true,true,true,true,true,not_applicable,true,true,,ACP000972,Finance,Controls,Permanent,2024-06-06,,,,HCM_A,2025-12-20,,,973
ACP000973,BG,Sales,Commercial Planning,Individual Contributor,Permanent,2023-05-30,,,,HCM_A,2025-12-21,BG,Individual Contributor,true,true,true,true,true,false,not_applicable,true,true,,ACP000973,Sales,Commercial Planning,Permanent,2023-05-30,,,,HCM_A,2025-12-21,,,974
ACP000974,GR,Supply Chain,Manufacturing,Individual Contributor,Permanent,2025-10-06,,,,HCM_A,2025-12-22,GR,Individual Contributor,true,true,true,true,true,false,not_applicable,false,false,,ACP000974,Supply Chain,Manufacturing,Permanent,2025-10-06,,,,HCM_A,2025-12-22,,,975
ACP000975,RO,Sales,Field Sales,Individual Contributor,Fixed Term,2025-11-04,,,,HCM_B,2025-12-23,RO,Individual Contributor,true,true,true,true,true,false,not_applicable,false,false,,ACP000975,Sales,Field Sales,Fixed Term,2025-11-04,,,,HCM_B,2025-12-23,,,976
ACP000976,IT,Sales,Field Sales,Senior Leader,Fixed Term,2020-10-29,,,,HCM_A,2025-12-24,IT,Senior Leader,true,true,true,true,true,true,not_applicable,true,true,,ACP000976,Sales,Field Sales,Fixed Term,2020-10-29,,,,HCM_A,2025-12-24,,,977
ACP000977,IE,Sales,Commercial Planning,Senior Leader,Permanent,2023-06-04,,,,HCM_A,2025-12-25,IE,Senior Leader,true,true,true,true,true,true,not_applicable,true,true,,ACP000977,Sales,Commercial Planning,Permanent,2023-06-04,,,,HCM_A,2025-12-25,,,978
ACP000978,RO,Digital,Product,Individual Contributor,Fixed Term,2020-09-19,2021-02-13,Voluntary,true,HCM_A,2025-12-26,RO,Individual Contributor,true,true,true,true,true,false,true,true,true,,ACP000978,Digital,Product,Fixed Term,2020-09-19,2021-02-13,Voluntary,true,HCM_A,2025-12-26,,,979
ACP000979,IT,Digital,Software,Individual Contributor,Permanent,2021-07-14,,,,HCM_A,2025-12-27,IT,Individual Contributor,true,true,true,true,true,false,not_applicable,true,true,synthetic_source_recovered,ACP000979,Digital,Software,Permanent,2021-07-14,2021-10-12,,,HCM_A,2025-12-27,termination_date,verified_synthetic_generator_recovery,980
ACP000980,GR,Sales,Key Accounts,Manager,Permanent,2020-03-02,,,,HCM_B,2025-12-28,GR,Manager,true,true,true,true,true,false,not_applicable,true,true,,ACP000980,Sales,Key Accounts,Permanent,2020-03-02,,,,HCM_B,2025-12-28,,,981
ACP000981,IE,Supply Chain,Logistics,Individual Contributor,Permanent,2024-06-14,,,,HCM_A,2025-12-29,IE,Individual Contributor,true,true,true,true,true,false,not_applicable,true,true,,ACP000981,Supply Chain,Logistics,Permanent,2024-06-14,,,,HCM_A,2025-12-29,,,982
ACP000982,PL,Digital,Data,Senior Leader,Permanent,2025-02-25,,,,HCM_A,2025-12-30,PL,Senior Leader,true,true,true,true,true,true,not_applicable,true,false,,ACP000982,Digital,Data,Permanent,2025-02-25,,,,HCM_A,2025-12-30,,,983
ACP000983,IT,Digital,Data,Manager,Permanent,2021-10-24,,,,HCM_A,2025-12-31,IT,Manager,true,true,true,true,true,false,not_applicable,true,true,,ACP000983,Digital,Data,Permanent,2021-10-24,,,,HCM_A,2025-12-31,,,984
ACP000984,RO,Supply Chain,Manufacturing,Individual Contributor,Permanent,2024-01-13,2025-01-22,Voluntary,true,HCM_A,2025-12-20,RO,Individual Contributor,true,true,true,true,true,false,true,true,true,,ACP000984,Supply Chain,Manufacturing,Permanent,2024-01-13,2025-01-22,Voluntary,true,HCM_A,2025-12-20,,,985
ACP000985,RO,Sales,Field Sales,Individual Contributor,Permanent,2024-05-23,,,,HCM_B,2025-12-21,RO,Individual Contributor,true,true,true,true,true,false,not_applicable,true,true,,ACP000985,Sales,Field Sales,Permanent,2024-05-23,,,,HCM_B,2025-12-21,,,986
ACP000986,GR,Supply Chain,Manufacturing,Manager,Permanent,2021-11-01,,,,HCM_A,2025-12-22,GR,Manager,true,true,true,true,true,false,not_applicable,true,true,,ACP000986,Supply Chain,Manufacturing,Permanent,2021-11-01,,,,HCM_A,2025-12-22,,,987
ACP000987,IE,Sales,Field Sales,Individual Contributor,Fixed Term,2020-06-26,2025-09-06,End of Contract,false,HCM_A,2025-12-23,IE,Individual Contributor,true,true,true,true,true,false,false,true,true,,ACP000987,Sales,Field Sales,Fixed Term,2020-06-26,2025-09-06,End of Contract,false,HCM_A,2025-12-23,,,988
ACP000988,PL,Supply Chain,Logistics,Individual Contributor,Permanent,2022-05-07,,,,HCM_A,2025-12-24,PL,Individual Contributor,true,true,true,true,true,false,not_applicable,true,true,,ACP000988,Supply Chain,Logistics,Permanent,2022-05-07,,,,HCM_A,2025-12-24,,,989
ACP000989,GR,Sales,Field Sales,Individual Contributor,Permanent,2025-11-27,,,,HCM_A,2025-12-25,GR,Individual Contributor,true,true,true,true,true,false,not_applicable,false,false,,ACP000989,Sales,Field Sales,Permanent,2025-11-27,,,,HCM_A,2025-12-25,,,990
ACP000990,IT,Digital,Product,Manager,Permanent,2025-07-29,,,,HCM_B,2025-12-26,IT,Manager,true,true,true,true,true,false,not_applicable,false,false,,ACP000990,Digital,Product,Permanent,2025-07-29,,,,HCM_B,2025-12-26,,,991
ACP000991,IE,Sales,Key Accounts,Individual Contributor,Permanent,2022-04-28,2022-09-28,Voluntary,false,HCM_A,2025-12-27,IE,Individual Contributor,true,true,true,true,true,false,false,true,true,,ACP000991,Sales,Key Accounts,Permanent,2022-04-28,2022-09-28,Voluntary,false,HCM_A,2025-12-27,,,992
ACP000992,BG,Digital,Software,Manager,Permanent,2021-02-27,2023-10-03,Voluntary,false,HCM_A,2025-12-28,BG,Manager,true,true,true,true,true,false,false,true,true,,ACP000992,Digital,Software,Permanent,2021-02-27,2023-10-03,Voluntary,false,HCM_A,2025-12-28,,,993
ACP000993,RO,Sales,Key Accounts,Manager,Permanent,2024-08-05,,,,HCM_A,2025-12-29,RO,Manager,true,true,true,true,true,false,not_applicable,true,true,,ACP000993,Sales,Key Accounts,Permanent,2024-08-05,,,,HCM_A,2025-12-29,,,994
ACP000994,BG,Supply Chain,Procurement,Individual Contributor,Permanent,2024-12-21,2025-12-29,Voluntary,true,HCM_A,2025-12-30,BG,Individual Contributor,true,true,true,true,true,false,true,true,true,,ACP000994,Supply Chain,Procurement,Permanent,2024-12-21,2025-12-29,Voluntary,true,HCM_A,2025-12-30,,,995
ACP000995,GR,Supply Chain,Procurement,Individual Contributor,Permanent,2024-07-29,,,,HCM_B,2025-12-31,GR,Individual Contributor,true,true,true,true,true,false,not_applicable,true,true,,ACP000995,Supply Chain,Procurement,Permanent,2024-07-29,,,,HCM_B,2025-12-31,,,996
ACP000996,IT,Supply Chain,Logistics,Manager,Permanent,2023-11-21,,,,HCM_A,2025-12-20,IT,Manager,true,true,true,true,true,false,not_applicable,true,true,,ACP000996,Supply Chain,Logistics,Permanent,2023-11-21,,,,HCM_A,2025-12-20,,,997
ACP000997,RO,Sales,Key Accounts,Individual Contributor,Fixed Term,2024-08-20,2025-12-03,Voluntary,true,HCM_A,2025-12-21,RO,Individual Contributor,true,true,true,true,true,false,true,true,true,,ACP000997,Sales,Key Accounts,Fixed Term,2024-08-20,2025-12-03,Voluntary,true,HCM_A,2025-12-21,,,998
ACP000998,GR,Supply Chain,Logistics,Individual Contributor,Permanent,2025-07-28,,,,HCM_A,2025-12-22,GR,Individual Contributor,true,true,true,true,true,false,not_applicable,false,false,,ACP000998,Supply Chain,Logistics,Permanent,2025-07-28,,,,HCM_A,2025-12-22,,,999
ACP000999,RO,Digital,Product,Manager,Fixed Term,2020-01-19,2020-12-05,Voluntary,true,HCM_A,2025-12-23,RO,Manager,true,true,true,true,true,false,true,true,true,,ACP000999,Digital,Product,Fixed Term,2020-01-19,2020-12-05,Voluntary,true,HCM_A,2025-12-23,,,1000
ACP001000,IT,Digital,Software,Individual Contributor,Permanent,2020-11-05,2025-07-29,Voluntary,false,HCM_B,2025-12-24,IT,Individual Contributor,true,true,true,true,true,false,false,true,true,,ACP001000,Digital,Software,Permanent,2020-11-05,2025-07-29,Voluntary,false,HCM_B,2025-12-24,,,1001
ACP001001,PL,Digital,Product,Senior Leader,Permanent,2020-05-02,2021-02-15,Voluntary,true,HCM_A,2025-12-25,PL,Senior Leader,true,true,true,true,true,true,true,true,true,,ACP001001,Digital,Product,Permanent,2020-05-02,2021-02-15,Voluntary,true,HCM_A,2025-12-25,,,1002
ACP001002,GR,Digital,Data,Individual Contributor,Permanent,2023-05-19,,,,HCM_A,2025-12-26,GR,Individual Contributor,true,true,true,true,true,false,not_applicable,true,true,,ACP001002,Digital,Data,Permanent,2023-05-19,,,,HCM_A,2025-12-26,,,1003
ACP001003,RO,Supply Chain,Manufacturing,Manager,Permanent,2021-08-24,,,,HCM_A,2025-12-27,RO,Manager,true,true,true,true,true,false,not_applicable,true,true,,ACP001003,Supply Chain,Manufacturing,Permanent,2021-08-24,,,,HCM_A,2025-12-27,,,1004
ACP001004,BG,Digital,Data,Individual Contributor,Permanent,2021-06-26,,,,HCM_A,2025-12-28,BG,Individual Contributor,true,true,true,true,true,false,not_applicable,true,true,,ACP001004,Digital,Data,Permanent,2021-06-26,,,,HCM_A,2025-12-28,,,1005
ACP001005,RO,Sales,Field Sales,Manager,Fixed Term,2025-01-09,,,,HCM_B,2025-12-29,RO,Manager,true,true,true,true,true,false,not_applicable,true,false,,ACP001005,Sales,Field Sales,Fixed Term,2025-01-09,,,,HCM_B,2025-12-29,,,1006
ACP001006,BG,Finance,Accounting,Individual Contributor,Permanent,2024-03-20,,,,HCM_A,2025-12-30,BG,Individual Contributor,true,true,true,true,true,false,not_applicable,true,true,,ACP001006,Finance,Accounting,Permanent,2024-03-20,,,,HCM_A,2025-12-30,,,1007
ACP001007,RO,Supply Chain,Procurement,Individual Contributor,Permanent,2024-11-25,,,,HCM_A,2025-12-31,RO,Individual Contributor,true,true,true,true,true,false,not_applicable,true,true,,ACP001007,Supply Chain,Procurement,Permanent,2024-11-25,,,,HCM_A,2025-12-31,,,1008
ACP001008,IE,Digital,Software,Manager,Permanent,2023-09-22,2023-11-04,End of Contract,false,HCM_A,2025-12-20,IE,Manager,true,true,true,true,true,false,false,true,true,synthetic_source_recovered,ACP001008,Digital,Software,Permanent,2023-09-22,2023-08-31,Voluntary,true,HCM_A,2025-12-20,termination_date|termination_type|regretted_exit,verified_synthetic_generator_recovery,1009
ACP001009,GR,Supply Chain,Procurement,Manager,Permanent,2020-09-06,,,,HCM_A,2025-12-21,GR,Manager,true,true,true,true,true,false,not_applicable,true,true,,ACP001009,Supply Chain,Procurement,Permanent,2020-09-06,,,,HCM_A,2025-12-21,,,1010
ACP001010,BG,Sales,Commercial Planning,Manager,Permanent,2023-06-05,2025-01-16,End of Contract,false,HCM_B,2025-12-22,BG,Manager,true,true,true,true,true,false,false,true,true,,ACP001010,Sales,Commercial Planning,Permanent,2023-06-05,2025-01-16,End of Contract,false,HCM_B,2025-12-22,,,1011
ACP001011,BG,Sales,Commercial Planning,Manager,Permanent,2025-10-06,,,,HCM_A,2025-12-23,BG,Manager,true,true,true,true,true,false,not_applicable,false,false,,ACP001011,Sales,Commercial Planning,Permanent,2025-10-06,,,,HCM_A,2025-12-23,,,1012
ACP001012,BG,Digital,Product,Senior Leader,Permanent,2023-09-25,2023-12-05,Voluntary,false,HCM_A,2025-12-24,BG,Senior Leader,true,true,true,true,true,true,false,true,true,,ACP001012,Digital,Product,Permanent,2023-09-25,2023-12-05,Voluntary,false,HCM_A,2025-12-24,,,1013
ACP001013,BG,Digital,Product,Individual Contributor,Permanent,2020-06-19,2021-10-22,Involuntary,false,HCM_A,2025-12-25,BG,Individual Contributor,true,true,true,true,true,false,false,true,true,,ACP001013,Digital,Product,Permanent,2020-06-19,2021-10-22,Involuntary,false,HCM_A,2025-12-25,,,1014
ACP001014,IE,Sales,Commercial Planning,Individual Contributor,Permanent,2025-04-28,,,,HCM_A,2025-12-26,IE,Individual Contributor,true,true,true,true,true,false,not_applicable,true,false,,ACP001014,Sales,Commercial Planning,Permanent,2025-04-28,,,,HCM_A,2025-12-26,,,1015
ACP001015,RO,Digital,Product,Individual Contributor,Permanent,2022-01-15,,,,HCM_B,2025-12-27,RO,Individual Contributor,true,true,true,true,true,false,not_applicable,true,true,,ACP001015,Digital,Product,Permanent,2022-01-15,,,,HCM_B,2025-12-27,,,1016
ACP001016,RO,Sales,Key Accounts,Manager,Permanent,2022-05-09,,,,HCM_A,2025-12-28,RO,Manager,true,true,true,true,true,false,not_applicable,true,true,,ACP001016,Sales,Key Accounts,Permanent,2022-05-09,,,,HCM_A,2025-12-28,,,1017
ACP001017,IT,Sales,Key Accounts,Individual Contributor,Permanent,2022-03-23,,,,HCM_A,2025-12-29,IT,Individual Contributor,true,true,true,true,true,false,not_applicable,true,true,,ACP001017,Sales,Key Accounts,Permanent,2022-03-23,,,,HCM_A,2025-12-29,,,1018
ACP001018,PL,Finance,Accounting,Manager,Permanent,2020-02-20,,,,HCM_A,2025-12-30,PL,Manager,true,true,true,true,true,false,not_applicable,true,true,,ACP001018,Finance,Accounting,Permanent,2020-02-20,,,,HCM_A,2025-12-30,,,1019
ACP001019,BG,Supply Chain,Procurement,Individual Contributor,Fixed Term,2020-11-05,2020-11-30,Voluntary,true,HCM_A,2025-12-31,BG,Individual Contributor,true,true,true,true,true,false,true,true,true,,ACP001019,Supply Chain,Procurement,Fixed Term,2020-11-05,2020-11-30,Voluntary,true,HCM_A,2025-12-31,,,1020
ACP001020,GR,Sales,Field Sales,Manager,Permanent,2024-10-31,,,,HCM_B,2025-12-20,GR,Manager,true,true,true,true,true,false,not_applicable,true,true,,ACP001020,Sales,Field Sales,Permanent,2024-10-31,,,,HCM_B,2025-12-20,,,1021
ACP001021,IE,Finance,FP&A,Senior Leader,Permanent,2020-09-19,,,,HCM_A,2025-12-21,IE,Senior Leader,true,true,true,true,true,true,not_applicable,true,true,,ACP001021,Finance,FP&A,Permanent,2020-09-19,,,,HCM_A,2025-12-21,,,1022
ACP001022,PL,Sales,Key Accounts,Manager,Permanent,2024-01-25,2024-06-13,Involuntary,false,HCM_A,2025-12-22,PL,Manager,true,true,true,true,true,false,false,true,true,,ACP001022,Sales,Key Accounts,Permanent,2024-01-25,2024-06-13,Involuntary,false,HCM_A,2025-12-22,,,1023
ACP001023,GR,Supply Chain,Logistics,Manager,Permanent,2023-06-27,2024-05-26,Involuntary,false,HCM_A,2025-12-23,GR,Manager,true,true,true,true,true,false,false,true,true,,ACP001023,Supply Chain,Logistics,Permanent,2023-06-27,2024-05-26,Involuntary,false,HCM_A,2025-12-23,,,1024
ACP001024,IE,Finance,Accounting,Individual Contributor,Permanent,2024-04-29,,,,HCM_A,2025-12-24,IE,Individual Contributor,true,true,true,true,true,false,not_applicable,true,true,,ACP001024,Finance,Accounting,Permanent,2024-04-29,,,,HCM_A,2025-12-24,,,1025
ACP001025,IE,Sales,Field Sales,Senior Leader,Permanent,2024-12-10,2024-12-29,End of Contract,false,HCM_B,2025-12-25,IE,Senior Leader,true,true,true,true,true,true,false,true,true,,ACP001025,Sales,Field Sales,Permanent,2024-12-10,2024-12-29,End of Contract,false,HCM_B,2025-12-25,,,1026
ACP001026,BG,Supply Chain,Procurement,Individual Contributor,Permanent,2025-07-18,,,,HCM_A,2025-12-26,BG,Individual Contributor,true,true,true,true,true,false,not_applicable,false,false,,ACP001026,Supply Chain,Procurement,Permanent,2025-07-18,,,,HCM_A,2025-12-26,,,1027
ACP001027,GR,Digital,Software,Manager,Permanent,2021-09-14,,,,HCM_A,2025-12-27,GR,Manager,true,true,true,true,true,false,not_applicable,true,true,,ACP001027,Digital,Software,Permanent,2021-09-14,,,,HCM_A,2025-12-27,,,1028
ACP001028,BG,Sales,Commercial Planning,Individual Contributor,Permanent,2024-06-30,,,,HCM_A,2025-12-28,BG,Individual Contributor,true,true,true,true,true,false,not_applicable,true,true,,ACP001028,Sales,Commercial Planning,Permanent,2024-06-30,,,,HCM_A,2025-12-28,,,1029
ACP001029,RO,Supply Chain,Manufacturing,Individual Contributor,Permanent,2023-01-10,,,,HCM_A,2025-12-29,RO,Individual Contributor,true,true,true,true,true,false,not_applicable,true,true,,ACP001029,Supply Chain,Manufacturing,Permanent,2023-01-10,,,,HCM_A,2025-12-29,,,1030
ACP001030,IT,Finance,FP&A,Manager,Permanent,2020-10-16,,,,HCM_B,2025-12-30,IT,Sr Mgmt,true,true,true,true,true,false,not_applicable,true,true,synthetic_source_recovered,ACP001030,Finance,FP&A,Permanent,2020-10-16,,,,HCM_B,2025-12-30,career_level,verified_synthetic_generator_recovery,1031
ACP001031,IT,Finance,FP&A,Individual Contributor,Fixed Term,2024-09-26,2025-06-18,End of Contract,false,HCM_A,2025-12-31,IT,Individual Contributor,true,true,true,true,true,false,false,true,true,,ACP001031,Finance,FP&A,Fixed Term,2024-09-26,2025-06-18,End of Contract,false,HCM_A,2025-12-31,,,1032
ACP001032,GR,Finance,Controls,Individual Contributor,Permanent,2022-01-05,,,,HCM_A,2025-12-20,GR,Individual Contributor,true,true,true,true,true,false,not_applicable,true,true,,ACP001032,Finance,Controls,Permanent,2022-01-05,,,,HCM_A,2025-12-20,,,1033
ACP001033,PL,Supply Chain,Procurement,Individual Contributor,Permanent,2020-11-02,,,,HCM_A,2025-12-21,PL,Individual Contributor,true,true,true,true,true,false,not_applicable,true,true,,ACP001033,Supply Chain,Procurement,Permanent,2020-11-02,,,,HCM_A,2025-12-21,,,1034
ACP001034,PL,Supply Chain,Procurement,Senior Leader,Permanent,2023-08-31,,,,HCM_A,2025-12-22,PL,Senior Leader,true,true,true,true,true,true,not_applicable,true,true,,ACP001034,Supply Chain,Procurement,Permanent,2023-08-31,,,,HCM_A,2025-12-22,,,1035
ACP001035,PL,Sales,Key Accounts,Individual Contributor,Permanent,2023-04-07,2023-08-12,Voluntary,true,HCM_B,2025-12-23,PL,Individual Contributor,true,true,true,true,true,false,true,true,true,,ACP001035,Sales,Key Accounts,Permanent,2023-04-07,2023-08-12,Voluntary,true,HCM_B,2025-12-23,,,1036
ACP001036,IE,Digital,Data,Individual Contributor,Fixed Term,2024-03-31,2024-12-25,Voluntary,true,HCM_A,2025-12-24,IE,Individual Contributor,true,true,true,true,true,false,true,true,true,,ACP001036,Digital,Data,Fixed Term,2024-03-31,2024-12-25,Voluntary,true,HCM_A,2025-12-24,,,1037
ACP001037,BG,Supply Chain,Manufacturing,Manager,Permanent,2022-02-04,2022-07-21,Voluntary,false,HCM_A,2025-12-25,BG,Manager,true,true,true,true,true,false,false,true,true,,ACP001037,Supply Chain,Manufacturing,Permanent,2022-02-04,2022-07-21,Voluntary,false,HCM_A,2025-12-25,,,1038
ACP001038,RO,Supply Chain,Manufacturing,Individual Contributor,Permanent,2021-04-02,,,,HCM_A,2025-12-26,RO,Individual Contributor,true,true,true,true,true,false,not_applicable,true,true,,ACP001038,Supply Chain,Manufacturing,Permanent,2021-04-02,,,,HCM_A,2025-12-26,,,1039
ACP001039,IE,Supply Chain,Procurement,Individual Contributor,Permanent,2025-07-11,,,,HCM_A,2025-12-27,IE,Individual Contributor,true,true,true,true,true,false,not_applicable,false,false,,ACP001039,Supply Chain,Procurement,Permanent,2025-07-11,,,,HCM_A,2025-12-27,,,1040
ACP001040,IT,Sales,Field Sales,Manager,Permanent,2023-02-25,,,,HCM_B,2025-12-28,IT,Manager,true,true,true,true,true,false,not_applicable,true,true,,ACP001040,Sales,Field Sales,Permanent,2023-02-25,,,,HCM_B,2025-12-28,,,1041
ACP001041,GR,Finance,FP&A,Manager,Permanent,2022-07-31,,,,HCM_A,2025-12-29,GR,Manager,true,true,true,true,true,false,not_applicable,true,true,,ACP001041,Finance,FP&A,Permanent,2022-07-31,,,,HCM_A,2025-12-29,,,1042
ACP001042,RO,Finance,Accounting,Manager,Fixed Term,2023-02-06,2023-02-25,Voluntary,false,HCM_A,2025-12-30,RO,Manager,true,true,true,true,true,false,false,true,true,,ACP001042,Finance,Accounting,Fixed Term,2023-02-06,2023-02-25,Voluntary,false,HCM_A,2025-12-30,,,1043
ACP001043,BG,Finance,Controls,Individual Contributor,Permanent,2023-11-10,,,,HCM_A,2025-12-31,BG,Individual Contributor,true,true,true,true,true,false,not_applicable,true,true,,ACP001043,Finance,Controls,Permanent,2023-11-10,,,,HCM_A,2025-12-31,,,1044
ACP001044,GR,Sales,Field Sales,Individual Contributor,Permanent,2021-08-15,,,,HCM_A,2025-12-20,GR,Individual Contributor,true,true,true,true,true,false,not_applicable,true,true,,ACP001044,Sales,Field Sales,Permanent,2021-08-15,,,,HCM_A,2025-12-20,,,1045
ACP001045,BG,Digital,Software,Individual Contributor,Permanent,2022-03-19,,,,HCM_B,2025-12-21,BG,Individual Contributor,true,true,true,true,true,false,not_applicable,true,true,,ACP001045,Digital,Software,Permanent,2022-03-19,,,,HCM_B,2025-12-21,,,1046
ACP001046,GR,Supply Chain,Logistics,Individual Contributor,Permanent,2024-11-03,2025-02-25,Involuntary,false,HCM_A,2025-12-22,GR,Individual Contributor,true,true,true,true,true,false,false,true,true,,ACP001046,Supply Chain,Logistics,Permanent,2024-11-03,2025-02-25,Involuntary,false,HCM_A,2025-12-22,,,1047
ACP001047,IT,Digital,Product,Manager,Permanent,2025-11-09,,,,HCM_A,2025-12-23,IT,Manager,true,true,true,true,true,false,not_applicable,false,false,,ACP001047,Digital,Product,Permanent,2025-11-09,,,,HCM_A,2025-12-23,,,1048
ACP001048,RO,Finance,Controls,Senior Leader,Permanent,2020-05-18,2020-10-25,Voluntary,false,HCM_A,2025-12-24,RO,Senior Leader,true,true,true,true,true,true,false,true,true,,ACP001048,Finance,Controls,Permanent,2020-05-18,2020-10-25,Voluntary,false,HCM_A,2025-12-24,,,1049
ACP001049,RO,Digital,Product,Senior Leader,Fixed Term,2024-01-15,,,,HCM_A,2025-12-25,RO,Senior Leader,true,true,true,true,true,true,not_applicable,true,true,,ACP001049,Digital,Product,Fixed Term,2024-01-15,,,,HCM_A,2025-12-25,,,1050
ACP001050,IE,Sales,Key Accounts,Manager,Permanent,2025-04-30,2025-11-14,Voluntary,true,HCM_B,2025-12-26,IE,Manager,true,true,true,true,true,false,true,true,false,,ACP001050,Sales,Key Accounts,Permanent,2025-04-30,2025-11-14,Voluntary,true,HCM_B,2025-12-26,,,1051
ACP001051,GR,Supply Chain,Manufacturing,Individual Contributor,Permanent,2024-03-24,,,,HCM_A,2025-12-27,GR,Individual Contributor,true,true,true,true,true,false,not_applicable,true,true,,ACP001051,Supply Chain,Manufacturing,Permanent,2024-03-24,,,,HCM_A,2025-12-27,,,1052
ACP001052,BG,Sales,Field Sales,Manager,Permanent,2024-09-12,,,,HCM_A,2025-12-28,BG,Manager,true,true,true,true,true,false,not_applicable,true,true,,ACP001052,Sales,Field Sales,Permanent,2024-09-12,,,,HCM_A,2025-12-28,,,1053
ACP001053,IE,Supply Chain,Manufacturing,Manager,Permanent,2024-04-10,,,,HCM_A,2025-12-29,IE,Manager,true,true,true,true,true,false,not_applicable,true,true,,ACP001053,Supply Chain,Manufacturing,Permanent,2024-04-10,,,,HCM_A,2025-12-29,,,1054
ACP001054,IT,Sales,Field Sales,Manager,Permanent,2020-12-13,,,,HCM_A,2025-12-30,IT,Manager,true,true,true,true,true,false,not_applicable,true,true,,ACP001054,Sales,Field Sales,Permanent,2020-12-13,,,,HCM_A,2025-12-30,,,1055
ACP001055,IT,Supply Chain,Procurement,Individual Contributor,Permanent,2023-03-13,2025-06-10,Involuntary,false,HCM_B,2025-12-31,IT,Individual Contributor,true,true,true,true,true,false,false,true,true,,ACP001055,Supply Chain,Procurement,Permanent,2023-03-13,2025-06-10,Involuntary,false,HCM_B,2025-12-31,,,1056
ACP001056,BG,Supply Chain,Manufacturing,Senior Leader,Permanent,2024-02-22,,,,HCM_A,2025-12-20,BG,Senior Leader,true,true,true,true,true,true,not_applicable,true,true,,ACP001056,Supply Chain,Manufacturing,Permanent,2024-02-22,,,,HCM_A,2025-12-20,,,1057
ACP001057,IE,Digital,Product,Individual Contributor,Fixed Term,2024-03-23,2025-07-14,Voluntary,true,HCM_A,2025-12-21,IE,Individual Contributor,true,true,true,true,true,false,true,true,true,,ACP001057,Digital,Product,Fixed Term,2024-03-23,2025-07-14,Voluntary,true,HCM_A,2025-12-21,,,1058
ACP001058,PL,Sales,Commercial Planning,Individual Contributor,Permanent,2021-10-20,,,,HCM_A,2025-12-22,PL,Individual Contributor,true,true,true,true,true,false,not_applicable,true,true,,ACP001058,Sales,Commercial Planning,Permanent,2021-10-20,,,,HCM_A,2025-12-22,,,1059
ACP001059,RO,Finance,Accounting,Manager,Permanent,2022-07-05,,,,HCM_A,2025-12-23,RO,Manager,true,true,true,true,true,false,not_applicable,true,true,,ACP001059,Finance,Accounting,Permanent,2022-07-05,,,,HCM_A,2025-12-23,,,1060
ACP001060,IE,Finance,Accounting,Manager,Permanent,2021-03-10,2021-07-03,Involuntary,false,HCM_B,2025-12-24,IE,Manager,true,true,true,true,true,false,false,true,true,,ACP001060,Finance,Accounting,Permanent,2021-03-10,2021-07-03,Involuntary,false,HCM_B,2025-12-24,,,1061
ACP001061,GR,Finance,FP&A,Individual Contributor,Permanent,2025-02-23,,,,HCM_A,2025-12-25,GR,Individual Contributor,true,true,true,true,true,false,not_applicable,true,false,,ACP001061,Finance,FP&A,Permanent,2025-02-23,,,,HCM_A,2025-12-25,,,1062
ACP001062,RO,Supply Chain,Manufacturing,Manager,Permanent,2023-10-18,,,,HCM_A,2025-12-26,RO,Manager,true,true,true,true,true,false,not_applicable,true,true,,ACP001062,Supply Chain,Manufacturing,Permanent,2023-10-18,,,,HCM_A,2025-12-26,,,1063
ACP001063,GR,Sales,Field Sales,Individual Contributor,Permanent,2020-05-24,,,,HCM_A,2025-12-27,GR,Individual Contributor,true,true,true,true,true,false,not_applicable,true,true,,ACP001063,Sales,Field Sales,Permanent,2020-05-24,,,,HCM_A,2025-12-27,,,1064
ACP001064,GR,Finance,FP&A,Individual Contributor,Permanent,2025-05-26,,,,HCM_A,2025-12-28,GR,Individual Contributor,true,true,true,true,true,false,not_applicable,true,false,,ACP001064,Finance,FP&A,Permanent,2025-05-26,,,,HCM_A,2025-12-28,,,1065
ACP001065,GR,Finance,Accounting,Individual Contributor,Permanent,2022-10-04,,,,HCM_B,2025-12-29,GR,Individual Contributor,true,true,true,true,true,false,not_applicable,true,true,,ACP001065,Finance,Accounting,Permanent,2022-10-04,,,,HCM_B,2025-12-29,,,1066
ACP001066,RO,Supply Chain,Logistics,Senior Leader,Fixed Term,2023-03-01,,,,HCM_A,2025-12-30,RO,Senior Leader,true,true,true,true,true,true,not_applicable,true,true,,ACP001066,Supply Chain,Logistics,Fixed Term,2023-03-01,,,,HCM_A,2025-12-30,,,1067
ACP001067,BG,Finance,Accounting,Individual Contributor,Permanent,2020-08-02,2025-04-19,Voluntary,true,HCM_A,2025-12-31,BG,Individual Contributor,true,true,true,true,true,false,true,true,true,,ACP001067,Finance,Accounting,Permanent,2020-08-02,2025-04-19,Voluntary,true,HCM_A,2025-12-31,,,1068
ACP001068,IE,Supply Chain,Logistics,Senior Leader,Fixed Term,2021-09-11,2022-01-02,Voluntary,true,HCM_A,2025-12-20,IE,Senior Leader,true,true,true,true,true,true,true,true,true,synthetic_source_recovered,ACP001068,Supply Chain,Logistics,Fixed Term,2021-09-11,2022-01-02,Voluntary,,HCM_A,2025-12-20,regretted_exit,verified_synthetic_generator_recovery,1069
ACP001069,IT,Digital,Data,Individual Contributor,Permanent,2025-05-21,,,,HCM_A,2025-12-21,ROM,Individual Contributor,true,true,true,true,true,false,not_applicable,true,false,synthetic_source_recovered,ACP001069,Digital,Data,Permanent,2025-05-21,,,,HCM_A,2025-12-21,country_code,verified_synthetic_generator_recovery,1070
ACP001070,IE,Digital,Data,Manager,Fixed Term,2022-09-05,,,,HCM_B,2025-12-22,IE,Manager,true,true,true,true,true,false,not_applicable,true,true,,ACP001070,Digital,Data,Fixed Term,2022-09-05,,,,HCM_B,2025-12-22,,,1071
ACP001071,PL,Finance,Accounting,Individual Contributor,Fixed Term,2022-12-25,2023-02-24,Involuntary,false,HCM_A,2025-12-23,PL,Individual Contributor,true,true,true,true,true,false,false,true,true,,ACP001071,Finance,Accounting,Fixed Term,2022-12-25,2023-02-24,Involuntary,false,HCM_A,2025-12-23,,,1072
ACP001072,BG,Sales,Key Accounts,Individual Contributor,Permanent,2025-04-15,,,,HCM_A,2025-12-24,BG,Individual Contributor,true,true,true,true,true,false,not_applicable,true,false,,ACP001072,Sales,Key Accounts,Permanent,2025-04-15,,,,HCM_A,2025-12-24,,,1073
ACP001073,BG,Digital,Product,Senior Leader,Permanent,2022-07-18,2022-12-10,End of Contract,false,HCM_A,2025-12-25,BG,Senior Leader,true,true,true,true,true,true,false,true,true,,ACP001073,Digital,Product,Permanent,2022-07-18,2022-12-10,End of Contract,false,HCM_A,2025-12-25,,,1074
ACP001074,GR,Sales,Commercial Planning,Manager,Permanent,2022-11-08,,,,HCM_A,2025-12-26,GR,Manager,true,true,true,true,true,false,not_applicable,true,true,,ACP001074,Sales,Commercial Planning,Permanent,2022-11-08,,,,HCM_A,2025-12-26,,,1075
ACP001075,IE,Digital,Software,Manager,Fixed Term,2022-04-16,2023-02-16,Involuntary,false,HCM_B,2025-12-27,IE,Manager,true,true,true,true,true,false,false,true,true,,ACP001075,Digital,Software,Fixed Term,2022-04-16,2023-02-16,Involuntary,false,HCM_B,2025-12-27,,,1076
ACP001076,GR,Sales,Field Sales,Senior Leader,Permanent,2025-04-22,,,,HCM_A,2025-12-28,GR,Senior Leader,true,true,true,true,true,true,not_applicable,true,false,,ACP001076,Sales,Field Sales,Permanent,2025-04-22,,,,HCM_A,2025-12-28,,,1077
ACP001077,IT,Supply Chain,Procurement,Individual Contributor,Permanent,2020-08-06,2025-10-30,End of Contract,false,HCM_A,2025-12-29,IT,Individual Contributor,true,true,true,true,true,false,false,true,true,,ACP001077,Supply Chain,Procurement,Permanent,2020-08-06,2025-10-30,End of Contract,false,HCM_A,2025-12-29,,,1078
ACP001078,BG,Supply Chain,Manufacturing,Manager,Permanent,2020-10-23,2020-12-07,Voluntary,true,HCM_A,2025-12-30,BG,Manager,true,true,true,true,true,false,true,true,true,,ACP001078,Supply Chain,Manufacturing,Permanent,2020-10-23,2020-12-07,Voluntary,true,HCM_A,2025-12-30,,,1079
ACP001079,RO,Finance,Accounting,Manager,Fixed Term,2020-11-11,2022-07-24,Voluntary,false,HCM_A,2025-12-31,RO,Manager,true,true,true,true,true,false,false,true,true,,ACP001079,Finance,Accounting,Fixed Term,2020-11-11,2022-07-24,Voluntary,false,HCM_A,2025-12-31,,,1080
ACP001080,GR,Supply Chain,Manufacturing,Senior Leader,Permanent,2021-08-25,2022-02-06,Voluntary,false,HCM_B,2025-12-20,GR,Senior Leader,true,true,true,true,true,true,false,true,true,,ACP001080,Supply Chain,Manufacturing,Permanent,2021-08-25,2022-02-06,Voluntary,false,HCM_B,2025-12-20,,,1081
ACP001081,IT,Finance,Accounting,Manager,Fixed Term,2021-07-24,,,,HCM_A,2025-12-21,IT,Manager,true,true,true,true,true,false,not_applicable,true,true,,ACP001081,Finance,Accounting,Fixed Term,2021-07-24,,,,HCM_A,2025-12-21,,,1082
ACP001082,PL,Digital,Data,Manager,Permanent,2025-05-30,,,,HCM_A,2025-12-22,PL,Manager,true,true,true,true,true,false,not_applicable,true,false,,ACP001082,Digital,Data,Permanent,2025-05-30,,,,HCM_A,2025-12-22,,,1083
ACP001083,BG,Sales,Key Accounts,Individual Contributor,Fixed Term,2023-04-17,,,,HCM_A,2025-12-23,BG,Individual Contributor,true,true,true,true,true,false,not_applicable,true,true,,ACP001083,Sales,Key Accounts,Fixed Term,2023-04-17,,,,HCM_A,2025-12-23,,,1084
ACP001084,GR,Finance,FP&A,Manager,Permanent,2023-02-12,,,,HCM_A,2025-12-24,GR,Manager,true,true,true,true,true,false,not_applicable,true,true,,ACP001084,Finance,FP&A,Permanent,2023-02-12,,,,HCM_A,2025-12-24,,,1085
ACP001085,IE,Supply Chain,Manufacturing,Individual Contributor,Permanent,2022-01-13,,,,HCM_B,2025-12-25,IE,Individual Contributor,true,true,true,true,true,false,not_applicable,true,true,,ACP001085,Supply Chain,Manufacturing,Permanent,2022-01-13,,,,HCM_B,2025-12-25,,,1086
ACP001086,IE,Finance,FP&A,Individual Contributor,Permanent,2021-07-02,,,,HCM_A,2025-12-26,IE,Individual Contributor,true,true,true,true,true,false,not_applicable,true,true,,ACP001086,Finance,FP&A,Permanent,2021-07-02,,,,HCM_A,2025-12-26,,,1087
ACP001087,GR,Digital,Data,Individual Contributor,Permanent,2021-10-14,,,,HCM_A,2025-12-27,GR,Individual Contributor,true,true,true,true,true,false,not_applicable,true,true,,ACP001087,Digital,Data,Permanent,2021-10-14,,,,HCM_A,2025-12-27,,,1088
ACP001088,IT,Finance,FP&A,Individual Contributor,Permanent,2021-07-05,2021-09-20,Voluntary,false,HCM_A,2025-12-28,IT,Individual Contributor,true,true,true,true,true,false,false,true,true,,ACP001088,Finance,FP&A,Permanent,2021-07-05,2021-09-20,Voluntary,false,HCM_A,2025-12-28,,,1089
ACP001089,GR,Sales,Key Accounts,Manager,Permanent,2021-10-09,,,,HCM_A,2025-12-29,GR,Manager,true,true,true,true,true,false,not_applicable,true,true,,ACP001089,Sales,Key Accounts,Permanent,2021-10-09,,,,HCM_A,2025-12-29,,,1090
ACP001090,GR,Digital,Data,Individual Contributor,Permanent,2025-02-18,,,,HCM_B,2025-12-30,GR,Individual Contributor,true,true,true,true,true,false,not_applicable,true,false,,ACP001090,Digital,Data,Permanent,2025-02-18,,,,HCM_B,2025-12-30,,,1091
ACP001091,IT,Digital,Software,Individual Contributor,Permanent,2025-09-30,,,,HCM_A,2025-12-31,IT,Individual Contributor,true,true,true,true,true,false,not_applicable,false,false,,ACP001091,Digital,Software,Permanent,2025-09-30,,,,HCM_A,2025-12-31,,,1092
ACP001092,PL,Digital,Data,Manager,Permanent,2025-09-07,,,,HCM_A,2025-12-20,PL,Manager,true,true,true,true,true,false,not_applicable,false,false,,ACP001092,Digital,Data,Permanent,2025-09-07,,,,HCM_A,2025-12-20,,,1093
ACP001093,PL,Sales,Commercial Planning,Individual Contributor,Fixed Term,2022-03-25,2025-06-27,End of Contract,false,HCM_A,2025-12-21,PL,Individual Contributor,true,true,true,true,true,false,false,true,true,,ACP001093,Sales,Commercial Planning,Fixed Term,2022-03-25,2025-06-27,End of Contract,false,HCM_A,2025-12-21,,,1094
ACP001094,RO,Sales,Key Accounts,Manager,Permanent,2021-10-02,,,,HCM_A,2025-12-22,RO,Manager,true,true,true,true,true,false,not_applicable,true,true,,ACP001094,Sales,Key Accounts,Permanent,2021-10-02,,,,HCM_A,2025-12-22,,,1095
ACP001095,BG,Finance,FP&A,Individual Contributor,Permanent,2020-11-07,2022-10-14,Involuntary,false,HCM_B,2025-12-23,BG,Individual Contributor,true,true,true,true,true,false,false,true,true,,ACP001095,Finance,FP&A,Permanent,2020-11-07,2022-10-14,Involuntary,false,HCM_B,2025-12-23,,,1096
ACP001096,IE,Digital,Software,Manager,Permanent,2023-05-02,,,,HCM_A,2025-12-24,IE,Manager,true,true,true,true,true,false,not_applicable,true,true,,ACP001096,Digital,Software,Permanent,2023-05-02,,,,HCM_A,2025-12-24,,,1097
ACP001097,RO,Digital,Data,Individual Contributor,Permanent,2023-03-08,2023-08-20,Voluntary,true,HCM_A,2025-12-25,RO,Individual Contributor,true,true,true,true,true,false,true,true,true,,ACP001097,Digital,Data,Permanent,2023-03-08,2023-08-20,Voluntary,true,HCM_A,2025-12-25,,,1098
ACP001098,BG,Sales,Field Sales,Individual Contributor,Permanent,2024-12-07,2025-12-10,Voluntary,false,HCM_A,2025-12-26,BG,Individual Contributor,true,true,true,true,true,false,false,true,true,,ACP001098,Sales,Field Sales,Permanent,2024-12-07,2025-12-10,Voluntary,false,HCM_A,2025-12-26,,,1099
ACP001099,GR,Sales,Key Accounts,Manager,Permanent,2024-11-30,,,,HCM_A,2025-12-27,GR,Manager,true,true,true,true,true,false,not_applicable,true,true,,ACP001099,Sales,Key Accounts,Permanent,2024-11-30,,,,HCM_A,2025-12-27,,,1100
ACP001100,GR,Supply Chain,Procurement,Manager,Permanent,2020-07-13,2024-10-15,Voluntary,true,HCM_B,2025-12-28,GR,Manager,true,true,true,true,true,false,true,true,true,,ACP001100,Supply Chain,Procurement,Permanent,2020-07-13,2024-10-15,Voluntary,true,HCM_B,2025-12-28,,,1101
ACP001101,BG,Supply Chain,Manufacturing,Manager,Permanent,2025-09-24,,,,HCM_A,2025-12-29,BG,Manager,true,true,true,true,true,false,not_applicable,false,false,,ACP001101,Supply Chain,Manufacturing,Permanent,2025-09-24,,,,HCM_A,2025-12-29,,,1102
ACP001102,IE,Sales,Key Accounts,Senior Leader,Permanent,2020-06-23,2022-10-10,End of Contract,false,HCM_A,2025-12-30,IE,Senior Leader,true,true,true,true,true,true,false,true,true,,ACP001102,Sales,Key Accounts,Permanent,2020-06-23,2022-10-10,End of Contract,false,HCM_A,2025-12-30,,,1103
ACP001103,PL,Digital,Product,Senior Leader,Permanent,2024-06-26,2025-12-06,End of Contract,false,HCM_A,2025-12-31,PL,Senior Leader,true,true,true,true,true,true,false,true,true,,ACP001103,Digital,Product,Permanent,2024-06-26,2025-12-06,End of Contract,false,HCM_A,2025-12-31,,,1104
ACP001104,GR,Finance,Accounting,Individual Contributor,Permanent,2021-11-19,,,,HCM_A,2025-12-20,GR,Individual Contributor,true,true,true,true,true,false,not_applicable,true,true,,ACP001104,Finance,Accounting,Permanent,2021-11-19,,,,HCM_A,2025-12-20,,,1105
ACP001105,IE,Supply Chain,Logistics,Individual Contributor,Permanent,2020-09-07,,,,HCM_B,2025-12-21,IE,Individual Contributor,true,true,true,true,true,false,not_applicable,true,true,,ACP001105,Supply Chain,Logistics,Permanent,2020-09-07,,,,HCM_B,2025-12-21,,,1106
ACP001106,IT,Finance,Controls,Individual Contributor,Fixed Term,2022-02-01,2022-03-29,Voluntary,false,HCM_A,2025-12-22,IT,Individual Contributor,true,true,true,true,true,false,false,true,true,,ACP001106,Finance,Controls,Fixed Term,2022-02-01,2022-03-29,Voluntary,false,HCM_A,2025-12-22,,,1107
ACP001107,BG,Sales,Field Sales,Individual Contributor,Permanent,2024-03-20,2025-06-23,Voluntary,true,HCM_A,2025-12-23,BG,Individual Contributor,true,true,true,true,true,false,true,true,true,,ACP001107,Sales,Field Sales,Permanent,2024-03-20,2025-06-23,Voluntary,true,HCM_A,2025-12-23,,,1108
ACP001108,IT,Finance,Accounting,Individual Contributor,Permanent,2020-05-03,,,,HCM_A,2025-12-24,IT,Individual Contributor,true,true,true,true,true,false,not_applicable,true,true,,ACP001108,Finance,Accounting,Permanent,2020-05-03,,,,HCM_A,2025-12-24,,,1109
ACP001109,PL,Supply Chain,Procurement,Manager,Permanent,2020-02-11,,,,HCM_A,2025-12-25,PL,Manager,true,true,true,true,true,false,not_applicable,true,true,,ACP001109,Supply Chain,Procurement,Permanent,2020-02-11,,,,HCM_A,2025-12-25,,,1110
ACP001110,RO,Digital,Data,Individual Contributor,Permanent,2023-06-01,2024-09-12,Voluntary,false,HCM_B,2025-12-26,RO,Individual Contributor,true,true,true,true,true,false,false,true,true,,ACP001110,Digital,Data,Permanent,2023-06-01,2024-09-12,Voluntary,false,HCM_B,2025-12-26,,,1111
ACP001111,IT,Sales,Field Sales,Senior Leader,Permanent,2020-05-10,,,,HCM_A,2025-12-27,IT,Senior Leader,true,true,true,true,true,true,not_applicable,true,true,,ACP001111,Sales,Field Sales,Permanent,2020-05-10,,,,HCM_A,2025-12-27,,,1112
ACP001112,IE,Supply Chain,Logistics,Individual Contributor,Fixed Term,2023-05-04,,,,HCM_A,2025-12-28,,Individual Contributor,true,true,true,true,true,false,not_applicable,true,true,synthetic_source_recovered,ACP001112,Supply Chain,Logistics,Fixed Term,2023-05-04,,,,HCM_A,2025-12-28,country_code,verified_synthetic_generator_recovery,1113
ACP001113,RO,Finance,Controls,Manager,Permanent,2020-01-29,,,,HCM_A,2025-12-29,RO,Manager,true,true,true,true,true,false,not_applicable,true,true,,ACP001113,Finance,Controls,Permanent,2020-01-29,,,,HCM_A,2025-12-29,,,1114
ACP001114,GR,Sales,Field Sales,Individual Contributor,Fixed Term,2023-05-04,2023-10-05,End of Contract,false,HCM_A,2025-12-30,GR,Individual Contributor,true,true,true,true,true,false,false,true,true,,ACP001114,Sales,Field Sales,Fixed Term,2023-05-04,2023-10-05,End of Contract,false,HCM_A,2025-12-30,,,1115
ACP001115,RO,Finance,Controls,Manager,Fixed Term,2023-11-26,2024-03-10,Voluntary,false,HCM_B,2025-12-31,RO,Manager,true,true,true,true,true,false,false,true,true,,ACP001115,Finance,Controls,Fixed Term,2023-11-26,2024-03-10,Voluntary,false,HCM_B,2025-12-31,,,1116
ACP001116,BG,Supply Chain,Logistics,Individual Contributor,Permanent,2024-11-25,,,,HCM_A,2025-12-20,BG,Individual Contributor,true,true,true,true,true,false,not_applicable,true,true,,ACP001116,Supply Chain,Logistics,Permanent,2024-11-25,,,,HCM_A,2025-12-20,,,1117
ACP001117,IT,Supply Chain,Logistics,Manager,Permanent,2024-09-03,2025-08-19,Voluntary,true,HCM_A,2025-12-21,IT,Manager,true,true,true,true,true,false,true,true,true,,ACP001117,Supply Chain,Logistics,Permanent,2024-09-03,2025-08-19,Voluntary,true,HCM_A,2025-12-21,,,1118
ACP001118,GR,Sales,Key Accounts,Individual Contributor,Permanent,2023-05-02,2023-10-02,Voluntary,false,HCM_A,2025-12-22,GR,Individual Contributor,true,true,true,true,true,false,false,true,true,,ACP001118,Sales,Key Accounts,Permanent,2023-05-02,2023-10-02,Voluntary,false,HCM_A,2025-12-22,,,1119
ACP001119,GR,Supply Chain,Logistics,Individual Contributor,Permanent,2020-01-16,2020-12-09,Voluntary,false,HCM_A,2025-12-23,GR,Individual Contributor,true,true,true,true,true,false,false,true,true,,ACP001119,Supply Chain,Logistics,Permanent,2020-01-16,2020-12-09,Voluntary,false,HCM_A,2025-12-23,,,1120
ACP001120,IT,Supply Chain,Manufacturing,Senior Leader,Permanent,2022-02-15,,,,HCM_B,2025-12-24,IT,Senior Leader,true,true,true,true,true,true,not_applicable,true,true,,ACP001120,Supply Chain,Manufacturing,Permanent,2022-02-15,,,,HCM_B,2025-12-24,,,1121
ACP001121,BG,Digital,Product,Manager,Permanent,2021-11-30,,,,HCM_A,2025-12-25,BG,Manager,true,true,true,true,true,false,not_applicable,true,true,,ACP001121,Digital,Product,Permanent,2021-11-30,,,,HCM_A,2025-12-25,,,1122
ACP001122,BG,Digital,Data,Manager,Permanent,2021-12-09,,,,HCM_A,2025-12-26,BG,Manager,true,true,true,true,true,false,not_applicable,true,true,,ACP001122,Digital,Data,Permanent,2021-12-09,,,,HCM_A,2025-12-26,,,1123
ACP001123,IE,Sales,Key Accounts,Individual Contributor,Permanent,2020-10-21,,,,HCM_A,2025-12-27,IE,Individual Contributor,true,true,true,true,true,false,not_applicable,true,true,,ACP001123,Sales,Key Accounts,Permanent,2020-10-21,,,,HCM_A,2025-12-27,,,1124
ACP001124,BG,Finance,Accounting,Senior Leader,Permanent,2025-06-28,,,,HCM_A,2025-12-28,BG,Senior Leader,true,true,true,true,true,true,not_applicable,true,false,,ACP001124,Finance,Accounting,Permanent,2025-06-28,,,,HCM_A,2025-12-28,,,1125
ACP001125,GR,Supply Chain,Manufacturing,Manager,Permanent,2022-07-05,,,,HCM_B,2025-12-29,GR,Manager,true,true,true,true,true,false,not_applicable,true,true,,ACP001125,Supply Chain,Manufacturing,Permanent,2022-07-05,,,,HCM_B,2025-12-29,,,1126
ACP001126,IE,Digital,Data,Manager,Permanent,2022-07-30,,,,HCM_A,2025-12-30,IE,Manager,true,true,true,true,true,false,not_applicable,true,true,,ACP001126,Digital,Data,Permanent,2022-07-30,,,,HCM_A,2025-12-30,,,1127
ACP001127,BG,Sales,Key Accounts,Manager,Permanent,2020-08-05,2021-05-20,Involuntary,false,HCM_A,2025-12-31,BG,Manager,true,true,true,true,true,false,false,true,true,,ACP001127,Sales,Key Accounts,Permanent,2020-08-05,2021-05-20,Involuntary,false,HCM_A,2025-12-31,,,1128
ACP001128,PL,Supply Chain,Logistics,Manager,Permanent,2022-05-03,,,,HCM_A,2025-12-20,PL,Manager,true,true,true,true,true,false,not_applicable,true,true,,ACP001128,Supply Chain,Logistics,Permanent,2022-05-03,,,,HCM_A,2025-12-20,,,1129
ACP001129,GR,Finance,Accounting,Senior Leader,Permanent,2023-02-02,2024-11-06,Involuntary,false,HCM_A,2025-12-21,GR,Senior Leader,true,true,true,true,true,true,false,true,true,,ACP001129,Finance,Accounting,Permanent,2023-02-02,2024-11-06,Involuntary,false,HCM_A,2025-12-21,,,1130
ACP001130,IE,Sales,Key Accounts,Individual Contributor,Fixed Term,2022-09-20,,,,HCM_B,2025-12-22,IE,Individual Contributor,true,true,true,true,true,false,not_applicable,true,true,,ACP001130,Sales,Key Accounts,Fixed Term,2022-09-20,,,,HCM_B,2025-12-22,,,1131
ACP001131,IT,Sales,Key Accounts,Individual Contributor,Permanent,2021-02-09,2021-06-29,Involuntary,false,HCM_A,2025-12-23,IT,Individual Contributor,true,true,true,true,true,false,false,true,true,,ACP001131,Sales,Key Accounts,Permanent,2021-02-09,2021-06-29,Involuntary,false,HCM_A,2025-12-23,,,1132
ACP001132,IE,Sales,Key Accounts,Manager,Fixed Term,2023-09-02,2025-11-30,Voluntary,true,HCM_A,2025-12-24,IE,Manager,true,true,true,true,true,false,true,true,true,,ACP001132,Sales,Key Accounts,Fixed Term,2023-09-02,2025-11-30,Voluntary,true,HCM_A,2025-12-24,,,1133
ACP001133,IT,Digital,Product,Senior Leader,Permanent,2021-12-04,,,,HCM_A,2025-12-25,IT,Senior Leader,true,true,true,true,true,true,not_applicable,true,true,,ACP001133,Digital,Product,Permanent,2021-12-04,,,,HCM_A,2025-12-25,,,1134
ACP001134,PL,Supply Chain,Procurement,Manager,Permanent,2023-07-15,2023-09-21,Voluntary,false,HCM_A,2025-12-26,PL,Manager,true,true,true,true,true,false,false,true,true,,ACP001134,Supply Chain,Procurement,Permanent,2023-07-15,2023-09-21,Voluntary,false,HCM_A,2025-12-26,,,1135
ACP001135,IE,Digital,Data,Individual Contributor,Permanent,2020-06-03,,,,HCM_B,2025-12-27,IE,Individual Contributor,true,true,true,true,true,false,not_applicable,true,true,,ACP001135,Digital,Data,Permanent,2020-06-03,,,,HCM_B,2025-12-27,,,1136
ACP001136,PL,Sales,Key Accounts,Manager,Fixed Term,2020-02-04,2020-06-05,End of Contract,false,HCM_A,2025-12-28,PL,Manager,true,true,true,true,true,false,false,true,true,,ACP001136,Sales,Key Accounts,Fixed Term,2020-02-04,2020-06-05,End of Contract,false,HCM_A,2025-12-28,,,1137
ACP001137,BG,Finance,FP&A,Manager,Permanent,2025-07-09,2025-07-25,Voluntary,false,HCM_A,2025-12-29,BG,Manager,true,true,true,true,true,false,false,false,false,,ACP001137,Finance,FP&A,Permanent,2025-07-09,2025-07-25,Voluntary,false,HCM_A,2025-12-29,,,1138
ACP001138,IT,Sales,Key Accounts,Individual Contributor,Fixed Term,2025-02-28,2025-10-13,Involuntary,false,HCM_A,2025-12-30,IT,Individual Contributor,true,true,true,true,true,false,false,true,false,,ACP001138,Sales,Key Accounts,Fixed Term,2025-02-28,2025-10-13,Involuntary,false,HCM_A,2025-12-30,,,1139
ACP001139,IE,Finance,Controls,Senior Leader,Permanent,2022-12-13,2025-04-01,Voluntary,true,HCM_A,2025-12-31,IE,Senior Leader,true,true,true,true,true,true,true,true,true,,ACP001139,Finance,Controls,Permanent,2022-12-13,2025-04-01,Voluntary,true,HCM_A,2025-12-31,,,1140
ACP001140,IT,Finance,Controls,Individual Contributor,Permanent,2022-06-29,,,,HCM_B,2025-12-20,IT,Individual Contributor,true,true,true,true,true,false,not_applicable,true,true,,ACP001140,Finance,Controls,Permanent,2022-06-29,,,,HCM_B,2025-12-20,,,1141
ACP001141,RO,Finance,FP&A,Individual Contributor,Permanent,2024-02-03,,,,HCM_A,2025-12-21,RO,Individual Contributor,true,true,true,true,true,false,not_applicable,true,true,,ACP001141,Finance,FP&A,Permanent,2024-02-03,,,,HCM_A,2025-12-21,,,1142
ACP001142,BG,Sales,Commercial Planning,Manager,Permanent,2023-12-22,,,,HCM_A,2025-12-22,BG,Manager,true,true,true,true,true,false,not_applicable,true,true,,ACP001142,Sales,Commercial Planning,Permanent,2023-12-22,,,,HCM_A,2025-12-22,,,1143
ACP001143,GR,Sales,Commercial Planning,Manager,Permanent,2020-03-30,,,,HCM_A,2025-12-23,GR,Manager,true,true,true,true,true,false,not_applicable,true,true,,ACP001143,Sales,Commercial Planning,Permanent,2020-03-30,,,,HCM_A,2025-12-23,,,1144
ACP001144,RO,Sales,Commercial Planning,Senior Leader,Permanent,2020-08-09,,,,HCM_A,2025-12-24,RO,Senior Leader,true,true,true,true,true,true,not_applicable,true,true,,ACP001144,Sales,Commercial Planning,Permanent,2020-08-09,,,,HCM_A,2025-12-24,,,1145
ACP001145,GR,Digital,Data,Individual Contributor,Permanent,2024-12-19,2025-12-26,End of Contract,false,HCM_B,2025-12-25,GR,Individual Contributor,true,true,true,true,true,false,false,true,true,,ACP001145,Digital,Data,Permanent,2024-12-19,2025-12-26,End of Contract,false,HCM_B,2025-12-25,,,1146
ACP001146,PL,Supply Chain,Manufacturing,Manager,Permanent,2024-03-23,,,,HCM_A,2025-12-26,PL,Manager,true,true,true,true,true,false,not_applicable,true,true,,ACP001146,Supply Chain,Manufacturing,Permanent,2024-03-23,,,,HCM_A,2025-12-26,,,1147
ACP001147,RO,Supply Chain,Manufacturing,Senior Leader,Fixed Term,2021-02-28,2021-08-25,Voluntary,true,HCM_A,2025-12-27,RO,Senior Leader,true,true,true,true,true,true,true,true,true,,ACP001147,Supply Chain,Manufacturing,Fixed Term,2021-02-28,2021-08-25,Voluntary,true,HCM_A,2025-12-27,,,1148
ACP001148,GR,Digital,Product,Individual Contributor,Permanent,2023-08-16,,,,HCM_A,2025-12-28,GR,Individual Contributor,true,true,true,true,true,false,not_applicable,true,true,,ACP001148,Digital,Product,Permanent,2023-08-16,,,,HCM_A,2025-12-28,,,1149
ACP001149,PL,Finance,Accounting,Individual Contributor,Fixed Term,2025-09-06,,,,HCM_A,2025-12-29,PL,Individual Contributor,true,true,true,true,true,false,not_applicable,false,false,,ACP001149,Finance,Accounting,Fixed Term,2025-09-06,,,,HCM_A,2025-12-29,,,1150
ACP001150,RO,Finance,Accounting,Individual Contributor,Permanent,2022-07-04,,,,HCM_B,2025-12-30,RO,Individual Contributor,true,true,true,true,true,false,not_applicable,true,true,,ACP001150,Finance,Accounting,Permanent,2022-07-04,,,,HCM_B,2025-12-30,,,1151
ACP001151,GR,Digital,Data,Manager,Permanent,2025-08-17,,,,HCM_A,2025-12-31,GR,Manager,true,true,true,true,true,false,not_applicable,false,false,,ACP001151,Digital,Data,Permanent,2025-08-17,,,,HCM_A,2025-12-31,,,1152
ACP001152,GR,Finance,Accounting,Manager,Permanent,2023-08-29,,,,HCM_A,2025-12-20,GR,Manager,true,true,true,true,true,false,not_applicable,true,true,,ACP001152,Finance,Accounting,Permanent,2023-08-29,,,,HCM_A,2025-12-20,,,1153
ACP001153,RO,Digital,Data,Manager,Fixed Term,2024-07-21,,,,HCM_A,2025-12-21,RO,Manager,true,true,true,true,true,false,not_applicable,true,true,,ACP001153,Digital,Data,Fixed Term,2024-07-21,,,,HCM_A,2025-12-21,,,1154
ACP001154,BG,Sales,Commercial Planning,Manager,Permanent,2024-02-03,,,,HCM_A,2025-12-22,BG,Manager,true,true,true,true,true,false,not_applicable,true,true,,ACP001154,Sales,Commercial Planning,Permanent,2024-02-03,,,,HCM_A,2025-12-22,,,1155
ACP001155,IT,Supply Chain,Procurement,Senior Leader,Fixed Term,2023-04-04,2025-01-11,End of Contract,false,HCM_B,2025-12-23,IT,Senior Leader,true,true,true,true,true,true,false,true,true,,ACP001155,Supply Chain,Procurement,Fixed Term,2023-04-04,2025-01-11,End of Contract,false,HCM_B,2025-12-23,,,1156
ACP001156,GR,Sales,Field Sales,Manager,Fixed Term,2022-06-19,,,,HCM_A,2025-12-24,GR,Manager,true,true,true,true,true,false,not_applicable,true,true,,ACP001156,Sales,Field Sales,Fixed Term,2022-06-19,,,,HCM_A,2025-12-24,,,1157
ACP001157,BG,Finance,FP&A,Senior Leader,Permanent,2020-04-09,,,,HCM_A,2025-12-25,BG,Senior Leader,true,true,true,true,true,true,not_applicable,true,true,synthetic_source_recovered,ACP001157,Finance,FP&A,Permanent,2020-04-09,2020-07-08,,,HCM_A,2025-12-25,termination_date,verified_synthetic_generator_recovery,1158
ACP001158,GR,Sales,Commercial Planning,Individual Contributor,Permanent,2021-02-19,,,,HCM_A,2025-12-26,GR,Individual Contributor,true,true,true,true,true,false,not_applicable,true,true,,ACP001158,Sales,Commercial Planning,Permanent,2021-02-19,,,,HCM_A,2025-12-26,,,1159
ACP001159,RO,Finance,Accounting,Individual Contributor,Permanent,2025-03-07,2025-05-13,Voluntary,false,HCM_A,2025-12-27,RO,Individual Contributor,true,true,true,true,true,false,false,true,false,,ACP001159,Finance,Accounting,Permanent,2025-03-07,2025-05-13,Voluntary,false,HCM_A,2025-12-27,,,1160
ACP001160,BG,Digital,Data,Individual Contributor,Permanent,2024-03-21,,,,HCM_B,2025-12-28,BG,Individual Contributor,true,true,true,true,true,false,not_applicable,true,true,,ACP001160,Digital,Data,Permanent,2024-03-21,,,,HCM_B,2025-12-28,,,1161
ACP001161,RO,Finance,Accounting,Manager,Permanent,2023-09-11,,,,HCM_A,2025-12-29,RO,Manager,true,true,true,true,true,false,not_applicable,true,true,,ACP001161,Finance,Accounting,Permanent,2023-09-11,,,,HCM_A,2025-12-29,,,1162
ACP001162,BG,Finance,Accounting,Individual Contributor,Permanent,2020-10-30,,,,HCM_A,2025-12-30,BG,Individual Contributor,true,true,true,true,true,false,not_applicable,true,true,,ACP001162,Finance,Accounting,Permanent,2020-10-30,,,,HCM_A,2025-12-30,,,1163
ACP001163,IT,Digital,Data,Manager,Permanent,2025-11-23,,,,HCM_A,2025-12-31,IT,Manager,true,true,true,true,true,false,not_applicable,false,false,,ACP001163,Digital,Data,Permanent,2025-11-23,,,,HCM_A,2025-12-31,,,1164
ACP001164,BG,Digital,Product,Individual Contributor,Permanent,2024-08-28,2024-11-25,Involuntary,false,HCM_A,2025-12-20,BG,Individual Contributor,true,true,true,true,true,false,false,true,true,,ACP001164,Digital,Product,Permanent,2024-08-28,2024-11-25,Involuntary,false,HCM_A,2025-12-20,,,1165
ACP001165,PL,Finance,Accounting,Individual Contributor,Permanent,2020-06-19,,,,HCM_B,2025-12-21,PL,Individual Contributor,true,true,true,true,true,false,not_applicable,true,true,,ACP001165,Finance,Accounting,Permanent,2020-06-19,,,,HCM_B,2025-12-21,,,1166
ACP001166,IT,Sales,Key Accounts,Individual Contributor,Permanent,2020-11-10,,,,HCM_A,2025-12-22,IT,Individual Contributor,true,true,true,true,true,false,not_applicable,true,true,,ACP001166,Sales,Key Accounts,Permanent,2020-11-10,,,,HCM_A,2025-12-22,,,1167
ACP001167,GR,Finance,Accounting,Manager,Permanent,2024-07-13,2025-11-25,Voluntary,false,HCM_A,2025-12-23,GR,Manager,true,true,true,true,true,false,false,true,true,,ACP001167,Finance,Accounting,Permanent,2024-07-13,2025-11-25,Voluntary,false,HCM_A,2025-12-23,,,1168
ACP001168,PL,Supply Chain,Logistics,Senior Leader,Permanent,2023-05-10,,,,HCM_A,2025-12-24,PL,Senior Leader,true,true,true,true,true,true,not_applicable,true,true,,ACP001168,Supply Chain,Logistics,Permanent,2023-05-10,,,,HCM_A,2025-12-24,,,1169
ACP001169,IE,Supply Chain,Manufacturing,Individual Contributor,Fixed Term,2020-03-21,,,,HCM_A,2025-12-25,IE,Individual Contributor,true,true,true,true,true,false,not_applicable,true,true,,ACP001169,Supply Chain,Manufacturing,Fixed Term,2020-03-21,,,,HCM_A,2025-12-25,,,1170
ACP001170,PL,Supply Chain,Procurement,Manager,Fixed Term,2025-06-06,2025-08-20,Voluntary,false,HCM_B,2025-12-26,PL,Manager,true,true,true,true,true,false,false,true,false,,ACP001170,Supply Chain,Procurement,Fixed Term,2025-06-06,2025-08-20,Voluntary,false,HCM_B,2025-12-26,,,1171
ACP001171,PL,Finance,Accounting,Manager,Fixed Term,2021-01-16,,,,HCM_A,2025-12-27,PL,Manager,true,true,true,true,true,false,not_applicable,true,true,,ACP001171,Finance,Accounting,Fixed Term,2021-01-16,,,,HCM_A,2025-12-27,,,1172
ACP001172,GR,Sales,Key Accounts,Manager,Permanent,2024-12-21,,,,HCM_A,2025-12-28,GR,Manager,true,true,true,true,true,false,not_applicable,true,true,,ACP001172,Sales,Key Accounts,Permanent,2024-12-21,,,,HCM_A,2025-12-28,,,1173
ACP001173,RO,Sales,Field Sales,Individual Contributor,Permanent,2024-10-07,2025-06-19,Voluntary,false,HCM_A,2025-12-29,RO,Individual Contributor,true,true,true,true,true,false,false,true,true,,ACP001173,Sales,Field Sales,Permanent,2024-10-07,2025-06-19,Voluntary,false,HCM_A,2025-12-29,,,1174
ACP001174,IE,Digital,Product,Individual Contributor,Fixed Term,2023-03-17,,,,HCM_A,2025-12-30,IE,Individual Contributor,true,true,true,true,true,false,not_applicable,true,true,,ACP001174,Digital,Product,Fixed Term,2023-03-17,,,,HCM_A,2025-12-30,,,1175
ACP001175,IT,Supply Chain,Manufacturing,Individual Contributor,Permanent,2021-03-14,2022-01-04,Voluntary,false,HCM_B,2025-12-31,IT,Individual Contributor,true,true,true,true,true,false,false,true,true,,ACP001175,Supply Chain,Manufacturing,Permanent,2021-03-14,2022-01-04,Voluntary,false,HCM_B,2025-12-31,,,1176
ACP001176,IE,Finance,Accounting,Individual Contributor,Permanent,2025-11-04,,,,HCM_A,2025-12-20,IE,Individual Contributor,true,true,true,true,true,false,not_applicable,false,false,,ACP001176,Finance,Accounting,Permanent,2025-11-04,,,,HCM_A,2025-12-20,,,1177
ACP001177,BG,Supply Chain,Logistics,Senior Leader,Permanent,2025-04-06,,,,HCM_A,2025-12-21,BG,Senior Leader,true,true,true,true,true,true,not_applicable,true,false,,ACP001177,Supply Chain,Logistics,Permanent,2025-04-06,,,,HCM_A,2025-12-21,,,1178
ACP001178,IT,Sales,Commercial Planning,Manager,Permanent,2021-05-06,2024-05-31,End of Contract,false,HCM_A,2025-12-22,IT,Manager,true,true,true,true,true,false,false,true,true,,ACP001178,Sales,Commercial Planning,Permanent,2021-05-06,2024-05-31,End of Contract,false,HCM_A,2025-12-22,,,1179
ACP001179,BG,Digital,Data,Senior Leader,Permanent,2023-10-16,2024-01-24,Voluntary,true,HCM_A,2025-12-23,BG,Senior Leader,true,true,true,true,true,true,true,true,true,,ACP001179,Digital,Data,Permanent,2023-10-16,2024-01-24,Voluntary,true,HCM_A,2025-12-23,,,1180
ACP001180,PL,Digital,Data,Individual Contributor,Permanent,2020-05-29,2020-08-02,End of Contract,false,HCM_B,2025-12-24,PL,Individual Contributor,true,true,true,true,true,false,false,true,true,,ACP001180,Digital,Data,Permanent,2020-05-29,2020-08-02,End of Contract,false,HCM_B,2025-12-24,,,1181
ACP001181,RO,Finance,FP&A,Individual Contributor,Permanent,2022-04-13,,,,HCM_A,2025-12-25,RO,Individual Contributor,true,true,true,true,true,false,not_applicable,true,true,,ACP001181,Finance,FP&A,Permanent,2022-04-13,,,,HCM_A,2025-12-25,,,1182
ACP001182,RO,Finance,Accounting,Individual Contributor,Fixed Term,2020-04-07,2020-08-01,End of Contract,false,HCM_A,2025-12-26,RO,Individual Contributor,true,true,true,true,true,false,false,true,true,,ACP001182,Finance,Accounting,Fixed Term,2020-04-07,2020-08-01,End of Contract,false,HCM_A,2025-12-26,,,1183
ACP001183,GR,Digital,Product,Individual Contributor,Permanent,2024-04-05,2025-08-07,Voluntary,true,HCM_A,2025-12-27,GR,Individual Contributor,true,true,true,true,true,false,true,true,true,,ACP001183,Digital,Product,Permanent,2024-04-05,2025-08-07,Voluntary,true,HCM_A,2025-12-27,,,1184
ACP001184,PL,Digital,Software,Manager,Permanent,2022-11-09,,,,HCM_A,2025-12-28,PL,Manager,true,true,true,true,true,false,not_applicable,true,true,,ACP001184,Digital,Software,Permanent,2022-11-09,,,,HCM_A,2025-12-28,,,1185
ACP001185,BG,Supply Chain,Manufacturing,Senior Leader,Permanent,2021-10-09,2021-10-23,Involuntary,false,HCM_B,2025-12-29,BG,Senior Leader,true,true,true,true,true,true,false,true,true,,ACP001185,Supply Chain,Manufacturing,Permanent,2021-10-09,2021-10-23,Involuntary,false,HCM_B,2025-12-29,,,1186
ACP001186,BG,Digital,Software,Individual Contributor,Permanent,2024-04-14,2024-08-21,Involuntary,false,HCM_A,2025-12-30,BG,Individual Contributor,true,true,true,true,true,false,false,true,true,,ACP001186,Digital,Software,Permanent,2024-04-14,2024-08-21,Involuntary,false,HCM_A,2025-12-30,,,1187
ACP001187,IT,Sales,Key Accounts,Senior Leader,Permanent,2021-10-04,,,,HCM_A,2025-12-31,IT,Senior Leader,true,true,true,true,true,true,not_applicable,true,true,,ACP001187,Sales,Key Accounts,Permanent,2021-10-04,,,,HCM_A,2025-12-31,,,1188
ACP001188,RO,Sales,Commercial Planning,Manager,Permanent,2021-09-01,,,,HCM_A,2025-12-20,RO,Manager,true,true,true,true,true,false,not_applicable,true,true,,ACP001188,Sales,Commercial Planning,Permanent,2021-09-01,,,,HCM_A,2025-12-20,,,1189
ACP001189,RO,Supply Chain,Logistics,Individual Contributor,Permanent,2023-08-23,,,,HCM_A,2025-12-21,RO,Individual Contributor,true,true,true,true,true,false,not_applicable,true,true,,ACP001189,Supply Chain,Logistics,Permanent,2023-08-23,,,,HCM_A,2025-12-21,,,1190
ACP001190,GR,Digital,Software,Individual Contributor,Permanent,2020-12-20,2021-06-26,Involuntary,false,HCM_B,2025-12-22,GR,Individual Contributor,true,true,true,true,true,false,false,true,true,,ACP001190,Digital,Software,Permanent,2020-12-20,2021-06-26,Involuntary,false,HCM_B,2025-12-22,,,1191
ACP001191,GR,Digital,Product,Manager,Permanent,2020-01-14,,,,HCM_A,2025-12-23,GR,Manager,true,true,true,true,true,false,not_applicable,true,true,,ACP001191,Digital,Product,Permanent,2020-01-14,,,,HCM_A,2025-12-23,,,1192
ACP001192,IT,Sales,Field Sales,Manager,Permanent,2021-11-25,,,,HCM_A,2025-12-24,IT,Manager,true,true,true,true,true,false,not_applicable,true,true,,ACP001192,Sales,Field Sales,Permanent,2021-11-25,,,,HCM_A,2025-12-24,,,1193
ACP001193,BG,Digital,Data,Senior Leader,Permanent,2024-07-05,,,,HCM_A,2025-12-25,BG,Senior Leader,true,true,true,true,true,true,not_applicable,true,true,,ACP001193,Digital,Data,Permanent,2024-07-05,,,,HCM_A,2025-12-25,,,1194
ACP001194,BG,Supply Chain,Procurement,Individual Contributor,Permanent,2023-01-06,,,,HCM_A,2025-12-26,BG,Individual Contributor,true,true,true,true,true,false,not_applicable,true,true,,ACP001194,Supply Chain,Procurement,Permanent,2023-01-06,,,,HCM_A,2025-12-26,,,1195
ACP001195,BG,Digital,Data,Manager,Permanent,2024-07-20,,,,HCM_B,2025-12-27,BG,Manager,true,true,true,true,true,false,not_applicable,true,true,,ACP001195,Digital,Data,Permanent,2024-07-20,,,,HCM_B,2025-12-27,,,1196
ACP001196,IE,Sales,Commercial Planning,Manager,Permanent,2024-12-25,,,,HCM_A,2025-12-28,IE,Manager,true,true,true,true,true,false,not_applicable,true,true,,ACP001196,Sales,Commercial Planning,Permanent,2024-12-25,,,,HCM_A,2025-12-28,,,1197
ACP001197,GR,Digital,Data,Individual Contributor,Permanent,2025-07-13,2025-10-23,End of Contract,false,HCM_A,2025-12-29,GR,Individual Contributor,true,true,true,true,true,false,false,false,false,,ACP001197,Digital,Data,Permanent,2025-07-13,2025-10-23,End of Contract,false,HCM_A,2025-12-29,,,1198
ACP001198,GR,Sales,Key Accounts,Manager,Permanent,2020-08-06,,,,HCM_A,2025-12-30,GR,Manager,true,true,true,true,true,false,not_applicable,true,true,,ACP001198,Sales,Key Accounts,Permanent,2020-08-06,,,,HCM_A,2025-12-30,,,1199
ACP001199,BG,Digital,Product,Manager,Permanent,2020-02-28,2020-11-27,Involuntary,false,HCM_A,2025-12-31,BG,Manager,true,true,true,true,true,false,false,true,true,,ACP001199,Digital,Product,Permanent,2020-02-28,2020-11-27,Involuntary,false,HCM_A,2025-12-31,,,1200
ACP001200,RO,Supply Chain,Logistics,Manager,Permanent,2021-01-18,,,,HCM_B,2025-12-20,RO,Manager,true,true,true,true,true,false,not_applicable,true,true,,ACP001200,Supply Chain,Logistics,Permanent,2021-01-18,,,,HCM_B,2025-12-20,,,1201
ACP001201,RO,Sales,Field Sales,Individual Contributor,Fixed Term,2022-10-05,,,,HCM_A,2025-12-21,RO,Individual Contributor,true,true,true,true,true,false,not_applicable,true,true,,ACP001201,Sales,Field Sales,Fixed Term,2022-10-05,,,,HCM_A,2025-12-21,,,1202
ACP001202,IT,Finance,Accounting,Manager,Permanent,2020-07-06,,,,HCM_A,2025-12-22,IT,Manager,true,true,true,true,true,false,not_applicable,true,true,,ACP001202,Finance,Accounting,Permanent,2020-07-06,,,,HCM_A,2025-12-22,,,1203
ACP001203,IT,Supply Chain,Procurement,Manager,Permanent,2022-05-18,,,,HCM_A,2025-12-23,IT,Manager,true,true,true,true,true,false,not_applicable,true,true,,ACP001203,Supply Chain,Procurement,Permanent,2022-05-18,,,,HCM_A,2025-12-23,,,1204
ACP001204,RO,Sales,Field Sales,Manager,Permanent,2021-08-13,,,,HCM_A,2025-12-24,RO,Manager,true,true,true,true,true,false,not_applicable,true,true,,ACP001204,Sales,Field Sales,Permanent,2021-08-13,,,,HCM_A,2025-12-24,,,1205
ACP001205,RO,Digital,Product,Manager,Permanent,2021-01-07,,,,HCM_B,2025-12-25,RO,Manager,true,true,true,true,true,false,not_applicable,true,true,,ACP001205,Digital,Product,Permanent,2021-01-07,,,,HCM_B,2025-12-25,,,1206
ACP001206,PL,Supply Chain,Logistics,Individual Contributor,Permanent,2024-02-23,,,,HCM_A,2025-12-26,PL,Individual Contributor,true,true,true,true,true,false,not_applicable,true,true,,ACP001206,Supply Chain,Logistics,Permanent,2024-02-23,,,,HCM_A,2025-12-26,,,1207
ACP001207,RO,Digital,Software,Individual Contributor,Permanent,2022-06-25,,,,HCM_A,2025-12-27,RO,Individual Contributor,true,true,true,true,true,false,not_applicable,true,true,,ACP001207,Digital,Software,Permanent,2022-06-25,,,,HCM_A,2025-12-27,,,1208
ACP001208,IT,Finance,Controls,Individual Contributor,Permanent,2020-01-25,,,,HCM_A,2025-12-28,IT,Individual Contributor,true,true,true,true,true,false,not_applicable,true,true,,ACP001208,Finance,Controls,Permanent,2020-01-25,,,,HCM_A,2025-12-28,,,1209
ACP001209,IT,Finance,Controls,Senior Leader,Permanent,2023-11-14,2025-06-12,Involuntary,false,HCM_A,2025-12-29,IT,Senior Leader,true,true,true,true,true,true,false,true,true,,ACP001209,Finance,Controls,Permanent,2023-11-14,2025-06-12,Involuntary,false,HCM_A,2025-12-29,,,1210
ACP001210,IE,Finance,Controls,Individual Contributor,Permanent,2021-10-16,,,,HCM_B,2025-12-30,IE,Individual Contributor,true,true,true,true,true,false,not_applicable,true,true,,ACP001210,Finance,Controls,Permanent,2021-10-16,,,,HCM_B,2025-12-30,,,1211
ACP001211,RO,Digital,Data,Manager,Fixed Term,2024-07-24,,,,HCM_A,2025-12-31,RO,Manager,true,true,true,true,true,false,not_applicable,true,true,,ACP001211,Digital,Data,Fixed Term,2024-07-24,,,,HCM_A,2025-12-31,,,1212
ACP001212,PL,Supply Chain,Procurement,Manager,Fixed Term,2023-05-01,2024-01-12,Voluntary,true,HCM_A,2025-12-20,PL,Manager,true,true,true,true,true,false,true,true,true,,ACP001212,Supply Chain,Procurement,Fixed Term,2023-05-01,2024-01-12,Voluntary,true,HCM_A,2025-12-20,,,1213
ACP001213,BG,Digital,Software,Manager,Fixed Term,2025-02-18,,,,HCM_A,2025-12-21,BG,Manager,true,true,true,true,true,false,not_applicable,true,false,,ACP001213,Digital,Software,Fixed Term,2025-02-18,,,,HCM_A,2025-12-21,,,1214
ACP001214,RO,Digital,Software,Manager,Permanent,2024-03-30,2025-03-11,Voluntary,true,HCM_A,2025-12-22,RO,Manager,true,true,true,true,true,false,true,true,true,,ACP001214,Digital,Software,Permanent,2024-03-30,2025-03-11,Voluntary,true,HCM_A,2025-12-22,,,1215
ACP001215,BG,Sales,Key Accounts,Individual Contributor,Permanent,2022-05-14,,,,HCM_B,2025-12-23,BG,Individual Contributor,true,true,true,true,true,false,not_applicable,true,true,,ACP001215,Sales,Key Accounts,Permanent,2022-05-14,,,,HCM_B,2025-12-23,,,1216
ACP001216,GR,Finance,Controls,Manager,Fixed Term,2025-11-27,,,,HCM_A,2025-12-24,GR,Manager,true,true,true,true,true,false,not_applicable,false,false,,ACP001216,Finance,Controls,Fixed Term,2025-11-27,,,,HCM_A,2025-12-24,,,1217
ACP001217,PL,Supply Chain,Logistics,Manager,Permanent,2022-01-31,2025-10-11,Voluntary,false,HCM_A,2025-12-25,PL,Manager,true,true,true,true,true,false,false,true,true,,ACP001217,Supply Chain,Logistics,Permanent,2022-01-31,2025-10-11,Voluntary,false,HCM_A,2025-12-25,,,1218
ACP001218,PL,Finance,Controls,Individual Contributor,Permanent,2024-07-11,2025-03-24,Voluntary,true,HCM_A,2025-12-26,PL,Individual Contributor,true,true,true,true,true,false,true,true,true,,ACP001218,Finance,Controls,Permanent,2024-07-11,2025-03-24,Voluntary,true,HCM_A,2025-12-26,,,1219
ACP001219,BG,Supply Chain,Logistics,Individual Contributor,Permanent,2024-08-02,,,,HCM_A,2025-12-27,BG,Individual Contributor,true,true,true,true,true,false,not_applicable,true,true,,ACP001219,Supply Chain,Logistics,Permanent,2024-08-02,,,,HCM_A,2025-12-27,,,1220
ACP001220,RO,Sales,Commercial Planning,Senior Leader,Permanent,2020-04-09,2025-05-11,Voluntary,true,HCM_B,2025-12-28,RO,Senior Leader,true,true,true,true,true,true,true,true,true,,ACP001220,Sales,Commercial Planning,Permanent,2020-04-09,2025-05-11,Voluntary,true,HCM_B,2025-12-28,,,1221
ACP001221,IT,Finance,FP&A,Individual Contributor,Fixed Term,2021-11-15,2025-04-27,Voluntary,false,HCM_A,2025-12-29,IT,Individual Contributor,true,true,true,true,true,false,false,true,true,,ACP001221,Finance,FP&A,Fixed Term,2021-11-15,2025-04-27,Voluntary,false,HCM_A,2025-12-29,,,1222
ACP001222,IE,Digital,Product,Individual Contributor,Permanent,2024-01-06,,,,HCM_A,2025-12-30,IE,Individual Contributor,true,true,true,true,true,false,not_applicable,true,true,,ACP001222,Digital,Product,Permanent,2024-01-06,,,,HCM_A,2025-12-30,,,1223
ACP001223,RO,Sales,Key Accounts,Individual Contributor,Permanent,2024-08-31,2024-10-27,Voluntary,true,HCM_A,2025-12-31,RO,Individual Contributor,true,true,true,true,true,false,true,true,true,,ACP001223,Sales,Key Accounts,Permanent,2024-08-31,2024-10-27,Voluntary,true,HCM_A,2025-12-31,,,1224
ACP001224,RO,Supply Chain,Logistics,Individual Contributor,Permanent,2025-02-24,,,,HCM_A,2025-12-20,RO,Individual Contributor,true,true,true,true,true,false,not_applicable,true,false,,ACP001224,Supply Chain,Logistics,Permanent,2025-02-24,,,,HCM_A,2025-12-20,,,1225
ACP001225,IT,Digital,Software,Senior Leader,Permanent,2022-06-10,,,,HCM_B,2025-12-21,IT,Senior Leader,true,true,true,true,true,true,not_applicable,true,true,,ACP001225,Digital,Software,Permanent,2022-06-10,,,,HCM_B,2025-12-21,,,1226
ACP001226,BG,Finance,Accounting,Individual Contributor,Fixed Term,2020-11-17,2022-04-15,Voluntary,true,HCM_A,2025-12-22,BG,Individual Contributor,true,true,true,true,true,false,true,true,true,,ACP001226,Finance,Accounting,Fixed Term,2020-11-17,2022-04-15,Voluntary,true,HCM_A,2025-12-22,,,1227
ACP001227,IE,Supply Chain,Manufacturing,Individual Contributor,Permanent,2023-08-06,,,,HCM_A,2025-12-23,IE,Individual Contributor,true,true,true,true,true,false,not_applicable,true,true,,ACP001227,Supply Chain,Manufacturing,Permanent,2023-08-06,,,,HCM_A,2025-12-23,,,1228
ACP001228,GR,Digital,Data,Senior Leader,Permanent,2024-01-23,,,,HCM_A,2025-12-24,GR,Senior Leader,true,true,true,true,true,true,not_applicable,true,true,,ACP001228,Digital,Data,Permanent,2024-01-23,,,,HCM_A,2025-12-24,,,1229
ACP001229,IT,Supply Chain,Manufacturing,Individual Contributor,Permanent,2020-03-08,,,,HCM_A,2025-12-25,IT,Individual Contributor,true,true,true,true,true,false,not_applicable,true,true,,ACP001229,Supply Chain,Manufacturing,Permanent,2020-03-08,,,,HCM_A,2025-12-25,,,1230
ACP001230,RO,Supply Chain,Procurement,Individual Contributor,Permanent,2022-10-12,,,,HCM_B,2025-12-26,RO,Individual Contributor,true,true,true,true,true,false,not_applicable,true,true,,ACP001230,Supply Chain,Procurement,Permanent,2022-10-12,,,,HCM_B,2025-12-26,,,1231
ACP001231,BG,Supply Chain,Manufacturing,Individual Contributor,Permanent,2024-07-29,2025-08-20,Voluntary,true,HCM_A,2025-12-27,BG,Individual Contributor,true,true,true,true,true,false,true,true,true,,ACP001231,Supply Chain,Manufacturing,Permanent,2024-07-29,2025-08-20,Voluntary,true,HCM_A,2025-12-27,,,1232
ACP001232,PL,Sales,Commercial Planning,Manager,Fixed Term,2020-02-22,,,,HCM_A,2025-12-28,PL,Manager,true,true,true,true,true,false,not_applicable,true,true,,ACP001232,Sales,Commercial Planning,Fixed Term,2020-02-22,,,,HCM_A,2025-12-28,,,1233
ACP001233,PL,Finance,Accounting,Individual Contributor,Permanent,2024-12-13,,,,HCM_A,2025-12-29,PL,Individual Contributor,true,true,true,true,true,false,not_applicable,true,true,,ACP001233,Finance,Accounting,Permanent,2024-12-13,,,,HCM_A,2025-12-29,,,1234
ACP001234,RO,Digital,Product,Manager,Permanent,2024-09-18,,,,HCM_A,2025-12-30,RO,Manager,true,true,true,true,true,false,not_applicable,true,true,,ACP001234,Digital,Product,Permanent,2024-09-18,,,,HCM_A,2025-12-30,,,1235
ACP001235,IT,Supply Chain,Manufacturing,Senior Leader,Permanent,2022-12-14,,,,HCM_B,2025-12-31,IT,Senior Leader,true,true,true,true,true,true,not_applicable,true,true,,ACP001235,Supply Chain,Manufacturing,Permanent,2022-12-14,,,,HCM_B,2025-12-31,,,1236
ACP001236,IT,Sales,Field Sales,Manager,Permanent,2023-03-14,,,,HCM_A,2025-12-20,IT,Manager,true,true,true,true,true,false,not_applicable,true,true,,ACP001236,Sales,Field Sales,Permanent,2023-03-14,,,,HCM_A,2025-12-20,,,1237
ACP001237,PL,Digital,Software,Senior Leader,Permanent,2024-05-07,,,,HCM_A,2025-12-21,PL,Senior Leader,true,true,true,true,true,true,not_applicable,true,true,,ACP001237,Digital,Software,Permanent,2024-05-07,,,,HCM_A,2025-12-21,,,1238
ACP001238,RO,Finance,FP&A,Manager,Permanent,2022-03-22,,,,HCM_A,2025-12-22,RO,Manager,true,true,true,true,true,false,not_applicable,true,true,,ACP001238,Finance,FP&A,Permanent,2022-03-22,,,,HCM_A,2025-12-22,,,1239
ACP001239,PL,Finance,FP&A,Individual Contributor,Permanent,2022-12-31,,,,HCM_A,2025-12-23,PL,Individual Contributor,true,true,true,true,true,false,not_applicable,true,true,,ACP001239,Finance,FP&A,Permanent,2022-12-31,,,,HCM_A,2025-12-23,,,1240
ACP001240,RO,Finance,Accounting,Senior Leader,Permanent,2024-06-13,2025-09-22,Voluntary,true,HCM_B,2025-12-24,RO,Senior Leader,true,true,true,true,true,true,true,true,true,,ACP001240,Finance,Accounting,Permanent,2024-06-13,2025-09-22,Voluntary,true,HCM_B,2025-12-24,,,1241
ACP001241,IT,Digital,Software,Manager,Permanent,2022-07-01,2024-03-28,Voluntary,false,HCM_A,2025-12-25,IT,Manager,true,true,true,true,true,false,false,true,true,,ACP001241,Digital,Software,Permanent,2022-07-01,2024-03-28,Voluntary,false,HCM_A,2025-12-25,,,1242
ACP001242,IT,Supply Chain,Procurement,Individual Contributor,Permanent,2020-07-08,,,,HCM_A,2025-12-26,IT,Individual Contributor,true,true,true,true,true,false,not_applicable,true,true,,ACP001242,Supply Chain,Procurement,Permanent,2020-07-08,,,,HCM_A,2025-12-26,,,1243
ACP001243,RO,Supply Chain,Procurement,Individual Contributor,Permanent,2023-08-09,,,,HCM_A,2025-12-27,RO,Individual Contributor,true,true,true,true,true,false,not_applicable,true,true,,ACP001243,Supply Chain,Procurement,Permanent,2023-08-09,,,,HCM_A,2025-12-27,,,1244
ACP001244,BG,Sales,Commercial Planning,Individual Contributor,Permanent,2025-10-21,,,,HCM_A,2025-12-28,BG,Individual Contributor,true,true,true,true,true,false,not_applicable,false,false,,ACP001244,Sales,Commercial Planning,Permanent,2025-10-21,,,,HCM_A,2025-12-28,,,1245
ACP001245,IE,Finance,Controls,Individual Contributor,Permanent,2020-06-30,,,,HCM_B,2025-12-29,IE,Individual Contributor,true,true,true,true,true,false,not_applicable,true,true,,ACP001245,Finance,Controls,Permanent,2020-06-30,,,,HCM_B,2025-12-29,,,1246
ACP001246,PL,Sales,Key Accounts,Individual Contributor,Permanent,2021-12-24,,,,HCM_A,2025-12-30,PL,Individual Contributor,true,true,true,true,true,false,not_applicable,true,true,,ACP001246,Sales,Key Accounts,Permanent,2021-12-24,,,,HCM_A,2025-12-30,,,1247
ACP001247,GR,Supply Chain,Procurement,Manager,Permanent,2024-10-24,,,,HCM_A,2025-12-31,GR,Manager,true,true,true,true,true,false,not_applicable,true,true,,ACP001247,Supply Chain,Procurement,Permanent,2024-10-24,,,,HCM_A,2025-12-31,,,1248
ACP001248,PL,Sales,Key Accounts,Manager,Permanent,2024-09-05,2025-06-09,Voluntary,true,HCM_A,2025-12-20,PL,Manager,true,true,true,true,true,false,true,true,true,,ACP001248,Sales,Key Accounts,Permanent,2024-09-05,2025-06-09,Voluntary,true,HCM_A,2025-12-20,,,1249
ACP001249,IE,Sales,Commercial Planning,Manager,Permanent,2022-02-11,2022-04-22,Voluntary,true,HCM_A,2025-12-21,IE,Manager,true,true,true,true,true,false,true,true,true,,ACP001249,Sales,Commercial Planning,Permanent,2022-02-11,2022-04-22,Voluntary,true,HCM_A,2025-12-21,,,1250
ACP001250,IT,Digital,Product,Manager,Permanent,2023-10-17,,,,HCM_B,2025-12-22,IT,Manager,true,true,true,true,true,false,not_applicable,true,true,,ACP001250,Digital,Product,Permanent,2023-10-17,,,,HCM_B,2025-12-22,,,1251
ACP001251,IT,Digital,Data,Manager,Permanent,2023-06-01,2024-01-02,Involuntary,false,HCM_A,2025-12-23,IT,Manager,true,true,true,true,true,false,false,true,true,,ACP001251,Digital,Data,Permanent,2023-06-01,2024-01-02,Involuntary,false,HCM_A,2025-12-23,,,1252
ACP001252,BG,Digital,Data,Manager,Permanent,2020-09-14,,,,HCM_A,2025-12-24,BG,Manager,true,true,true,true,true,false,not_applicable,true,true,,ACP001252,Digital,Data,Permanent,2020-09-14,,,,HCM_A,2025-12-24,,,1253
ACP001253,IT,Sales,Field Sales,Individual Contributor,Permanent,2020-09-22,,,,HCM_A,2025-12-25,IT,Individual Contributor,true,true,true,true,true,false,not_applicable,true,true,,ACP001253,Sales,Field Sales,Permanent,2020-09-22,,,,HCM_A,2025-12-25,,,1254
ACP001254,PL,Finance,FP&A,Individual Contributor,Permanent,2024-09-07,,,,HCM_A,2025-12-26,PL,Individual Contributor,true,true,true,true,true,false,not_applicable,true,true,,ACP001254,Finance,FP&A,Permanent,2024-09-07,,,,HCM_A,2025-12-26,,,1255
ACP001255,GR,Supply Chain,Procurement,Manager,Fixed Term,2024-12-03,,,,HCM_B,2025-12-27,GR,Manager,true,true,true,true,true,false,not_applicable,true,true,,ACP001255,Supply Chain,Procurement,Fixed Term,2024-12-03,,,,HCM_B,2025-12-27,,,1256
ACP001256,GR,Supply Chain,Manufacturing,Individual Contributor,Permanent,2024-10-24,,,,HCM_A,2025-12-28,GR,Individual Contributor,true,true,true,true,true,false,not_applicable,true,true,,ACP001256,Supply Chain,Manufacturing,Permanent,2024-10-24,,,,HCM_A,2025-12-28,,,1257
ACP001257,PL,Supply Chain,Manufacturing,Individual Contributor,Permanent,2025-10-13,,,,HCM_A,2025-12-29,PL,Individual Contributor,true,true,true,true,true,false,not_applicable,false,false,,ACP001257,Supply Chain,Manufacturing,Permanent,2025-10-13,,,,HCM_A,2025-12-29,,,1258
ACP001258,RO,Finance,FP&A,Individual Contributor,Permanent,2022-11-03,2025-02-02,Involuntary,false,HCM_A,2025-12-30,RO,Individual Contributor,true,true,true,true,true,false,false,true,true,,ACP001258,Finance,FP&A,Permanent,2022-11-03,2025-02-02,Involuntary,false,HCM_A,2025-12-30,,,1259
ACP001259,IT,Finance,Controls,Individual Contributor,Permanent,2023-04-11,,,,HCM_A,2025-12-31,IT,Individual Contributor,true,true,true,true,true,false,not_applicable,true,true,,ACP001259,Finance,Controls,Permanent,2023-04-11,,,,HCM_A,2025-12-31,,,1260
ACP001260,BG,Finance,FP&A,Individual Contributor,Permanent,2021-05-23,,,,HCM_B,2025-12-20,BG,Individual Contributor,true,true,true,true,true,false,not_applicable,true,true,,ACP001260,Finance,FP&A,Permanent,2021-05-23,,,,HCM_B,2025-12-20,,,1261
ACP001261,IT,Digital,Software,Individual Contributor,Permanent,2023-08-29,2024-02-03,End of Contract,false,HCM_A,2025-12-21,IT,Individual Contributor,true,true,true,true,true,false,false,true,true,,ACP001261,Digital,Software,Permanent,2023-08-29,2024-02-03,End of Contract,false,HCM_A,2025-12-21,,,1262
ACP001262,IT,Supply Chain,Logistics,Senior Leader,Permanent,2020-12-19,,,,HCM_A,2025-12-22,IT,Sr Mgmt,true,true,true,true,true,true,not_applicable,true,true,synthetic_source_recovered,ACP001262,Supply Chain,Logistics,Permanent,2020-12-19,,,,HCM_A,2025-12-22,career_level,verified_synthetic_generator_recovery,1263
ACP001263,PL,Digital,Software,Individual Contributor,Permanent,2022-06-20,,,,HCM_A,2025-12-23,PL,Individual Contributor,true,true,true,true,true,false,not_applicable,true,true,,ACP001263,Digital,Software,Permanent,2022-06-20,,,,HCM_A,2025-12-23,,,1264
ACP001264,BG,Digital,Product,Individual Contributor,Fixed Term,2024-04-09,2024-08-23,Voluntary,false,HCM_A,2025-12-24,BG,Individual Contributor,true,true,true,true,true,false,false,true,true,,ACP001264,Digital,Product,Fixed Term,2024-04-09,2024-08-23,Voluntary,false,HCM_A,2025-12-24,,,1265
ACP001265,PL,Sales,Key Accounts,Individual Contributor,Permanent,2021-08-19,,,,HCM_B,2025-12-25,PL,Individual Contributor,true,true,true,true,true,false,not_applicable,true,true,,ACP001265,Sales,Key Accounts,Permanent,2021-08-19,,,,HCM_B,2025-12-25,,,1266
ACP001266,IE,Supply Chain,Logistics,Individual Contributor,Permanent,2024-09-22,2025-11-09,Voluntary,false,HCM_A,2025-12-26,IE,Individual Contributor,true,true,true,true,true,false,false,true,true,,ACP001266,Supply Chain,Logistics,Permanent,2024-09-22,2025-11-09,Voluntary,false,HCM_A,2025-12-26,,,1267
ACP001267,GR,Sales,Field Sales,Individual Contributor,Fixed Term,2020-02-10,,,,HCM_A,2025-12-27,GR,Individual Contributor,true,true,true,true,true,false,not_applicable,true,true,,ACP001267,Sales,Field Sales,Fixed Term,2020-02-10,,,,HCM_A,2025-12-27,,,1268
ACP001268,IE,Digital,Data,Individual Contributor,Fixed Term,2023-12-24,,,,HCM_A,2025-12-28,IE,Individual Contributor,true,true,true,true,true,false,not_applicable,true,true,,ACP001268,Digital,Data,Fixed Term,2023-12-24,,,,HCM_A,2025-12-28,,,1269
ACP001269,RO,Sales,Key Accounts,Individual Contributor,Permanent,2020-05-10,2023-03-14,End of Contract,false,HCM_A,2025-12-29,RO,Individual Contributor,true,true,true,true,true,false,false,true,true,,ACP001269,Sales,Key Accounts,Permanent,2020-05-10,2023-03-14,End of Contract,false,HCM_A,2025-12-29,,,1270
ACP001270,IE,Digital,Data,Manager,Fixed Term,2025-08-04,,,,HCM_B,2025-12-30,IE,Manager,true,true,true,true,true,false,not_applicable,false,false,,ACP001270,Digital,Data,Fixed Term,2025-08-04,,,,HCM_B,2025-12-30,,,1271
ACP001271,GR,Finance,FP&A,Individual Contributor,Permanent,2024-07-10,,,,HCM_A,2025-12-31,GR,Individual Contributor,true,true,true,true,true,false,not_applicable,true,true,,ACP001271,Finance,FP&A,Permanent,2024-07-10,,,,HCM_A,2025-12-31,,,1272
ACP001272,IE,Supply Chain,Manufacturing,Manager,Permanent,2025-09-29,,,,HCM_A,2025-12-20,IE,Manager,true,true,true,true,true,false,not_applicable,false,false,,ACP001272,Supply Chain,Manufacturing,Permanent,2025-09-29,,,,HCM_A,2025-12-20,,,1273
ACP001273,RO,Digital,Product,Individual Contributor,Permanent,2022-04-11,,,,HCM_A,2025-12-21,RO,Individual Contributor,true,true,true,true,true,false,not_applicable,true,true,,ACP001273,Digital,Product,Permanent,2022-04-11,,,,HCM_A,2025-12-21,,,1274
ACP001274,GR,Sales,Field Sales,Senior Leader,Permanent,2021-03-26,,,,HCM_A,2025-12-22,GR,Senior Leader,true,true,true,true,true,true,not_applicable,true,true,,ACP001274,Sales,Field Sales,Permanent,2021-03-26,,,,HCM_A,2025-12-22,,,1275
ACP001275,IT,Digital,Software,Manager,Fixed Term,2025-07-28,,,,HCM_B,2025-12-23,IT,Manager,true,true,true,true,true,false,not_applicable,false,false,,ACP001275,Digital,Software,Fixed Term,2025-07-28,,,,HCM_B,2025-12-23,,,1276
ACP001276,IE,Finance,Accounting,Manager,Fixed Term,2022-06-01,,,,HCM_A,2025-12-24,IE,Manager,true,true,true,true,true,false,not_applicable,true,true,,ACP001276,Finance,Accounting,Fixed Term,2022-06-01,,,,HCM_A,2025-12-24,,,1277
ACP001277,PL,Finance,Accounting,Senior Leader,Permanent,2025-08-11,,,,HCM_A,2025-12-25,PL,Senior Leader,true,true,true,true,true,true,not_applicable,false,false,,ACP001277,Finance,Accounting,Permanent,2025-08-11,,,,HCM_A,2025-12-25,,,1278
ACP001278,GR,Digital,Product,Senior Leader,Permanent,2021-10-19,,,,HCM_A,2025-12-26,GR,Senior Leader,true,true,true,true,true,true,not_applicable,true,true,,ACP001278,Digital,Product,Permanent,2021-10-19,,,,HCM_A,2025-12-26,,,1279
ACP001279,IE,Digital,Data,Individual Contributor,Permanent,2021-07-27,2021-11-22,End of Contract,false,HCM_A,2025-12-27,IE,Individual Contributor,true,true,true,true,true,false,false,true,true,,ACP001279,Digital,Data,Permanent,2021-07-27,2021-11-22,End of Contract,false,HCM_A,2025-12-27,,,1280
ACP001280,PL,Finance,Accounting,Individual Contributor,Permanent,2022-06-14,2022-11-30,Involuntary,false,HCM_B,2025-12-28,PL,Individual Contributor,true,true,true,true,true,false,false,true,true,,ACP001280,Finance,Accounting,Permanent,2022-06-14,2022-11-30,Involuntary,false,HCM_B,2025-12-28,,,1281
ACP001281,BG,Digital,Data,Individual Contributor,Permanent,2025-11-27,,,,HCM_A,2025-12-29,BG,Individual Contributor,true,true,true,true,true,false,not_applicable,false,false,,ACP001281,Digital,Data,Permanent,2025-11-27,,,,HCM_A,2025-12-29,,,1282
ACP001282,IE,Supply Chain,Procurement,Individual Contributor,Permanent,2023-04-01,2024-07-11,Involuntary,false,HCM_A,2025-12-30,IE,Individual Contributor,true,true,true,true,true,false,false,true,true,,ACP001282,Supply Chain,Procurement,Permanent,2023-04-01,2024-07-11,Involuntary,false,HCM_A,2025-12-30,,,1283
ACP001283,PL,Finance,Controls,Senior Leader,Permanent,2022-10-11,2023-09-08,Voluntary,true,HCM_A,2025-12-31,PL,Senior Leader,true,true,true,true,true,true,true,true,true,,ACP001283,Finance,Controls,Permanent,2022-10-11,2023-09-08,Voluntary,true,HCM_A,2025-12-31,,,1284
ACP001284,RO,Finance,Controls,Individual Contributor,Permanent,2023-01-18,,,,HCM_A,2025-12-20,RO,Individual Contributor,true,true,true,true,true,false,not_applicable,true,true,,ACP001284,Finance,Controls,Permanent,2023-01-18,,,,HCM_A,2025-12-20,,,1285
ACP001285,PL,Supply Chain,Procurement,Manager,Permanent,2022-10-27,,,,HCM_B,2025-12-21,PL,Manager,true,true,true,true,true,false,not_applicable,true,true,,ACP001285,Supply Chain,Procurement,Permanent,2022-10-27,,,,HCM_B,2025-12-21,,,1286
ACP001286,IE,Sales,Commercial Planning,Manager,Fixed Term,2021-06-13,,,,HCM_A,2025-12-22,IE,Manager,true,true,true,true,true,false,not_applicable,true,true,,ACP001286,Sales,Commercial Planning,Fixed Term,2021-06-13,,,,HCM_A,2025-12-22,,,1287
ACP001287,PL,Supply Chain,Logistics,Senior Leader,Permanent,2023-04-27,,,,HCM_A,2025-12-23,PL,Senior Leader,true,true,true,true,true,true,not_applicable,true,true,,ACP001287,Supply Chain,Logistics,Permanent,2023-04-27,,,,HCM_A,2025-12-23,,,1288
ACP001288,BG,Sales,Field Sales,Individual Contributor,Permanent,2023-06-05,,,,HCM_A,2025-12-24,BG,Individual Contributor,true,true,true,true,true,false,not_applicable,true,true,,ACP001288,Sales,Field Sales,Permanent,2023-06-05,,,,HCM_A,2025-12-24,,,1289
ACP001289,IE,Supply Chain,Manufacturing,Individual Contributor,Permanent,2024-07-23,,,,HCM_A,2025-12-25,IE,Individual Contributor,true,true,true,true,true,false,not_applicable,true,true,,ACP001289,Supply Chain,Manufacturing,Permanent,2024-07-23,,,,HCM_A,2025-12-25,,,1290
ACP001290,RO,Digital,Software,Individual Contributor,Permanent,2022-02-03,2022-07-26,Voluntary,true,HCM_B,2025-12-26,RO,Individual Contributor,true,true,true,true,true,false,true,true,true,,ACP001290,Digital,Software,Permanent,2022-02-03,2022-07-26,Voluntary,true,HCM_B,2025-12-26,,,1291
ACP001291,IT,Digital,Product,Individual Contributor,Permanent,2022-10-25,2023-02-17,Voluntary,true,HCM_A,2025-12-27,IT,Individual Contributor,true,true,true,true,true,false,true,true,true,,ACP001291,Digital,Product,Permanent,2022-10-25,2023-02-17,Voluntary,true,HCM_A,2025-12-27,,,1292
ACP001292,IT,Digital,Product,Manager,Permanent,2023-03-27,2023-08-17,Voluntary,true,HCM_A,2025-12-28,IT,Manager,true,true,true,true,true,false,true,true,true,,ACP001292,Digital,Product,Permanent,2023-03-27,2023-08-17,Voluntary,true,HCM_A,2025-12-28,,,1293
ACP001293,IT,Sales,Key Accounts,Manager,Fixed Term,2022-01-01,,,,HCM_A,2025-12-29,IT,Manager,true,true,true,true,true,false,not_applicable,true,true,,ACP001293,Sales,Key Accounts,Fixed Term,2022-01-01,,,,HCM_A,2025-12-29,,,1294
ACP001294,BG,Sales,Field Sales,Senior Leader,Fixed Term,2023-12-25,,,,HCM_A,2025-12-30,BG,Senior Leader,true,true,true,true,true,true,not_applicable,true,true,,ACP001294,Sales,Field Sales,Fixed Term,2023-12-25,,,,HCM_A,2025-12-30,,,1295
ACP001295,IE,Supply Chain,Procurement,Manager,Permanent,2022-09-09,2022-12-02,Voluntary,false,HCM_B,2025-12-31,IE,Manager,true,true,true,true,true,false,false,true,true,,ACP001295,Supply Chain,Procurement,Permanent,2022-09-09,2022-12-02,Voluntary,false,HCM_B,2025-12-31,,,1296
ACP001296,RO,Sales,Key Accounts,Manager,Permanent,2022-06-14,,,,HCM_A,2025-12-20,RO,Manager,true,true,true,true,true,false,not_applicable,true,true,,ACP001296,Sales,Key Accounts,Permanent,2022-06-14,,,,HCM_A,2025-12-20,,,1297
ACP001297,IE,Digital,Data,Individual Contributor,Permanent,2021-07-19,,,,HCM_A,2025-12-21,IE,Individual Contributor,true,true,true,true,true,false,not_applicable,true,true,,ACP001297,Digital,Data,Permanent,2021-07-19,,,,HCM_A,2025-12-21,,,1298
ACP001298,IE,Digital,Software,Senior Leader,Permanent,2025-10-30,,,,HCM_A,2025-12-22,IE,Senior Leader,true,true,true,true,true,true,not_applicable,false,false,,ACP001298,Digital,Software,Permanent,2025-10-30,,,,HCM_A,2025-12-22,,,1299
ACP001299,GR,Supply Chain,Logistics,Individual Contributor,Permanent,2021-03-16,,,,HCM_A,2025-12-23,GR,Individual Contributor,true,true,true,true,true,false,not_applicable,true,true,,ACP001299,Supply Chain,Logistics,Permanent,2021-03-16,,,,HCM_A,2025-12-23,,,1300
ACP001300,PL,Supply Chain,Logistics,Individual Contributor,Fixed Term,2021-10-06,,,,HCM_B,2025-12-24,PL,Individual Contributor,true,true,true,true,true,false,not_applicable,true,true,,ACP001300,Supply Chain,Logistics,Fixed Term,2021-10-06,,,,HCM_B,2025-12-24,,,1301
ACP001301,IE,Sales,Key Accounts,Manager,Permanent,2022-05-19,,,,HCM_A,2025-12-25,IE,Manager,true,true,true,true,true,false,not_applicable,true,true,,ACP001301,Sales,Key Accounts,Permanent,2022-05-19,,,,HCM_A,2025-12-25,,,1302
ACP001302,BG,Finance,Controls,Manager,Fixed Term,2022-06-02,,,,HCM_A,2025-12-26,BG,Manager,true,true,true,true,true,false,not_applicable,true,true,,ACP001302,Finance,Controls,Fixed Term,2022-06-02,,,,HCM_A,2025-12-26,,,1303
ACP001303,IE,Supply Chain,Logistics,Individual Contributor,Permanent,2025-10-22,,,,HCM_A,2025-12-27,IE,Individual Contributor,true,true,true,true,true,false,not_applicable,false,false,,ACP001303,Supply Chain,Logistics,Permanent,2025-10-22,,,,HCM_A,2025-12-27,,,1304
ACP001304,PL,Finance,Controls,Individual Contributor,Permanent,2025-05-31,,,,HCM_A,2025-12-28,PL,Individual Contributor,true,true,true,true,true,false,not_applicable,true,false,,ACP001304,Finance,Controls,Permanent,2025-05-31,,,,HCM_A,2025-12-28,,,1305
ACP001305,BG,Digital,Data,Individual Contributor,Permanent,2022-01-05,2022-03-12,Voluntary,true,HCM_B,2025-12-29,BG,Individual Contributor,true,true,true,true,true,false,true,true,true,,ACP001305,Digital,Data,Permanent,2022-01-05,2022-03-12,Voluntary,true,HCM_B,2025-12-29,,,1306
ACP001306,BG,Supply Chain,Manufacturing,Manager,Permanent,2025-04-22,2025-12-16,Voluntary,false,HCM_A,2025-12-30,BG,Manager,true,true,true,true,true,false,false,true,false,,ACP001306,Supply Chain,Manufacturing,Permanent,2025-04-22,2025-12-16,Voluntary,false,HCM_A,2025-12-30,,,1307
ACP001307,PL,Finance,FP&A,Individual Contributor,Permanent,2021-05-31,,,,HCM_A,2025-12-31,PL,Individual Contributor,true,true,true,true,true,false,not_applicable,true,true,,ACP001307,Finance,FP&A,Permanent,2021-05-31,,,,HCM_A,2025-12-31,,,1308
ACP001308,IT,Supply Chain,Logistics,Individual Contributor,Permanent,2025-05-23,,,,HCM_A,2025-12-20,IT,Individual Contributor,true,true,true,true,true,false,not_applicable,true,false,,ACP001308,Supply Chain,Logistics,Permanent,2025-05-23,,,,HCM_A,2025-12-20,,,1309
ACP001309,GR,Sales,Field Sales,Individual Contributor,Permanent,2022-06-18,2023-12-30,Voluntary,false,HCM_A,2025-12-21,GR,Individual Contributor,true,true,true,true,true,false,false,true,true,,ACP001309,Sales,Field Sales,Permanent,2022-06-18,2023-12-30,Voluntary,false,HCM_A,2025-12-21,,,1310
ACP001310,GR,Sales,Commercial Planning,Individual Contributor,Permanent,2021-12-26,,,,HCM_B,2025-12-22,GR,Individual Contributor,true,true,true,true,true,false,not_applicable,true,true,,ACP001310,Sales,Commercial Planning,Permanent,2021-12-26,,,,HCM_B,2025-12-22,,,1311
ACP001311,GR,Finance,Accounting,Individual Contributor,Permanent,2023-04-30,,,,HCM_A,2025-12-23,GR,Individual Contributor,true,true,true,true,true,false,not_applicable,true,true,,ACP001311,Finance,Accounting,Permanent,2023-04-30,,,,HCM_A,2025-12-23,,,1312
ACP001312,GR,Finance,Accounting,Individual Contributor,Permanent,2023-09-16,,,,HCM_A,2025-12-24,GR,Individual Contributor,true,true,true,true,true,false,not_applicable,true,true,,ACP001312,Finance,Accounting,Permanent,2023-09-16,,,,HCM_A,2025-12-24,,,1313
ACP001313,IE,Supply Chain,Manufacturing,Senior Leader,Permanent,2022-05-01,,,,HCM_A,2025-12-25,IE,Senior Leader,true,true,true,true,true,true,not_applicable,true,true,,ACP001313,Supply Chain,Manufacturing,Permanent,2022-05-01,,,,HCM_A,2025-12-25,,,1314
ACP001314,IE,Sales,Field Sales,Senior Leader,Permanent,2025-04-30,,,,HCM_A,2025-12-26,IE,Senior Leader,true,true,true,true,true,true,not_applicable,true,false,,ACP001314,Sales,Field Sales,Permanent,2025-04-30,,,,HCM_A,2025-12-26,,,1315
ACP001315,RO,Digital,Software,Manager,Permanent,2020-08-07,2020-10-26,Voluntary,true,HCM_B,2025-12-27,RO,Manager,true,true,true,true,true,false,true,true,true,,ACP001315,Digital,Software,Permanent,2020-08-07,2020-10-26,Voluntary,true,HCM_B,2025-12-27,,,1316
ACP001316,PL,Digital,Software,Senior Leader,Permanent,2022-05-03,,,,HCM_A,2025-12-28,PL,Senior Leader,true,true,true,true,true,true,not_applicable,true,true,,ACP001316,Digital,Software,Permanent,2022-05-03,,,,HCM_A,2025-12-28,,,1317
ACP001317,RO,Sales,Commercial Planning,Individual Contributor,Fixed Term,2024-05-13,2024-09-08,Voluntary,true,HCM_A,2025-12-29,RO,Individual Contributor,true,true,true,true,true,false,true,true,true,,ACP001317,Sales,Commercial Planning,Fixed Term,2024-05-13,2024-09-08,Voluntary,true,HCM_A,2025-12-29,,,1318
ACP001318,IT,Digital,Product,Manager,Permanent,2023-07-18,2024-01-01,Voluntary,true,HCM_A,2025-12-30,IT,Manager,true,true,true,true,true,false,true,true,true,,ACP001318,Digital,Product,Permanent,2023-07-18,2024-01-01,Voluntary,true,HCM_A,2025-12-30,,,1319
ACP001319,GR,Supply Chain,Logistics,Senior Leader,Permanent,2025-07-27,2025-10-23,Voluntary,false,HCM_A,2025-12-31,GR,Senior Leader,true,true,true,true,true,true,false,false,false,,ACP001319,Supply Chain,Logistics,Permanent,2025-07-27,2025-10-23,Voluntary,false,HCM_A,2025-12-31,,,1320
ACP001320,IE,Supply Chain,Manufacturing,Individual Contributor,Fixed Term,2025-01-07,,,,HCM_B,2025-12-20,IE,Individual Contributor,true,true,true,true,true,false,not_applicable,true,false,,ACP001320,Supply Chain,Manufacturing,Fixed Term,2025-01-07,,,,HCM_B,2025-12-20,,,1321
ACP001321,RO,Sales,Field Sales,Individual Contributor,Permanent,2020-03-17,,,,HCM_A,2025-12-21,RO,Individual Contributor,true,true,true,true,true,false,not_applicable,true,true,,ACP001321,Sales,Field Sales,Permanent,2020-03-17,,,,HCM_A,2025-12-21,,,1322
ACP001322,IE,Sales,Field Sales,Manager,Permanent,2025-09-14,,,,HCM_A,2025-12-22,IE,Manager,true,true,true,true,true,false,not_applicable,false,false,,ACP001322,Sales,Field Sales,Permanent,2025-09-14,,,,HCM_A,2025-12-22,,,1323
ACP001323,RO,Finance,FP&A,Individual Contributor,Fixed Term,2025-10-15,,,,HCM_A,2025-12-23,RO,Individual Contributor,true,true,true,true,true,false,not_applicable,false,false,,ACP001323,Finance,FP&A,Fixed Term,2025-10-15,,,,HCM_A,2025-12-23,,,1324
ACP001324,GR,Finance,Accounting,Individual Contributor,Permanent,2024-03-17,2025-10-27,Voluntary,false,HCM_A,2025-12-24,GR,Individual Contributor,true,true,true,true,true,false,false,true,true,,ACP001324,Finance,Accounting,Permanent,2024-03-17,2025-10-27,Voluntary,false,HCM_A,2025-12-24,,,1325
ACP001325,BG,Finance,Controls,Manager,Permanent,2020-08-18,2022-10-31,Voluntary,false,HCM_B,2025-12-25,BG,Manager,true,true,true,true,true,false,false,true,true,,ACP001325,Finance,Controls,Permanent,2020-08-18,2022-10-31,Voluntary,false,HCM_B,2025-12-25,,,1326
ACP001326,BG,Sales,Field Sales,Individual Contributor,Permanent,2023-07-13,,,,HCM_A,2025-12-26,BG,Individual Contributor,true,true,true,true,true,false,not_applicable,true,true,,ACP001326,Sales,Field Sales,Permanent,2023-07-13,,,,HCM_A,2025-12-26,,,1327
ACP001327,IT,Finance,FP&A,Manager,Permanent,2022-07-17,2023-04-13,End of Contract,false,HCM_A,2025-12-27,IT,Manager,true,true,true,true,true,false,false,true,true,,ACP001327,Finance,FP&A,Permanent,2022-07-17,2023-04-13,End of Contract,false,HCM_A,2025-12-27,,,1328
ACP001328,IE,Digital,Software,Manager,Permanent,2020-11-12,2021-06-12,Involuntary,false,HCM_A,2025-12-28,IE,Manager,true,true,true,true,true,false,false,true,true,,ACP001328,Digital,Software,Permanent,2020-11-12,2021-06-12,Involuntary,false,HCM_A,2025-12-28,,,1329
ACP001329,IT,Supply Chain,Manufacturing,Senior Leader,Fixed Term,2022-03-14,,,,HCM_A,2025-12-29,IT,Senior Leader,true,true,true,true,true,true,not_applicable,true,true,,ACP001329,Supply Chain,Manufacturing,Fixed Term,2022-03-14,,,,HCM_A,2025-12-29,,,1330
ACP001330,IE,Supply Chain,Manufacturing,Individual Contributor,Permanent,2020-05-25,,,,HCM_B,2025-12-30,IE,Individual Contributor,true,true,true,true,true,false,not_applicable,true,true,,ACP001330,Supply Chain,Manufacturing,Permanent,2020-05-25,,,,HCM_B,2025-12-30,,,1331
ACP001331,PL,Supply Chain,Procurement,Manager,Permanent,2023-12-01,,,,HCM_A,2025-12-31,PL,Manager,true,true,true,true,true,false,not_applicable,true,true,,ACP001331,Supply Chain,Procurement,Permanent,2023-12-01,,,,HCM_A,2025-12-31,,,1332
ACP001332,BG,Finance,FP&A,Senior Leader,Fixed Term,2022-07-09,2023-04-27,Voluntary,true,HCM_A,2025-12-20,BG,Senior Leader,true,true,true,true,true,true,true,true,true,,ACP001332,Finance,FP&A,Fixed Term,2022-07-09,2023-04-27,Voluntary,true,HCM_A,2025-12-20,,,1333
ACP001333,BG,Supply Chain,Manufacturing,Manager,Permanent,2024-12-30,,,,HCM_A,2025-12-21,BG,Manager,true,true,true,true,true,false,not_applicable,true,true,,ACP001333,Supply Chain,Manufacturing,Permanent,2024-12-30,,,,HCM_A,2025-12-21,,,1334
ACP001334,PL,Supply Chain,Logistics,Individual Contributor,Permanent,2024-08-11,,,,HCM_A,2025-12-22,PL,Individual Contributor,true,true,true,true,true,false,not_applicable,true,true,,ACP001334,Supply Chain,Logistics,Permanent,2024-08-11,,,,HCM_A,2025-12-22,,,1335
ACP001335,IE,Supply Chain,Procurement,Manager,Permanent,2024-01-27,,,,HCM_B,2025-12-23,IE,Manager,true,true,true,true,true,false,not_applicable,true,true,synthetic_source_recovered,ACP001335,Supply Chain,Procurement,Permanent,2024-01-27,2024-04-26,,,HCM_B,2025-12-23,termination_date,verified_synthetic_generator_recovery,1336
ACP001336,IT,Supply Chain,Procurement,Manager,Permanent,2025-10-30,,,,HCM_A,2025-12-24,IT,Manager,true,true,true,true,true,false,not_applicable,false,false,,ACP001336,Supply Chain,Procurement,Permanent,2025-10-30,,,,HCM_A,2025-12-24,,,1337
ACP001337,GR,Sales,Field Sales,Manager,Permanent,2021-01-30,,,,HCM_A,2025-12-25,GR,Manager,true,true,true,true,true,false,not_applicable,true,true,,ACP001337,Sales,Field Sales,Permanent,2021-01-30,,,,HCM_A,2025-12-25,,,1338
ACP001338,PL,Digital,Data,Senior Leader,Permanent,2025-07-23,,,,HCM_A,2025-12-26,PL,Senior Leader,true,true,true,true,true,true,not_applicable,false,false,,ACP001338,Digital,Data,Permanent,2025-07-23,,,,HCM_A,2025-12-26,,,1339
ACP001339,IE,Supply Chain,Procurement,Individual Contributor,Permanent,2024-12-19,,,,HCM_A,2025-12-27,IE,Individual Contributor,true,true,true,true,true,false,not_applicable,true,true,,ACP001339,Supply Chain,Procurement,Permanent,2024-12-19,,,,HCM_A,2025-12-27,,,1340
ACP001340,RO,Finance,FP&A,Individual Contributor,Permanent,2022-12-13,,,,HCM_B,2025-12-28,RO,Individual Contributor,true,true,true,true,true,false,not_applicable,true,true,,ACP001340,Finance,FP&A,Permanent,2022-12-13,,,,HCM_B,2025-12-28,,,1341
ACP001341,IT,Digital,Product,Individual Contributor,Fixed Term,2023-12-11,2024-01-05,Voluntary,false,HCM_A,2025-12-29,IT,Individual Contributor,true,true,true,true,true,false,false,true,true,,ACP001341,Digital,Product,Fixed Term,2023-12-11,2024-01-05,Voluntary,false,HCM_A,2025-12-29,,,1342
ACP001342,PL,Supply Chain,Logistics,Manager,Fixed Term,2021-10-01,,,,HCM_A,2025-12-30,PL,Manager,true,true,true,true,true,false,not_applicable,true,true,,ACP001342,Supply Chain,Logistics,Fixed Term,2021-10-01,,,,HCM_A,2025-12-30,,,1343
ACP001343,PL,Sales,Commercial Planning,Senior Leader,Permanent,2020-01-20,,,,HCM_A,2025-12-31,PL,Senior Leader,true,true,true,true,true,true,not_applicable,true,true,,ACP001343,Sales,Commercial Planning,Permanent,2020-01-20,,,,HCM_A,2025-12-31,,,1344
ACP001344,BG,Supply Chain,Procurement,Manager,Fixed Term,2023-12-01,,,,HCM_A,2025-12-20,BG,Manager,true,true,true,true,true,false,not_applicable,true,true,,ACP001344,Supply Chain,Procurement,Fixed Term,2023-12-01,,,,HCM_A,2025-12-20,,,1345
ACP001345,RO,Supply Chain,Logistics,Manager,Permanent,2022-06-05,,,,HCM_B,2025-12-21,RO,Manager,true,true,true,true,true,false,not_applicable,true,true,,ACP001345,Supply Chain,Logistics,Permanent,2022-06-05,,,,HCM_B,2025-12-21,,,1346
ACP001346,IT,Digital,Software,Individual Contributor,Fixed Term,2023-05-05,2023-11-19,Voluntary,true,HCM_A,2025-12-22,IT,Individual Contributor,true,true,true,true,true,false,true,true,true,,ACP001346,Digital,Software,Fixed Term,2023-05-05,2023-11-19,Voluntary,true,HCM_A,2025-12-22,,,1347
ACP001347,GR,Digital,Software,Senior Leader,Permanent,2024-01-09,,,,HCM_A,2025-12-23,GR,Senior Leader,true,true,true,true,true,true,not_applicable,true,true,,ACP001347,Digital,Software,Permanent,2024-01-09,,,,HCM_A,2025-12-23,,,1348
ACP001348,IE,Sales,Commercial Planning,Manager,Fixed Term,2021-09-10,,,,HCM_A,2025-12-24,IE,Manager,true,true,true,true,true,false,not_applicable,true,true,,ACP001348,Sales,Commercial Planning,Fixed Term,2021-09-10,,,,HCM_A,2025-12-24,,,1349
ACP001349,IE,Finance,Controls,Individual Contributor,Fixed Term,2024-04-21,2025-09-03,Voluntary,false,HCM_A,2025-12-25,IE,Individual Contributor,true,true,true,true,true,false,false,true,true,,ACP001349,Finance,Controls,Fixed Term,2024-04-21,2025-09-03,Voluntary,false,HCM_A,2025-12-25,,,1350
ACP001350,RO,Supply Chain,Logistics,Manager,Permanent,2022-11-20,,,,HCM_B,2025-12-26,RO,Manager,true,true,true,true,true,false,not_applicable,true,true,,ACP001350,Supply Chain,Logistics,Permanent,2022-11-20,,,,HCM_B,2025-12-26,,,1351
ACP001351,RO,Finance,Accounting,Manager,Permanent,2024-07-31,,,,HCM_A,2025-12-27,RO,Manager,true,true,true,true,true,false,not_applicable,true,true,,ACP001351,Finance,Accounting,Permanent,2024-07-31,,,,HCM_A,2025-12-27,,,1352
ACP001352,BG,Sales,Commercial Planning,Manager,Fixed Term,2021-04-23,,,,HCM_A,2025-12-28,BG,Manager,true,true,true,true,true,false,not_applicable,true,true,,ACP001352,Sales,Commercial Planning,Fixed Term,2021-04-23,,,,HCM_A,2025-12-28,,,1353
ACP001353,BG,Sales,Key Accounts,Senior Leader,Fixed Term,2022-09-22,2022-12-09,Involuntary,false,HCM_A,2025-12-29,BG,Senior Leader,true,true,true,true,true,true,false,true,true,,ACP001353,Sales,Key Accounts,Fixed Term,2022-09-22,2022-12-09,Involuntary,false,HCM_A,2025-12-29,,,1354
ACP001354,IE,Supply Chain,Manufacturing,Senior Leader,Permanent,2022-06-11,,,,HCM_A,2025-12-30,IE,Senior Leader,true,true,true,true,true,true,not_applicable,true,true,,ACP001354,Supply Chain,Manufacturing,Permanent,2022-06-11,,,,HCM_A,2025-12-30,,,1355
ACP001355,GR,Sales,Key Accounts,Individual Contributor,Fixed Term,2021-02-22,2022-01-01,Voluntary,true,HCM_B,2025-12-31,GR,Individual Contributor,true,true,true,true,true,false,true,true,true,,ACP001355,Sales,Key Accounts,Fixed Term,2021-02-22,2022-01-01,Voluntary,true,HCM_B,2025-12-31,,,1356
ACP001356,GR,Finance,Accounting,Individual Contributor,Permanent,2025-02-14,2025-04-25,Voluntary,true,HCM_A,2025-12-20,GR,Individual Contributor,true,true,true,true,true,false,true,true,false,,ACP001356,Finance,Accounting,Permanent,2025-02-14,2025-04-25,Voluntary,true,HCM_A,2025-12-20,,,1357
ACP001357,BG,Supply Chain,Manufacturing,Individual Contributor,Permanent,2025-01-30,2025-10-29,Voluntary,true,HCM_A,2025-12-21,BG,Individual Contributor,true,true,true,true,true,false,true,true,false,,ACP001357,Supply Chain,Manufacturing,Permanent,2025-01-30,2025-10-29,Voluntary,true,HCM_A,2025-12-21,,,1358
ACP001358,IT,Digital,Data,Individual Contributor,Permanent,2021-03-31,2021-10-13,Voluntary,false,HCM_A,2025-12-22,IT,Individual Contributor,true,true,true,true,true,false,false,true,true,,ACP001358,Digital,Data,Permanent,2021-03-31,2021-10-13,Voluntary,false,HCM_A,2025-12-22,,,1359
ACP001359,GR,Supply Chain,Logistics,Manager,Permanent,2024-04-03,,,,HCM_A,2025-12-23,GR,Manager,true,true,true,true,true,false,not_applicable,true,true,,ACP001359,Supply Chain,Logistics,Permanent,2024-04-03,,,,HCM_A,2025-12-23,,,1360
ACP001360,RO,Digital,Software,Senior Leader,Fixed Term,2025-11-05,,,,HCM_B,2025-12-24,,Senior Leader,true,true,true,true,true,true,not_applicable,false,false,synthetic_source_recovered,ACP001360,Digital,Software,Fixed Term,2025-11-05,,,,HCM_B,2025-12-24,country_code,verified_synthetic_generator_recovery,1361
ACP001361,PL,Digital,Product,Manager,Fixed Term,2020-10-07,,,,HCM_A,2025-12-25,PL,Manager,true,true,true,true,true,false,not_applicable,true,true,,ACP001361,Digital,Product,Fixed Term,2020-10-07,,,,HCM_A,2025-12-25,,,1362
ACP001362,PL,Sales,Key Accounts,Individual Contributor,Permanent,2024-09-30,,,,HCM_A,2025-12-26,PL,Individual Contributor,true,true,true,true,true,false,not_applicable,true,true,synthetic_source_recovered,ACP001362,Sales,Key Accounts,Permanent,,,,,HCM_A,2025-12-26,hire_date,verified_synthetic_generator_recovery,1363
ACP001363,GR,Supply Chain,Logistics,Manager,Permanent,2020-10-29,,,,HCM_A,2025-12-27,GR,Manager,true,true,true,true,true,false,not_applicable,true,true,,ACP001363,Supply Chain,Logistics,Permanent,2020-10-29,,,,HCM_A,2025-12-27,,,1364
ACP001364,IT,Supply Chain,Logistics,Individual Contributor,Permanent,2021-05-19,,,,HCM_A,2025-12-28,IT,Individual Contributor,true,true,true,true,true,false,not_applicable,true,true,,ACP001364,Supply Chain,Logistics,Permanent,2021-05-19,,,,HCM_A,2025-12-28,,,1365
ACP001365,GR,Sales,Key Accounts,Individual Contributor,Permanent,2022-03-15,,,,HCM_B,2025-12-29,GR,Individual Contributor,true,true,true,true,true,false,not_applicable,true,true,,ACP001365,Sales,Key Accounts,Permanent,2022-03-15,,,,HCM_B,2025-12-29,,,1366
ACP001366,BG,Supply Chain,Logistics,Senior Leader,Permanent,2021-08-18,2023-04-13,Voluntary,false,HCM_A,2025-12-30,BG,Senior Leader,true,true,true,true,true,true,false,true,true,,ACP001366,Supply Chain,Logistics,Permanent,2021-08-18,2023-04-13,Voluntary,false,HCM_A,2025-12-30,,,1367
ACP001367,RO,Digital,Product,Individual Contributor,Fixed Term,2024-11-17,,,,HCM_A,2025-12-31,RO,Individual Contributor,true,true,true,true,true,false,not_applicable,true,true,,ACP001367,Digital,Product,Fixed Term,2024-11-17,,,,HCM_A,2025-12-31,,,1368
ACP001368,IT,Finance,Controls,Individual Contributor,Permanent,2020-10-08,,,,HCM_A,2025-12-20,IT,Individual Contributor,true,true,true,true,true,false,not_applicable,true,true,,ACP001368,Finance,Controls,Permanent,2020-10-08,,,,HCM_A,2025-12-20,,,1369
ACP001369,GR,Digital,Software,Individual Contributor,Permanent,2021-11-24,,,,HCM_A,2025-12-21,GR,Individual Contributor,true,true,true,true,true,false,not_applicable,true,true,,ACP001369,Digital,Software,Permanent,2021-11-24,,,,HCM_A,2025-12-21,,,1370
ACP001370,PL,Digital,Data,Individual Contributor,Permanent,2020-12-02,,,,HCM_B,2025-12-22,PL,Individual Contributor,true,true,true,true,true,false,not_applicable,true,true,,ACP001370,Digital,Data,Permanent,2020-12-02,,,,HCM_B,2025-12-22,,,1371
ACP001371,IE,Digital,Product,Individual Contributor,Permanent,2021-04-12,2023-09-02,Involuntary,false,HCM_A,2025-12-23,IE,Individual Contributor,true,true,true,true,true,false,false,true,true,,ACP001371,Digital,Product,Permanent,2021-04-12,2023-09-02,Involuntary,false,HCM_A,2025-12-23,,,1372
ACP001372,GR,Digital,Software,Manager,Fixed Term,2020-01-27,,,,HCM_A,2025-12-24,GR,Manager,true,true,true,true,true,false,not_applicable,true,true,,ACP001372,Digital,Software,Fixed Term,2020-01-27,,,,HCM_A,2025-12-24,,,1373
ACP001373,PL,Digital,Software,Individual Contributor,Permanent,2024-10-27,,,,HCM_A,2025-12-25,PL,Individual Contributor,true,true,true,true,true,false,not_applicable,true,true,,ACP001373,Digital,Software,Permanent,2024-10-27,,,,HCM_A,2025-12-25,,,1374
ACP001374,RO,Digital,Data,Individual Contributor,Fixed Term,2020-12-13,,,,HCM_A,2025-12-26,RO,Individual Contributor,true,true,true,true,true,false,not_applicable,true,true,,ACP001374,Digital,Data,Fixed Term,2020-12-13,,,,HCM_A,2025-12-26,,,1375
ACP001375,GR,Supply Chain,Logistics,Individual Contributor,Permanent,2023-02-21,,,,HCM_B,2025-12-27,GR,Individual Contributor,true,true,true,true,true,false,not_applicable,true,true,,ACP001375,Supply Chain,Logistics,Permanent,2023-02-21,,,,HCM_B,2025-12-27,,,1376
ACP001376,GR,Sales,Field Sales,Manager,Permanent,2025-11-12,,,,HCM_A,2025-12-28,GR,Manager,true,true,true,true,true,false,not_applicable,false,false,,ACP001376,Sales,Field Sales,Permanent,2025-11-12,,,,HCM_A,2025-12-28,,,1377
ACP001377,PL,Finance,Accounting,Manager,Permanent,2024-01-01,,,,HCM_A,2025-12-29,PL,Manager,true,true,true,true,true,false,not_applicable,true,true,,ACP001377,Finance,Accounting,Permanent,2024-01-01,,,,HCM_A,2025-12-29,,,1378
ACP001378,BG,Digital,Product,Senior Leader,Fixed Term,2023-05-30,2025-05-25,Involuntary,false,HCM_A,2025-12-30,BG,Senior Leader,true,true,true,true,true,true,false,true,true,,ACP001378,Digital,Product,Fixed Term,2023-05-30,2025-05-25,Involuntary,false,HCM_A,2025-12-30,,,1379
ACP001379,IE,Digital,Data,Individual Contributor,Fixed Term,2022-08-22,,,,HCM_A,2025-12-31,IE,Individual Contributor,true,true,true,true,true,false,not_applicable,true,true,,ACP001379,Digital,Data,Fixed Term,2022-08-22,,,,HCM_A,2025-12-31,,,1380
ACP001380,IE,Sales,Field Sales,Manager,Permanent,2023-12-24,,,,HCM_B,2025-12-20,IE,Manager,true,true,true,true,true,false,not_applicable,true,true,,ACP001380,Sales,Field Sales,Permanent,2023-12-24,,,,HCM_B,2025-12-20,,,1381
ACP001381,PL,Finance,FP&A,Individual Contributor,Fixed Term,2025-10-30,,,,HCM_A,2025-12-21,PL,Individual Contributor,true,true,true,true,true,false,not_applicable,false,false,,ACP001381,Finance,FP&A,Fixed Term,2025-10-30,,,,HCM_A,2025-12-21,,,1382
ACP001382,GR,Digital,Product,Manager,Fixed Term,2020-10-07,2024-04-30,Involuntary,false,HCM_A,2025-12-22,GR,Manager,true,true,true,true,true,false,false,true,true,,ACP001382,Digital,Product,Fixed Term,2020-10-07,2024-04-30,Involuntary,false,HCM_A,2025-12-22,,,1383
ACP001383,BG,Sales,Field Sales,Individual Contributor,Permanent,2024-04-28,2024-06-18,Voluntary,false,HCM_A,2025-12-23,BG,Individual Contributor,true,true,true,true,true,false,false,true,true,,ACP001383,Sales,Field Sales,Permanent,2024-04-28,2024-06-18,Voluntary,false,HCM_A,2025-12-23,,,1384
ACP001384,IE,Supply Chain,Manufacturing,Individual Contributor,Permanent,2020-09-23,,,,HCM_A,2025-12-24,IE,Individual Contributor,true,true,true,true,true,false,not_applicable,true,true,,ACP001384,Supply Chain,Manufacturing,Permanent,2020-09-23,,,,HCM_A,2025-12-24,,,1385
ACP001385,BG,Sales,Commercial Planning,Senior Leader,Fixed Term,2025-08-15,,,,HCM_B,2025-12-25,BG,Senior Leader,true,true,true,true,true,true,not_applicable,false,false,,ACP001385,Sales,Commercial Planning,Fixed Term,2025-08-15,,,,HCM_B,2025-12-25,,,1386
ACP001386,BG,Sales,Field Sales,Individual Contributor,Permanent,2024-07-29,,,,HCM_A,2025-12-26,BG,Individual Contributor,true,true,true,true,true,false,not_applicable,true,true,,ACP001386,Sales,Field Sales,Permanent,2024-07-29,,,,HCM_A,2025-12-26,,,1387
ACP001387,RO,Finance,FP&A,Senior Leader,Permanent,2020-12-11,,,,HCM_A,2025-12-27,RO,Senior Leader,true,true,true,true,true,true,not_applicable,true,true,,ACP001387,Finance,FP&A,Permanent,2020-12-11,,,,HCM_A,2025-12-27,,,1388
ACP001388,RO,Digital,Data,Manager,Fixed Term,2025-01-14,,,,HCM_A,2025-12-28,RO,Manager,true,true,true,true,true,false,not_applicable,true,false,,ACP001388,Digital,Data,Fixed Term,2025-01-14,,,,HCM_A,2025-12-28,,,1389
ACP001389,IT,Supply Chain,Procurement,Individual Contributor,Fixed Term,2023-08-08,,,,HCM_A,2025-12-29,IT,Individual Contributor,true,true,true,true,true,false,not_applicable,true,true,,ACP001389,Supply Chain,Procurement,Fixed Term,2023-08-08,,,,HCM_A,2025-12-29,,,1390
ACP001390,IE,Supply Chain,Logistics,Individual Contributor,Permanent,2024-04-13,,,,HCM_B,2025-12-30,IE,Individual Contributor,true,true,true,true,true,false,not_applicable,true,true,,ACP001390,Supply Chain,Logistics,Permanent,2024-04-13,,,,HCM_B,2025-12-30,,,1391
ACP001391,PL,Sales,Field Sales,Senior Leader,Permanent,2023-09-15,,,,HCM_A,2025-12-31,PL,Senior Leader,true,true,true,true,true,true,not_applicable,true,true,,ACP001391,Sales,Field Sales,Permanent,2023-09-15,,,,HCM_A,2025-12-31,,,1392
ACP001392,RO,Supply Chain,Procurement,Manager,Fixed Term,2023-06-25,2024-03-27,Voluntary,false,HCM_A,2025-12-20,RO,Manager,true,true,true,true,true,false,false,true,true,,ACP001392,Supply Chain,Procurement,Fixed Term,2023-06-25,2024-03-27,Voluntary,false,HCM_A,2025-12-20,,,1393
ACP001393,PL,Sales,Commercial Planning,Individual Contributor,Permanent,2020-04-30,,,,HCM_A,2025-12-21,PL,Individual Contributor,true,true,true,true,true,false,not_applicable,true,true,,ACP001393,Sales,Commercial Planning,Permanent,2020-04-30,,,,HCM_A,2025-12-21,,,1394
ACP001394,IT,Digital,Product,Individual Contributor,Permanent,2024-04-14,,,,HCM_A,2025-12-22,IT,Individual Contributor,true,true,true,true,true,false,not_applicable,true,true,,ACP001394,Digital,Product,Permanent,2024-04-14,,,,HCM_A,2025-12-22,,,1395
ACP001395,PL,Digital,Software,Manager,Permanent,2024-09-26,2025-12-21,Voluntary,false,HCM_B,2025-12-23,PL,Manager,true,true,true,true,true,false,false,true,true,,ACP001395,Digital,Software,Permanent,2024-09-26,2025-12-21,Voluntary,false,HCM_B,2025-12-23,,,1396
ACP001396,GR,Digital,Product,Manager,Fixed Term,2025-10-09,,,,HCM_A,2025-12-24,GR,Manager,true,true,true,true,true,false,not_applicable,false,false,,ACP001396,Digital,Product,Fixed Term,2025-10-09,,,,HCM_A,2025-12-24,,,1397
ACP001397,BG,Digital,Product,Individual Contributor,Permanent,2023-01-03,,,,HCM_A,2025-12-25,BG,Individual Contributor,true,true,true,true,true,false,not_applicable,true,true,,ACP001397,Digital,Product,Permanent,2023-01-03,,,,HCM_A,2025-12-25,,,1398
ACP001398,IT,Sales,Commercial Planning,Manager,Permanent,2020-08-08,2021-02-23,Voluntary,true,HCM_A,2025-12-26,IT,Manager,true,true,true,true,true,false,true,true,true,,ACP001398,Sales,Commercial Planning,Permanent,2020-08-08,2021-02-23,Voluntary,true,HCM_A,2025-12-26,,,1399
ACP001399,BG,Sales,Commercial Planning,Manager,Permanent,2023-12-10,,,,HCM_A,2025-12-27,BG,Manager,true,true,true,true,true,false,not_applicable,true,true,,ACP001399,Sales,Commercial Planning,Permanent,2023-12-10,,,,HCM_A,2025-12-27,,,1400
ACP001400,RO,Finance,Controls,Senior Leader,Permanent,2020-02-20,2020-10-12,Voluntary,true,HCM_B,2025-12-28,RO,Senior Leader,true,true,true,true,true,true,true,true,true,,ACP001400,Finance,Controls,Permanent,2020-02-20,2020-10-12,Voluntary,true,HCM_B,2025-12-28,,,1401
ACP001401,BG,Supply Chain,Manufacturing,Individual Contributor,Permanent,2024-10-02,,,,HCM_A,2025-12-29,EL,Individual Contributor,true,true,true,true,true,false,not_applicable,true,true,synthetic_source_recovered,ACP001401,Supply Chain,Manufacturing,Permanent,2024-10-02,,,,HCM_A,2025-12-29,country_code,verified_synthetic_generator_recovery,1402
ACP001402,GR,Digital,Product,Individual Contributor,Fixed Term,2021-06-22,,,,HCM_A,2025-12-30,GR,Individual Contributor,true,true,true,true,true,false,not_applicable,true,true,,ACP001402,Digital,Product,Fixed Term,2021-06-22,,,,HCM_A,2025-12-30,,,1403
ACP001403,IE,Supply Chain,Manufacturing,Individual Contributor,Permanent,2022-11-12,,,,HCM_A,2025-12-31,IE,Individual Contributor,true,true,true,true,true,false,not_applicable,true,true,,ACP001403,Supply Chain,Manufacturing,Permanent,2022-11-12,,,,HCM_A,2025-12-31,,,1404
ACP001404,IE,Supply Chain,Manufacturing,Individual Contributor,Permanent,2020-04-04,,,,HCM_A,2025-12-20,IE,Individual Contributor,true,true,true,true,true,false,not_applicable,true,true,,ACP001404,Supply Chain,Manufacturing,Permanent,2020-04-04,,,,HCM_A,2025-12-20,,,1405
ACP001405,RO,Digital,Software,Individual Contributor,Fixed Term,2021-06-24,2021-08-27,Involuntary,false,HCM_B,2025-12-21,RO,Individual Contributor,true,true,true,true,true,false,false,true,true,,ACP001405,Digital,Software,Fixed Term,2021-06-24,2021-08-27,Involuntary,false,HCM_B,2025-12-21,,,1406
ACP001406,PL,Digital,Software,Individual Contributor,Permanent,2020-03-05,,,,HCM_A,2025-12-22,PL,Individual Contributor,true,true,true,true,true,false,not_applicable,true,true,,ACP001406,Digital,Software,Permanent,2020-03-05,,,,HCM_A,2025-12-22,,,1407
ACP001407,IE,Finance,Accounting,Manager,Permanent,2024-07-12,2025-10-12,Voluntary,true,HCM_A,2025-12-23,IE,Manager,true,true,true,true,true,false,true,true,true,,ACP001407,Finance,Accounting,Permanent,2024-07-12,2025-10-12,Voluntary,true,HCM_A,2025-12-23,,,1408
ACP001408,BG,Sales,Commercial Planning,Individual Contributor,Permanent,2020-06-20,,,,HCM_A,2025-12-24,BG,Individual Contributor,true,true,true,true,true,false,not_applicable,true,true,,ACP001408,Sales,Commercial Planning,Permanent,2020-06-20,,,,HCM_A,2025-12-24,,,1409
ACP001409,GR,Supply Chain,Manufacturing,Individual Contributor,Permanent,2021-09-07,2022-01-19,Voluntary,true,HCM_A,2025-12-25,GR,Individual Contributor,true,true,true,true,true,false,true,true,true,synthetic_source_recovered,ACP001409,Supply Chain,Manufacturing,Permanent,2021-09-07,2021-08-10,Voluntary,false,HCM_A,2025-12-25,termination_date|regretted_exit,verified_synthetic_generator_recovery,1410
ACP001410,IE,Supply Chain,Logistics,Individual Contributor,Permanent,2024-09-04,2025-10-07,Voluntary,false,HCM_B,2025-12-26,IE,Individual Contributor,true,true,true,true,true,false,false,true,true,,ACP001410,Supply Chain,Logistics,Permanent,2024-09-04,2025-10-07,Voluntary,false,HCM_B,2025-12-26,,,1411
ACP001411,BG,Finance,FP&A,Individual Contributor,Permanent,2024-06-23,2025-09-29,Involuntary,false,HCM_A,2025-12-27,BG,Individual Contributor,true,true,true,true,true,false,false,true,true,,ACP001411,Finance,FP&A,Permanent,2024-06-23,2025-09-29,Involuntary,false,HCM_A,2025-12-27,,,1412
ACP001412,IT,Supply Chain,Logistics,Individual Contributor,Permanent,2020-12-11,,,,HCM_A,2025-12-28,IT,Individual Contributor,true,true,true,true,true,false,not_applicable,true,true,,ACP001412,Supply Chain,Logistics,Permanent,2020-12-11,,,,HCM_A,2025-12-28,,,1413
ACP001413,BG,Finance,Controls,Individual Contributor,Permanent,2024-12-24,,,,HCM_A,2025-12-29,BG,Individual Contributor,true,true,true,true,true,false,not_applicable,true,true,,ACP001413,Finance,Controls,Permanent,2024-12-24,,,,HCM_A,2025-12-29,,,1414
ACP001414,PL,Sales,Field Sales,Individual Contributor,Permanent,2021-05-03,,,,HCM_A,2025-12-30,PL,Individual Contributor,true,true,true,true,true,false,not_applicable,true,true,,ACP001414,Sales,Field Sales,Permanent,2021-05-03,,,,HCM_A,2025-12-30,,,1415
ACP001415,GR,Digital,Product,Manager,Permanent,2020-07-20,2024-01-30,Involuntary,false,HCM_B,2025-12-31,GR,Manager,true,true,true,true,true,false,false,true,true,,ACP001415,Digital,Product,Permanent,2020-07-20,2024-01-30,Involuntary,false,HCM_B,2025-12-31,,,1416
ACP001416,GR,Sales,Key Accounts,Individual Contributor,Fixed Term,2021-02-18,,,,HCM_A,2025-12-20,GR,Individual Contributor,true,true,true,true,true,false,not_applicable,true,true,,ACP001416,Sales,Key Accounts,Fixed Term,2021-02-18,,,,HCM_A,2025-12-20,,,1417
ACP001417,IT,Digital,Software,Individual Contributor,Permanent,2023-04-06,,,,HCM_A,2025-12-21,IT,Individual Contributor,true,true,true,true,true,false,not_applicable,true,true,,ACP001417,Digital,Software,Permanent,2023-04-06,,,,HCM_A,2025-12-21,,,1418
ACP001418,IE,Digital,Data,Individual Contributor,Permanent,2025-02-11,,,,HCM_A,2025-12-22,IE,Individual Contributor,true,true,true,true,true,false,not_applicable,true,false,,ACP001418,Digital,Data,Permanent,2025-02-11,,,,HCM_A,2025-12-22,,,1419
ACP001419,IT,Sales,Field Sales,Individual Contributor,Permanent,2022-07-27,,,,HCM_A,2025-12-23,IT,Individual Contributor,true,true,true,true,true,false,not_applicable,true,true,,ACP001419,Sales,Field Sales,Permanent,2022-07-27,,,,HCM_A,2025-12-23,,,1420
ACP001420,RO,Sales,Field Sales,Senior Leader,Permanent,2020-10-15,,,,HCM_B,2025-12-24,RO,Senior Leader,true,true,true,true,true,true,not_applicable,true,true,,ACP001420,Sales,Field Sales,Permanent,2020-10-15,,,,HCM_B,2025-12-24,,,1421
ACP001421,IE,Sales,Commercial Planning,Manager,Permanent,2021-10-14,,,,HCM_A,2025-12-25,IE,Manager,true,true,true,true,true,false,not_applicable,true,true,,ACP001421,Sales,Commercial Planning,Permanent,2021-10-14,,,,HCM_A,2025-12-25,,,1422
ACP001422,GR,Supply Chain,Manufacturing,Manager,Permanent,2022-02-10,,,,HCM_A,2025-12-26,GR,Manager,true,true,true,true,true,false,not_applicable,true,true,,ACP001422,Supply Chain,Manufacturing,Permanent,2022-02-10,,,,HCM_A,2025-12-26,,,1423
ACP001423,GR,Supply Chain,Logistics,Manager,Permanent,2021-10-11,,,,HCM_A,2025-12-27,GR,Manager,true,true,true,true,true,false,not_applicable,true,true,,ACP001423,Supply Chain,Logistics,Permanent,2021-10-11,,,,HCM_A,2025-12-27,,,1424
ACP001424,IT,Finance,FP&A,Manager,Permanent,2020-08-11,,,,HCM_A,2025-12-28,IT,Manager,true,true,true,true,true,false,not_applicable,true,true,,ACP001424,Finance,FP&A,Permanent,2020-08-11,,,,HCM_A,2025-12-28,,,1425
ACP001425,GR,Sales,Commercial Planning,Individual Contributor,Permanent,2021-09-05,,,,HCM_B,2025-12-29,GR,Individual Contributor,true,true,true,true,true,false,not_applicable,true,true,,ACP001425,Sales,Commercial Planning,Permanent,2021-09-05,,,,HCM_B,2025-12-29,,,1426
ACP001426,GR,Digital,Data,Manager,Permanent,2023-08-31,,,,HCM_A,2025-12-30,GR,Manager,true,true,true,true,true,false,not_applicable,true,true,,ACP001426,Digital,Data,Permanent,2023-08-31,,,,HCM_A,2025-12-30,,,1427
ACP001427,BG,Supply Chain,Procurement,Manager,Permanent,2020-12-04,,,,HCM_A,2025-12-31,BG,Manager,true,true,true,true,true,false,not_applicable,true,true,,ACP001427,Supply Chain,Procurement,Permanent,2020-12-04,,,,HCM_A,2025-12-31,,,1428
ACP001428,IE,Supply Chain,Logistics,Manager,Permanent,2024-11-12,,,,HCM_A,2025-12-20,IE,Manager,true,true,true,true,true,false,not_applicable,true,true,,ACP001428,Supply Chain,Logistics,Permanent,2024-11-12,,,,HCM_A,2025-12-20,,,1429
ACP001429,RO,Digital,Data,Individual Contributor,Fixed Term,2024-04-18,,,,HCM_A,2025-12-21,RO,Individual Contributor,true,true,true,true,true,false,not_applicable,true,true,,ACP001429,Digital,Data,Fixed Term,2024-04-18,,,,HCM_A,2025-12-21,,,1430
ACP001430,BG,Finance,Controls,Individual Contributor,Permanent,2021-12-30,,,,HCM_B,2025-12-22,BG,Individual Contributor,true,true,true,true,true,false,not_applicable,true,true,,ACP001430,Finance,Controls,Permanent,2021-12-30,,,,HCM_B,2025-12-22,,,1431
ACP001431,PL,Finance,FP&A,Individual Contributor,Permanent,2020-05-30,2021-04-04,Voluntary,true,HCM_A,2025-12-23,PL,Individual Contributor,true,true,true,true,true,false,true,true,true,,ACP001431,Finance,FP&A,Permanent,2020-05-30,2021-04-04,Voluntary,true,HCM_A,2025-12-23,,,1432
ACP001432,GR,Digital,Software,Senior Leader,Permanent,2020-05-20,,,,HCM_A,2025-12-24,GR,Senior Leader,true,true,true,true,true,true,not_applicable,true,true,,ACP001432,Digital,Software,Permanent,2020-05-20,,,,HCM_A,2025-12-24,,,1433
ACP001433,GR,Supply Chain,Procurement,Manager,Permanent,2020-04-21,,,,HCM_A,2025-12-25,GR,Manager,true,true,true,true,true,false,not_applicable,true,true,,ACP001433,Supply Chain,Procurement,Permanent,2020-04-21,,,,HCM_A,2025-12-25,,,1434
ACP001434,BG,Sales,Commercial Planning,Manager,Fixed Term,2020-10-31,,,,HCM_A,2025-12-26,BG,Manager,true,true,true,true,true,false,not_applicable,true,true,,ACP001434,Sales,Commercial Planning,Fixed Term,2020-10-31,,,,HCM_A,2025-12-26,,,1435
ACP001435,PL,Finance,Accounting,Individual Contributor,Permanent,2021-04-08,2024-07-25,Voluntary,true,HCM_B,2025-12-27,PL,Individual Contributor,true,true,true,true,true,false,true,true,true,,ACP001435,Finance,Accounting,Permanent,2021-04-08,2024-07-25,Voluntary,true,HCM_B,2025-12-27,,,1436
ACP001436,IT,Finance,Accounting,Individual Contributor,Permanent,2022-10-20,2022-12-12,Voluntary,false,HCM_A,2025-12-28,IT,Individual Contributor,true,true,true,true,true,false,false,true,true,,ACP001436,Finance,Accounting,Permanent,2022-10-20,2022-12-12,Voluntary,false,HCM_A,2025-12-28,,,1437
ACP001437,IT,Digital,Software,Individual Contributor,Fixed Term,2022-01-13,2022-09-01,End of Contract,false,HCM_A,2025-12-29,IT,Individual Contributor,true,true,true,true,true,false,false,true,true,,ACP001437,Digital,Software,Fixed Term,2022-01-13,2022-09-01,End of Contract,false,HCM_A,2025-12-29,,,1438
ACP001438,IE,Finance,Controls,Senior Leader,Permanent,2023-12-02,,,,HCM_A,2025-12-30,IE,Senior Leader,true,true,true,true,true,true,not_applicable,true,true,,ACP001438,Finance,Controls,Permanent,2023-12-02,,,,HCM_A,2025-12-30,,,1439
ACP001439,PL,Supply Chain,Procurement,Individual Contributor,Permanent,2025-03-28,,,,HCM_A,2025-12-31,PL,Individual Contributor,true,true,true,true,true,false,not_applicable,true,false,,ACP001439,Supply Chain,Procurement,Permanent,2025-03-28,,,,HCM_A,2025-12-31,,,1440
ACP001440,IE,Finance,Controls,Manager,Fixed Term,2022-01-05,2023-10-23,Voluntary,true,HCM_B,2025-12-20,IE,Manager,true,true,true,true,true,false,true,true,true,,ACP001440,Finance,Controls,Fixed Term,2022-01-05,2023-10-23,Voluntary,true,HCM_B,2025-12-20,,,1441
ACP001441,GR,Supply Chain,Logistics,Senior Leader,Permanent,2021-05-17,2025-06-06,Voluntary,true,HCM_A,2025-12-21,GR,Senior Leader,true,true,true,true,true,true,true,true,true,,ACP001441,Supply Chain,Logistics,Permanent,2021-05-17,2025-06-06,Voluntary,true,HCM_A,2025-12-21,,,1442
ACP001442,IT,Finance,FP&A,Individual Contributor,Permanent,2022-01-22,,,,HCM_A,2025-12-22,IT,Individual Contributor,true,true,true,true,true,false,not_applicable,true,true,,ACP001442,Finance,FP&A,Permanent,2022-01-22,,,,HCM_A,2025-12-22,,,1443
ACP001443,IE,Supply Chain,Manufacturing,Individual Contributor,Fixed Term,2023-05-01,,,,HCM_A,2025-12-23,IE,Individual Contributor,true,true,true,true,true,false,not_applicable,true,true,,ACP001443,Supply Chain,Manufacturing,Fixed Term,2023-05-01,,,,HCM_A,2025-12-23,,,1444
ACP001444,BG,Finance,Accounting,Individual Contributor,Fixed Term,2023-09-26,,,,HCM_A,2025-12-24,BG,Individual Contributor,true,true,true,true,true,false,not_applicable,true,true,,ACP001444,Finance,Accounting,Fixed Term,2023-09-26,,,,HCM_A,2025-12-24,,,1445
ACP001445,PL,Supply Chain,Manufacturing,Senior Leader,Permanent,2020-01-31,,,,HCM_B,2025-12-25,PL,Senior Leader,true,true,true,true,true,true,not_applicable,true,true,,ACP001445,Supply Chain,Manufacturing,Permanent,2020-01-31,,,,HCM_B,2025-12-25,,,1446
ACP001446,IE,Sales,Commercial Planning,Individual Contributor,Permanent,2023-03-02,,,,HCM_A,2025-12-26,IE,Individual Contributor,true,true,true,true,true,false,not_applicable,true,true,,ACP001446,Sales,Commercial Planning,Permanent,2023-03-02,,,,HCM_A,2025-12-26,,,1447
ACP001447,GR,Supply Chain,Logistics,Manager,Permanent,2023-08-18,2024-03-22,Voluntary,true,HCM_A,2025-12-27,GR,Manager,true,true,true,true,true,false,true,true,true,,ACP001447,Supply Chain,Logistics,Permanent,2023-08-18,2024-03-22,Voluntary,true,HCM_A,2025-12-27,,,1448
ACP001448,RO,Sales,Field Sales,Individual Contributor,Fixed Term,2023-12-04,2024-03-02,Voluntary,false,HCM_A,2025-12-28,RO,Individual Contributor,true,true,true,true,true,false,false,true,true,,ACP001448,Sales,Field Sales,Fixed Term,2023-12-04,2024-03-02,Voluntary,false,HCM_A,2025-12-28,,,1449
ACP001449,IT,Sales,Key Accounts,Senior Leader,Permanent,2020-11-09,,,,HCM_A,2025-12-29,IT,Senior Leader,true,true,true,true,true,true,not_applicable,true,true,,ACP001449,Sales,Key Accounts,Permanent,2020-11-09,,,,HCM_A,2025-12-29,,,1450
ACP001450,IT,Digital,Data,Individual Contributor,Fixed Term,2021-12-03,2022-01-15,Voluntary,true,HCM_B,2025-12-30,IT,Individual Contributor,true,true,true,true,true,false,true,true,true,,ACP001450,Digital,Data,Fixed Term,2021-12-03,2022-01-15,Voluntary,true,HCM_B,2025-12-30,,,1451
ACP001451,PL,Finance,Accounting,Individual Contributor,Fixed Term,2025-03-28,,,,HCM_A,2025-12-31,PL,Individual Contributor,true,true,true,true,true,false,not_applicable,true,false,,ACP001451,Finance,Accounting,Fixed Term,2025-03-28,,,,HCM_A,2025-12-31,,,1452
ACP001452,BG,Digital,Data,Manager,Permanent,2021-02-14,2023-02-16,Involuntary,false,HCM_A,2025-12-20,BG,Manager,true,true,true,true,true,false,false,true,true,,ACP001452,Digital,Data,Permanent,2021-02-14,2023-02-16,Involuntary,false,HCM_A,2025-12-20,,,1453
ACP001453,RO,Finance,FP&A,Senior Leader,Permanent,2023-08-31,,,,HCM_A,2025-12-21,RO,Senior Leader,true,true,true,true,true,true,not_applicable,true,true,,ACP001453,Finance,FP&A,Permanent,2023-08-31,,,,HCM_A,2025-12-21,,,1454
ACP001454,PL,Sales,Field Sales,Individual Contributor,Permanent,2025-04-27,,,,HCM_A,2025-12-22,PL,Individual Contributor,true,true,true,true,true,false,not_applicable,true,false,,ACP001454,Sales,Field Sales,Permanent,2025-04-27,,,,HCM_A,2025-12-22,,,1455
ACP001455,IT,Digital,Product,Individual Contributor,Permanent,2025-06-06,,,,HCM_B,2025-12-23,IT,Individual Contributor,true,true,true,true,true,false,not_applicable,true,false,,ACP001455,Digital,Product,Permanent,2025-06-06,,,,HCM_B,2025-12-23,,,1456
ACP001456,BG,Sales,Key Accounts,Manager,Permanent,2023-11-20,2024-11-09,Involuntary,false,HCM_A,2025-12-24,BG,Manager,true,true,true,true,true,false,false,true,true,,ACP001456,Sales,Key Accounts,Permanent,2023-11-20,2024-11-09,Involuntary,false,HCM_A,2025-12-24,,,1457
ACP001457,IT,Digital,Data,Manager,Fixed Term,2022-11-25,,,,HCM_A,2025-12-25,IT,Manager,true,true,true,true,true,false,not_applicable,true,true,,ACP001457,Digital,Data,Fixed Term,2022-11-25,,,,HCM_A,2025-12-25,,,1458
ACP001458,BG,Finance,Accounting,Individual Contributor,Permanent,2022-03-29,,,,HCM_A,2025-12-26,BG,Individual Contributor,true,true,true,true,true,false,not_applicable,true,true,,ACP001458,Finance,Accounting,Permanent,2022-03-29,,,,HCM_A,2025-12-26,,,1459
ACP001459,RO,Supply Chain,Manufacturing,Senior Leader,Permanent,2024-05-27,,,,HCM_A,2025-12-27,RO,Senior Leader,true,true,true,true,true,true,not_applicable,true,true,,ACP001459,Supply Chain,Manufacturing,Permanent,2024-05-27,,,,HCM_A,2025-12-27,,,1460
ACP001460,IT,Digital,Software,Individual Contributor,Permanent,2025-09-29,,,,HCM_B,2025-12-28,IT,Individual Contributor,true,true,true,true,true,false,not_applicable,false,false,,ACP001460,Digital,Software,Permanent,2025-09-29,,,,HCM_B,2025-12-28,,,1461
ACP001461,IT,Sales,Commercial Planning,Senior Leader,Permanent,2023-04-27,,,,HCM_A,2025-12-29,IT,Senior Leader,true,true,true,true,true,true,not_applicable,true,true,,ACP001461,Sales,Commercial Planning,Permanent,2023-04-27,,,,HCM_A,2025-12-29,,,1462
ACP001462,IE,Sales,Key Accounts,Individual Contributor,Permanent,2025-04-08,2025-11-21,Voluntary,true,HCM_A,2025-12-30,IE,Individual Contributor,true,true,true,true,true,false,true,true,false,,ACP001462,Sales,Key Accounts,Permanent,2025-04-08,2025-11-21,Voluntary,true,HCM_A,2025-12-30,,,1463
ACP001463,IE,Supply Chain,Manufacturing,Individual Contributor,Fixed Term,2021-03-16,2021-07-02,Involuntary,false,HCM_A,2025-12-31,IE,Individual Contributor,true,true,true,true,true,false,false,true,true,,ACP001463,Supply Chain,Manufacturing,Fixed Term,2021-03-16,2021-07-02,Involuntary,false,HCM_A,2025-12-31,,,1464
ACP001464,RO,Finance,Controls,Individual Contributor,Permanent,2021-09-29,,,,HCM_A,2025-12-20,RO,Individual Contributor,true,true,true,true,true,false,not_applicable,true,true,,ACP001464,Finance,Controls,Permanent,2021-09-29,,,,HCM_A,2025-12-20,,,1465
ACP001465,GR,Supply Chain,Procurement,Manager,Permanent,2025-06-04,2025-09-18,Voluntary,false,HCM_B,2025-12-21,GR,Manager,true,true,true,true,true,false,false,true,false,,ACP001465,Supply Chain,Procurement,Permanent,2025-06-04,2025-09-18,Voluntary,false,HCM_B,2025-12-21,,,1466
ACP001466,IE,Supply Chain,Logistics,Senior Leader,Permanent,2022-09-01,,,,HCM_A,2025-12-22,IE,Senior Leader,true,true,true,true,true,true,not_applicable,true,true,,ACP001466,Supply Chain,Logistics,Permanent,2022-09-01,,,,HCM_A,2025-12-22,,,1467
ACP001467,PL,Digital,Product,Senior Leader,Permanent,2024-05-30,,,,HCM_A,2025-12-23,PL,Senior Leader,true,true,true,true,true,true,not_applicable,true,true,,ACP001467,Digital,Product,Permanent,2024-05-30,,,,HCM_A,2025-12-23,,,1468
ACP001468,IE,Supply Chain,Logistics,Individual Contributor,Permanent,2023-02-11,,,,HCM_A,2025-12-24,IE,Individual Contributor,true,true,true,true,true,false,not_applicable,true,true,,ACP001468,Supply Chain,Logistics,Permanent,2023-02-11,,,,HCM_A,2025-12-24,,,1469
ACP001469,IE,Supply Chain,Logistics,Individual Contributor,Permanent,2022-06-22,,,,HCM_A,2025-12-25,IE,Individual Contributor,true,true,true,true,true,false,not_applicable,true,true,,ACP001469,Supply Chain,Logistics,Permanent,2022-06-22,,,,HCM_A,2025-12-25,,,1470
ACP001470,IE,Sales,Commercial Planning,Individual Contributor,Permanent,2020-05-29,2021-03-10,Involuntary,false,HCM_B,2025-12-26,IE,Individual Contributor,true,true,true,true,true,false,false,true,true,,ACP001470,Sales,Commercial Planning,Permanent,2020-05-29,2021-03-10,Involuntary,false,HCM_B,2025-12-26,,,1471
ACP001471,GR,Finance,Controls,Manager,Permanent,2022-05-18,,,,HCM_A,2025-12-27,GR,Manager,true,true,true,true,true,false,not_applicable,true,true,,ACP001471,Finance,Controls,Permanent,2022-05-18,,,,HCM_A,2025-12-27,,,1472
ACP001472,IT,Sales,Key Accounts,Manager,Permanent,2020-11-05,,,,HCM_A,2025-12-28,IT,Manager,true,true,true,true,true,false,not_applicable,true,true,,ACP001472,Sales,Key Accounts,Permanent,2020-11-05,,,,HCM_A,2025-12-28,,,1473
ACP001473,IT,Digital,Product,Senior Leader,Permanent,2024-06-28,,,,HCM_A,2025-12-29,IT,Senior Leader,true,true,true,true,true,true,not_applicable,true,true,,ACP001473,Digital,Product,Permanent,2024-06-28,,,,HCM_A,2025-12-29,,,1474
ACP001474,PL,Sales,Key Accounts,Manager,Fixed Term,2022-06-24,,,,HCM_A,2025-12-30,PL,Manager,true,true,true,true,true,false,not_applicable,true,true,,ACP001474,Sales,Key Accounts,Fixed Term,2022-06-24,,,,HCM_A,2025-12-30,,,1475
ACP001475,IE,Sales,Field Sales,Senior Leader,Permanent,2022-06-07,,,,HCM_B,2025-12-31,IE,Senior Leader,true,true,true,true,true,true,not_applicable,true,true,,ACP001475,Sales,Field Sales,Permanent,2022-06-07,,,,HCM_B,2025-12-31,,,1476
ACP001476,RO,Digital,Product,Individual Contributor,Permanent,2024-03-21,,,,HCM_A,2025-12-20,RO,Individual Contributor,true,true,true,true,true,false,not_applicable,true,true,,ACP001476,Digital,Product,Permanent,2024-03-21,,,,HCM_A,2025-12-20,,,1477
ACP001477,PL,Finance,Controls,Manager,Permanent,2024-12-15,2025-10-05,Voluntary,true,HCM_A,2025-12-21,PL,Manager,true,true,true,true,true,false,true,true,true,,ACP001477,Finance,Controls,Permanent,2024-12-15,2025-10-05,Voluntary,true,HCM_A,2025-12-21,,,1478
ACP001478,RO,Sales,Field Sales,Manager,Permanent,2024-08-28,,,,HCM_A,2025-12-22,RO,Manager,true,true,true,true,true,false,not_applicable,true,true,,ACP001478,Sales,Field Sales,Permanent,2024-08-28,,,,HCM_A,2025-12-22,,,1479
ACP001479,RO,Sales,Commercial Planning,Manager,Permanent,2021-03-06,,,,HCM_A,2025-12-23,RO,Manager,true,true,true,true,true,false,not_applicable,true,true,,ACP001479,Sales,Commercial Planning,Permanent,2021-03-06,,,,HCM_A,2025-12-23,,,1480
ACP001480,IE,Supply Chain,Procurement,Manager,Permanent,2022-06-22,,,,HCM_B,2025-12-24,IE,Manager,true,true,true,true,true,false,not_applicable,true,true,,ACP001480,Supply Chain,Procurement,Permanent,2022-06-22,,,,HCM_B,2025-12-24,,,1481
ACP001481,IT,Digital,Product,Senior Leader,Fixed Term,2020-11-19,2021-05-12,Involuntary,false,HCM_A,2025-12-25,IT,Senior Leader,true,true,true,true,true,true,false,true,true,,ACP001481,Digital,Product,Fixed Term,2020-11-19,2021-05-12,Involuntary,false,HCM_A,2025-12-25,,,1482
ACP001482,RO,Sales,Key Accounts,Individual Contributor,Permanent,2024-07-22,,,,HCM_A,2025-12-26,RO,Individual Contributor,true,true,true,true,true,false,not_applicable,true,true,,ACP001482,Sales,Key Accounts,Permanent,2024-07-22,,,,HCM_A,2025-12-26,,,1483
ACP001483,IE,Digital,Product,Individual Contributor,Permanent,2024-10-03,2025-08-24,End of Contract,false,HCM_A,2025-12-27,IE,Individual Contributor,true,true,true,true,true,false,false,true,true,,ACP001483,Digital,Product,Permanent,2024-10-03,2025-08-24,End of Contract,false,HCM_A,2025-12-27,,,1484
ACP001484,IT,Digital,Software,Manager,Permanent,2020-08-19,2020-09-12,Voluntary,true,HCM_A,2025-12-28,IT,Manager,true,true,true,true,true,false,true,true,true,,ACP001484,Digital,Software,Permanent,2020-08-19,2020-09-12,Voluntary,true,HCM_A,2025-12-28,,,1485
ACP001485,BG,Sales,Commercial Planning,Individual Contributor,Permanent,2025-04-12,2025-12-07,End of Contract,false,HCM_B,2025-12-29,BG,Individual Contributor,true,true,true,true,true,false,false,true,false,,ACP001485,Sales,Commercial Planning,Permanent,2025-04-12,2025-12-07,End of Contract,false,HCM_B,2025-12-29,,,1486
ACP001486,IT,Supply Chain,Manufacturing,Individual Contributor,Fixed Term,2020-01-29,2020-05-26,Involuntary,false,HCM_A,2025-12-30,IT,Individual Contributor,true,true,true,true,true,false,false,true,true,,ACP001486,Supply Chain,Manufacturing,Fixed Term,2020-01-29,2020-05-26,Involuntary,false,HCM_A,2025-12-30,,,1487
ACP001487,IE,Finance,Accounting,Individual Contributor,Permanent,2020-05-23,,,,HCM_A,2025-12-31,IE,Individual Contributor,true,true,true,true,true,false,not_applicable,true,true,,ACP001487,Finance,Accounting,Permanent,2020-05-23,,,,HCM_A,2025-12-31,,,1488
ACP001488,RO,Finance,Controls,Senior Leader,Permanent,2023-09-09,,,,HCM_A,2025-12-20,RO,Senior Leader,true,true,true,true,true,true,not_applicable,true,true,,ACP001488,Finance,Controls,Permanent,2023-09-09,,,,HCM_A,2025-12-20,,,1489
ACP001489,IE,Supply Chain,Manufacturing,Senior Leader,Permanent,2024-03-01,,,,HCM_A,2025-12-21,IE,Senior Leader,true,true,true,true,true,true,not_applicable,true,true,,ACP001489,Supply Chain,Manufacturing,Permanent,2024-03-01,,,,HCM_A,2025-12-21,,,1490
ACP001490,RO,Finance,Accounting,Individual Contributor,Permanent,2023-08-23,2023-12-22,Voluntary,false,HCM_B,2025-12-22,RO,Individual Contributor,true,true,true,true,true,false,false,true,true,,ACP001490,Finance,Accounting,Permanent,2023-08-23,2023-12-22,Voluntary,false,HCM_B,2025-12-22,,,1491
ACP001491,BG,Digital,Product,Individual Contributor,Permanent,2024-05-15,,,,HCM_A,2025-12-23,BG,Individual Contributor,true,true,true,true,true,false,not_applicable,true,true,,ACP001491,Digital,Product,Permanent,2024-05-15,,,,HCM_A,2025-12-23,,,1492
ACP001492,IE,Sales,Commercial Planning,Individual Contributor,Permanent,2021-08-09,,,,HCM_A,2025-12-24,IE,Individual Contributor,true,true,true,true,true,false,not_applicable,true,true,,ACP001492,Sales,Commercial Planning,Permanent,2021-08-09,,,,HCM_A,2025-12-24,,,1493
ACP001493,IE,Sales,Field Sales,Individual Contributor,Permanent,2021-07-21,2022-09-01,Voluntary,false,HCM_A,2025-12-25,IE,Individual Contributor,true,true,true,true,true,false,false,true,true,,ACP001493,Sales,Field Sales,Permanent,2021-07-21,2022-09-01,Voluntary,false,HCM_A,2025-12-25,,,1494
ACP001494,IT,Sales,Key Accounts,Manager,Permanent,2023-08-16,2024-06-04,Voluntary,true,HCM_A,2025-12-26,IT,Sr Mgmt,true,true,true,true,true,false,true,true,true,synthetic_source_recovered,ACP001494,Sales,Key Accounts,Permanent,2023-08-16,2024-06-04,Voluntary,true,HCM_A,2025-12-26,career_level,verified_synthetic_generator_recovery,1495
ACP001495,RO,Digital,Product,Individual Contributor,Permanent,2023-07-21,2024-04-06,Voluntary,false,HCM_B,2025-12-27,RO,Individual Contributor,true,true,true,true,true,false,false,true,true,,ACP001495,Digital,Product,Permanent,2023-07-21,2024-04-06,Voluntary,false,HCM_B,2025-12-27,,,1496
ACP001496,GR,Sales,Commercial Planning,Individual Contributor,Permanent,2021-02-05,,,,HCM_A,2025-12-28,GR,Individual Contributor,true,true,true,true,true,false,not_applicable,true,true,,ACP001496,Sales,Commercial Planning,Permanent,2021-02-05,,,,HCM_A,2025-12-28,,,1497
ACP001497,RO,Supply Chain,Logistics,Individual Contributor,Permanent,2024-11-11,2025-11-19,Voluntary,false,HCM_A,2025-12-29,RO,Individual Contributor,true,true,true,true,true,false,false,true,true,,ACP001497,Supply Chain,Logistics,Permanent,2024-11-11,2025-11-19,Voluntary,false,HCM_A,2025-12-29,,,1498
ACP001498,RO,Finance,Accounting,Individual Contributor,Fixed Term,2020-01-07,,,,HCM_A,2025-12-30,RO,Individual Contributor,true,true,true,true,true,false,not_applicable,true,true,,ACP001498,Finance,Accounting,Fixed Term,2020-01-07,,,,HCM_A,2025-12-30,,,1499
ACP001499,IE,Digital,Product,Individual Contributor,Permanent,2021-10-03,,,,HCM_A,2025-12-31,IE,Individual Contributor,true,true,true,true,true,false,not_applicable,true,true,,ACP001499,Digital,Product,Permanent,2021-10-03,,,,HCM_A,2025-12-31,,,1500
ACP001500,RO,Finance,Controls,Individual Contributor,Permanent,2025-06-18,2025-12-27,Voluntary,true,HCM_B,2025-12-20,RO,Individual Contributor,true,true,true,true,true,false,true,true,false,,ACP001500,Finance,Controls,Permanent,2025-06-18,2025-12-27,Voluntary,true,HCM_B,2025-12-20,,,1501
ACP001501,IE,Finance,FP&A,Individual Contributor,Permanent,2025-08-04,2025-12-02,Voluntary,true,HCM_A,2025-12-21,IE,Individual Contributor,true,true,true,true,true,false,true,false,false,,ACP001501,Finance,FP&A,Permanent,2025-08-04,2025-12-02,Voluntary,true,HCM_A,2025-12-21,,,1502
ACP001502,GR,Finance,Controls,Senior Leader,Permanent,2023-10-13,,,,HCM_A,2025-12-22,GR,Senior Leader,true,true,true,true,true,true,not_applicable,true,true,,ACP001502,Finance,Controls,Permanent,2023-10-13,,,,HCM_A,2025-12-22,,,1503
ACP001503,RO,Sales,Commercial Planning,Senior Leader,Fixed Term,2022-09-28,,,,HCM_A,2025-12-23,RO,Senior Leader,true,true,true,true,true,true,not_applicable,true,true,,ACP001503,Sales,Commercial Planning,Fixed Term,2022-09-28,,,,HCM_A,2025-12-23,,,1504
ACP001504,BG,Digital,Software,Senior Leader,Permanent,2022-04-12,2022-07-20,Voluntary,true,HCM_A,2025-12-24,BG,Senior Leader,true,true,true,true,true,true,true,true,true,,ACP001504,Digital,Software,Permanent,2022-04-12,2022-07-20,Voluntary,true,HCM_A,2025-12-24,,,1505
ACP001505,RO,Supply Chain,Logistics,Senior Leader,Fixed Term,2024-10-03,,,,HCM_B,2025-12-25,RO,Senior Leader,true,true,true,true,true,true,not_applicable,true,true,,ACP001505,Supply Chain,Logistics,Fixed Term,2024-10-03,,,,HCM_B,2025-12-25,,,1506
ACP001506,PL,Digital,Data,Individual Contributor,Permanent,2020-02-08,,,,HCM_A,2025-12-26,PL,Individual Contributor,true,true,true,true,true,false,not_applicable,true,true,,ACP001506,Digital,Data,Permanent,2020-02-08,,,,HCM_A,2025-12-26,,,1507
ACP001507,PL,Supply Chain,Procurement,Manager,Permanent,2020-01-29,,,,HCM_A,2025-12-27,PL,Manager,true,true,true,true,true,false,not_applicable,true,true,,ACP001507,Supply Chain,Procurement,Permanent,2020-01-29,,,,HCM_A,2025-12-27,,,1508
ACP001508,PL,Sales,Commercial Planning,Manager,Permanent,2021-12-10,,,,HCM_A,2025-12-28,PL,Manager,true,true,true,true,true,false,not_applicable,true,true,,ACP001508,Sales,Commercial Planning,Permanent,2021-12-10,,,,HCM_A,2025-12-28,,,1509
ACP001509,GR,Supply Chain,Procurement,Manager,Permanent,2021-09-30,2023-03-20,Involuntary,false,HCM_A,2025-12-29,GR,Manager,true,true,true,true,true,false,false,true,true,,ACP001509,Supply Chain,Procurement,Permanent,2021-09-30,2023-03-20,Involuntary,false,HCM_A,2025-12-29,,,1510
ACP001510,RO,Digital,Product,Individual Contributor,Permanent,2020-07-06,,,,HCM_B,2025-12-30,RO,Individual Contributor,true,true,true,true,true,false,not_applicable,true,true,,ACP001510,Digital,Product,Permanent,2020-07-06,,,,HCM_B,2025-12-30,,,1511
ACP001511,BG,Finance,FP&A,Individual Contributor,Permanent,2020-05-30,,,,HCM_A,2025-12-31,BG,Individual Contributor,true,true,true,true,true,false,not_applicable,true,true,,ACP001511,Finance,FP&A,Permanent,2020-05-30,,,,HCM_A,2025-12-31,,,1512
ACP001512,GR,Sales,Commercial Planning,Individual Contributor,Permanent,2021-12-08,,,,HCM_A,2025-12-20,GR,Individual Contributor,true,true,true,true,true,false,not_applicable,true,true,,ACP001512,Sales,Commercial Planning,Permanent,2021-12-08,,,,HCM_A,2025-12-20,,,1513
ACP001513,PL,Digital,Data,Manager,Permanent,2021-10-04,,,,HCM_A,2025-12-21,PL,Manager,true,true,true,true,true,false,not_applicable,true,true,synthetic_source_recovered,ACP001513,Digital,Data,Permanent,2021-10-04,2022-01-02,,,HCM_A,2025-12-21,termination_date,verified_synthetic_generator_recovery,1514
ACP001514,GR,Sales,Key Accounts,Manager,Permanent,2024-11-01,2025-11-09,Voluntary,false,HCM_A,2025-12-22,GR,Manager,true,true,true,true,true,false,false,true,true,,ACP001514,Sales,Key Accounts,Permanent,2024-11-01,2025-11-09,Voluntary,false,HCM_A,2025-12-22,,,1515
ACP001515,BG,Supply Chain,Manufacturing,Manager,Permanent,2024-03-16,2024-11-29,Voluntary,true,HCM_B,2025-12-23,BG,Manager,true,true,true,true,true,false,true,true,true,,ACP001515,Supply Chain,Manufacturing,Permanent,2024-03-16,2024-11-29,Voluntary,true,HCM_B,2025-12-23,,,1516
ACP001516,RO,Supply Chain,Logistics,Individual Contributor,Permanent,2025-04-17,,,,HCM_A,2025-12-24,RO,Individual Contributor,true,true,true,true,true,false,not_applicable,true,false,,ACP001516,Supply Chain,Logistics,Permanent,2025-04-17,,,,HCM_A,2025-12-24,,,1517
ACP001517,BG,Digital,Product,Individual Contributor,Fixed Term,2022-04-06,2023-03-27,Involuntary,false,HCM_A,2025-12-25,BG,Individual Contributor,true,true,true,true,true,false,false,true,true,,ACP001517,Digital,Product,Fixed Term,2022-04-06,2023-03-27,Involuntary,false,HCM_A,2025-12-25,,,1518
ACP001518,BG,Digital,Data,Individual Contributor,Permanent,2024-10-05,,,,HCM_A,2025-12-26,BG,Individual Contributor,true,true,true,true,true,false,not_applicable,true,true,,ACP001518,Digital,Data,Permanent,2024-10-05,,,,HCM_A,2025-12-26,,,1519
ACP001519,RO,Digital,Product,Senior Leader,Fixed Term,2023-04-22,,,,HCM_A,2025-12-27,RO,Senior Leader,true,true,true,true,true,true,not_applicable,true,true,,ACP001519,Digital,Product,Fixed Term,2023-04-22,,,,HCM_A,2025-12-27,,,1520
ACP001520,IT,Finance,FP&A,Manager,Fixed Term,2020-05-24,2020-12-26,End of Contract,false,HCM_B,2025-12-28,IT,Manager,true,true,true,true,true,false,false,true,true,,ACP001520,Finance,FP&A,Fixed Term,2020-05-24,2020-12-26,End of Contract,false,HCM_B,2025-12-28,,,1521
ACP001521,BG,Sales,Commercial Planning,Individual Contributor,Permanent,2021-07-20,,,,HCM_A,2025-12-29,BG,Individual Contributor,true,true,true,true,true,false,not_applicable,true,true,,ACP001521,Sales,Commercial Planning,Permanent,2021-07-20,,,,HCM_A,2025-12-29,,,1522
ACP001522,BG,Finance,Controls,Individual Contributor,Permanent,2021-05-23,,,,HCM_A,2025-12-30,BG,Individual Contributor,true,true,true,true,true,false,not_applicable,true,true,,ACP001522,Finance,Controls,Permanent,2021-05-23,,,,HCM_A,2025-12-30,,,1523
ACP001523,IE,Digital,Data,Manager,Permanent,2023-12-17,,,,HCM_A,2025-12-31,IE,Manager,true,true,true,true,true,false,not_applicable,true,true,,ACP001523,Digital,Data,Permanent,2023-12-17,,,,HCM_A,2025-12-31,,,1524
ACP001524,RO,Finance,FP&A,Individual Contributor,Permanent,2025-02-26,,,,HCM_A,2025-12-20,RO,Individual Contributor,true,true,true,true,true,false,not_applicable,true,false,,ACP001524,Finance,FP&A,Permanent,2025-02-26,,,,HCM_A,2025-12-20,,,1525
ACP001525,RO,Finance,FP&A,Individual Contributor,Permanent,2024-02-28,2025-11-15,Voluntary,true,HCM_B,2025-12-21,RO,Individual Contributor,true,true,true,true,true,false,true,true,true,,ACP001525,Finance,FP&A,Permanent,2024-02-28,2025-11-15,Voluntary,true,HCM_B,2025-12-21,,,1526
ACP001526,BG,Finance,Controls,Manager,Permanent,2021-03-18,,,,HCM_A,2025-12-22,BG,Manager,true,true,true,true,true,false,not_applicable,true,true,,ACP001526,Finance,Controls,Permanent,2021-03-18,,,,HCM_A,2025-12-22,,,1527
ACP001527,GR,Finance,Controls,Individual Contributor,Permanent,2023-01-17,,,,HCM_A,2025-12-23,GR,Individual Contributor,true,true,true,true,true,false,not_applicable,true,true,,ACP001527,Finance,Controls,Permanent,2023-01-17,,,,HCM_A,2025-12-23,,,1528
ACP001528,IT,Sales,Key Accounts,Individual Contributor,Permanent,2021-05-08,,,,HCM_A,2025-12-24,IT,Individual Contributor,true,true,true,true,true,false,not_applicable,true,true,,ACP001528,Sales,Key Accounts,Permanent,2021-05-08,,,,HCM_A,2025-12-24,,,1529
ACP001529,IT,Supply Chain,Procurement,Senior Leader,Fixed Term,2024-03-27,2025-01-06,End of Contract,false,HCM_A,2025-12-25,IT,Senior Leader,true,true,true,true,true,true,false,true,true,,ACP001529,Supply Chain,Procurement,Fixed Term,2024-03-27,2025-01-06,End of Contract,false,HCM_A,2025-12-25,,,1530
ACP001530,IE,Supply Chain,Logistics,Individual Contributor,Permanent,2021-11-15,,,,HCM_B,2025-12-26,IE,Individual Contributor,true,true,true,true,true,false,not_applicable,true,true,,ACP001530,Supply Chain,Logistics,Permanent,2021-11-15,,,,HCM_B,2025-12-26,,,1531
ACP001531,BG,Sales,Key Accounts,Individual Contributor,Fixed Term,2025-04-03,,,,HCM_A,2025-12-27,BG,Individual Contributor,true,true,true,true,true,false,not_applicable,true,false,,ACP001531,Sales,Key Accounts,Fixed Term,2025-04-03,,,,HCM_A,2025-12-27,,,1532
ACP001532,RO,Sales,Key Accounts,Individual Contributor,Permanent,2022-04-04,,,,HCM_A,2025-12-28,RO,Individual Contributor,true,true,true,true,true,false,not_applicable,true,true,,ACP001532,Sales,Key Accounts,Permanent,2022-04-04,,,,HCM_A,2025-12-28,,,1533
ACP001533,GR,Digital,Product,Individual Contributor,Permanent,2021-09-06,,,,HCM_A,2025-12-29,GR,Individual Contributor,true,true,true,true,true,false,not_applicable,true,true,,ACP001533,Digital,Product,Permanent,2021-09-06,,,,HCM_A,2025-12-29,,,1534
ACP001534,RO,Finance,Controls,Individual Contributor,Permanent,2023-10-31,,,,HCM_A,2025-12-30,RO,Individual Contributor,true,true,true,true,true,false,not_applicable,true,true,,ACP001534,Finance,Controls,Permanent,2023-10-31,,,,HCM_A,2025-12-30,,,1535
ACP001535,IT,Finance,FP&A,Individual Contributor,Permanent,2023-02-23,,,,HCM_B,2025-12-31,IT,Individual Contributor,true,true,true,true,true,false,not_applicable,true,true,,ACP001535,Finance,FP&A,Permanent,2023-02-23,,,,HCM_B,2025-12-31,,,1536
ACP001536,IT,Sales,Commercial Planning,Manager,Permanent,2025-10-07,,,,HCM_A,2025-12-20,IT,Manager,true,true,true,true,true,false,not_applicable,false,false,,ACP001536,Sales,Commercial Planning,Permanent,2025-10-07,,,,HCM_A,2025-12-20,,,1537
ACP001537,BG,Supply Chain,Procurement,Individual Contributor,Fixed Term,2024-10-06,,,,HCM_A,2025-12-21,BG,Individual Contributor,true,true,true,true,true,false,not_applicable,true,true,,ACP001537,Supply Chain,Procurement,Fixed Term,2024-10-06,,,,HCM_A,2025-12-21,,,1538
ACP001538,IE,Supply Chain,Manufacturing,Individual Contributor,Fixed Term,2020-05-27,,,,HCM_A,2025-12-22,IE,Individual Contributor,true,true,true,true,true,false,not_applicable,true,true,,ACP001538,Supply Chain,Manufacturing,Fixed Term,2020-05-27,,,,HCM_A,2025-12-22,,,1539
ACP001539,GR,Sales,Key Accounts,Individual Contributor,Fixed Term,2020-07-09,2024-02-15,Voluntary,false,HCM_A,2025-12-23,GR,Individual Contributor,true,true,true,true,true,false,false,true,true,,ACP001539,Sales,Key Accounts,Fixed Term,2020-07-09,2024-02-15,Voluntary,false,HCM_A,2025-12-23,,,1540
ACP001540,GR,Finance,FP&A,Manager,Permanent,2025-05-13,,,,HCM_B,2025-12-24,GR,Manager,true,true,true,true,true,false,not_applicable,true,false,,ACP001540,Finance,FP&A,Permanent,2025-05-13,,,,HCM_B,2025-12-24,,,1541
ACP001541,IE,Supply Chain,Procurement,Individual Contributor,Permanent,2023-03-02,,,,HCM_A,2025-12-25,IE,Individual Contributor,true,true,true,true,true,false,not_applicable,true,true,,ACP001541,Supply Chain,Procurement,Permanent,2023-03-02,,,,HCM_A,2025-12-25,,,1542
ACP001542,IT,Supply Chain,Procurement,Individual Contributor,Permanent,2020-12-06,,,,HCM_A,2025-12-26,IT,Individual Contributor,true,true,true,true,true,false,not_applicable,true,true,,ACP001542,Supply Chain,Procurement,Permanent,2020-12-06,,,,HCM_A,2025-12-26,,,1543
ACP001543,IE,Finance,FP&A,Individual Contributor,Permanent,2024-04-14,,,,HCM_A,2025-12-27,IE,Individual Contributor,true,true,true,true,true,false,not_applicable,true,true,,ACP001543,Finance,FP&A,Permanent,2024-04-14,,,,HCM_A,2025-12-27,,,1544
ACP001544,GR,Digital,Product,Individual Contributor,Permanent,2021-02-13,,,,HCM_A,2025-12-28,GR,Individual Contributor,true,true,true,true,true,false,not_applicable,true,true,,ACP001544,Digital,Product,Permanent,2021-02-13,,,,HCM_A,2025-12-28,,,1545
ACP001545,PL,Digital,Product,Individual Contributor,Permanent,2020-09-27,,,,HCM_B,2025-12-29,PL,Individual Contributor,true,true,true,true,true,false,not_applicable,true,true,,ACP001545,Digital,Product,Permanent,2020-09-27,,,,HCM_B,2025-12-29,,,1546
ACP001546,RO,Supply Chain,Manufacturing,Manager,Permanent,2024-04-14,2025-08-10,Voluntary,false,HCM_A,2025-12-30,RO,Manager,true,true,true,true,true,false,false,true,true,,ACP001546,Supply Chain,Manufacturing,Permanent,2024-04-14,2025-08-10,Voluntary,false,HCM_A,2025-12-30,,,1547
ACP001547,IT,Finance,FP&A,Individual Contributor,Fixed Term,2024-01-21,2025-09-23,Voluntary,true,HCM_A,2025-12-31,IT,Individual Contributor,true,true,true,true,true,false,true,true,true,,ACP001547,Finance,FP&A,Fixed Term,2024-01-21,2025-09-23,Voluntary,true,HCM_A,2025-12-31,,,1548
ACP001548,BG,Supply Chain,Procurement,Individual Contributor,Permanent,2020-12-25,,,,HCM_A,2025-12-20,BG,Individual Contributor,true,true,true,true,true,false,not_applicable,true,true,,ACP001548,Supply Chain,Procurement,Permanent,2020-12-25,,,,HCM_A,2025-12-20,,,1549
ACP001549,PL,Supply Chain,Manufacturing,Senior Leader,Permanent,2022-07-30,,,,HCM_A,2025-12-21,PL,Senior Leader,true,true,true,true,true,true,not_applicable,true,true,,ACP001549,Supply Chain,Manufacturing,Permanent,2022-07-30,,,,HCM_A,2025-12-21,,,1550
ACP001550,RO,Supply Chain,Logistics,Manager,Permanent,2024-06-23,2025-12-10,End of Contract,false,HCM_B,2025-12-22,RO,Manager,true,true,true,true,true,false,false,true,true,,ACP001550,Supply Chain,Logistics,Permanent,2024-06-23,2025-12-10,End of Contract,false,HCM_B,2025-12-22,,,1551
ACP001551,IT,Sales,Field Sales,Individual Contributor,Permanent,2023-03-03,,,,HCM_A,2025-12-23,IT,Individual Contributor,true,true,true,true,true,false,not_applicable,true,true,,ACP001551,Sales,Field Sales,Permanent,2023-03-03,,,,HCM_A,2025-12-23,,,1552
ACP001552,BG,Digital,Product,Manager,Permanent,2021-08-09,,,,HCM_A,2025-12-24,BG,Manager,true,true,true,true,true,false,not_applicable,true,true,,ACP001552,Digital,Product,Permanent,2021-08-09,,,,HCM_A,2025-12-24,,,1553
ACP001553,BG,Digital,Data,Individual Contributor,Permanent,2024-08-13,,,,HCM_A,2025-12-25,BG,Individual Contributor,true,true,true,true,true,false,not_applicable,true,true,,ACP001553,Digital,Data,Permanent,2024-08-13,,,,HCM_A,2025-12-25,,,1554
ACP001554,PL,Supply Chain,Procurement,Senior Leader,Permanent,2022-08-24,2023-02-14,Voluntary,false,HCM_A,2025-12-26,PL,Senior Leader,true,true,true,true,true,true,false,true,true,,ACP001554,Supply Chain,Procurement,Permanent,2022-08-24,2023-02-14,Voluntary,false,HCM_A,2025-12-26,,,1555
ACP001555,BG,Supply Chain,Logistics,Individual Contributor,Permanent,2023-03-02,,,,HCM_B,2025-12-27,BG,Individual Contributor,true,true,true,true,true,false,not_applicable,true,true,,ACP001555,Supply Chain,Logistics,Permanent,2023-03-02,,,,HCM_B,2025-12-27,,,1556
ACP001556,GR,Digital,Product,Manager,Permanent,2020-10-08,,,,HCM_A,2025-12-28,GR,Manager,true,true,true,true,true,false,not_applicable,true,true,,ACP001556,Digital,Product,Permanent,2020-10-08,,,,HCM_A,2025-12-28,,,1557
ACP001557,IT,Sales,Key Accounts,Manager,Fixed Term,2022-07-02,,,,HCM_A,2025-12-29,IT,Manager,true,true,true,true,true,false,not_applicable,true,true,,ACP001557,Sales,Key Accounts,Fixed Term,2022-07-02,,,,HCM_A,2025-12-29,,,1558
ACP001558,IT,Supply Chain,Logistics,Senior Leader,Permanent,2023-02-02,2024-11-03,Voluntary,true,HCM_A,2025-12-30,IT,Senior Leader,true,true,true,true,true,true,true,true,true,,ACP001558,Supply Chain,Logistics,Permanent,2023-02-02,2024-11-03,Voluntary,true,HCM_A,2025-12-30,,,1559
ACP001559,RO,Sales,Field Sales,Manager,Permanent,2024-02-15,2025-07-29,Voluntary,true,HCM_A,2025-12-31,RO,Manager,true,true,true,true,true,false,true,true,true,,ACP001559,Sales,Field Sales,Permanent,2024-02-15,2025-07-29,Voluntary,true,HCM_A,2025-12-31,,,1560
ACP001560,IE,Supply Chain,Logistics,Manager,Fixed Term,2022-05-02,,,,HCM_B,2025-12-20,IE,Manager,true,true,true,true,true,false,not_applicable,true,true,,ACP001560,Supply Chain,Logistics,Fixed Term,2022-05-02,,,,HCM_B,2025-12-20,,,1561
ACP001561,IE,Supply Chain,Logistics,Manager,Permanent,2023-05-14,,,,HCM_A,2025-12-21,IE,Manager,true,true,true,true,true,false,not_applicable,true,true,,ACP001561,Supply Chain,Logistics,Permanent,2023-05-14,,,,HCM_A,2025-12-21,,,1562
ACP001562,BG,Supply Chain,Manufacturing,Individual Contributor,Permanent,2023-10-14,2023-11-25,End of Contract,false,HCM_A,2025-12-22,BG,Individual Contributor,true,true,true,true,true,false,false,true,true,,ACP001562,Supply Chain,Manufacturing,Permanent,2023-10-14,2023-11-25,End of Contract,false,HCM_A,2025-12-22,,,1563
ACP001563,PL,Finance,FP&A,Individual Contributor,Permanent,2023-05-14,,,,HCM_A,2025-12-23,PL,Individual Contributor,true,true,true,true,true,false,not_applicable,true,true,,ACP001563,Finance,FP&A,Permanent,2023-05-14,,,,HCM_A,2025-12-23,,,1564
ACP001564,PL,Sales,Key Accounts,Individual Contributor,Fixed Term,2022-07-13,2022-08-14,End of Contract,false,HCM_A,2025-12-24,PL,Individual Contributor,true,true,true,true,true,false,false,true,true,,ACP001564,Sales,Key Accounts,Fixed Term,2022-07-13,2022-08-14,End of Contract,false,HCM_A,2025-12-24,,,1565
ACP001565,GR,Sales,Key Accounts,Individual Contributor,Permanent,2020-12-30,2022-01-03,Involuntary,false,HCM_B,2025-12-25,GR,Individual Contributor,true,true,true,true,true,false,false,true,true,,ACP001565,Sales,Key Accounts,Permanent,2020-12-30,2022-01-03,Involuntary,false,HCM_B,2025-12-25,,,1566
ACP001566,RO,Digital,Software,Manager,Fixed Term,2025-10-02,2025-11-22,End of Contract,false,HCM_A,2025-12-26,RO,Manager,true,true,true,true,true,false,false,false,false,,ACP001566,Digital,Software,Fixed Term,2025-10-02,2025-11-22,End of Contract,false,HCM_A,2025-12-26,,,1567
ACP001567,RO,Finance,Accounting,Individual Contributor,Permanent,2024-10-06,2025-01-23,Voluntary,false,HCM_A,2025-12-27,RO,Individual Contributor,true,true,true,true,true,false,false,true,true,,ACP001567,Finance,Accounting,Permanent,2024-10-06,2025-01-23,Voluntary,false,HCM_A,2025-12-27,,,1568
ACP001568,IE,Digital,Product,Manager,Permanent,2025-01-07,,,,HCM_A,2025-12-28,IE,Manager,true,true,true,true,true,false,not_applicable,true,false,,ACP001568,Digital,Product,Permanent,2025-01-07,,,,HCM_A,2025-12-28,,,1569
ACP001569,IT,Sales,Field Sales,Individual Contributor,Permanent,2025-10-15,2025-11-26,Voluntary,false,HCM_A,2025-12-29,IT,Individual Contributor,true,true,true,true,true,false,false,false,false,,ACP001569,Sales,Field Sales,Permanent,2025-10-15,2025-11-26,Voluntary,false,HCM_A,2025-12-29,,,1570
ACP001570,IE,Supply Chain,Logistics,Individual Contributor,Permanent,2021-09-05,,,,HCM_B,2025-12-30,IE,Individual Contributor,true,true,true,true,true,false,not_applicable,true,true,,ACP001570,Supply Chain,Logistics,Permanent,2021-09-05,,,,HCM_B,2025-12-30,,,1571
ACP001571,BG,Digital,Software,Individual Contributor,Permanent,2020-09-15,2023-01-03,Voluntary,true,HCM_A,2025-12-31,BG,Individual Contributor,true,true,true,true,true,false,true,true,true,,ACP001571,Digital,Software,Permanent,2020-09-15,2023-01-03,Voluntary,true,HCM_A,2025-12-31,,,1572
ACP001572,IT,Digital,Product,Individual Contributor,Permanent,2023-09-21,,,,HCM_A,2025-12-20,IT,Individual Contributor,true,true,true,true,true,false,not_applicable,true,true,,ACP001572,Digital,Product,Permanent,2023-09-21,,,,HCM_A,2025-12-20,,,1573
ACP001573,IT,Supply Chain,Manufacturing,Senior Leader,Fixed Term,2025-05-22,,,,HCM_A,2025-12-21,IT,Senior Leader,true,true,true,true,true,true,not_applicable,true,false,,ACP001573,Supply Chain,Manufacturing,Fixed Term,2025-05-22,,,,HCM_A,2025-12-21,,,1574
ACP001574,IE,Finance,Accounting,Manager,Permanent,2022-07-21,2023-03-31,Voluntary,true,HCM_A,2025-12-22,IE,Manager,true,true,true,true,true,false,true,true,true,,ACP001574,Finance,Accounting,Permanent,2022-07-21,2023-03-31,Voluntary,true,HCM_A,2025-12-22,,,1575
ACP001575,RO,Supply Chain,Logistics,Individual Contributor,Permanent,2024-02-08,,,,HCM_B,2025-12-23,RO,Individual Contributor,true,true,true,true,true,false,not_applicable,true,true,,ACP001575,Supply Chain,Logistics,Permanent,2024-02-08,,,,HCM_B,2025-12-23,,,1576
ACP001576,IT,Finance,Controls,Individual Contributor,Permanent,2020-04-21,2021-03-03,Voluntary,false,HCM_A,2025-12-24,IT,Individual Contributor,true,true,true,true,true,false,false,true,true,,ACP001576,Finance,Controls,Permanent,2020-04-21,2021-03-03,Voluntary,false,HCM_A,2025-12-24,,,1577
ACP001577,PL,Supply Chain,Logistics,Senior Leader,Permanent,2025-08-01,,,,HCM_A,2025-12-25,PL,Senior Leader,true,true,true,true,true,true,not_applicable,false,false,,ACP001577,Supply Chain,Logistics,Permanent,2025-08-01,,,,HCM_A,2025-12-25,,,1578
ACP001578,PL,Finance,Accounting,Senior Leader,Permanent,2022-05-14,,,,HCM_A,2025-12-26,PL,Senior Leader,true,true,true,true,true,true,not_applicable,true,true,,ACP001578,Finance,Accounting,Permanent,2022-05-14,,,,HCM_A,2025-12-26,,,1579
ACP001579,BG,Supply Chain,Manufacturing,Senior Leader,Permanent,2025-10-20,,,,HCM_A,2025-12-27,BG,Senior Leader,true,true,true,true,true,true,not_applicable,false,false,,ACP001579,Supply Chain,Manufacturing,Permanent,2025-10-20,,,,HCM_A,2025-12-27,,,1580
ACP001580,BG,Supply Chain,Manufacturing,Individual Contributor,Permanent,2025-09-03,2025-09-23,End of Contract,false,HCM_B,2025-12-28,BG,Individual Contributor,true,true,true,true,true,false,false,false,false,,ACP001580,Supply Chain,Manufacturing,Permanent,2025-09-03,2025-09-23,End of Contract,false,HCM_B,2025-12-28,,,1581
ACP001581,IT,Sales,Commercial Planning,Individual Contributor,Permanent,2021-03-09,,,,HCM_A,2025-12-29,IT,Individual Contributor,true,true,true,true,true,false,not_applicable,true,true,,ACP001581,Sales,Commercial Planning,Permanent,2021-03-09,,,,HCM_A,2025-12-29,,,1582
ACP001582,IE,Sales,Commercial Planning,Individual Contributor,Permanent,2025-06-06,,,,HCM_A,2025-12-30,IE,Individual Contributor,true,true,true,true,true,false,not_applicable,true,false,,ACP001582,Sales,Commercial Planning,Permanent,2025-06-06,,,,HCM_A,2025-12-30,,,1583
ACP001583,BG,Digital,Software,Individual Contributor,Permanent,2020-04-29,,,,HCM_A,2025-12-31,BG,Individual Contributor,true,true,true,true,true,false,not_applicable,true,true,,ACP001583,Digital,Software,Permanent,2020-04-29,,,,HCM_A,2025-12-31,,,1584
ACP001584,GR,Digital,Product,Individual Contributor,Permanent,2021-09-05,2023-04-13,Involuntary,false,HCM_A,2025-12-20,GR,Individual Contributor,true,true,true,true,true,false,false,true,true,,ACP001584,Digital,Product,Permanent,2021-09-05,2023-04-13,Involuntary,false,HCM_A,2025-12-20,,,1585
ACP001585,PL,Finance,Controls,Individual Contributor,Permanent,2021-05-26,,,,HCM_B,2025-12-21,PL,Individual Contributor,true,true,true,true,true,false,not_applicable,true,true,,ACP001585,Finance,Controls,Permanent,2021-05-26,,,,HCM_B,2025-12-21,,,1586
ACP001586,RO,Sales,Key Accounts,Individual Contributor,Permanent,2020-11-28,,,,HCM_A,2025-12-22,RO,Individual Contributor,true,true,true,true,true,false,not_applicable,true,true,,ACP001586,Sales,Key Accounts,Permanent,2020-11-28,,,,HCM_A,2025-12-22,,,1587
ACP001587,PL,Sales,Key Accounts,Individual Contributor,Permanent,2021-05-23,,,,HCM_A,2025-12-23,PL,Individual Contributor,true,true,true,true,true,false,not_applicable,true,true,,ACP001587,Sales,Key Accounts,Permanent,2021-05-23,,,,HCM_A,2025-12-23,,,1588
ACP001588,BG,Finance,FP&A,Senior Leader,Permanent,2022-03-13,,,,HCM_A,2025-12-24,BG,Senior Leader,true,true,true,true,true,true,not_applicable,true,true,,ACP001588,Finance,FP&A,Permanent,2022-03-13,,,,HCM_A,2025-12-24,,,1589
ACP001589,IE,Supply Chain,Manufacturing,Individual Contributor,Permanent,2022-04-19,,,,HCM_A,2025-12-25,IE,Individual Contributor,true,true,true,true,true,false,not_applicable,true,true,,ACP001589,Supply Chain,Manufacturing,Permanent,2022-04-19,,,,HCM_A,2025-12-25,,,1590
ACP001590,IE,Finance,Accounting,Individual Contributor,Permanent,2020-01-16,,,,HCM_B,2025-12-26,IE,Individual Contributor,true,true,true,true,true,false,not_applicable,true,true,,ACP001590,Finance,Accounting,Permanent,2020-01-16,,,,HCM_B,2025-12-26,,,1591
ACP001591,BG,Supply Chain,Logistics,Manager,Fixed Term,2021-09-30,2025-04-12,Voluntary,false,HCM_A,2025-12-27,BG,Manager,true,true,true,true,true,false,false,true,true,,ACP001591,Supply Chain,Logistics,Fixed Term,2021-09-30,2025-04-12,Voluntary,false,HCM_A,2025-12-27,,,1592
ACP001592,IE,Finance,Controls,Senior Leader,Fixed Term,2021-01-14,,,,HCM_A,2025-12-28,IE,Senior Leader,true,true,true,true,true,true,not_applicable,true,true,,ACP001592,Finance,Controls,Fixed Term,2021-01-14,,,,HCM_A,2025-12-28,,,1593
ACP001593,PL,Finance,Accounting,Individual Contributor,Permanent,2023-08-15,,,,HCM_A,2025-12-29,PL,Individual Contributor,true,true,true,true,true,false,not_applicable,true,true,,ACP001593,Finance,Accounting,Permanent,2023-08-15,,,,HCM_A,2025-12-29,,,1594
ACP001594,GR,Supply Chain,Logistics,Senior Leader,Permanent,2022-05-19,,,,HCM_A,2025-12-30,GR,Senior Leader,true,true,true,true,true,true,not_applicable,true,true,,ACP001594,Supply Chain,Logistics,Permanent,2022-05-19,,,,HCM_A,2025-12-30,,,1595
ACP001595,GR,Digital,Product,Manager,Permanent,2022-04-11,,,,HCM_B,2025-12-31,GR,Manager,true,true,true,true,true,false,not_applicable,true,true,,ACP001595,Digital,Product,Permanent,2022-04-11,,,,HCM_B,2025-12-31,,,1596
ACP001596,IT,Finance,Controls,Individual Contributor,Permanent,2021-03-06,2021-10-27,Voluntary,true,HCM_A,2025-12-20,IT,Individual Contributor,true,true,true,true,true,false,true,true,true,,ACP001596,Finance,Controls,Permanent,2021-03-06,2021-10-27,Voluntary,true,HCM_A,2025-12-20,,,1597
ACP001597,RO,Digital,Product,Manager,Permanent,2023-11-13,,,,HCM_A,2025-12-21,RO,Manager,true,true,true,true,true,false,not_applicable,true,true,,ACP001597,Digital,Product,Permanent,2023-11-13,,,,HCM_A,2025-12-21,,,1598
ACP001598,RO,Sales,Commercial Planning,Individual Contributor,Fixed Term,2025-04-25,,,,HCM_A,2025-12-22,RO,Individual Contributor,true,true,true,true,true,false,not_applicable,true,false,,ACP001598,Sales,Commercial Planning,Fixed Term,2025-04-25,,,,HCM_A,2025-12-22,,,1599
ACP001599,GR,Sales,Commercial Planning,Individual Contributor,Permanent,2020-06-17,,,,HCM_A,2025-12-23,GR,Individual Contributor,true,true,true,true,true,false,not_applicable,true,true,,ACP001599,Sales,Commercial Planning,Permanent,2020-06-17,,,,HCM_A,2025-12-23,,,1600
ACP001600,IE,Digital,Software,Manager,Fixed Term,2020-08-22,,,,HCM_B,2025-12-24,IE,Manager,true,true,true,true,true,false,not_applicable,true,true,,ACP001600,Digital,Software,Fixed Term,2020-08-22,,,,HCM_B,2025-12-24,,,1601
ACP001601,IT,Sales,Commercial Planning,Individual Contributor,Permanent,2025-06-13,,,,HCM_A,2025-12-25,IT,Individual Contributor,true,true,true,true,true,false,not_applicable,true,false,,ACP001601,Sales,Commercial Planning,Permanent,2025-06-13,,,,HCM_A,2025-12-25,,,1602
ACP001602,PL,Digital,Data,Individual Contributor,Permanent,2023-04-23,,,,HCM_A,2025-12-26,PL,Individual Contributor,true,true,true,true,true,false,not_applicable,true,true,,ACP001602,Digital,Data,Permanent,2023-04-23,,,,HCM_A,2025-12-26,,,1603
ACP001603,IE,Supply Chain,Procurement,Individual Contributor,Permanent,2020-01-12,,,,HCM_A,2025-12-27,IE,Individual Contributor,true,true,true,true,true,false,not_applicable,true,true,,ACP001603,Supply Chain,Procurement,Permanent,2020-01-12,,,,HCM_A,2025-12-27,,,1604
ACP001604,IE,Supply Chain,Logistics,Manager,Permanent,2025-08-10,,,,HCM_A,2025-12-28,IE,Manager,true,true,true,true,true,false,not_applicable,false,false,,ACP001604,Supply Chain,Logistics,Permanent,2025-08-10,,,,HCM_A,2025-12-28,,,1605
ACP001605,BG,Sales,Field Sales,Manager,Permanent,2021-02-27,,,,HCM_B,2025-12-29,BG,Manager,true,true,true,true,true,false,not_applicable,true,true,,ACP001605,Sales,Field Sales,Permanent,2021-02-27,,,,HCM_B,2025-12-29,,,1606
ACP001606,IT,Supply Chain,Manufacturing,Individual Contributor,Permanent,2023-09-10,2024-04-30,End of Contract,false,HCM_A,2025-12-30,IT,Individual Contributor,true,true,true,true,true,false,false,true,true,,ACP001606,Supply Chain,Manufacturing,Permanent,2023-09-10,2024-04-30,End of Contract,false,HCM_A,2025-12-30,,,1607
ACP001607,PL,Finance,FP&A,Manager,Permanent,2025-05-10,2025-12-27,Voluntary,true,HCM_A,2025-12-31,PL,Manager,true,true,true,true,true,false,true,true,false,,ACP001607,Finance,FP&A,Permanent,2025-05-10,2025-12-27,Voluntary,true,HCM_A,2025-12-31,,,1608
ACP001608,IE,Digital,Software,Individual Contributor,Permanent,2022-10-24,2022-12-08,Voluntary,false,HCM_A,2025-12-20,,Individual Contributor,true,true,true,true,true,false,false,true,true,synthetic_source_recovered,ACP001608,Digital,Software,Permanent,2022-10-24,2022-12-08,Voluntary,false,HCM_A,2025-12-20,country_code,verified_synthetic_generator_recovery,1609
ACP001609,PL,Digital,Software,Individual Contributor,Permanent,2022-12-23,,,,HCM_A,2025-12-21,PL,Individual Contributor,true,true,true,true,true,false,not_applicable,true,true,,ACP001609,Digital,Software,Permanent,2022-12-23,,,,HCM_A,2025-12-21,,,1610
ACP001610,IT,Sales,Key Accounts,Individual Contributor,Permanent,2023-04-29,,,,HCM_B,2025-12-22,IT,Individual Contributor,true,true,true,true,true,false,not_applicable,true,true,,ACP001610,Sales,Key Accounts,Permanent,2023-04-29,,,,HCM_B,2025-12-22,,,1611
ACP001611,IT,Digital,Data,Individual Contributor,Permanent,2020-09-01,,,,HCM_A,2025-12-23,IT,Individual Contributor,true,true,true,true,true,false,not_applicable,true,true,,ACP001611,Digital,Data,Permanent,2020-09-01,,,,HCM_A,2025-12-23,,,1612
ACP001612,BG,Supply Chain,Manufacturing,Individual Contributor,Fixed Term,2021-10-05,,,,HCM_A,2025-12-24,BG,Individual Contributor,true,true,true,true,true,false,not_applicable,true,true,,ACP001612,Supply Chain,Manufacturing,Fixed Term,2021-10-05,,,,HCM_A,2025-12-24,,,1613
ACP001613,GR,Sales,Commercial Planning,Manager,Fixed Term,2025-01-23,2025-04-19,Involuntary,false,HCM_A,2025-12-25,GR,Manager,true,true,true,true,true,false,false,true,false,,ACP001613,Sales,Commercial Planning,Fixed Term,2025-01-23,2025-04-19,Involuntary,false,HCM_A,2025-12-25,,,1614
ACP001614,IT,Sales,Key Accounts,Manager,Fixed Term,2020-02-24,2020-08-02,Voluntary,true,HCM_A,2025-12-26,IT,Manager,true,true,true,true,true,false,true,true,true,,ACP001614,Sales,Key Accounts,Fixed Term,2020-02-24,2020-08-02,Voluntary,true,HCM_A,2025-12-26,,,1615
ACP001615,PL,Supply Chain,Procurement,Manager,Permanent,2024-03-02,,,,HCM_B,2025-12-27,PL,Manager,true,true,true,true,true,false,not_applicable,true,true,,ACP001615,Supply Chain,Procurement,Permanent,2024-03-02,,,,HCM_B,2025-12-27,,,1616
ACP001616,IE,Supply Chain,Manufacturing,Manager,Permanent,2020-09-23,2021-02-09,Voluntary,false,HCM_A,2025-12-28,IE,Manager,true,true,true,true,true,false,false,true,true,,ACP001616,Supply Chain,Manufacturing,Permanent,2020-09-23,2021-02-09,Voluntary,false,HCM_A,2025-12-28,,,1617
ACP001617,BG,Sales,Key Accounts,Manager,Permanent,2024-11-18,2025-12-25,Involuntary,false,HCM_A,2025-12-29,BG,Manager,true,true,true,true,true,false,false,true,true,,ACP001617,Sales,Key Accounts,Permanent,2024-11-18,2025-12-25,Involuntary,false,HCM_A,2025-12-29,,,1618
ACP001618,RO,Sales,Field Sales,Individual Contributor,Permanent,2021-08-15,,,,HCM_A,2025-12-30,RO,Individual Contributor,true,true,true,true,true,false,not_applicable,true,true,,ACP001618,Sales,Field Sales,Permanent,2021-08-15,,,,HCM_A,2025-12-30,,,1619
ACP001619,IE,Finance,Controls,Individual Contributor,Permanent,2021-11-28,2022-06-04,End of Contract,false,HCM_A,2025-12-31,IE,Individual Contributor,true,true,true,true,true,false,false,true,true,,ACP001619,Finance,Controls,Permanent,2021-11-28,2022-06-04,End of Contract,false,HCM_A,2025-12-31,,,1620
ACP001620,GR,Sales,Field Sales,Senior Leader,Permanent,2021-06-02,,,,HCM_B,2025-12-20,GR,Senior Leader,true,true,true,true,true,true,not_applicable,true,true,,ACP001620,Sales,Field Sales,Permanent,2021-06-02,,,,HCM_B,2025-12-20,,,1621
ACP001621,IT,Sales,Field Sales,Individual Contributor,Permanent,2021-10-24,,,,HCM_A,2025-12-21,IT,Individual Contributor,true,true,true,true,true,false,not_applicable,true,true,,ACP001621,Sales,Field Sales,Permanent,2021-10-24,,,,HCM_A,2025-12-21,,,1622
ACP001622,BG,Sales,Commercial Planning,Manager,Permanent,2021-06-23,2022-09-03,Voluntary,false,HCM_A,2025-12-22,BG,Manager,true,true,true,true,true,false,false,true,true,,ACP001622,Sales,Commercial Planning,Permanent,2021-06-23,2022-09-03,Voluntary,false,HCM_A,2025-12-22,,,1623
ACP001623,GR,Finance,Controls,Individual Contributor,Permanent,2022-11-10,2024-03-26,Voluntary,false,HCM_A,2025-12-23,GR,Individual Contributor,true,true,true,true,true,false,false,true,true,,ACP001623,Finance,Controls,Permanent,2022-11-10,2024-03-26,Voluntary,false,HCM_A,2025-12-23,,,1624
ACP001624,PL,Finance,Controls,Senior Leader,Fixed Term,2025-08-20,,,,HCM_A,2025-12-24,PL,Senior Leader,true,true,true,true,true,true,not_applicable,false,false,,ACP001624,Finance,Controls,Fixed Term,2025-08-20,,,,HCM_A,2025-12-24,,,1625
ACP001625,IT,Digital,Data,Senior Leader,Permanent,2023-10-05,2024-02-22,Voluntary,true,HCM_B,2025-12-25,IT,Senior Leader,true,true,true,true,true,true,true,true,true,,ACP001625,Digital,Data,Permanent,2023-10-05,2024-02-22,Voluntary,true,HCM_B,2025-12-25,,,1626
ACP001626,RO,Digital,Software,Individual Contributor,Fixed Term,2024-03-04,2025-05-29,Voluntary,false,HCM_A,2025-12-26,RO,Individual Contributor,true,true,true,true,true,false,false,true,true,,ACP001626,Digital,Software,Fixed Term,2024-03-04,2025-05-29,Voluntary,false,HCM_A,2025-12-26,,,1627
ACP001627,GR,Finance,FP&A,Manager,Permanent,2020-03-27,2020-05-24,Voluntary,true,HCM_A,2025-12-27,GR,Manager,true,true,true,true,true,false,true,true,true,,ACP001627,Finance,FP&A,Permanent,2020-03-27,2020-05-24,Voluntary,true,HCM_A,2025-12-27,,,1628
ACP001628,PL,Finance,FP&A,Individual Contributor,Permanent,2024-01-17,,,,HCM_A,2025-12-28,PL,Individual Contributor,true,true,true,true,true,false,not_applicable,true,true,,ACP001628,Finance,FP&A,Permanent,2024-01-17,,,,HCM_A,2025-12-28,,,1629
ACP001629,RO,Digital,Software,Manager,Permanent,2023-03-03,2023-07-20,Voluntary,false,HCM_A,2025-12-29,RO,Manager,true,true,true,true,true,false,false,true,true,,ACP001629,Digital,Software,Permanent,2023-03-03,2023-07-20,Voluntary,false,HCM_A,2025-12-29,,,1630
ACP001630,PL,Finance,Controls,Individual Contributor,Fixed Term,2022-05-29,2025-01-11,Voluntary,false,HCM_B,2025-12-30,PL,Individual Contributor,true,true,true,true,true,false,false,true,true,,ACP001630,Finance,Controls,Fixed Term,2022-05-29,2025-01-11,Voluntary,false,HCM_B,2025-12-30,,,1631
ACP001631,RO,Supply Chain,Logistics,Senior Leader,Fixed Term,2023-04-03,,,,HCM_A,2025-12-31,RO,Senior Leader,true,true,true,true,true,true,not_applicable,true,true,,ACP001631,Supply Chain,Logistics,Fixed Term,2023-04-03,,,,HCM_A,2025-12-31,,,1632
ACP001632,GR,Finance,Accounting,Manager,Permanent,2024-08-19,,,,HCM_A,2025-12-20,GR,Manager,true,true,true,true,true,false,not_applicable,true,true,,ACP001632,Finance,Accounting,Permanent,2024-08-19,,,,HCM_A,2025-12-20,,,1633
ACP001633,IE,Sales,Commercial Planning,Individual Contributor,Fixed Term,2025-02-03,2025-10-17,Voluntary,false,HCM_A,2025-12-21,IE,Individual Contributor,true,true,true,true,true,false,false,true,false,,ACP001633,Sales,Commercial Planning,Fixed Term,2025-02-03,2025-10-17,Voluntary,false,HCM_A,2025-12-21,,,1634
ACP001634,IT,Finance,Controls,Manager,Permanent,2025-10-04,2025-11-01,Voluntary,false,HCM_A,2025-12-22,IT,Manager,true,true,true,true,true,false,false,false,false,,ACP001634,Finance,Controls,Permanent,2025-10-04,2025-11-01,Voluntary,false,HCM_A,2025-12-22,,,1635
ACP001635,PL,Sales,Key Accounts,Individual Contributor,Fixed Term,2021-12-09,,,,HCM_B,2025-12-23,PL,Individual Contributor,true,true,true,true,true,false,not_applicable,true,true,,ACP001635,Sales,Key Accounts,Fixed Term,2021-12-09,,,,HCM_B,2025-12-23,,,1636
ACP001636,BG,Finance,FP&A,Individual Contributor,Permanent,2023-06-07,2023-08-10,Voluntary,true,HCM_A,2025-12-24,BG,Individual Contributor,true,true,true,true,true,false,true,true,true,,ACP001636,Finance,FP&A,Permanent,2023-06-07,2023-08-10,Voluntary,true,HCM_A,2025-12-24,,,1637
ACP001637,RO,Finance,FP&A,Individual Contributor,Permanent,2021-02-14,,,,HCM_A,2025-12-25,RO,Individual Contributor,true,true,true,true,true,false,not_applicable,true,true,,ACP001637,Finance,FP&A,Permanent,2021-02-14,,,,HCM_A,2025-12-25,,,1638
ACP001638,IE,Sales,Key Accounts,Individual Contributor,Permanent,2025-08-02,,,,HCM_A,2025-12-26,IE,Individual Contributor,true,true,true,true,true,false,not_applicable,false,false,,ACP001638,Sales,Key Accounts,Permanent,2025-08-02,,,,HCM_A,2025-12-26,,,1639
ACP001639,IT,Digital,Software,Individual Contributor,Permanent,2024-10-31,,,,HCM_A,2025-12-27,IT,Individual Contributor,true,true,true,true,true,false,not_applicable,true,true,,ACP001639,Digital,Software,Permanent,2024-10-31,,,,HCM_A,2025-12-27,,,1640
ACP001640,IT,Sales,Commercial Planning,Senior Leader,Permanent,2023-03-23,,,,HCM_B,2025-12-28,IT,Senior Leader,true,true,true,true,true,true,not_applicable,true,true,,ACP001640,Sales,Commercial Planning,Permanent,2023-03-23,,,,HCM_B,2025-12-28,,,1641
ACP001641,PL,Finance,Controls,Manager,Permanent,2021-07-06,,,,HCM_A,2025-12-29,PL,Manager,true,true,true,true,true,false,not_applicable,true,true,,ACP001641,Finance,Controls,Permanent,2021-07-06,,,,HCM_A,2025-12-29,,,1642
ACP001642,IE,Sales,Commercial Planning,Individual Contributor,Permanent,2022-08-18,,,,HCM_A,2025-12-30,IE,Individual Contributor,true,true,true,true,true,false,not_applicable,true,true,,ACP001642,Sales,Commercial Planning,Permanent,2022-08-18,,,,HCM_A,2025-12-30,,,1643
ACP001643,BG,Supply Chain,Logistics,Individual Contributor,Fixed Term,2020-04-23,2020-10-20,Involuntary,false,HCM_A,2025-12-31,BG,Individual Contributor,true,true,true,true,true,false,false,true,true,,ACP001643,Supply Chain,Logistics,Fixed Term,2020-04-23,2020-10-20,Involuntary,false,HCM_A,2025-12-31,,,1644
ACP001644,BG,Supply Chain,Procurement,Manager,Permanent,2021-05-17,2023-11-13,Voluntary,true,HCM_A,2025-12-20,BG,Manager,true,true,true,true,true,false,true,true,true,,ACP001644,Supply Chain,Procurement,Permanent,2021-05-17,2023-11-13,Voluntary,true,HCM_A,2025-12-20,,,1645
ACP001645,RO,Sales,Commercial Planning,Senior Leader,Permanent,2021-12-07,,,,HCM_B,2025-12-21,RO,Senior Leader,true,true,true,true,true,true,not_applicable,true,true,,ACP001645,Sales,Commercial Planning,Permanent,2021-12-07,,,,HCM_B,2025-12-21,,,1646
ACP001646,RO,Finance,Accounting,Individual Contributor,Permanent,2025-06-26,,,,HCM_A,2025-12-22,RO,Individual Contributor,true,true,true,true,true,false,not_applicable,true,false,,ACP001646,Finance,Accounting,Permanent,2025-06-26,,,,HCM_A,2025-12-22,,,1647
ACP001647,RO,Supply Chain,Manufacturing,Individual Contributor,Permanent,2021-05-07,2021-08-29,Voluntary,true,HCM_A,2025-12-23,RO,Individual Contributor,true,true,true,true,true,false,true,true,true,,ACP001647,Supply Chain,Manufacturing,Permanent,2021-05-07,2021-08-29,Voluntary,true,HCM_A,2025-12-23,,,1648
ACP001648,IT,Sales,Commercial Planning,Individual Contributor,Permanent,2023-08-15,2023-08-31,Voluntary,false,HCM_A,2025-12-24,IT,Individual Contributor,true,true,true,true,true,false,false,true,true,,ACP001648,Sales,Commercial Planning,Permanent,2023-08-15,2023-08-31,Voluntary,false,HCM_A,2025-12-24,,,1649
ACP001649,BG,Sales,Commercial Planning,Individual Contributor,Fixed Term,2021-11-05,,,,HCM_A,2025-12-25,BG,Individual Contributor,true,true,true,true,true,false,not_applicable,true,true,,ACP001649,Sales,Commercial Planning,Fixed Term,2021-11-05,,,,HCM_A,2025-12-25,,,1650
ACP001650,IE,Supply Chain,Manufacturing,Individual Contributor,Permanent,2020-12-01,,,,HCM_B,2025-12-26,IE,Individual Contributor,true,true,true,true,true,false,not_applicable,true,true,,ACP001650,Supply Chain,Manufacturing,Permanent,2020-12-01,,,,HCM_B,2025-12-26,,,1651
ACP001651,PL,Finance,Controls,Senior Leader,Permanent,2023-08-26,,,,HCM_A,2025-12-27,PL,Senior Leader,true,true,true,true,true,true,not_applicable,true,true,,ACP001651,Finance,Controls,Permanent,2023-08-26,,,,HCM_A,2025-12-27,,,1652
ACP001652,BG,Digital,Data,Individual Contributor,Permanent,2024-06-08,,,,HCM_A,2025-12-28,BG,Individual Contributor,true,true,true,true,true,false,not_applicable,true,true,,ACP001652,Digital,Data,Permanent,2024-06-08,,,,HCM_A,2025-12-28,,,1653
ACP001653,IE,Sales,Commercial Planning,Manager,Permanent,2020-10-17,2021-01-02,Voluntary,false,HCM_A,2025-12-29,IE,Manager,true,true,true,true,true,false,false,true,true,,ACP001653,Sales,Commercial Planning,Permanent,2020-10-17,2021-01-02,Voluntary,false,HCM_A,2025-12-29,,,1654
ACP001654,GR,Sales,Commercial Planning,Senior Leader,Permanent,2025-09-01,,,,HCM_A,2025-12-30,GR,Senior Leader,true,true,true,true,true,true,not_applicable,false,false,,ACP001654,Sales,Commercial Planning,Permanent,2025-09-01,,,,HCM_A,2025-12-30,,,1655
ACP001655,BG,Digital,Software,Manager,Permanent,2023-08-14,,,,HCM_B,2025-12-31,BG,Manager,true,true,true,true,true,false,not_applicable,true,true,,ACP001655,Digital,Software,Permanent,2023-08-14,,,,HCM_B,2025-12-31,,,1656
ACP001656,IE,Finance,Controls,Individual Contributor,Permanent,2021-11-29,2023-01-27,Voluntary,true,HCM_A,2025-12-20,IE,Individual Contributor,true,true,true,true,true,false,true,true,true,,ACP001656,Finance,Controls,Permanent,2021-11-29,2023-01-27,Voluntary,true,HCM_A,2025-12-20,,,1657
ACP001657,IE,Supply Chain,Logistics,Senior Leader,Fixed Term,2024-05-06,,,,HCM_A,2025-12-21,IE,Senior Leader,true,true,true,true,true,true,not_applicable,true,true,,ACP001657,Supply Chain,Logistics,Fixed Term,2024-05-06,,,,HCM_A,2025-12-21,,,1658
ACP001658,BG,Digital,Software,Individual Contributor,Permanent,2021-09-22,2023-03-03,Voluntary,true,HCM_A,2025-12-22,BG,Individual Contributor,true,true,true,true,true,false,true,true,true,,ACP001658,Digital,Software,Permanent,2021-09-22,2023-03-03,Voluntary,true,HCM_A,2025-12-22,,,1659
ACP001659,PL,Finance,Controls,Senior Leader,Permanent,2020-04-28,,,,HCM_A,2025-12-23,PL,Senior Leader,true,true,true,true,true,true,not_applicable,true,true,,ACP001659,Finance,Controls,Permanent,2020-04-28,,,,HCM_A,2025-12-23,,,1660
ACP001660,GR,Supply Chain,Manufacturing,Senior Leader,Permanent,2022-05-10,,,,HCM_B,2025-12-24,GR,Senior Leader,true,true,true,true,true,true,not_applicable,true,true,,ACP001660,Supply Chain,Manufacturing,Permanent,2022-05-10,,,,HCM_B,2025-12-24,,,1661
ACP001661,GR,Digital,Product,Individual Contributor,Permanent,2024-05-28,,,,HCM_A,2025-12-25,GR,Individual Contributor,true,true,true,true,true,false,not_applicable,true,true,,ACP001661,Digital,Product,Permanent,2024-05-28,,,,HCM_A,2025-12-25,,,1662
ACP001662,GR,Supply Chain,Logistics,Manager,Permanent,2020-05-24,,,,HCM_A,2025-12-26,GR,Manager,true,true,true,true,true,false,not_applicable,true,true,,ACP001662,Supply Chain,Logistics,Permanent,2020-05-24,,,,HCM_A,2025-12-26,,,1663
ACP001663,GR,Finance,Accounting,Senior Leader,Permanent,2020-10-08,,,,HCM_A,2025-12-27,GR,Senior Leader,true,true,true,true,true,true,not_applicable,true,true,,ACP001663,Finance,Accounting,Permanent,2020-10-08,,,,HCM_A,2025-12-27,,,1664
ACP001664,RO,Sales,Commercial Planning,Individual Contributor,Permanent,2023-12-14,2025-08-24,Involuntary,false,HCM_A,2025-12-28,RO,Individual Contributor,true,true,true,true,true,false,false,true,true,,ACP001664,Sales,Commercial Planning,Permanent,2023-12-14,2025-08-24,Involuntary,false,HCM_A,2025-12-28,,,1665
ACP001665,PL,Sales,Commercial Planning,Manager,Permanent,2025-06-11,,,,HCM_B,2025-12-29,PL,Manager,true,true,true,true,true,false,not_applicable,true,false,,ACP001665,Sales,Commercial Planning,Permanent,2025-06-11,,,,HCM_B,2025-12-29,,,1666
ACP001666,RO,Sales,Field Sales,Manager,Permanent,2023-11-15,2024-11-04,Voluntary,false,HCM_A,2025-12-30,RO,Manager,true,true,true,true,true,false,false,true,true,,ACP001666,Sales,Field Sales,Permanent,2023-11-15,2024-11-04,Voluntary,false,HCM_A,2025-12-30,,,1667
ACP001667,GR,Finance,Controls,Senior Leader,Permanent,2021-05-08,2021-07-26,Voluntary,true,HCM_A,2025-12-31,GR,Senior Leader,true,true,true,true,true,true,true,true,true,,ACP001667,Finance,Controls,Permanent,2021-05-08,2021-07-26,Voluntary,true,HCM_A,2025-12-31,,,1668
ACP001668,GR,Supply Chain,Logistics,Individual Contributor,Permanent,2022-10-25,,,,HCM_A,2025-12-20,GR,Individual Contributor,true,true,true,true,true,false,not_applicable,true,true,,ACP001668,Supply Chain,Logistics,Permanent,2022-10-25,,,,HCM_A,2025-12-20,,,1669
ACP001669,IE,Finance,Controls,Individual Contributor,Permanent,2022-02-26,,,,HCM_A,2025-12-21,IE,Individual Contributor,true,true,true,true,true,false,not_applicable,true,true,,ACP001669,Finance,Controls,Permanent,2022-02-26,,,,HCM_A,2025-12-21,,,1670
ACP001670,RO,Digital,Product,Individual Contributor,Permanent,2022-10-17,,,,HCM_B,2025-12-22,RO,Individual Contributor,true,true,true,true,true,false,not_applicable,true,true,,ACP001670,Digital,Product,Permanent,2022-10-17,,,,HCM_B,2025-12-22,,,1671
ACP001671,IE,Digital,Software,Senior Leader,Permanent,2020-07-29,2020-12-20,Involuntary,false,HCM_A,2025-12-23,IE,Senior Leader,true,true,true,true,true,true,false,true,true,,ACP001671,Digital,Software,Permanent,2020-07-29,2020-12-20,Involuntary,false,HCM_A,2025-12-23,,,1672
ACP001672,GR,Supply Chain,Procurement,Senior Leader,Fixed Term,2021-02-05,,,,HCM_A,2025-12-24,GR,Senior Leader,true,true,true,true,true,true,not_applicable,true,true,,ACP001672,Supply Chain,Procurement,Fixed Term,2021-02-05,,,,HCM_A,2025-12-24,,,1673
ACP001673,IT,Digital,Data,Manager,Permanent,2022-07-11,,,,HCM_A,2025-12-25,IT,Manager,true,true,true,true,true,false,not_applicable,true,true,,ACP001673,Digital,Data,Permanent,2022-07-11,,,,HCM_A,2025-12-25,,,1674
ACP001674,PL,Sales,Key Accounts,Manager,Permanent,2021-03-17,,,,HCM_A,2025-12-26,PL,Manager,true,true,true,true,true,false,not_applicable,true,true,,ACP001674,Sales,Key Accounts,Permanent,2021-03-17,,,,HCM_A,2025-12-26,,,1675
ACP001675,BG,Finance,Controls,Manager,Permanent,2025-05-08,,,,HCM_B,2025-12-27,BG,Manager,true,true,true,true,true,false,not_applicable,true,false,,ACP001675,Finance,Controls,Permanent,2025-05-08,,,,HCM_B,2025-12-27,,,1676
ACP001676,RO,Digital,Product,Individual Contributor,Permanent,2024-07-30,,,,HCM_A,2025-12-28,RO,Individual Contributor,true,true,true,true,true,false,not_applicable,true,true,,ACP001676,Digital,Product,Permanent,2024-07-30,,,,HCM_A,2025-12-28,,,1677
ACP001677,GR,Digital,Data,Individual Contributor,Permanent,2022-01-03,2022-04-01,Voluntary,false,HCM_A,2025-12-29,GR,Individual Contributor,true,true,true,true,true,false,false,true,true,,ACP001677,Digital,Data,Permanent,2022-01-03,2022-04-01,Voluntary,false,HCM_A,2025-12-29,,,1678
ACP001678,IT,Digital,Data,Manager,Fixed Term,2022-03-18,,,,HCM_A,2025-12-30,IT,Manager,true,true,true,true,true,false,not_applicable,true,true,,ACP001678,Digital,Data,Fixed Term,2022-03-18,,,,HCM_A,2025-12-30,,,1679
ACP001679,RO,Digital,Software,Individual Contributor,Permanent,2025-03-23,,,,HCM_A,2025-12-31,RO,Individual Contributor,true,true,true,true,true,false,not_applicable,true,false,,ACP001679,Digital,Software,Permanent,2025-03-23,,,,HCM_A,2025-12-31,,,1680
ACP001680,RO,Sales,Commercial Planning,Senior Leader,Fixed Term,2020-11-20,2024-07-18,Involuntary,false,HCM_B,2025-12-20,RO,Senior Leader,true,true,true,true,true,true,false,true,true,,ACP001680,Sales,Commercial Planning,Fixed Term,2020-11-20,2024-07-18,Involuntary,false,HCM_B,2025-12-20,,,1681
ACP001681,IE,Finance,Accounting,Individual Contributor,Permanent,2020-12-26,2021-11-16,Involuntary,false,HCM_A,2025-12-21,IE,Individual Contributor,true,true,true,true,true,false,false,true,true,,ACP001681,Finance,Accounting,Permanent,2020-12-26,2021-11-16,Involuntary,false,HCM_A,2025-12-21,,,1682
ACP001682,BG,Sales,Key Accounts,Senior Leader,Permanent,2023-02-12,,,,HCM_A,2025-12-22,BG,Senior Leader,true,true,true,true,true,true,not_applicable,true,true,,ACP001682,Sales,Key Accounts,Permanent,2023-02-12,,,,HCM_A,2025-12-22,,,1683
ACP001683,GR,Supply Chain,Manufacturing,Manager,Permanent,2021-05-20,,,,HCM_A,2025-12-23,GR,Manager,true,true,true,true,true,false,not_applicable,true,true,,ACP001683,Supply Chain,Manufacturing,Permanent,2021-05-20,,,,HCM_A,2025-12-23,,,1684
ACP001684,PL,Sales,Field Sales,Individual Contributor,Permanent,2020-05-02,,,,HCM_A,2025-12-24,PL,Individual Contributor,true,true,true,true,true,false,not_applicable,true,true,,ACP001684,Sales,Field Sales,Permanent,2020-05-02,,,,HCM_A,2025-12-24,,,1685
ACP001685,RO,Digital,Data,Manager,Fixed Term,2020-07-07,2020-10-28,Voluntary,false,HCM_B,2025-12-25,RO,Manager,true,true,true,true,true,false,false,true,true,,ACP001685,Digital,Data,Fixed Term,2020-07-07,2020-10-28,Voluntary,false,HCM_B,2025-12-25,,,1686
ACP001686,GR,Sales,Key Accounts,Individual Contributor,Permanent,2023-03-15,,,,HCM_A,2025-12-26,GR,Individual Contributor,true,true,true,true,true,false,not_applicable,true,true,,ACP001686,Sales,Key Accounts,Permanent,2023-03-15,,,,HCM_A,2025-12-26,,,1687
ACP001687,BG,Digital,Software,Manager,Permanent,2023-09-17,,,,HCM_A,2025-12-27,BG,Manager,true,true,true,true,true,false,not_applicable,true,true,,ACP001687,Digital,Software,Permanent,2023-09-17,,,,HCM_A,2025-12-27,,,1688
ACP001688,PL,Supply Chain,Manufacturing,Individual Contributor,Fixed Term,2025-04-26,,,,HCM_A,2025-12-28,PL,Individual Contributor,true,true,true,true,true,false,not_applicable,true,false,,ACP001688,Supply Chain,Manufacturing,Fixed Term,2025-04-26,,,,HCM_A,2025-12-28,,,1689
ACP001689,GR,Sales,Commercial Planning,Senior Leader,Fixed Term,2021-11-15,2022-05-27,Voluntary,false,HCM_A,2025-12-29,GR,Senior Leader,true,true,true,true,true,true,false,true,true,,ACP001689,Sales,Commercial Planning,Fixed Term,2021-11-15,2022-05-27,Voluntary,false,HCM_A,2025-12-29,,,1690
ACP001690,IT,Sales,Key Accounts,Individual Contributor,Permanent,2023-10-22,2025-06-24,Voluntary,true,HCM_B,2025-12-30,IT,Individual Contributor,true,true,true,true,true,false,true,true,true,,ACP001690,Sales,Key Accounts,Permanent,2023-10-22,2025-06-24,Voluntary,true,HCM_B,2025-12-30,,,1691
ACP001691,BG,Finance,Controls,Manager,Permanent,2024-01-28,,,,HCM_A,2025-12-31,BG,Manager,true,true,true,true,true,false,not_applicable,true,true,synthetic_source_recovered,ACP001691,Finance,Controls,Permanent,2024-01-28,2024-04-27,,,HCM_A,2025-12-31,termination_date,verified_synthetic_generator_recovery,1692
ACP001692,RO,Finance,Accounting,Individual Contributor,Permanent,2020-02-05,,,,HCM_A,2025-12-20,RO,Individual Contributor,true,true,true,true,true,false,not_applicable,true,true,,ACP001692,Finance,Accounting,Permanent,2020-02-05,,,,HCM_A,2025-12-20,,,1693
ACP001693,GR,Digital,Data,Individual Contributor,Permanent,2020-06-14,,,,HCM_A,2025-12-21,GR,Individual Contributor,true,true,true,true,true,false,not_applicable,true,true,,ACP001693,Digital,Data,Permanent,2020-06-14,,,,HCM_A,2025-12-21,,,1694
ACP001694,BG,Digital,Data,Individual Contributor,Permanent,2021-04-11,,,,HCM_A,2025-12-22,BG,Individual Contributor,true,true,true,true,true,false,not_applicable,true,true,,ACP001694,Digital,Data,Permanent,2021-04-11,,,,HCM_A,2025-12-22,,,1695
ACP001695,IT,Digital,Data,Senior Leader,Permanent,2020-09-09,,,,HCM_B,2025-12-23,IT,Senior Leader,true,true,true,true,true,true,not_applicable,true,true,,ACP001695,Digital,Data,Permanent,2020-09-09,,,,HCM_B,2025-12-23,,,1696
ACP001696,RO,Sales,Commercial Planning,Manager,Permanent,2024-08-07,,,,HCM_A,2025-12-24,RO,Manager,true,true,true,true,true,false,not_applicable,true,true,,ACP001696,Sales,Commercial Planning,Permanent,2024-08-07,,,,HCM_A,2025-12-24,,,1697
ACP001697,BG,Sales,Field Sales,Senior Leader,Permanent,2022-04-27,2023-03-20,Voluntary,false,HCM_A,2025-12-25,BG,Senior Leader,true,true,true,true,true,true,false,true,true,,ACP001697,Sales,Field Sales,Permanent,2022-04-27,2023-03-20,Voluntary,false,HCM_A,2025-12-25,,,1698
ACP001698,GR,Digital,Product,Manager,Permanent,2022-11-11,,,,HCM_A,2025-12-26,GR,Manager,true,true,true,true,true,false,not_applicable,true,true,,ACP001698,Digital,Product,Permanent,2022-11-11,,,,HCM_A,2025-12-26,,,1699
ACP001699,IT,Sales,Key Accounts,Senior Leader,Permanent,2020-03-07,2023-12-21,Voluntary,true,HCM_A,2025-12-27,IT,Senior Leader,true,true,true,true,true,true,true,true,true,,ACP001699,Sales,Key Accounts,Permanent,2020-03-07,2023-12-21,Voluntary,true,HCM_A,2025-12-27,,,1700
ACP001700,IT,Sales,Key Accounts,Individual Contributor,Permanent,2020-06-08,2020-07-01,Voluntary,false,HCM_B,2025-12-28,IT,Individual Contributor,true,true,true,true,true,false,false,true,true,,ACP001700,Sales,Key Accounts,Permanent,2020-06-08,2020-07-01,Voluntary,false,HCM_B,2025-12-28,,,1701
ACP001701,IE,Supply Chain,Procurement,Senior Leader,Permanent,2020-05-21,2022-10-11,Voluntary,true,HCM_A,2025-12-29,IE,Senior Leader,true,true,true,true,true,true,true,true,true,,ACP001701,Supply Chain,Procurement,Permanent,2020-05-21,2022-10-11,Voluntary,true,HCM_A,2025-12-29,,,1702
ACP001702,GR,Digital,Product,Individual Contributor,Fixed Term,2022-07-08,,,,HCM_A,2025-12-30,GR,Individual Contributor,true,true,true,true,true,false,not_applicable,true,true,,ACP001702,Digital,Product,Fixed Term,2022-07-08,,,,HCM_A,2025-12-30,,,1703
ACP001703,RO,Finance,Controls,Manager,Permanent,2024-02-21,,,,HCM_A,2025-12-31,RO,Manager,true,true,true,true,true,false,not_applicable,true,true,,ACP001703,Finance,Controls,Permanent,2024-02-21,,,,HCM_A,2025-12-31,,,1704
ACP001704,PL,Supply Chain,Procurement,Senior Leader,Permanent,2021-09-24,,,,HCM_A,2025-12-20,PL,Senior Leader,true,true,true,true,true,true,not_applicable,true,true,,ACP001704,Supply Chain,Procurement,Permanent,2021-09-24,,,,HCM_A,2025-12-20,,,1705
ACP001705,PL,Sales,Commercial Planning,Manager,Fixed Term,2023-01-29,2023-08-23,Involuntary,false,HCM_B,2025-12-21,PL,Manager,true,true,true,true,true,false,false,true,true,,ACP001705,Sales,Commercial Planning,Fixed Term,2023-01-29,2023-08-23,Involuntary,false,HCM_B,2025-12-21,,,1706
ACP001706,PL,Sales,Commercial Planning,Manager,Fixed Term,2022-04-26,,,,HCM_A,2025-12-22,PL,Manager,true,true,true,true,true,false,not_applicable,true,true,,ACP001706,Sales,Commercial Planning,Fixed Term,2022-04-26,,,,HCM_A,2025-12-22,,,1707
ACP001707,RO,Sales,Key Accounts,Individual Contributor,Permanent,2020-11-09,,,,HCM_A,2025-12-23,RO,Individual Contributor,true,true,true,true,true,false,not_applicable,true,true,,ACP001707,Sales,Key Accounts,Permanent,2020-11-09,,,,HCM_A,2025-12-23,,,1708
ACP001708,IE,Supply Chain,Manufacturing,Manager,Fixed Term,2021-02-03,2022-01-15,Voluntary,false,HCM_A,2025-12-24,IE,Manager,true,true,true,true,true,false,false,true,true,,ACP001708,Supply Chain,Manufacturing,Fixed Term,2021-02-03,2022-01-15,Voluntary,false,HCM_A,2025-12-24,,,1709
ACP001709,PL,Digital,Software,Manager,Permanent,2021-10-20,2024-05-13,Voluntary,true,HCM_A,2025-12-25,PL,Manager,true,true,true,true,true,false,true,true,true,,ACP001709,Digital,Software,Permanent,2021-10-20,2024-05-13,Voluntary,true,HCM_A,2025-12-25,,,1710
ACP001710,GR,Finance,Controls,Senior Leader,Fixed Term,2024-04-18,,,,HCM_B,2025-12-26,GR,Senior Leader,true,true,true,true,true,true,not_applicable,true,true,,ACP001710,Finance,Controls,Fixed Term,2024-04-18,,,,HCM_B,2025-12-26,,,1711
ACP001711,BG,Digital,Data,Individual Contributor,Permanent,2024-09-16,2025-12-13,Voluntary,true,HCM_A,2025-12-27,BG,Individual Contributor,true,true,true,true,true,false,true,true,true,,ACP001711,Digital,Data,Permanent,2024-09-16,2025-12-13,Voluntary,true,HCM_A,2025-12-27,,,1712
ACP001712,BG,Sales,Field Sales,Individual Contributor,Permanent,2024-08-22,2025-01-12,End of Contract,false,HCM_A,2025-12-28,BG,Individual Contributor,true,true,true,true,true,false,false,true,true,,ACP001712,Sales,Field Sales,Permanent,2024-08-22,2025-01-12,End of Contract,false,HCM_A,2025-12-28,,,1713
ACP001713,GR,Sales,Commercial Planning,Manager,Permanent,2024-09-26,,,,HCM_A,2025-12-29,GR,Manager,true,true,true,true,true,false,not_applicable,true,true,,ACP001713,Sales,Commercial Planning,Permanent,2024-09-26,,,,HCM_A,2025-12-29,,,1714
ACP001714,IT,Finance,Controls,Senior Leader,Permanent,2023-11-01,,,,HCM_A,2025-12-30,IT,Senior Leader,true,true,true,true,true,true,not_applicable,true,true,,ACP001714,Finance,Controls,Permanent,2023-11-01,,,,HCM_A,2025-12-30,,,1715
ACP001715,BG,Digital,Data,Senior Leader,Permanent,2020-05-30,,,,HCM_B,2025-12-31,BG,Senior Leader,true,true,true,true,true,true,not_applicable,true,true,,ACP001715,Digital,Data,Permanent,2020-05-30,,,,HCM_B,2025-12-31,,,1716
ACP001716,PL,Finance,Controls,Individual Contributor,Permanent,2022-06-16,,,,HCM_A,2025-12-20,PL,Individual Contributor,true,true,true,true,true,false,not_applicable,true,true,,ACP001716,Finance,Controls,Permanent,2022-06-16,,,,HCM_A,2025-12-20,,,1717
ACP001717,IT,Finance,Controls,Individual Contributor,Fixed Term,2025-06-14,,,,HCM_A,2025-12-21,IT,Individual Contributor,true,true,true,true,true,false,not_applicable,true,false,,ACP001717,Finance,Controls,Fixed Term,2025-06-14,,,,HCM_A,2025-12-21,,,1718
ACP001718,BG,Sales,Field Sales,Manager,Fixed Term,2024-06-08,,,,HCM_A,2025-12-22,BG,Manager,true,true,true,true,true,false,not_applicable,true,true,,ACP001718,Sales,Field Sales,Fixed Term,2024-06-08,,,,HCM_A,2025-12-22,,,1719
ACP001719,IE,Digital,Product,Individual Contributor,Permanent,2020-04-23,,,,HCM_A,2025-12-23,IE,Individual Contributor,true,true,true,true,true,false,not_applicable,true,true,,ACP001719,Digital,Product,Permanent,2020-04-23,,,,HCM_A,2025-12-23,,,1720
ACP001720,PL,Sales,Field Sales,Manager,Permanent,2022-10-17,2023-10-15,Voluntary,true,HCM_B,2025-12-24,PL,Manager,true,true,true,true,true,false,true,true,true,,ACP001720,Sales,Field Sales,Permanent,2022-10-17,2023-10-15,Voluntary,true,HCM_B,2025-12-24,,,1721
ACP001721,RO,Supply Chain,Logistics,Individual Contributor,Permanent,2022-07-25,,,,HCM_A,2025-12-25,RO,Individual Contributor,true,true,true,true,true,false,not_applicable,true,true,,ACP001721,Supply Chain,Logistics,Permanent,2022-07-25,,,,HCM_A,2025-12-25,,,1722
ACP001722,IT,Finance,FP&A,Individual Contributor,Permanent,2020-03-31,2020-06-22,Voluntary,true,HCM_A,2025-12-26,IT,Individual Contributor,true,true,true,true,true,false,true,true,true,,ACP001722,Finance,FP&A,Permanent,2020-03-31,2020-06-22,Voluntary,true,HCM_A,2025-12-26,,,1723
ACP001723,IE,Digital,Software,Senior Leader,Permanent,2020-06-03,,,,HCM_A,2025-12-27,IE,Senior Leader,true,true,true,true,true,true,not_applicable,true,true,,ACP001723,Digital,Software,Permanent,2020-06-03,,,,HCM_A,2025-12-27,,,1724
ACP001724,GR,Digital,Software,Manager,Permanent,2025-10-13,,,,HCM_A,2025-12-28,GR,Manager,true,true,true,true,true,false,not_applicable,false,false,,ACP001724,Digital,Software,Permanent,2025-10-13,,,,HCM_A,2025-12-28,,,1725
ACP001725,BG,Digital,Software,Senior Leader,Permanent,2022-12-15,,,,HCM_B,2025-12-29,BG,Senior Leader,true,true,true,true,true,true,not_applicable,true,true,,ACP001725,Digital,Software,Permanent,2022-12-15,,,,HCM_B,2025-12-29,,,1726
ACP001726,GR,Digital,Data,Individual Contributor,Fixed Term,2021-06-27,2023-05-21,End of Contract,false,HCM_A,2025-12-30,GR,Sr Mgmt,true,true,true,true,true,false,false,true,true,synthetic_source_recovered,ACP001726,Digital,Data,Fixed Term,2021-06-27,2023-05-21,End of Contract,false,HCM_A,2025-12-30,career_level,verified_synthetic_generator_recovery,1727
ACP001727,BG,Supply Chain,Procurement,Individual Contributor,Permanent,2024-12-05,2024-12-29,End of Contract,false,HCM_A,2025-12-31,BG,Individual Contributor,true,true,true,true,true,false,false,true,true,,ACP001727,Supply Chain,Procurement,Permanent,2024-12-05,2024-12-29,End of Contract,false,HCM_A,2025-12-31,,,1728
ACP001728,BG,Digital,Product,Manager,Permanent,2020-11-09,2021-07-21,End of Contract,false,HCM_A,2025-12-20,BG,Manager,true,true,true,true,true,false,false,true,true,,ACP001728,Digital,Product,Permanent,2020-11-09,2021-07-21,End of Contract,false,HCM_A,2025-12-20,,,1729
ACP001729,PL,Digital,Product,Manager,Fixed Term,2021-11-18,2025-06-25,End of Contract,false,HCM_A,2025-12-21,PL,Manager,true,true,true,true,true,false,false,true,true,,ACP001729,Digital,Product,Fixed Term,2021-11-18,2025-06-25,End of Contract,false,HCM_A,2025-12-21,,,1730
ACP001730,BG,Supply Chain,Manufacturing,Manager,Permanent,2025-02-20,,,,HCM_B,2025-12-22,BG,Manager,true,true,true,true,true,false,not_applicable,true,false,,ACP001730,Supply Chain,Manufacturing,Permanent,2025-02-20,,,,HCM_B,2025-12-22,,,1731
ACP001731,PL,Digital,Data,Individual Contributor,Permanent,2025-11-13,,,,HCM_A,2025-12-23,PL,Individual Contributor,true,true,true,true,true,false,not_applicable,false,false,,ACP001731,Digital,Data,Permanent,2025-11-13,,,,HCM_A,2025-12-23,,,1732
ACP001732,PL,Supply Chain,Logistics,Manager,Permanent,2024-01-31,,,,HCM_A,2025-12-24,PL,Manager,true,true,true,true,true,false,not_applicable,true,true,,ACP001732,Supply Chain,Logistics,Permanent,2024-01-31,,,,HCM_A,2025-12-24,,,1733
ACP001733,GR,Finance,FP&A,Individual Contributor,Permanent,2024-09-17,2025-01-28,Voluntary,true,HCM_A,2025-12-25,ROM,Individual Contributor,true,true,true,true,true,false,true,true,true,synthetic_source_recovered,ACP001733,Finance,FP&A,Permanent,2024-09-17,2025-01-28,Voluntary,true,HCM_A,2025-12-25,country_code,verified_synthetic_generator_recovery,1734
ACP001734,PL,Supply Chain,Logistics,Individual Contributor,Permanent,2020-09-13,,,,HCM_A,2025-12-26,PL,Individual Contributor,true,true,true,true,true,false,not_applicable,true,true,,ACP001734,Supply Chain,Logistics,Permanent,2020-09-13,,,,HCM_A,2025-12-26,,,1735
ACP001735,IE,Digital,Data,Individual Contributor,Permanent,2021-03-28,,,,HCM_B,2025-12-27,IE,Individual Contributor,true,true,true,true,true,false,not_applicable,true,true,,ACP001735,Digital,Data,Permanent,2021-03-28,,,,HCM_B,2025-12-27,,,1736
ACP001736,PL,Finance,Controls,Individual Contributor,Fixed Term,2025-05-26,,,,HCM_A,2025-12-28,PL,Individual Contributor,true,true,true,true,true,false,not_applicable,true,false,,ACP001736,Finance,Controls,Fixed Term,2025-05-26,,,,HCM_A,2025-12-28,,,1737
ACP001737,IE,Digital,Data,Individual Contributor,Fixed Term,2024-04-04,2024-08-08,Voluntary,true,HCM_A,2025-12-29,IE,Individual Contributor,true,true,true,true,true,false,true,true,true,,ACP001737,Digital,Data,Fixed Term,2024-04-04,2024-08-08,Voluntary,true,HCM_A,2025-12-29,,,1738
ACP001738,IT,Digital,Data,Manager,Permanent,2021-07-14,,,,HCM_A,2025-12-30,IT,Manager,true,true,true,true,true,false,not_applicable,true,true,,ACP001738,Digital,Data,Permanent,2021-07-14,,,,HCM_A,2025-12-30,,,1739
ACP001739,IE,Digital,Software,Individual Contributor,Permanent,2024-10-13,,,,HCM_A,2025-12-31,IE,Individual Contributor,true,true,true,true,true,false,not_applicable,true,true,,ACP001739,Digital,Software,Permanent,2024-10-13,,,,HCM_A,2025-12-31,,,1740
ACP001740,RO,Sales,Commercial Planning,Individual Contributor,Fixed Term,2022-06-11,,,,HCM_B,2025-12-20,RO,Individual Contributor,true,true,true,true,true,false,not_applicable,true,true,,ACP001740,Sales,Commercial Planning,Fixed Term,2022-06-11,,,,HCM_B,2025-12-20,,,1741
ACP001741,IT,Digital,Product,Manager,Permanent,2021-01-07,,,,HCM_A,2025-12-21,IT,Manager,true,true,true,true,true,false,not_applicable,true,true,,ACP001741,Digital,Product,Permanent,2021-01-07,,,,HCM_A,2025-12-21,,,1742
ACP001742,GR,Finance,Accounting,Senior Leader,Permanent,2022-05-28,,,,HCM_A,2025-12-22,GR,Senior Leader,true,true,true,true,true,true,not_applicable,true,true,,ACP001742,Finance,Accounting,Permanent,2022-05-28,,,,HCM_A,2025-12-22,,,1743
ACP001743,GR,Sales,Field Sales,Individual Contributor,Permanent,2022-04-20,,,,HCM_A,2025-12-23,GR,Individual Contributor,true,true,true,true,true,false,not_applicable,true,true,,ACP001743,Sales,Field Sales,Permanent,2022-04-20,,,,HCM_A,2025-12-23,,,1744
ACP001744,GR,Finance,Accounting,Individual Contributor,Permanent,2022-09-01,2023-12-08,Involuntary,false,HCM_A,2025-12-24,GR,Individual Contributor,true,true,true,true,true,false,false,true,true,,ACP001744,Finance,Accounting,Permanent,2022-09-01,2023-12-08,Involuntary,false,HCM_A,2025-12-24,,,1745
ACP001745,PL,Supply Chain,Procurement,Manager,Permanent,2023-11-17,,,,HCM_B,2025-12-25,PL,Manager,true,true,true,true,true,false,not_applicable,true,true,,ACP001745,Supply Chain,Procurement,Permanent,2023-11-17,,,,HCM_B,2025-12-25,,,1746
ACP001746,GR,Supply Chain,Manufacturing,Senior Leader,Permanent,2021-07-31,2021-12-29,Voluntary,false,HCM_A,2025-12-26,GR,Senior Leader,true,true,true,true,true,true,false,true,true,,ACP001746,Supply Chain,Manufacturing,Permanent,2021-07-31,2021-12-29,Voluntary,false,HCM_A,2025-12-26,,,1747
ACP001747,IT,Supply Chain,Procurement,Individual Contributor,Permanent,2022-08-07,,,,HCM_A,2025-12-27,IT,Individual Contributor,true,true,true,true,true,false,not_applicable,true,true,,ACP001747,Supply Chain,Procurement,Permanent,2022-08-07,,,,HCM_A,2025-12-27,,,1748
ACP001748,RO,Supply Chain,Logistics,Individual Contributor,Permanent,2023-02-13,,,,HCM_A,2025-12-28,RO,Individual Contributor,true,true,true,true,true,false,not_applicable,true,true,,ACP001748,Supply Chain,Logistics,Permanent,2023-02-13,,,,HCM_A,2025-12-28,,,1749
ACP001749,PL,Supply Chain,Procurement,Individual Contributor,Fixed Term,2024-10-24,2025-08-20,End of Contract,false,HCM_A,2025-12-29,PL,Individual Contributor,true,true,true,true,true,false,false,true,true,,ACP001749,Supply Chain,Procurement,Fixed Term,2024-10-24,2025-08-20,End of Contract,false,HCM_A,2025-12-29,,,1750
ACP001750,GR,Supply Chain,Logistics,Manager,Permanent,2023-01-14,,,,HCM_B,2025-12-30,GR,Manager,true,true,true,true,true,false,not_applicable,true,true,,ACP001750,Supply Chain,Logistics,Permanent,2023-01-14,,,,HCM_B,2025-12-30,,,1751
ACP001751,IE,Sales,Field Sales,Individual Contributor,Fixed Term,2022-03-16,,,,HCM_A,2025-12-31,IE,Individual Contributor,true,true,true,true,true,false,not_applicable,true,true,,ACP001751,Sales,Field Sales,Fixed Term,2022-03-16,,,,HCM_A,2025-12-31,,,1752
ACP001752,IT,Digital,Product,Manager,Permanent,2021-09-08,,,,HCM_A,2025-12-20,IT,Manager,true,true,true,true,true,false,not_applicable,true,true,,ACP001752,Digital,Product,Permanent,2021-09-08,,,,HCM_A,2025-12-20,,,1753
ACP001753,BG,Finance,Controls,Individual Contributor,Permanent,2020-08-19,,,,HCM_A,2025-12-21,BG,Individual Contributor,true,true,true,true,true,false,not_applicable,true,true,,ACP001753,Finance,Controls,Permanent,2020-08-19,,,,HCM_A,2025-12-21,,,1754
ACP001754,PL,Finance,FP&A,Individual Contributor,Fixed Term,2023-04-07,2024-03-25,Involuntary,false,HCM_A,2025-12-22,PL,Individual Contributor,true,true,true,true,true,false,false,true,true,,ACP001754,Finance,FP&A,Fixed Term,2023-04-07,2024-03-25,Involuntary,false,HCM_A,2025-12-22,,,1755
ACP001755,GR,Supply Chain,Logistics,Manager,Fixed Term,2020-11-22,2021-08-26,Voluntary,false,HCM_B,2025-12-23,GR,Manager,true,true,true,true,true,false,false,true,true,,ACP001755,Supply Chain,Logistics,Fixed Term,2020-11-22,2021-08-26,Voluntary,false,HCM_B,2025-12-23,,,1756
ACP001756,GR,Finance,FP&A,Individual Contributor,Permanent,2022-04-16,2024-08-17,Involuntary,false,HCM_A,2025-12-24,GR,Individual Contributor,true,true,true,true,true,false,false,true,true,,ACP001756,Finance,FP&A,Permanent,2022-04-16,2024-08-17,Involuntary,false,HCM_A,2025-12-24,,,1757
ACP001757,IE,Sales,Commercial Planning,Senior Leader,Permanent,2022-01-29,,,,HCM_A,2025-12-25,IE,Senior Leader,true,true,true,true,true,true,not_applicable,true,true,,ACP001757,Sales,Commercial Planning,Permanent,2022-01-29,,,,HCM_A,2025-12-25,,,1758
ACP001758,IE,Supply Chain,Logistics,Senior Leader,Permanent,2023-04-06,2023-07-13,Voluntary,true,HCM_A,2025-12-26,IE,Senior Leader,true,true,true,true,true,true,true,true,true,,ACP001758,Supply Chain,Logistics,Permanent,2023-04-06,2023-07-13,Voluntary,true,HCM_A,2025-12-26,,,1759
ACP001759,RO,Supply Chain,Procurement,Manager,Permanent,2025-08-08,,,,HCM_A,2025-12-27,RO,Manager,true,true,true,true,true,false,not_applicable,false,false,,ACP001759,Supply Chain,Procurement,Permanent,2025-08-08,,,,HCM_A,2025-12-27,,,1760
ACP001760,RO,Digital,Software,Individual Contributor,Fixed Term,2021-05-27,2025-08-29,Voluntary,false,HCM_B,2025-12-28,RO,Individual Contributor,true,true,true,true,true,false,false,true,true,,ACP001760,Digital,Software,Fixed Term,2021-05-27,2025-08-29,Voluntary,false,HCM_B,2025-12-28,,,1761
ACP001761,RO,Sales,Commercial Planning,Individual Contributor,Permanent,2024-07-30,2024-08-14,Voluntary,false,HCM_A,2025-12-29,RO,Individual Contributor,true,true,true,true,true,false,false,true,true,,ACP001761,Sales,Commercial Planning,Permanent,2024-07-30,2024-08-14,Voluntary,false,HCM_A,2025-12-29,,,1762
ACP001762,RO,Finance,Controls,Individual Contributor,Permanent,2020-03-30,,,,HCM_A,2025-12-30,RO,Individual Contributor,true,true,true,true,true,false,not_applicable,true,true,,ACP001762,Finance,Controls,Permanent,2020-03-30,,,,HCM_A,2025-12-30,,,1763
ACP001763,IT,Supply Chain,Manufacturing,Senior Leader,Permanent,2024-09-02,,,,HCM_A,2025-12-31,IT,Senior Leader,true,true,true,true,true,true,not_applicable,true,true,synthetic_source_recovered,ACP001763,Supply Chain,Manufacturing,Permanent,,,,,HCM_A,2025-12-31,hire_date,verified_synthetic_generator_recovery,1764
ACP001764,RO,Digital,Software,Individual Contributor,Permanent,2021-02-22,,,,HCM_A,2025-12-20,RO,Individual Contributor,true,true,true,true,true,false,not_applicable,true,true,,ACP001764,Digital,Software,Permanent,2021-02-22,,,,HCM_A,2025-12-20,,,1765
ACP001765,PL,Supply Chain,Procurement,Manager,Permanent,2023-03-09,,,,HCM_B,2025-12-21,PL,Manager,true,true,true,true,true,false,not_applicable,true,true,,ACP001765,Supply Chain,Procurement,Permanent,2023-03-09,,,,HCM_B,2025-12-21,,,1766
ACP001766,BG,Finance,Controls,Manager,Fixed Term,2022-08-22,,,,HCM_A,2025-12-22,BG,Manager,true,true,true,true,true,false,not_applicable,true,true,,ACP001766,Finance,Controls,Fixed Term,2022-08-22,,,,HCM_A,2025-12-22,,,1767
ACP001767,IT,Digital,Software,Individual Contributor,Fixed Term,2024-03-01,2025-05-01,Voluntary,true,HCM_A,2025-12-23,IT,Individual Contributor,true,true,true,true,true,false,true,true,true,,ACP001767,Digital,Software,Fixed Term,2024-03-01,2025-05-01,Voluntary,true,HCM_A,2025-12-23,,,1768
ACP001768,BG,Sales,Commercial Planning,Manager,Permanent,2021-08-06,2022-06-08,End of Contract,false,HCM_A,2025-12-24,BG,Manager,true,true,true,true,true,false,false,true,true,,ACP001768,Sales,Commercial Planning,Permanent,2021-08-06,2022-06-08,End of Contract,false,HCM_A,2025-12-24,,,1769
ACP001769,RO,Finance,Controls,Individual Contributor,Permanent,2024-08-17,,,,HCM_A,2025-12-25,RO,Individual Contributor,true,true,true,true,true,false,not_applicable,true,true,,ACP001769,Finance,Controls,Permanent,2024-08-17,,,,HCM_A,2025-12-25,,,1770
ACP001770,IT,Finance,Controls,Manager,Fixed Term,2025-04-20,,,,HCM_B,2025-12-26,IT,Manager,true,true,true,true,true,false,not_applicable,true,false,,ACP001770,Finance,Controls,Fixed Term,2025-04-20,,,,HCM_B,2025-12-26,,,1771
ACP001771,IT,Supply Chain,Procurement,Individual Contributor,Permanent,2024-05-14,,,,HCM_A,2025-12-27,IT,Individual Contributor,true,true,true,true,true,false,not_applicable,true,true,,ACP001771,Supply Chain,Procurement,Permanent,2024-05-14,,,,HCM_A,2025-12-27,,,1772
ACP001772,RO,Sales,Commercial Planning,Manager,Permanent,2025-07-24,2025-08-06,Voluntary,false,HCM_A,2025-12-28,RO,Manager,true,true,true,true,true,false,false,false,false,,ACP001772,Sales,Commercial Planning,Permanent,2025-07-24,2025-08-06,Voluntary,false,HCM_A,2025-12-28,,,1773
ACP001773,RO,Supply Chain,Procurement,Senior Leader,Permanent,2020-08-02,2023-06-21,Involuntary,false,HCM_A,2025-12-29,RO,Senior Leader,true,true,true,true,true,true,false,true,true,,ACP001773,Supply Chain,Procurement,Permanent,2020-08-02,2023-06-21,Involuntary,false,HCM_A,2025-12-29,,,1774
ACP001774,RO,Finance,FP&A,Manager,Permanent,2020-07-28,,,,HCM_A,2025-12-30,RO,Manager,true,true,true,true,true,false,not_applicable,true,true,,ACP001774,Finance,FP&A,Permanent,2020-07-28,,,,HCM_A,2025-12-30,,,1775
ACP001775,BG,Digital,Software,Individual Contributor,Permanent,2020-02-22,,,,HCM_B,2025-12-31,BG,Individual Contributor,true,true,true,true,true,false,not_applicable,true,true,,ACP001775,Digital,Software,Permanent,2020-02-22,,,,HCM_B,2025-12-31,,,1776
ACP001776,BG,Sales,Commercial Planning,Individual Contributor,Permanent,2024-12-31,,,,HCM_A,2025-12-20,BG,Individual Contributor,true,true,true,true,true,false,not_applicable,true,true,,ACP001776,Sales,Commercial Planning,Permanent,2024-12-31,,,,HCM_A,2025-12-20,,,1777
ACP001777,BG,Supply Chain,Logistics,Individual Contributor,Permanent,2020-03-12,,,,HCM_A,2025-12-21,BG,Individual Contributor,true,true,true,true,true,false,not_applicable,true,true,,ACP001777,Supply Chain,Logistics,Permanent,2020-03-12,,,,HCM_A,2025-12-21,,,1778
ACP001778,PL,Supply Chain,Procurement,Manager,Permanent,2025-11-09,,,,HCM_A,2025-12-22,PL,Manager,true,true,true,true,true,false,not_applicable,false,false,,ACP001778,Supply Chain,Procurement,Permanent,2025-11-09,,,,HCM_A,2025-12-22,,,1779
ACP001779,PL,Sales,Key Accounts,Individual Contributor,Permanent,2022-03-10,,,,HCM_A,2025-12-23,PL,Individual Contributor,true,true,true,true,true,false,not_applicable,true,true,,ACP001779,Sales,Key Accounts,Permanent,2022-03-10,,,,HCM_A,2025-12-23,,,1780
ACP001780,RO,Sales,Commercial Planning,Senior Leader,Permanent,2022-01-21,2023-09-05,End of Contract,false,HCM_B,2025-12-24,RO,Senior Leader,true,true,true,true,true,true,false,true,true,,ACP001780,Sales,Commercial Planning,Permanent,2022-01-21,2023-09-05,End of Contract,false,HCM_B,2025-12-24,,,1781
ACP001781,RO,Sales,Commercial Planning,Individual Contributor,Permanent,2022-05-16,2022-05-28,Voluntary,false,HCM_A,2025-12-25,RO,Individual Contributor,true,true,true,true,true,false,false,true,true,,ACP001781,Sales,Commercial Planning,Permanent,2022-05-16,2022-05-28,Voluntary,false,HCM_A,2025-12-25,,,1782
ACP001782,IE,Digital,Data,Individual Contributor,Permanent,2024-06-03,2025-07-22,Voluntary,true,HCM_A,2025-12-26,IE,Individual Contributor,true,true,true,true,true,false,true,true,true,,ACP001782,Digital,Data,Permanent,2024-06-03,2025-07-22,Voluntary,true,HCM_A,2025-12-26,,,1783
ACP001783,IT,Supply Chain,Manufacturing,Manager,Permanent,2021-04-25,2023-05-22,Voluntary,false,HCM_A,2025-12-27,IT,Manager,true,true,true,true,true,false,false,true,true,,ACP001783,Supply Chain,Manufacturing,Permanent,2021-04-25,2023-05-22,Voluntary,false,HCM_A,2025-12-27,,,1784
ACP001784,IT,Sales,Field Sales,Manager,Permanent,2024-09-13,,,,HCM_A,2025-12-28,IT,Manager,true,true,true,true,true,false,not_applicable,true,true,,ACP001784,Sales,Field Sales,Permanent,2024-09-13,,,,HCM_A,2025-12-28,,,1785
ACP001785,IT,Sales,Commercial Planning,Manager,Permanent,2020-09-26,,,,HCM_B,2025-12-29,IT,Manager,true,true,true,true,true,false,not_applicable,true,true,,ACP001785,Sales,Commercial Planning,Permanent,2020-09-26,,,,HCM_B,2025-12-29,,,1786
ACP001786,GR,Digital,Software,Manager,Permanent,2024-10-31,,,,HCM_A,2025-12-30,GR,Manager,true,true,true,true,true,false,not_applicable,true,true,,ACP001786,Digital,Software,Permanent,2024-10-31,,,,HCM_A,2025-12-30,,,1787
ACP001787,IT,Finance,Controls,Individual Contributor,Permanent,2021-09-18,2025-10-05,End of Contract,false,HCM_A,2025-12-31,IT,Individual Contributor,true,true,true,true,true,false,false,true,true,,ACP001787,Finance,Controls,Permanent,2021-09-18,2025-10-05,End of Contract,false,HCM_A,2025-12-31,,,1788
ACP001788,IT,Finance,Controls,Individual Contributor,Permanent,2025-07-01,,,,HCM_A,2025-12-20,IT,Individual Contributor,true,true,true,true,true,false,not_applicable,false,false,,ACP001788,Finance,Controls,Permanent,2025-07-01,,,,HCM_A,2025-12-20,,,1789
ACP001789,RO,Supply Chain,Logistics,Manager,Permanent,2024-10-20,2025-10-27,Voluntary,false,HCM_A,2025-12-21,RO,Manager,true,true,true,true,true,false,false,true,true,,ACP001789,Supply Chain,Logistics,Permanent,2024-10-20,2025-10-27,Voluntary,false,HCM_A,2025-12-21,,,1790
ACP001790,GR,Digital,Product,Manager,Fixed Term,2025-06-12,,,,HCM_B,2025-12-22,GR,Manager,true,true,true,true,true,false,not_applicable,true,false,,ACP001790,Digital,Product,Fixed Term,2025-06-12,,,,HCM_B,2025-12-22,,,1791
ACP001791,PL,Supply Chain,Logistics,Individual Contributor,Permanent,2023-06-01,,,,HCM_A,2025-12-23,PL,Individual Contributor,true,true,true,true,true,false,not_applicable,true,true,,ACP001791,Supply Chain,Logistics,Permanent,2023-06-01,,,,HCM_A,2025-12-23,,,1792
ACP001792,GR,Sales,Key Accounts,Manager,Fixed Term,2023-05-30,,,,HCM_A,2025-12-24,GR,Manager,true,true,true,true,true,false,not_applicable,true,true,,ACP001792,Sales,Key Accounts,Fixed Term,2023-05-30,,,,HCM_A,2025-12-24,,,1793
ACP001793,GR,Supply Chain,Procurement,Manager,Permanent,2022-05-20,2023-08-27,Voluntary,false,HCM_A,2025-12-25,GR,Manager,true,true,true,true,true,false,false,true,true,,ACP001793,Supply Chain,Procurement,Permanent,2022-05-20,2023-08-27,Voluntary,false,HCM_A,2025-12-25,,,1794
ACP001794,IE,Sales,Key Accounts,Manager,Permanent,2024-03-20,2025-05-22,Involuntary,false,HCM_A,2025-12-26,IE,Manager,true,true,true,true,true,false,false,true,true,,ACP001794,Sales,Key Accounts,Permanent,2024-03-20,2025-05-22,Involuntary,false,HCM_A,2025-12-26,,,1795
ACP001795,IE,Digital,Software,Individual Contributor,Permanent,2022-05-27,,,,HCM_B,2025-12-27,IE,Individual Contributor,true,true,true,true,true,false,not_applicable,true,true,,ACP001795,Digital,Software,Permanent,2022-05-27,,,,HCM_B,2025-12-27,,,1796
ACP001796,IE,Sales,Field Sales,Individual Contributor,Permanent,2023-12-20,2024-03-01,End of Contract,false,HCM_A,2025-12-28,IE,Individual Contributor,true,true,true,true,true,false,false,true,true,,ACP001796,Sales,Field Sales,Permanent,2023-12-20,2024-03-01,End of Contract,false,HCM_A,2025-12-28,,,1797
ACP001797,BG,Supply Chain,Manufacturing,Senior Leader,Permanent,2023-05-28,,,,HCM_A,2025-12-29,BG,Senior Leader,true,true,true,true,true,true,not_applicable,true,true,,ACP001797,Supply Chain,Manufacturing,Permanent,2023-05-28,,,,HCM_A,2025-12-29,,,1798
ACP001798,GR,Supply Chain,Logistics,Manager,Permanent,2021-03-01,,,,HCM_A,2025-12-30,GR,Manager,true,true,true,true,true,false,not_applicable,true,true,,ACP001798,Supply Chain,Logistics,Permanent,2021-03-01,,,,HCM_A,2025-12-30,,,1799
ACP001799,PL,Supply Chain,Procurement,Manager,Permanent,2021-01-14,2021-03-18,Voluntary,true,HCM_A,2025-12-31,PL,Manager,true,true,true,true,true,false,true,true,true,,ACP001799,Supply Chain,Procurement,Permanent,2021-01-14,2021-03-18,Voluntary,true,HCM_A,2025-12-31,,,1800
ACP001800,IE,Sales,Key Accounts,Individual Contributor,Permanent,2020-06-26,,,,HCM_B,2025-12-20,IE,Individual Contributor,true,true,true,true,true,false,not_applicable,true,true,,ACP001800,Sales,Key Accounts,Permanent,2020-06-26,,,,HCM_B,2025-12-20,,,1801
ACP001801,IT,Digital,Software,Individual Contributor,Permanent,2022-07-06,,,,HCM_A,2025-12-21,IT,Individual Contributor,true,true,true,true,true,false,not_applicable,true,true,,ACP001801,Digital,Software,Permanent,2022-07-06,,,,HCM_A,2025-12-21,,,1802
ACP001802,BG,Digital,Data,Individual Contributor,Permanent,2021-05-07,2021-10-03,Voluntary,false,HCM_A,2025-12-22,BG,Individual Contributor,true,true,true,true,true,false,false,true,true,,ACP001802,Digital,Data,Permanent,2021-05-07,2021-10-03,Voluntary,false,HCM_A,2025-12-22,,,1803
ACP001803,IT,Sales,Field Sales,Individual Contributor,Permanent,2022-12-02,2023-01-07,Voluntary,false,HCM_A,2025-12-23,IT,Individual Contributor,true,true,true,true,true,false,false,true,true,,ACP001803,Sales,Field Sales,Permanent,2022-12-02,2023-01-07,Voluntary,false,HCM_A,2025-12-23,,,1804
ACP001804,IE,Sales,Key Accounts,Manager,Fixed Term,2024-05-20,2024-11-14,Voluntary,true,HCM_A,2025-12-24,IE,Manager,true,true,true,true,true,false,true,true,true,,ACP001804,Sales,Key Accounts,Fixed Term,2024-05-20,2024-11-14,Voluntary,true,HCM_A,2025-12-24,,,1805
ACP001805,RO,Finance,FP&A,Senior Leader,Permanent,2022-03-12,2022-04-29,Voluntary,false,HCM_B,2025-12-25,RO,Senior Leader,true,true,true,true,true,true,false,true,true,,ACP001805,Finance,FP&A,Permanent,2022-03-12,2022-04-29,Voluntary,false,HCM_B,2025-12-25,,,1806
ACP001806,IE,Sales,Field Sales,Manager,Fixed Term,2023-07-28,,,,HCM_A,2025-12-26,IE,Manager,true,true,true,true,true,false,not_applicable,true,true,,ACP001806,Sales,Field Sales,Fixed Term,2023-07-28,,,,HCM_A,2025-12-26,,,1807
ACP001807,IT,Supply Chain,Logistics,Individual Contributor,Permanent,2023-11-15,,,,HCM_A,2025-12-27,IT,Individual Contributor,true,true,true,true,true,false,not_applicable,true,true,,ACP001807,Supply Chain,Logistics,Permanent,2023-11-15,,,,HCM_A,2025-12-27,,,1808
ACP001808,GR,Digital,Product,Senior Leader,Permanent,2022-07-08,,,,HCM_A,2025-12-28,GR,Senior Leader,true,true,true,true,true,true,not_applicable,true,true,,ACP001808,Digital,Product,Permanent,2022-07-08,,,,HCM_A,2025-12-28,,,1809
ACP001809,IE,Digital,Software,Manager,Permanent,2024-01-13,,,,HCM_A,2025-12-29,IE,Manager,true,true,true,true,true,false,not_applicable,true,true,,ACP001809,Digital,Software,Permanent,2024-01-13,,,,HCM_A,2025-12-29,,,1810
ACP001810,BG,Supply Chain,Procurement,Individual Contributor,Fixed Term,2023-02-25,,,,HCM_B,2025-12-30,BG,Individual Contributor,true,true,true,true,true,false,not_applicable,true,true,synthetic_source_recovered,ACP001810,Supply Chain,Procurement,Fixed Term,2023-02-25,2023-01-22,Voluntary,true,HCM_B,2025-12-30,termination_date|termination_type|regretted_exit,verified_synthetic_generator_recovery,1811
ACP001811,GR,Sales,Field Sales,Individual Contributor,Permanent,2020-04-23,,,,HCM_A,2025-12-31,GR,Individual Contributor,true,true,true,true,true,false,not_applicable,true,true,,ACP001811,Sales,Field Sales,Permanent,2020-04-23,,,,HCM_A,2025-12-31,,,1812
ACP001812,IT,Digital,Data,Senior Leader,Fixed Term,2021-09-11,2022-08-25,End of Contract,false,HCM_A,2025-12-20,IT,Senior Leader,true,true,true,true,true,true,false,true,true,,ACP001812,Digital,Data,Fixed Term,2021-09-11,2022-08-25,End of Contract,false,HCM_A,2025-12-20,,,1813
ACP001813,PL,Digital,Data,Individual Contributor,Permanent,2022-08-14,,,,HCM_A,2025-12-21,PL,Individual Contributor,true,true,true,true,true,false,not_applicable,true,true,,ACP001813,Digital,Data,Permanent,2022-08-14,,,,HCM_A,2025-12-21,,,1814
ACP001814,IT,Finance,FP&A,Manager,Fixed Term,2023-12-25,,,,HCM_A,2025-12-22,IT,Manager,true,true,true,true,true,false,not_applicable,true,true,,ACP001814,Finance,FP&A,Fixed Term,2023-12-25,,,,HCM_A,2025-12-22,,,1815
ACP001815,GR,Finance,Accounting,Individual Contributor,Permanent,2021-07-31,,,,HCM_B,2025-12-23,GR,Individual Contributor,true,true,true,true,true,false,not_applicable,true,true,,ACP001815,Finance,Accounting,Permanent,2021-07-31,,,,HCM_B,2025-12-23,,,1816
ACP001816,BG,Digital,Product,Individual Contributor,Permanent,2025-04-12,,,,HCM_A,2025-12-24,BG,Individual Contributor,true,true,true,true,true,false,not_applicable,true,false,,ACP001816,Digital,Product,Permanent,2025-04-12,,,,HCM_A,2025-12-24,,,1817
ACP001817,BG,Finance,Accounting,Individual Contributor,Permanent,2021-03-07,,,,HCM_A,2025-12-25,BG,Individual Contributor,true,true,true,true,true,false,not_applicable,true,true,,ACP001817,Finance,Accounting,Permanent,2021-03-07,,,,HCM_A,2025-12-25,,,1818
ACP001818,IT,Finance,Accounting,Individual Contributor,Permanent,2024-10-14,2025-04-12,Involuntary,false,HCM_A,2025-12-26,IT,Individual Contributor,true,true,true,true,true,false,false,true,true,,ACP001818,Finance,Accounting,Permanent,2024-10-14,2025-04-12,Involuntary,false,HCM_A,2025-12-26,,,1819
ACP001819,IT,Finance,FP&A,Manager,Fixed Term,2022-10-28,2023-03-16,Voluntary,false,HCM_A,2025-12-27,IT,Manager,true,true,true,true,true,false,false,true,true,,ACP001819,Finance,FP&A,Fixed Term,2022-10-28,2023-03-16,Voluntary,false,HCM_A,2025-12-27,,,1820
ACP001820,PL,Supply Chain,Procurement,Individual Contributor,Permanent,2021-05-01,,,,HCM_B,2025-12-28,PL,Individual Contributor,true,true,true,true,true,false,not_applicable,true,true,,ACP001820,Supply Chain,Procurement,Permanent,2021-05-01,,,,HCM_B,2025-12-28,,,1821
ACP001821,PL,Supply Chain,Logistics,Manager,Permanent,2021-10-28,,,,HCM_A,2025-12-29,PL,Manager,true,true,true,true,true,false,not_applicable,true,true,,ACP001821,Supply Chain,Logistics,Permanent,2021-10-28,,,,HCM_A,2025-12-29,,,1822
ACP001822,RO,Finance,FP&A,Individual Contributor,Fixed Term,2021-05-02,,,,HCM_A,2025-12-30,RO,Individual Contributor,true,true,true,true,true,false,not_applicable,true,true,,ACP001822,Finance,FP&A,Fixed Term,2021-05-02,,,,HCM_A,2025-12-30,,,1823
ACP001823,PL,Sales,Key Accounts,Individual Contributor,Permanent,2022-04-08,,,,HCM_A,2025-12-31,PL,Individual Contributor,true,true,true,true,true,false,not_applicable,true,true,,ACP001823,Sales,Key Accounts,Permanent,2022-04-08,,,,HCM_A,2025-12-31,,,1824
ACP001824,GR,Finance,Accounting,Manager,Permanent,2021-12-01,,,,HCM_A,2025-12-20,GR,Manager,true,true,true,true,true,false,not_applicable,true,true,,ACP001824,Finance,Accounting,Permanent,2021-12-01,,,,HCM_A,2025-12-20,,,1825
ACP001825,BG,Finance,Controls,Manager,Permanent,2024-08-09,,,,HCM_B,2025-12-21,BG,Manager,true,true,true,true,true,false,not_applicable,true,true,,ACP001825,Finance,Controls,Permanent,2024-08-09,,,,HCM_B,2025-12-21,,,1826
ACP001826,PL,Supply Chain,Logistics,Individual Contributor,Permanent,2021-01-30,2025-11-13,Voluntary,true,HCM_A,2025-12-22,PL,Individual Contributor,true,true,true,true,true,false,true,true,true,,ACP001826,Supply Chain,Logistics,Permanent,2021-01-30,2025-11-13,Voluntary,true,HCM_A,2025-12-22,,,1827
ACP001827,PL,Supply Chain,Procurement,Individual Contributor,Permanent,2024-08-15,,,,HCM_A,2025-12-23,PL,Individual Contributor,true,true,true,true,true,false,not_applicable,true,true,,ACP001827,Supply Chain,Procurement,Permanent,2024-08-15,,,,HCM_A,2025-12-23,,,1828
ACP001828,PL,Supply Chain,Logistics,Individual Contributor,Fixed Term,2021-11-27,2023-03-19,End of Contract,false,HCM_A,2025-12-24,PL,Individual Contributor,true,true,true,true,true,false,false,true,true,,ACP001828,Supply Chain,Logistics,Fixed Term,2021-11-27,2023-03-19,End of Contract,false,HCM_A,2025-12-24,,,1829
ACP001829,RO,Finance,FP&A,Manager,Fixed Term,2024-11-23,2025-12-06,Voluntary,false,HCM_A,2025-12-25,RO,Manager,true,true,true,true,true,false,false,true,true,,ACP001829,Finance,FP&A,Fixed Term,2024-11-23,2025-12-06,Voluntary,false,HCM_A,2025-12-25,,,1830
ACP001830,IE,Digital,Software,Manager,Permanent,2021-10-09,,,,HCM_B,2025-12-26,IE,Manager,true,true,true,true,true,false,not_applicable,true,true,,ACP001830,Digital,Software,Permanent,2021-10-09,,,,HCM_B,2025-12-26,,,1831
ACP001831,IE,Sales,Key Accounts,Individual Contributor,Permanent,2024-11-09,2025-12-19,Voluntary,false,HCM_A,2025-12-27,IE,Individual Contributor,true,true,true,true,true,false,false,true,true,,ACP001831,Sales,Key Accounts,Permanent,2024-11-09,2025-12-19,Voluntary,false,HCM_A,2025-12-27,,,1832
ACP001832,IT,Sales,Key Accounts,Individual Contributor,Permanent,2022-12-14,2025-07-22,Voluntary,true,HCM_A,2025-12-28,IT,Individual Contributor,true,true,true,true,true,false,true,true,true,,ACP001832,Sales,Key Accounts,Permanent,2022-12-14,2025-07-22,Voluntary,true,HCM_A,2025-12-28,,,1833
ACP001833,BG,Digital,Product,Individual Contributor,Fixed Term,2025-07-28,,,,HCM_A,2025-12-29,BG,Individual Contributor,true,true,true,true,true,false,not_applicable,false,false,,ACP001833,Digital,Product,Fixed Term,2025-07-28,,,,HCM_A,2025-12-29,,,1834
ACP001834,IT,Digital,Data,Individual Contributor,Fixed Term,2020-07-08,2021-02-13,Voluntary,true,HCM_A,2025-12-30,IT,Individual Contributor,true,true,true,true,true,false,true,true,true,,ACP001834,Digital,Data,Fixed Term,2020-07-08,2021-02-13,Voluntary,true,HCM_A,2025-12-30,,,1835
ACP001835,PL,Sales,Field Sales,Individual Contributor,Permanent,2022-05-28,,,,HCM_B,2025-12-31,PL,Individual Contributor,true,true,true,true,true,false,not_applicable,true,true,,ACP001835,Sales,Field Sales,Permanent,2022-05-28,,,,HCM_B,2025-12-31,,,1836
ACP001836,PL,Digital,Software,Individual Contributor,Permanent,2023-10-21,,,,HCM_A,2025-12-20,PL,Individual Contributor,true,true,true,true,true,false,not_applicable,true,true,,ACP001836,Digital,Software,Permanent,2023-10-21,,,,HCM_A,2025-12-20,,,1837
ACP001837,IT,Finance,Accounting,Manager,Fixed Term,2022-04-09,,,,HCM_A,2025-12-21,IT,Manager,true,true,true,true,true,false,not_applicable,true,true,,ACP001837,Finance,Accounting,Fixed Term,2022-04-09,,,,HCM_A,2025-12-21,,,1838
ACP001838,RO,Supply Chain,Procurement,Manager,Permanent,2024-03-15,,,,HCM_A,2025-12-22,RO,Manager,true,true,true,true,true,false,not_applicable,true,true,,ACP001838,Supply Chain,Procurement,Permanent,2024-03-15,,,,HCM_A,2025-12-22,,,1839
ACP001839,PL,Supply Chain,Logistics,Senior Leader,Permanent,2021-10-19,,,,HCM_A,2025-12-23,PL,Senior Leader,true,true,true,true,true,true,not_applicable,true,true,,ACP001839,Supply Chain,Logistics,Permanent,2021-10-19,,,,HCM_A,2025-12-23,,,1840
ACP001840,BG,Finance,Accounting,Individual Contributor,Permanent,2021-04-25,,,,HCM_B,2025-12-24,BG,Individual Contributor,true,true,true,true,true,false,not_applicable,true,true,,ACP001840,Finance,Accounting,Permanent,2021-04-25,,,,HCM_B,2025-12-24,,,1841
ACP001841,IE,Digital,Data,Senior Leader,Permanent,2021-09-22,,,,HCM_A,2025-12-25,IE,Senior Leader,true,true,true,true,true,true,not_applicable,true,true,,ACP001841,Digital,Data,Permanent,2021-09-22,,,,HCM_A,2025-12-25,,,1842
ACP001842,IE,Supply Chain,Procurement,Individual Contributor,Fixed Term,2021-11-22,,,,HCM_A,2025-12-26,IE,Individual Contributor,true,true,true,true,true,false,not_applicable,true,true,,ACP001842,Supply Chain,Procurement,Fixed Term,2021-11-22,,,,HCM_A,2025-12-26,,,1843
ACP001843,RO,Finance,FP&A,Manager,Permanent,2023-02-17,2024-05-12,Voluntary,false,HCM_A,2025-12-27,RO,Manager,true,true,true,true,true,false,false,true,true,,ACP001843,Finance,FP&A,Permanent,2023-02-17,2024-05-12,Voluntary,false,HCM_A,2025-12-27,,,1844
ACP001844,IT,Digital,Product,Individual Contributor,Permanent,2021-05-24,,,,HCM_A,2025-12-28,IT,Individual Contributor,true,true,true,true,true,false,not_applicable,true,true,,ACP001844,Digital,Product,Permanent,2021-05-24,,,,HCM_A,2025-12-28,,,1845
ACP001845,RO,Digital,Data,Individual Contributor,Permanent,2020-09-18,,,,HCM_B,2025-12-29,RO,Individual Contributor,true,true,true,true,true,false,not_applicable,true,true,,ACP001845,Digital,Data,Permanent,2020-09-18,,,,HCM_B,2025-12-29,,,1846
ACP001846,IT,Digital,Product,Individual Contributor,Fixed Term,2025-06-18,,,,HCM_A,2025-12-30,IT,Individual Contributor,true,true,true,true,true,false,not_applicable,true,false,,ACP001846,Digital,Product,Fixed Term,2025-06-18,,,,HCM_A,2025-12-30,,,1847
ACP001847,BG,Digital,Product,Individual Contributor,Permanent,2021-09-24,2023-08-24,Involuntary,false,HCM_A,2025-12-31,BG,Individual Contributor,true,true,true,true,true,false,false,true,true,,ACP001847,Digital,Product,Permanent,2021-09-24,2023-08-24,Involuntary,false,HCM_A,2025-12-31,,,1848
ACP001848,RO,Digital,Product,Senior Leader,Permanent,2023-07-31,,,,HCM_A,2025-12-20,RO,Senior Leader,true,true,true,true,true,true,not_applicable,true,true,,ACP001848,Digital,Product,Permanent,2023-07-31,,,,HCM_A,2025-12-20,,,1849
ACP001849,PL,Supply Chain,Logistics,Manager,Permanent,2021-07-22,2022-04-16,Voluntary,false,HCM_A,2025-12-21,PL,Manager,true,true,true,true,true,false,false,true,true,,ACP001849,Supply Chain,Logistics,Permanent,2021-07-22,2022-04-16,Voluntary,false,HCM_A,2025-12-21,,,1850
ACP001850,PL,Supply Chain,Logistics,Individual Contributor,Fixed Term,2022-10-26,,,,HCM_B,2025-12-22,PL,Individual Contributor,true,true,true,true,true,false,not_applicable,true,true,,ACP001850,Supply Chain,Logistics,Fixed Term,2022-10-26,,,,HCM_B,2025-12-22,,,1851
ACP001851,GR,Digital,Data,Senior Leader,Permanent,2024-03-26,,,,HCM_A,2025-12-23,GR,Senior Leader,true,true,true,true,true,true,not_applicable,true,true,,ACP001851,Digital,Data,Permanent,2024-03-26,,,,HCM_A,2025-12-23,,,1852
ACP001852,GR,Digital,Product,Manager,Fixed Term,2022-10-09,2022-12-26,Voluntary,false,HCM_A,2025-12-24,GR,Manager,true,true,true,true,true,false,false,true,true,,ACP001852,Digital,Product,Fixed Term,2022-10-09,2022-12-26,Voluntary,false,HCM_A,2025-12-24,,,1853
ACP001853,IT,Supply Chain,Procurement,Individual Contributor,Fixed Term,2021-09-19,2022-07-25,Voluntary,false,HCM_A,2025-12-25,IT,Individual Contributor,true,true,true,true,true,false,false,true,true,,ACP001853,Supply Chain,Procurement,Fixed Term,2021-09-19,2022-07-25,Voluntary,false,HCM_A,2025-12-25,,,1854
ACP001854,RO,Supply Chain,Procurement,Manager,Fixed Term,2020-05-17,,,,HCM_A,2025-12-26,RO,Manager,true,true,true,true,true,false,not_applicable,true,true,,ACP001854,Supply Chain,Procurement,Fixed Term,2020-05-17,,,,HCM_A,2025-12-26,,,1855
ACP001855,IT,Digital,Product,Individual Contributor,Fixed Term,2024-05-30,2025-07-02,End of Contract,false,HCM_B,2025-12-27,IT,Individual Contributor,true,true,true,true,true,false,false,true,true,,ACP001855,Digital,Product,Fixed Term,2024-05-30,2025-07-02,End of Contract,false,HCM_B,2025-12-27,,,1856
ACP001856,RO,Finance,Accounting,Manager,Permanent,2025-10-11,,,,HCM_A,2025-12-28,,Manager,true,true,true,true,true,false,not_applicable,false,false,synthetic_source_recovered,ACP001856,Finance,Accounting,Permanent,2025-10-11,,,,HCM_A,2025-12-28,country_code,verified_synthetic_generator_recovery,1857
ACP001857,IT,Supply Chain,Procurement,Manager,Permanent,2021-01-18,,,,HCM_A,2025-12-29,IT,Manager,true,true,true,true,true,false,not_applicable,true,true,,ACP001857,Supply Chain,Procurement,Permanent,2021-01-18,,,,HCM_A,2025-12-29,,,1858
ACP001858,PL,Finance,Controls,Individual Contributor,Permanent,2025-02-08,,,,HCM_A,2025-12-30,PL,Individual Contributor,true,true,true,true,true,false,not_applicable,true,false,,ACP001858,Finance,Controls,Permanent,2025-02-08,,,,HCM_A,2025-12-30,,,1859
ACP001859,RO,Digital,Product,Manager,Permanent,2025-11-29,,,,HCM_A,2025-12-31,RO,Manager,true,true,true,true,true,false,not_applicable,false,false,,ACP001859,Digital,Product,Permanent,2025-11-29,,,,HCM_A,2025-12-31,,,1860
ACP001860,BG,Finance,Accounting,Individual Contributor,Permanent,2025-11-12,2025-12-22,Voluntary,false,HCM_B,2025-12-20,BG,Individual Contributor,true,true,true,true,true,false,false,false,false,,ACP001860,Finance,Accounting,Permanent,2025-11-12,2025-12-22,Voluntary,false,HCM_B,2025-12-20,,,1861
ACP001861,GR,Digital,Data,Individual Contributor,Permanent,2021-05-29,,,,HCM_A,2025-12-21,GR,Individual Contributor,true,true,true,true,true,false,not_applicable,true,true,,ACP001861,Digital,Data,Permanent,2021-05-29,,,,HCM_A,2025-12-21,,,1862
ACP001862,BG,Supply Chain,Manufacturing,Manager,Permanent,2024-01-09,2024-08-09,Involuntary,false,HCM_A,2025-12-22,BG,Manager,true,true,true,true,true,false,false,true,true,,ACP001862,Supply Chain,Manufacturing,Permanent,2024-01-09,2024-08-09,Involuntary,false,HCM_A,2025-12-22,,,1863
ACP001863,IT,Finance,Controls,Manager,Permanent,2023-08-26,2024-05-16,Voluntary,true,HCM_A,2025-12-23,IT,Manager,true,true,true,true,true,false,true,true,true,,ACP001863,Finance,Controls,Permanent,2023-08-26,2024-05-16,Voluntary,true,HCM_A,2025-12-23,,,1864
ACP001864,PL,Finance,Accounting,Manager,Permanent,2021-04-01,2021-07-28,Voluntary,false,HCM_A,2025-12-24,PL,Manager,true,true,true,true,true,false,false,true,true,,ACP001864,Finance,Accounting,Permanent,2021-04-01,2021-07-28,Voluntary,false,HCM_A,2025-12-24,,,1865
ACP001865,GR,Digital,Software,Manager,Permanent,2022-08-05,,,,HCM_B,2025-12-25,GR,Manager,true,true,true,true,true,false,not_applicable,true,true,,ACP001865,Digital,Software,Permanent,2022-08-05,,,,HCM_B,2025-12-25,,,1866
ACP001866,IT,Digital,Product,Individual Contributor,Permanent,2020-10-25,2021-09-25,Voluntary,true,HCM_A,2025-12-26,IT,Individual Contributor,true,true,true,true,true,false,true,true,true,,ACP001866,Digital,Product,Permanent,2020-10-25,2021-09-25,Voluntary,true,HCM_A,2025-12-26,,,1867
ACP001867,BG,Supply Chain,Logistics,Manager,Permanent,2024-05-09,,,,HCM_A,2025-12-27,BG,Manager,true,true,true,true,true,false,not_applicable,true,true,,ACP001867,Supply Chain,Logistics,Permanent,2024-05-09,,,,HCM_A,2025-12-27,,,1868
ACP001868,BG,Finance,FP&A,Manager,Permanent,2022-12-01,,,,HCM_A,2025-12-28,BG,Manager,true,true,true,true,true,false,not_applicable,true,true,,ACP001868,Finance,FP&A,Permanent,2022-12-01,,,,HCM_A,2025-12-28,,,1869
ACP001869,IT,Finance,Accounting,Manager,Permanent,2020-10-05,,,,HCM_A,2025-12-29,IT,Manager,true,true,true,true,true,false,not_applicable,true,true,synthetic_source_recovered,ACP001869,Finance,Accounting,Permanent,2020-10-05,2021-01-03,,,HCM_A,2025-12-29,termination_date,verified_synthetic_generator_recovery,1870
ACP001870,IT,Digital,Software,Individual Contributor,Permanent,2025-09-08,,,,HCM_B,2025-12-30,IT,Individual Contributor,true,true,true,true,true,false,not_applicable,false,false,,ACP001870,Digital,Software,Permanent,2025-09-08,,,,HCM_B,2025-12-30,,,1871
ACP001871,IE,Digital,Product,Manager,Permanent,2025-08-27,,,,HCM_A,2025-12-31,IE,Manager,true,true,true,true,true,false,not_applicable,false,false,,ACP001871,Digital,Product,Permanent,2025-08-27,,,,HCM_A,2025-12-31,,,1872
ACP001872,PL,Sales,Commercial Planning,Manager,Fixed Term,2020-04-30,,,,HCM_A,2025-12-20,PL,Manager,true,true,true,true,true,false,not_applicable,true,true,,ACP001872,Sales,Commercial Planning,Fixed Term,2020-04-30,,,,HCM_A,2025-12-20,,,1873
ACP001873,PL,Supply Chain,Logistics,Individual Contributor,Fixed Term,2022-04-12,2025-06-04,Voluntary,false,HCM_A,2025-12-21,PL,Individual Contributor,true,true,true,true,true,false,false,true,true,,ACP001873,Supply Chain,Logistics,Fixed Term,2022-04-12,2025-06-04,Voluntary,false,HCM_A,2025-12-21,,,1874
ACP001874,GR,Digital,Software,Individual Contributor,Permanent,2024-12-29,2025-12-29,Voluntary,true,HCM_A,2025-12-22,GR,Individual Contributor,true,true,true,true,true,false,true,true,true,,ACP001874,Digital,Software,Permanent,2024-12-29,2025-12-29,Voluntary,true,HCM_A,2025-12-22,,,1875
ACP001875,BG,Finance,Controls,Individual Contributor,Permanent,2024-02-16,,,,HCM_B,2025-12-23,BG,Individual Contributor,true,true,true,true,true,false,not_applicable,true,true,,ACP001875,Finance,Controls,Permanent,2024-02-16,,,,HCM_B,2025-12-23,,,1876
ACP001876,IT,Digital,Product,Individual Contributor,Permanent,2022-02-26,,,,HCM_A,2025-12-24,IT,Individual Contributor,true,true,true,true,true,false,not_applicable,true,true,,ACP001876,Digital,Product,Permanent,2022-02-26,,,,HCM_A,2025-12-24,,,1877
ACP001877,GR,Digital,Product,Individual Contributor,Permanent,2020-05-28,,,,HCM_A,2025-12-25,GR,Individual Contributor,true,true,true,true,true,false,not_applicable,true,true,,ACP001877,Digital,Product,Permanent,2020-05-28,,,,HCM_A,2025-12-25,,,1878
ACP001878,GR,Finance,Accounting,Manager,Permanent,2021-08-31,,,,HCM_A,2025-12-26,GR,Manager,true,true,true,true,true,false,not_applicable,true,true,,ACP001878,Finance,Accounting,Permanent,2021-08-31,,,,HCM_A,2025-12-26,,,1879
ACP001879,PL,Supply Chain,Manufacturing,Manager,Permanent,2020-08-09,,,,HCM_A,2025-12-27,PL,Manager,true,true,true,true,true,false,not_applicable,true,true,,ACP001879,Supply Chain,Manufacturing,Permanent,2020-08-09,,,,HCM_A,2025-12-27,,,1880
ACP001880,RO,Sales,Field Sales,Manager,Permanent,2025-06-14,,,,HCM_B,2025-12-28,RO,Manager,true,true,true,true,true,false,not_applicable,true,false,,ACP001880,Sales,Field Sales,Permanent,2025-06-14,,,,HCM_B,2025-12-28,,,1881
ACP001881,RO,Finance,Controls,Individual Contributor,Permanent,2022-06-29,2023-02-02,Voluntary,true,HCM_A,2025-12-29,RO,Individual Contributor,true,true,true,true,true,false,true,true,true,,ACP001881,Finance,Controls,Permanent,2022-06-29,2023-02-02,Voluntary,true,HCM_A,2025-12-29,,,1882
ACP001882,BG,Finance,FP&A,Manager,Permanent,2021-11-19,,,,HCM_A,2025-12-30,BG,Manager,true,true,true,true,true,false,not_applicable,true,true,,ACP001882,Finance,FP&A,Permanent,2021-11-19,,,,HCM_A,2025-12-30,,,1883
ACP001883,IE,Finance,Accounting,Individual Contributor,Fixed Term,2020-10-01,,,,HCM_A,2025-12-31,IE,Individual Contributor,true,true,true,true,true,false,not_applicable,true,true,,ACP001883,Finance,Accounting,Fixed Term,2020-10-01,,,,HCM_A,2025-12-31,,,1884
ACP001884,RO,Digital,Software,Individual Contributor,Permanent,2024-05-17,,,,HCM_A,2025-12-20,RO,Individual Contributor,true,true,true,true,true,false,not_applicable,true,true,,ACP001884,Digital,Software,Permanent,2024-05-17,,,,HCM_A,2025-12-20,,,1885
ACP001885,RO,Finance,Accounting,Manager,Permanent,2024-02-01,,,,HCM_B,2025-12-21,RO,Manager,true,true,true,true,true,false,not_applicable,true,true,,ACP001885,Finance,Accounting,Permanent,2024-02-01,,,,HCM_B,2025-12-21,,,1886
ACP001886,IT,Sales,Field Sales,Manager,Permanent,2024-10-19,,,,HCM_A,2025-12-22,IT,Manager,true,true,true,true,true,false,not_applicable,true,true,,ACP001886,Sales,Field Sales,Permanent,2024-10-19,,,,HCM_A,2025-12-22,,,1887
ACP001887,IT,Finance,Accounting,Individual Contributor,Permanent,2024-05-08,,,,HCM_A,2025-12-23,IT,Individual Contributor,true,true,true,true,true,false,not_applicable,true,true,,ACP001887,Finance,Accounting,Permanent,2024-05-08,,,,HCM_A,2025-12-23,,,1888
ACP001888,BG,Supply Chain,Logistics,Manager,Permanent,2025-02-15,,,,HCM_A,2025-12-24,BG,Manager,true,true,true,true,true,false,not_applicable,true,false,,ACP001888,Supply Chain,Logistics,Permanent,2025-02-15,,,,HCM_A,2025-12-24,,,1889
ACP001889,GR,Finance,Controls,Manager,Permanent,2022-11-07,,,,HCM_A,2025-12-25,GR,Manager,true,true,true,true,true,false,not_applicable,true,true,,ACP001889,Finance,Controls,Permanent,2022-11-07,,,,HCM_A,2025-12-25,,,1890
ACP001890,PL,Supply Chain,Logistics,Senior Leader,Permanent,2024-10-27,,,,HCM_B,2025-12-26,PL,Senior Leader,true,true,true,true,true,true,not_applicable,true,true,,ACP001890,Supply Chain,Logistics,Permanent,2024-10-27,,,,HCM_B,2025-12-26,,,1891
ACP001891,IT,Sales,Commercial Planning,Individual Contributor,Permanent,2022-12-02,,,,HCM_A,2025-12-27,IT,Individual Contributor,true,true,true,true,true,false,not_applicable,true,true,,ACP001891,Sales,Commercial Planning,Permanent,2022-12-02,,,,HCM_A,2025-12-27,,,1892
ACP001892,IT,Supply Chain,Logistics,Individual Contributor,Fixed Term,2023-09-13,2024-08-17,Voluntary,false,HCM_A,2025-12-28,IT,Individual Contributor,true,true,true,true,true,false,false,true,true,,ACP001892,Supply Chain,Logistics,Fixed Term,2023-09-13,2024-08-17,Voluntary,false,HCM_A,2025-12-28,,,1893
ACP001893,BG,Finance,Accounting,Individual Contributor,Permanent,2023-11-23,,,,HCM_A,2025-12-29,BG,Individual Contributor,true,true,true,true,true,false,not_applicable,true,true,,ACP001893,Finance,Accounting,Permanent,2023-11-23,,,,HCM_A,2025-12-29,,,1894
ACP001894,PL,Finance,FP&A,Senior Leader,Permanent,2020-05-12,2021-01-29,Voluntary,true,HCM_A,2025-12-30,PL,Senior Leader,true,true,true,true,true,true,true,true,true,,ACP001894,Finance,FP&A,Permanent,2020-05-12,2021-01-29,Voluntary,true,HCM_A,2025-12-30,,,1895
ACP001895,IT,Finance,FP&A,Manager,Permanent,2025-10-14,2025-11-05,Voluntary,false,HCM_B,2025-12-31,IT,Manager,true,true,true,true,true,false,false,false,false,,ACP001895,Finance,FP&A,Permanent,2025-10-14,2025-11-05,Voluntary,false,HCM_B,2025-12-31,,,1896
ACP001896,IE,Finance,Controls,Manager,Permanent,2021-11-24,2025-01-13,Voluntary,false,HCM_A,2025-12-20,IE,Manager,true,true,true,true,true,false,false,true,true,,ACP001896,Finance,Controls,Permanent,2021-11-24,2025-01-13,Voluntary,false,HCM_A,2025-12-20,,,1897
ACP001897,GR,Sales,Field Sales,Manager,Fixed Term,2022-06-30,,,,HCM_A,2025-12-21,GR,Manager,true,true,true,true,true,false,not_applicable,true,true,,ACP001897,Sales,Field Sales,Fixed Term,2022-06-30,,,,HCM_A,2025-12-21,,,1898
ACP001898,PL,Supply Chain,Logistics,Individual Contributor,Permanent,2022-02-21,,,,HCM_A,2025-12-22,PL,Individual Contributor,true,true,true,true,true,false,not_applicable,true,true,,ACP001898,Supply Chain,Logistics,Permanent,2022-02-21,,,,HCM_A,2025-12-22,,,1899
ACP001899,IE,Digital,Product,Individual Contributor,Permanent,2024-11-28,2025-01-05,Voluntary,false,HCM_A,2025-12-23,IE,Individual Contributor,true,true,true,true,true,false,false,true,true,,ACP001899,Digital,Product,Permanent,2024-11-28,2025-01-05,Voluntary,false,HCM_A,2025-12-23,,,1900
ACP001900,BG,Finance,FP&A,Manager,Permanent,2021-09-18,,,,HCM_B,2025-12-24,BG,Manager,true,true,true,true,true,false,not_applicable,true,true,,ACP001900,Finance,FP&A,Permanent,2021-09-18,,,,HCM_B,2025-12-24,,,1901
ACP001901,GR,Finance,Controls,Manager,Permanent,2021-07-07,,,,HCM_A,2025-12-25,GR,Manager,true,true,true,true,true,false,not_applicable,true,true,,ACP001901,Finance,Controls,Permanent,2021-07-07,,,,HCM_A,2025-12-25,,,1902
ACP001902,RO,Finance,FP&A,Individual Contributor,Fixed Term,2021-06-07,2023-11-16,Voluntary,true,HCM_A,2025-12-26,RO,Individual Contributor,true,true,true,true,true,false,true,true,true,,ACP001902,Finance,FP&A,Fixed Term,2021-06-07,2023-11-16,Voluntary,true,HCM_A,2025-12-26,,,1903
ACP001903,BG,Supply Chain,Logistics,Senior Leader,Permanent,2021-09-18,,,,HCM_A,2025-12-27,BG,Senior Leader,true,true,true,true,true,true,not_applicable,true,true,,ACP001903,Supply Chain,Logistics,Permanent,2021-09-18,,,,HCM_A,2025-12-27,,,1904
ACP001904,BG,Finance,FP&A,Manager,Permanent,2025-08-30,,,,HCM_A,2025-12-28,BG,Manager,true,true,true,true,true,false,not_applicable,false,false,,ACP001904,Finance,FP&A,Permanent,2025-08-30,,,,HCM_A,2025-12-28,,,1905
ACP001905,RO,Supply Chain,Logistics,Individual Contributor,Permanent,2022-01-08,,,,HCM_B,2025-12-29,RO,Individual Contributor,true,true,true,true,true,false,not_applicable,true,true,,ACP001905,Supply Chain,Logistics,Permanent,2022-01-08,,,,HCM_B,2025-12-29,,,1906
ACP001906,GR,Supply Chain,Manufacturing,Senior Leader,Fixed Term,2022-05-08,,,,HCM_A,2025-12-30,GR,Senior Leader,true,true,true,true,true,true,not_applicable,true,true,,ACP001906,Supply Chain,Manufacturing,Fixed Term,2022-05-08,,,,HCM_A,2025-12-30,,,1907
ACP001907,IT,Supply Chain,Manufacturing,Individual Contributor,Permanent,2024-08-26,,,,HCM_A,2025-12-31,IT,Individual Contributor,true,true,true,true,true,false,not_applicable,true,true,,ACP001907,Supply Chain,Manufacturing,Permanent,2024-08-26,,,,HCM_A,2025-12-31,,,1908
ACP001908,RO,Finance,Controls,Individual Contributor,Fixed Term,2021-05-13,2022-10-19,Voluntary,true,HCM_A,2025-12-20,RO,Individual Contributor,true,true,true,true,true,false,true,true,true,,ACP001908,Finance,Controls,Fixed Term,2021-05-13,2022-10-19,Voluntary,true,HCM_A,2025-12-20,,,1909
ACP001909,IE,Digital,Software,Individual Contributor,Permanent,2024-10-27,,,,HCM_A,2025-12-21,IE,Individual Contributor,true,true,true,true,true,false,not_applicable,true,true,,ACP001909,Digital,Software,Permanent,2024-10-27,,,,HCM_A,2025-12-21,,,1910
ACP001910,RO,Digital,Product,Individual Contributor,Permanent,2024-10-04,2025-01-07,End of Contract,false,HCM_B,2025-12-22,RO,Individual Contributor,true,true,true,true,true,false,false,true,true,,ACP001910,Digital,Product,Permanent,2024-10-04,2025-01-07,End of Contract,false,HCM_B,2025-12-22,,,1911
ACP001911,GR,Finance,Accounting,Senior Leader,Fixed Term,2020-07-05,,,,HCM_A,2025-12-23,GR,Senior Leader,true,true,true,true,true,true,not_applicable,true,true,,ACP001911,Finance,Accounting,Fixed Term,2020-07-05,,,,HCM_A,2025-12-23,,,1912
ACP001912,GR,Digital,Software,Senior Leader,Fixed Term,2021-10-05,2022-01-04,End of Contract,false,HCM_A,2025-12-24,GR,Senior Leader,true,true,true,true,true,true,false,true,true,,ACP001912,Digital,Software,Fixed Term,2021-10-05,2022-01-04,End of Contract,false,HCM_A,2025-12-24,,,1913
ACP001913,IE,Finance,Accounting,Individual Contributor,Permanent,2023-11-05,,,,HCM_A,2025-12-25,IE,Individual Contributor,true,true,true,true,true,false,not_applicable,true,true,,ACP001913,Finance,Accounting,Permanent,2023-11-05,,,,HCM_A,2025-12-25,,,1914
ACP001914,IE,Finance,Accounting,Individual Contributor,Permanent,2023-02-23,2023-12-15,Voluntary,true,HCM_A,2025-12-26,IE,Individual Contributor,true,true,true,true,true,false,true,true,true,,ACP001914,Finance,Accounting,Permanent,2023-02-23,2023-12-15,Voluntary,true,HCM_A,2025-12-26,,,1915
ACP001915,BG,Digital,Product,Manager,Permanent,2025-09-16,,,,HCM_B,2025-12-27,BG,Manager,true,true,true,true,true,false,not_applicable,false,false,,ACP001915,Digital,Product,Permanent,2025-09-16,,,,HCM_B,2025-12-27,,,1916
ACP001916,IT,Finance,Accounting,Manager,Permanent,2022-02-16,,,,HCM_A,2025-12-28,IT,Manager,true,true,true,true,true,false,not_applicable,true,true,,ACP001916,Finance,Accounting,Permanent,2022-02-16,,,,HCM_A,2025-12-28,,,1917
ACP001917,IT,Finance,Controls,Individual Contributor,Permanent,2021-03-27,2021-07-21,Voluntary,false,HCM_A,2025-12-29,IT,Individual Contributor,true,true,true,true,true,false,false,true,true,,ACP001917,Finance,Controls,Permanent,2021-03-27,2021-07-21,Voluntary,false,HCM_A,2025-12-29,,,1918
ACP001918,PL,Finance,FP&A,Individual Contributor,Fixed Term,2024-06-25,2025-08-18,Involuntary,false,HCM_A,2025-12-30,PL,Individual Contributor,true,true,true,true,true,false,false,true,true,,ACP001918,Finance,FP&A,Fixed Term,2024-06-25,2025-08-18,Involuntary,false,HCM_A,2025-12-30,,,1919
ACP001919,IT,Finance,FP&A,Senior Leader,Permanent,2025-04-17,,,,HCM_A,2025-12-31,IT,Senior Leader,true,true,true,true,true,true,not_applicable,true,false,,ACP001919,Finance,FP&A,Permanent,2025-04-17,,,,HCM_A,2025-12-31,,,1920
ACP001920,GR,Finance,FP&A,Individual Contributor,Permanent,2023-08-03,,,,HCM_B,2025-12-20,GR,Individual Contributor,true,true,true,true,true,false,not_applicable,true,true,,ACP001920,Finance,FP&A,Permanent,2023-08-03,,,,HCM_B,2025-12-20,,,1921
ACP001921,RO,Supply Chain,Procurement,Manager,Fixed Term,2020-11-23,,,,HCM_A,2025-12-21,RO,Manager,true,true,true,true,true,false,not_applicable,true,true,,ACP001921,Supply Chain,Procurement,Fixed Term,2020-11-23,,,,HCM_A,2025-12-21,,,1922
ACP001922,BG,Sales,Commercial Planning,Senior Leader,Fixed Term,2021-11-09,2022-03-27,Voluntary,true,HCM_A,2025-12-22,BG,Senior Leader,true,true,true,true,true,true,true,true,true,,ACP001922,Sales,Commercial Planning,Fixed Term,2021-11-09,2022-03-27,Voluntary,true,HCM_A,2025-12-22,,,1923
ACP001923,GR,Sales,Field Sales,Individual Contributor,Permanent,2024-07-04,2024-11-27,End of Contract,false,HCM_A,2025-12-23,GR,Individual Contributor,true,true,true,true,true,false,false,true,true,,ACP001923,Sales,Field Sales,Permanent,2024-07-04,2024-11-27,End of Contract,false,HCM_A,2025-12-23,,,1924
ACP001924,IE,Finance,Accounting,Individual Contributor,Fixed Term,2025-03-25,,,,HCM_A,2025-12-24,IE,Individual Contributor,true,true,true,true,true,false,not_applicable,true,false,,ACP001924,Finance,Accounting,Fixed Term,2025-03-25,,,,HCM_A,2025-12-24,,,1925
ACP001925,IT,Digital,Data,Senior Leader,Permanent,2024-04-27,,,,HCM_B,2025-12-25,IT,Senior Leader,true,true,true,true,true,true,not_applicable,true,true,,ACP001925,Digital,Data,Permanent,2024-04-27,,,,HCM_B,2025-12-25,,,1926
ACP001926,RO,Supply Chain,Logistics,Individual Contributor,Permanent,2021-05-03,,,,HCM_A,2025-12-26,RO,Individual Contributor,true,true,true,true,true,false,not_applicable,true,true,,ACP001926,Supply Chain,Logistics,Permanent,2021-05-03,,,,HCM_A,2025-12-26,,,1927
ACP001927,IT,Digital,Software,Senior Leader,Permanent,2022-03-03,,,,HCM_A,2025-12-27,IT,Senior Leader,true,true,true,true,true,true,not_applicable,true,true,,ACP001927,Digital,Software,Permanent,2022-03-03,,,,HCM_A,2025-12-27,,,1928
ACP001928,IT,Supply Chain,Manufacturing,Individual Contributor,Permanent,2022-02-03,,,,HCM_A,2025-12-28,IT,Individual Contributor,true,true,true,true,true,false,not_applicable,true,true,,ACP001928,Supply Chain,Manufacturing,Permanent,2022-02-03,,,,HCM_A,2025-12-28,,,1929
ACP001929,PL,Supply Chain,Manufacturing,Manager,Permanent,2020-03-06,2020-11-06,Voluntary,false,HCM_A,2025-12-29,PL,Manager,true,true,true,true,true,false,false,true,true,,ACP001929,Supply Chain,Manufacturing,Permanent,2020-03-06,2020-11-06,Voluntary,false,HCM_A,2025-12-29,,,1930
ACP001930,BG,Digital,Data,Individual Contributor,Permanent,2020-08-21,2025-06-19,Involuntary,false,HCM_B,2025-12-30,BG,Individual Contributor,true,true,true,true,true,false,false,true,true,,ACP001930,Digital,Data,Permanent,2020-08-21,2025-06-19,Involuntary,false,HCM_B,2025-12-30,,,1931
ACP001931,PL,Digital,Data,Individual Contributor,Permanent,2020-01-31,,,,HCM_A,2025-12-31,PL,Individual Contributor,true,true,true,true,true,false,not_applicable,true,true,,ACP001931,Digital,Data,Permanent,2020-01-31,,,,HCM_A,2025-12-31,,,1932
ACP001932,RO,Digital,Product,Manager,Permanent,2024-09-08,2025-10-06,End of Contract,false,HCM_A,2025-12-20,RO,Manager,true,true,true,true,true,false,false,true,true,,ACP001932,Digital,Product,Permanent,2024-09-08,2025-10-06,End of Contract,false,HCM_A,2025-12-20,,,1933
ACP001933,IT,Supply Chain,Manufacturing,Manager,Permanent,2022-10-02,2022-12-10,Voluntary,false,HCM_A,2025-12-21,IT,Manager,true,true,true,true,true,false,false,true,true,,ACP001933,Supply Chain,Manufacturing,Permanent,2022-10-02,2022-12-10,Voluntary,false,HCM_A,2025-12-21,,,1934
ACP001934,RO,Sales,Field Sales,Senior Leader,Permanent,2024-11-14,2024-12-30,Voluntary,false,HCM_A,2025-12-22,RO,Senior Leader,true,true,true,true,true,true,false,true,true,,ACP001934,Sales,Field Sales,Permanent,2024-11-14,2024-12-30,Voluntary,false,HCM_A,2025-12-22,,,1935
ACP001935,IT,Finance,FP&A,Manager,Permanent,2022-09-07,,,,HCM_B,2025-12-23,IT,Manager,true,true,true,true,true,false,not_applicable,true,true,,ACP001935,Finance,FP&A,Permanent,2022-09-07,,,,HCM_B,2025-12-23,,,1936
ACP001936,PL,Digital,Data,Individual Contributor,Permanent,2023-08-22,,,,HCM_A,2025-12-24,PL,Individual Contributor,true,true,true,true,true,false,not_applicable,true,true,,ACP001936,Digital,Data,Permanent,2023-08-22,,,,HCM_A,2025-12-24,,,1937
ACP001937,RO,Sales,Commercial Planning,Individual Contributor,Permanent,2022-04-03,,,,HCM_A,2025-12-25,RO,Individual Contributor,true,true,true,true,true,false,not_applicable,true,true,,ACP001937,Sales,Commercial Planning,Permanent,2022-04-03,,,,HCM_A,2025-12-25,,,1938
ACP001938,RO,Sales,Key Accounts,Manager,Permanent,2024-10-14,,,,HCM_A,2025-12-26,RO,Manager,true,true,true,true,true,false,not_applicable,true,true,,ACP001938,Sales,Key Accounts,Permanent,2024-10-14,,,,HCM_A,2025-12-26,,,1939
ACP001939,RO,Finance,Controls,Individual Contributor,Permanent,2024-06-10,2024-10-06,End of Contract,false,HCM_A,2025-12-27,RO,Individual Contributor,true,true,true,true,true,false,false,true,true,,ACP001939,Finance,Controls,Permanent,2024-06-10,2024-10-06,End of Contract,false,HCM_A,2025-12-27,,,1940
ACP001940,PL,Finance,Accounting,Senior Leader,Fixed Term,2021-11-23,2022-08-18,End of Contract,false,HCM_B,2025-12-28,PL,Senior Leader,true,true,true,true,true,true,false,true,true,,ACP001940,Finance,Accounting,Fixed Term,2021-11-23,2022-08-18,End of Contract,false,HCM_B,2025-12-28,,,1941
ACP001941,PL,Sales,Commercial Planning,Manager,Permanent,2021-07-16,2023-03-03,End of Contract,false,HCM_A,2025-12-29,PL,Manager,true,true,true,true,true,false,false,true,true,,ACP001941,Sales,Commercial Planning,Permanent,2021-07-16,2023-03-03,End of Contract,false,HCM_A,2025-12-29,,,1942
ACP001942,IE,Supply Chain,Manufacturing,Manager,Fixed Term,2020-09-27,,,,HCM_A,2025-12-30,IE,Manager,true,true,true,true,true,false,not_applicable,true,true,,ACP001942,Supply Chain,Manufacturing,Fixed Term,2020-09-27,,,,HCM_A,2025-12-30,,,1943
ACP001943,PL,Sales,Key Accounts,Individual Contributor,Fixed Term,2023-05-31,2023-08-14,Voluntary,false,HCM_A,2025-12-31,PL,Individual Contributor,true,true,true,true,true,false,false,true,true,,ACP001943,Sales,Key Accounts,Fixed Term,2023-05-31,2023-08-14,Voluntary,false,HCM_A,2025-12-31,,,1944
ACP001944,GR,Finance,Controls,Individual Contributor,Permanent,2022-02-15,,,,HCM_A,2025-12-20,GR,Individual Contributor,true,true,true,true,true,false,not_applicable,true,true,,ACP001944,Finance,Controls,Permanent,2022-02-15,,,,HCM_A,2025-12-20,,,1945
ACP001945,PL,Finance,Controls,Individual Contributor,Permanent,2021-10-10,2025-06-06,Involuntary,false,HCM_B,2025-12-21,PL,Individual Contributor,true,true,true,true,true,false,false,true,true,,ACP001945,Finance,Controls,Permanent,2021-10-10,2025-06-06,Involuntary,false,HCM_B,2025-12-21,,,1946
ACP001946,BG,Finance,Controls,Manager,Permanent,2022-08-22,,,,HCM_A,2025-12-22,BG,Manager,true,true,true,true,true,false,not_applicable,true,true,,ACP001946,Finance,Controls,Permanent,2022-08-22,,,,HCM_A,2025-12-22,,,1947
ACP001947,IT,Supply Chain,Manufacturing,Individual Contributor,Permanent,2024-08-05,,,,HCM_A,2025-12-23,IT,Individual Contributor,true,true,true,true,true,false,not_applicable,true,true,,ACP001947,Supply Chain,Manufacturing,Permanent,2024-08-05,,,,HCM_A,2025-12-23,,,1948
ACP001948,RO,Sales,Key Accounts,Individual Contributor,Permanent,2020-06-27,2021-04-04,Involuntary,false,HCM_A,2025-12-24,RO,Individual Contributor,true,true,true,true,true,false,false,true,true,,ACP001948,Sales,Key Accounts,Permanent,2020-06-27,2021-04-04,Involuntary,false,HCM_A,2025-12-24,,,1949
ACP001949,GR,Sales,Field Sales,Manager,Permanent,2024-07-20,,,,HCM_A,2025-12-25,GR,Manager,true,true,true,true,true,false,not_applicable,true,true,,ACP001949,Sales,Field Sales,Permanent,2024-07-20,,,,HCM_A,2025-12-25,,,1950
ACP001950,IE,Supply Chain,Procurement,Individual Contributor,Permanent,2020-10-23,,,,HCM_B,2025-12-26,IE,Individual Contributor,true,true,true,true,true,false,not_applicable,true,true,,ACP001950,Supply Chain,Procurement,Permanent,2020-10-23,,,,HCM_B,2025-12-26,,,1951
ACP001951,IE,Supply Chain,Logistics,Individual Contributor,Fixed Term,2021-04-01,,,,HCM_A,2025-12-27,IE,Individual Contributor,true,true,true,true,true,false,not_applicable,true,true,,ACP001951,Supply Chain,Logistics,Fixed Term,2021-04-01,,,,HCM_A,2025-12-27,,,1952
ACP001952,PL,Finance,Accounting,Individual Contributor,Permanent,2020-09-19,,,,HCM_A,2025-12-28,PL,Individual Contributor,true,true,true,true,true,false,not_applicable,true,true,,ACP001952,Finance,Accounting,Permanent,2020-09-19,,,,HCM_A,2025-12-28,,,1953
ACP001953,BG,Sales,Commercial Planning,Individual Contributor,Permanent,2024-07-12,2024-09-23,Involuntary,false,HCM_A,2025-12-29,BG,Individual Contributor,true,true,true,true,true,false,false,true,true,,ACP001953,Sales,Commercial Planning,Permanent,2024-07-12,2024-09-23,Involuntary,false,HCM_A,2025-12-29,,,1954
ACP001954,IE,Digital,Software,Senior Leader,Permanent,2022-04-22,2023-06-23,End of Contract,false,HCM_A,2025-12-30,IE,Senior Leader,true,true,true,true,true,true,false,true,true,,ACP001954,Digital,Software,Permanent,2022-04-22,2023-06-23,End of Contract,false,HCM_A,2025-12-30,,,1955
ACP001955,IE,Supply Chain,Procurement,Manager,Permanent,2023-03-25,,,,HCM_B,2025-12-31,IE,Manager,true,true,true,true,true,false,not_applicable,true,true,,ACP001955,Supply Chain,Procurement,Permanent,2023-03-25,,,,HCM_B,2025-12-31,,,1956
ACP001956,BG,Finance,FP&A,Senior Leader,Permanent,2025-05-06,,,,HCM_A,2025-12-20,BG,Senior Leader,true,true,true,true,true,true,not_applicable,true,false,,ACP001956,Finance,FP&A,Permanent,2025-05-06,,,,HCM_A,2025-12-20,,,1957
ACP001957,PL,Supply Chain,Manufacturing,Individual Contributor,Permanent,2022-03-08,2022-09-02,Voluntary,false,HCM_A,2025-12-21,PL,Individual Contributor,true,true,true,true,true,false,false,true,true,,ACP001957,Supply Chain,Manufacturing,Permanent,2022-03-08,2022-09-02,Voluntary,false,HCM_A,2025-12-21,,,1958
ACP001958,BG,Sales,Key Accounts,Manager,Permanent,2020-10-14,,,,HCM_A,2025-12-22,BG,Sr Mgmt,true,true,true,true,true,false,not_applicable,true,true,synthetic_source_recovered,ACP001958,Sales,Key Accounts,Permanent,2020-10-14,,,,HCM_A,2025-12-22,career_level,verified_synthetic_generator_recovery,1959
ACP001959,RO,Sales,Field Sales,Individual Contributor,Permanent,2025-05-03,2025-10-21,End of Contract,false,HCM_A,2025-12-23,RO,Individual Contributor,true,true,true,true,true,false,false,true,false,,ACP001959,Sales,Field Sales,Permanent,2025-05-03,2025-10-21,End of Contract,false,HCM_A,2025-12-23,,,1960
ACP001960,BG,Supply Chain,Logistics,Individual Contributor,Permanent,2021-06-08,2023-01-17,Involuntary,false,HCM_B,2025-12-24,BG,Individual Contributor,true,true,true,true,true,false,false,true,true,,ACP001960,Supply Chain,Logistics,Permanent,2021-06-08,2023-01-17,Involuntary,false,HCM_B,2025-12-24,,,1961
ACP001961,BG,Digital,Product,Individual Contributor,Fixed Term,2022-02-19,,,,HCM_A,2025-12-25,BG,Individual Contributor,true,true,true,true,true,false,not_applicable,true,true,,ACP001961,Digital,Product,Fixed Term,2022-02-19,,,,HCM_A,2025-12-25,,,1962
ACP001962,PL,Sales,Commercial Planning,Individual Contributor,Permanent,2020-01-26,,,,HCM_A,2025-12-26,PL,Individual Contributor,true,true,true,true,true,false,not_applicable,true,true,,ACP001962,Sales,Commercial Planning,Permanent,2020-01-26,,,,HCM_A,2025-12-26,,,1963
ACP001963,IT,Sales,Field Sales,Manager,Permanent,2024-04-11,,,,HCM_A,2025-12-27,IT,Manager,true,true,true,true,true,false,not_applicable,true,true,,ACP001963,Sales,Field Sales,Permanent,2024-04-11,,,,HCM_A,2025-12-27,,,1964
ACP001964,GR,Supply Chain,Procurement,Manager,Permanent,2023-08-31,,,,HCM_A,2025-12-28,GR,Manager,true,true,true,true,true,false,not_applicable,true,true,,ACP001964,Supply Chain,Procurement,Permanent,2023-08-31,,,,HCM_A,2025-12-28,,,1965
ACP001965,BG,Supply Chain,Logistics,Senior Leader,Permanent,2024-02-25,2024-05-11,Voluntary,true,HCM_B,2025-12-29,BG,Senior Leader,true,true,true,true,true,true,true,true,true,,ACP001965,Supply Chain,Logistics,Permanent,2024-02-25,2024-05-11,Voluntary,true,HCM_B,2025-12-29,,,1966
ACP001966,RO,Supply Chain,Manufacturing,Manager,Permanent,2023-05-12,,,,HCM_A,2025-12-30,RO,Manager,true,true,true,true,true,false,not_applicable,true,true,,ACP001966,Supply Chain,Manufacturing,Permanent,2023-05-12,,,,HCM_A,2025-12-30,,,1967
ACP001967,GR,Sales,Field Sales,Individual Contributor,Permanent,2024-06-28,,,,HCM_A,2025-12-31,GR,Individual Contributor,true,true,true,true,true,false,not_applicable,true,true,,ACP001967,Sales,Field Sales,Permanent,2024-06-28,,,,HCM_A,2025-12-31,,,1968
ACP001968,BG,Sales,Commercial Planning,Individual Contributor,Permanent,2023-03-18,2025-04-03,Involuntary,false,HCM_A,2025-12-20,BG,Individual Contributor,true,true,true,true,true,false,false,true,true,,ACP001968,Sales,Commercial Planning,Permanent,2023-03-18,2025-04-03,Involuntary,false,HCM_A,2025-12-20,,,1969
ACP001969,GR,Supply Chain,Procurement,Individual Contributor,Permanent,2022-08-14,,,,HCM_A,2025-12-21,GR,Individual Contributor,true,true,true,true,true,false,not_applicable,true,true,,ACP001969,Supply Chain,Procurement,Permanent,2022-08-14,,,,HCM_A,2025-12-21,,,1970
ACP001970,IE,Sales,Key Accounts,Manager,Permanent,2021-01-03,,,,HCM_B,2025-12-22,IE,Manager,true,true,true,true,true,false,not_applicable,true,true,,ACP001970,Sales,Key Accounts,Permanent,2021-01-03,,,,HCM_B,2025-12-22,,,1971
ACP001971,IE,Finance,Controls,Individual Contributor,Fixed Term,2022-07-05,,,,HCM_A,2025-12-23,IE,Individual Contributor,true,true,true,true,true,false,not_applicable,true,true,,ACP001971,Finance,Controls,Fixed Term,2022-07-05,,,,HCM_A,2025-12-23,,,1972
ACP001972,BG,Digital,Product,Individual Contributor,Permanent,2021-11-23,,,,HCM_A,2025-12-24,BG,Individual Contributor,true,true,true,true,true,false,not_applicable,true,true,,ACP001972,Digital,Product,Permanent,2021-11-23,,,,HCM_A,2025-12-24,,,1973
ACP001973,GR,Sales,Key Accounts,Individual Contributor,Permanent,2021-07-10,,,,HCM_A,2025-12-25,GR,Individual Contributor,true,true,true,true,true,false,not_applicable,true,true,,ACP001973,Sales,Key Accounts,Permanent,2021-07-10,,,,HCM_A,2025-12-25,,,1974
ACP001974,GR,Finance,FP&A,Individual Contributor,Fixed Term,2021-09-09,,,,HCM_A,2025-12-26,GR,Individual Contributor,true,true,true,true,true,false,not_applicable,true,true,,ACP001974,Finance,FP&A,Fixed Term,2021-09-09,,,,HCM_A,2025-12-26,,,1975
ACP001975,GR,Digital,Software,Individual Contributor,Permanent,2022-04-27,,,,HCM_B,2025-12-27,GR,Individual Contributor,true,true,true,true,true,false,not_applicable,true,true,,ACP001975,Digital,Software,Permanent,2022-04-27,,,,HCM_B,2025-12-27,,,1976
ACP001976,IE,Digital,Data,Manager,Permanent,2024-07-27,,,,HCM_A,2025-12-28,IE,Manager,true,true,true,true,true,false,not_applicable,true,true,,ACP001976,Digital,Data,Permanent,2024-07-27,,,,HCM_A,2025-12-28,,,1977
ACP001977,GR,Digital,Product,Manager,Permanent,2023-02-23,,,,HCM_A,2025-12-29,GR,Manager,true,true,true,true,true,false,not_applicable,true,true,,ACP001977,Digital,Product,Permanent,2023-02-23,,,,HCM_A,2025-12-29,,,1978
ACP001978,BG,Sales,Field Sales,Manager,Permanent,2023-05-27,,,,HCM_A,2025-12-30,BG,Manager,true,true,true,true,true,false,not_applicable,true,true,,ACP001978,Sales,Field Sales,Permanent,2023-05-27,,,,HCM_A,2025-12-30,,,1979
ACP001979,PL,Sales,Key Accounts,Individual Contributor,Permanent,2022-05-10,,,,HCM_A,2025-12-31,PL,Individual Contributor,true,true,true,true,true,false,not_applicable,true,true,,ACP001979,Sales,Key Accounts,Permanent,2022-05-10,,,,HCM_A,2025-12-31,,,1980
ACP001980,GR,Finance,FP&A,Manager,Permanent,2024-12-18,2025-10-29,Voluntary,true,HCM_B,2025-12-20,GR,Manager,true,true,true,true,true,false,true,true,true,,ACP001980,Finance,FP&A,Permanent,2024-12-18,2025-10-29,Voluntary,true,HCM_B,2025-12-20,,,1981
ACP001981,GR,Digital,Data,Individual Contributor,Permanent,2025-03-16,,,,HCM_A,2025-12-21,GR,Individual Contributor,true,true,true,true,true,false,not_applicable,true,false,,ACP001981,Digital,Data,Permanent,2025-03-16,,,,HCM_A,2025-12-21,,,1982
ACP001982,GR,Supply Chain,Manufacturing,Senior Leader,Fixed Term,2022-08-01,,,,HCM_A,2025-12-22,GR,Senior Leader,true,true,true,true,true,true,not_applicable,true,true,,ACP001982,Supply Chain,Manufacturing,Fixed Term,2022-08-01,,,,HCM_A,2025-12-22,,,1983
ACP001983,IT,Digital,Software,Manager,Fixed Term,2021-02-23,,,,HCM_A,2025-12-23,IT,Manager,true,true,true,true,true,false,not_applicable,true,true,,ACP001983,Digital,Software,Fixed Term,2021-02-23,,,,HCM_A,2025-12-23,,,1984
ACP001984,IT,Digital,Data,Individual Contributor,Permanent,2020-05-24,,,,HCM_A,2025-12-24,IT,Individual Contributor,true,true,true,true,true,false,not_applicable,true,true,,ACP001984,Digital,Data,Permanent,2020-05-24,,,,HCM_A,2025-12-24,,,1985
ACP001985,PL,Digital,Software,Manager,Permanent,2021-12-14,,,,HCM_B,2025-12-25,PL,Manager,true,true,true,true,true,false,not_applicable,true,true,,ACP001985,Digital,Software,Permanent,2021-12-14,,,,HCM_B,2025-12-25,,,1986
ACP001986,RO,Finance,Accounting,Individual Contributor,Permanent,2025-01-08,,,,HCM_A,2025-12-26,RO,Individual Contributor,true,true,true,true,true,false,not_applicable,true,false,,ACP001986,Finance,Accounting,Permanent,2025-01-08,,,,HCM_A,2025-12-26,,,1987
ACP001987,IE,Sales,Field Sales,Individual Contributor,Fixed Term,2022-07-26,,,,HCM_A,2025-12-27,IE,Individual Contributor,true,true,true,true,true,false,not_applicable,true,true,,ACP001987,Sales,Field Sales,Fixed Term,2022-07-26,,,,HCM_A,2025-12-27,,,1988
ACP001988,PL,Digital,Data,Manager,Permanent,2025-06-17,,,,HCM_A,2025-12-28,PL,Manager,true,true,true,true,true,false,not_applicable,true,false,,ACP001988,Digital,Data,Permanent,2025-06-17,,,,HCM_A,2025-12-28,,,1989
ACP001989,RO,Finance,Accounting,Senior Leader,Permanent,2022-10-13,2023-06-25,Involuntary,false,HCM_A,2025-12-29,RO,Senior Leader,true,true,true,true,true,true,false,true,true,,ACP001989,Finance,Accounting,Permanent,2022-10-13,2023-06-25,Involuntary,false,HCM_A,2025-12-29,,,1990
ACP001990,GR,Supply Chain,Manufacturing,Manager,Fixed Term,2023-01-19,,,,HCM_B,2025-12-30,GR,Manager,true,true,true,true,true,false,not_applicable,true,true,,ACP001990,Supply Chain,Manufacturing,Fixed Term,2023-01-19,,,,HCM_B,2025-12-30,,,1991
ACP001991,PL,Supply Chain,Procurement,Senior Leader,Permanent,2023-03-08,2023-05-04,Voluntary,true,HCM_A,2025-12-31,PL,Senior Leader,true,true,true,true,true,true,true,true,true,,ACP001991,Supply Chain,Procurement,Permanent,2023-03-08,2023-05-04,Voluntary,true,HCM_A,2025-12-31,,,1992
ACP001992,GR,Digital,Software,Individual Contributor,Permanent,2024-09-03,,,,HCM_A,2025-12-20,GR,Individual Contributor,true,true,true,true,true,false,not_applicable,true,true,,ACP001992,Digital,Software,Permanent,2024-09-03,,,,HCM_A,2025-12-20,,,1993
ACP001993,BG,Supply Chain,Manufacturing,Individual Contributor,Fixed Term,2020-06-12,,,,HCM_A,2025-12-21,BG,Individual Contributor,true,true,true,true,true,false,not_applicable,true,true,,ACP001993,Supply Chain,Manufacturing,Fixed Term,2020-06-12,,,,HCM_A,2025-12-21,,,1994
ACP001994,IE,Supply Chain,Procurement,Senior Leader,Permanent,2020-07-31,,,,HCM_A,2025-12-22,IE,Senior Leader,true,true,true,true,true,true,not_applicable,true,true,,ACP001994,Supply Chain,Procurement,Permanent,2020-07-31,,,,HCM_A,2025-12-22,,,1995
ACP001995,BG,Digital,Data,Individual Contributor,Permanent,2024-06-17,,,,HCM_B,2025-12-23,BG,Individual Contributor,true,true,true,true,true,false,not_applicable,true,true,,ACP001995,Digital,Data,Permanent,2024-06-17,,,,HCM_B,2025-12-23,,,1996
ACP001996,BG,Sales,Field Sales,Manager,Permanent,2020-10-29,2020-12-29,Voluntary,true,HCM_A,2025-12-24,BG,Manager,true,true,true,true,true,false,true,true,true,,ACP001996,Sales,Field Sales,Permanent,2020-10-29,2020-12-29,Voluntary,true,HCM_A,2025-12-24,,,1997
ACP001997,GR,Finance,Accounting,Individual Contributor,Permanent,2020-10-30,,,,HCM_A,2025-12-25,GR,Individual Contributor,true,true,true,true,true,false,not_applicable,true,true,,ACP001997,Finance,Accounting,Permanent,2020-10-30,,,,HCM_A,2025-12-25,,,1998
ACP001998,IE,Digital,Data,Manager,Permanent,2025-10-05,,,,HCM_A,2025-12-26,IE,Manager,true,true,true,true,true,false,not_applicable,false,false,,ACP001998,Digital,Data,Permanent,2025-10-05,,,,HCM_A,2025-12-26,,,1999
ACP001999,PL,Finance,FP&A,Individual Contributor,Permanent,2022-10-06,,,,HCM_A,2025-12-27,PL,Individual Contributor,true,true,true,true,true,false,not_applicable,true,true,,ACP001999,Finance,FP&A,Permanent,2022-10-06,,,,HCM_A,2025-12-27,,,2000
ACP002000,IE,Finance,FP&A,Manager,Permanent,2024-12-09,,,,HCM_B,2025-12-28,IE,Manager,true,true,true,true,true,false,not_applicable,true,true,,ACP002000,Finance,FP&A,Permanent,2024-12-09,,,,HCM_B,2025-12-28,,,2001
ACP002001,GR,Finance,Accounting,Individual Contributor,Permanent,2025-03-02,,,,HCM_A,2025-12-29,GR,Individual Contributor,true,true,true,true,true,false,not_applicable,true,false,,ACP002001,Finance,Accounting,Permanent,2025-03-02,,,,HCM_A,2025-12-29,,,2002
ACP002002,IE,Digital,Product,Individual Contributor,Permanent,2025-07-22,,,,HCM_A,2025-12-30,IE,Individual Contributor,true,true,true,true,true,false,not_applicable,false,false,,ACP002002,Digital,Product,Permanent,2025-07-22,,,,HCM_A,2025-12-30,,,2003
ACP002003,IE,Digital,Software,Individual Contributor,Permanent,2023-12-28,,,,HCM_A,2025-12-31,IE,Individual Contributor,true,true,true,true,true,false,not_applicable,true,true,,ACP002003,Digital,Software,Permanent,2023-12-28,,,,HCM_A,2025-12-31,,,2004
ACP002004,GR,Digital,Product,Individual Contributor,Permanent,2021-06-30,,,,HCM_A,2025-12-20,GR,Individual Contributor,true,true,true,true,true,false,not_applicable,true,true,,ACP002004,Digital,Product,Permanent,2021-06-30,,,,HCM_A,2025-12-20,,,2005
ACP002005,PL,Finance,Accounting,Manager,Permanent,2022-05-17,2022-07-01,Voluntary,false,HCM_B,2025-12-21,PL,Manager,true,true,true,true,true,false,false,true,true,,ACP002005,Finance,Accounting,Permanent,2022-05-17,2022-07-01,Voluntary,false,HCM_B,2025-12-21,,,2006
ACP002006,IE,Digital,Data,Manager,Permanent,2024-12-18,,,,HCM_A,2025-12-22,IE,Manager,true,true,true,true,true,false,not_applicable,true,true,,ACP002006,Digital,Data,Permanent,2024-12-18,,,,HCM_A,2025-12-22,,,2007
ACP002007,IT,Sales,Key Accounts,Individual Contributor,Fixed Term,2023-05-29,2024-10-16,Voluntary,true,HCM_A,2025-12-23,IT,Individual Contributor,true,true,true,true,true,false,true,true,true,,ACP002007,Sales,Key Accounts,Fixed Term,2023-05-29,2024-10-16,Voluntary,true,HCM_A,2025-12-23,,,2008
ACP002008,IE,Sales,Field Sales,Manager,Permanent,2021-06-10,2025-04-09,Voluntary,false,HCM_A,2025-12-24,IE,Manager,true,true,true,true,true,false,false,true,true,,ACP002008,Sales,Field Sales,Permanent,2021-06-10,2025-04-09,Voluntary,false,HCM_A,2025-12-24,,,2009
ACP002009,PL,Supply Chain,Logistics,Manager,Permanent,2022-05-03,,,,HCM_A,2025-12-25,PL,Manager,true,true,true,true,true,false,not_applicable,true,true,,ACP002009,Supply Chain,Logistics,Permanent,2022-05-03,,,,HCM_A,2025-12-25,,,2010
ACP002010,GR,Sales,Commercial Planning,Manager,Permanent,2020-01-23,,,,HCM_B,2025-12-26,GR,Manager,true,true,true,true,true,false,not_applicable,true,true,,ACP002010,Sales,Commercial Planning,Permanent,2020-01-23,,,,HCM_B,2025-12-26,,,2011
ACP002011,IT,Supply Chain,Logistics,Individual Contributor,Fixed Term,2024-02-23,,,,HCM_A,2025-12-27,IT,Individual Contributor,true,true,true,true,true,false,not_applicable,true,true,,ACP002011,Supply Chain,Logistics,Fixed Term,2024-02-23,,,,HCM_A,2025-12-27,,,2012
ACP002012,IT,Digital,Product,Individual Contributor,Permanent,2020-04-23,2021-10-17,Voluntary,false,HCM_A,2025-12-28,IT,Individual Contributor,true,true,true,true,true,false,false,true,true,,ACP002012,Digital,Product,Permanent,2020-04-23,2021-10-17,Voluntary,false,HCM_A,2025-12-28,,,2013
ACP002013,PL,Digital,Data,Manager,Fixed Term,2020-08-31,,,,HCM_A,2025-12-29,PL,Manager,true,true,true,true,true,false,not_applicable,true,true,,ACP002013,Digital,Data,Fixed Term,2020-08-31,,,,HCM_A,2025-12-29,,,2014
ACP002014,IT,Finance,Accounting,Individual Contributor,Permanent,2025-02-16,,,,HCM_A,2025-12-30,IT,Individual Contributor,true,true,true,true,true,false,not_applicable,true,false,,ACP002014,Finance,Accounting,Permanent,2025-02-16,,,,HCM_A,2025-12-30,,,2015
ACP002015,BG,Digital,Data,Senior Leader,Permanent,2020-11-12,,,,HCM_B,2025-12-31,BG,Senior Leader,true,true,true,true,true,true,not_applicable,true,true,,ACP002015,Digital,Data,Permanent,2020-11-12,,,,HCM_B,2025-12-31,,,2016
ACP002016,IT,Supply Chain,Manufacturing,Manager,Permanent,2023-06-02,2023-10-23,Voluntary,false,HCM_A,2025-12-20,IT,Manager,true,true,true,true,true,false,false,true,true,,ACP002016,Supply Chain,Manufacturing,Permanent,2023-06-02,2023-10-23,Voluntary,false,HCM_A,2025-12-20,,,2017
ACP002017,PL,Finance,FP&A,Senior Leader,Permanent,2020-07-25,,,,HCM_A,2025-12-21,PL,Senior Leader,true,true,true,true,true,true,not_applicable,true,true,,ACP002017,Finance,FP&A,Permanent,2020-07-25,,,,HCM_A,2025-12-21,,,2018
ACP002018,PL,Supply Chain,Manufacturing,Individual Contributor,Permanent,2021-04-05,,,,HCM_A,2025-12-22,PL,Individual Contributor,true,true,true,true,true,false,not_applicable,true,true,,ACP002018,Supply Chain,Manufacturing,Permanent,2021-04-05,,,,HCM_A,2025-12-22,,,2019
ACP002019,GR,Digital,Data,Manager,Fixed Term,2024-09-06,,,,HCM_A,2025-12-23,GR,Manager,true,true,true,true,true,false,not_applicable,true,true,,ACP002019,Digital,Data,Fixed Term,2024-09-06,,,,HCM_A,2025-12-23,,,2020
ACP002020,BG,Supply Chain,Manufacturing,Individual Contributor,Permanent,2024-05-18,2024-11-24,Voluntary,false,HCM_B,2025-12-24,BG,Individual Contributor,true,true,true,true,true,false,false,true,true,,ACP002020,Supply Chain,Manufacturing,Permanent,2024-05-18,2024-11-24,Voluntary,false,HCM_B,2025-12-24,,,2021
ACP002021,BG,Digital,Product,Individual Contributor,Permanent,2022-09-28,,,,HCM_A,2025-12-25,BG,Individual Contributor,true,true,true,true,true,false,not_applicable,true,true,,ACP002021,Digital,Product,Permanent,2022-09-28,,,,HCM_A,2025-12-25,,,2022
ACP002022,IT,Supply Chain,Procurement,Individual Contributor,Permanent,2024-02-13,,,,HCM_A,2025-12-26,IT,Individual Contributor,true,true,true,true,true,false,not_applicable,true,true,,ACP002022,Supply Chain,Procurement,Permanent,2024-02-13,,,,HCM_A,2025-12-26,,,2023
ACP002023,PL,Sales,Key Accounts,Individual Contributor,Permanent,2025-02-08,,,,HCM_A,2025-12-27,PL,Individual Contributor,true,true,true,true,true,false,not_applicable,true,false,,ACP002023,Sales,Key Accounts,Permanent,2025-02-08,,,,HCM_A,2025-12-27,,,2024
ACP002024,BG,Finance,FP&A,Individual Contributor,Permanent,2025-07-03,,,,HCM_A,2025-12-28,BG,Individual Contributor,true,true,true,true,true,false,not_applicable,false,false,,ACP002024,Finance,FP&A,Permanent,2025-07-03,,,,HCM_A,2025-12-28,,,2025
ACP002025,RO,Digital,Data,Senior Leader,Fixed Term,2021-11-04,2025-10-30,End of Contract,false,HCM_B,2025-12-29,RO,Senior Leader,true,true,true,true,true,true,false,true,true,,ACP002025,Digital,Data,Fixed Term,2021-11-04,2025-10-30,End of Contract,false,HCM_B,2025-12-29,,,2026
ACP002026,IT,Finance,FP&A,Individual Contributor,Permanent,2021-01-25,,,,HCM_A,2025-12-30,IT,Individual Contributor,true,true,true,true,true,false,not_applicable,true,true,,ACP002026,Finance,FP&A,Permanent,2021-01-25,,,,HCM_A,2025-12-30,,,2027
ACP002027,IT,Supply Chain,Logistics,Individual Contributor,Permanent,2024-02-17,,,,HCM_A,2025-12-31,IT,Individual Contributor,true,true,true,true,true,false,not_applicable,true,true,,ACP002027,Supply Chain,Logistics,Permanent,2024-02-17,,,,HCM_A,2025-12-31,,,2028
ACP002028,IE,Sales,Key Accounts,Manager,Permanent,2022-01-04,,,,HCM_A,2025-12-20,IE,Manager,true,true,true,true,true,false,not_applicable,true,true,,ACP002028,Sales,Key Accounts,Permanent,2022-01-04,,,,HCM_A,2025-12-20,,,2029
ACP002029,GR,Finance,Controls,Individual Contributor,Permanent,2024-12-26,,,,HCM_A,2025-12-21,GR,Individual Contributor,true,true,true,true,true,false,not_applicable,true,true,,ACP002029,Finance,Controls,Permanent,2024-12-26,,,,HCM_A,2025-12-21,,,2030
ACP002030,BG,Finance,Controls,Individual Contributor,Fixed Term,2025-09-08,,,,HCM_B,2025-12-22,BG,Individual Contributor,true,true,true,true,true,false,not_applicable,false,false,,ACP002030,Finance,Controls,Fixed Term,2025-09-08,,,,HCM_B,2025-12-22,,,2031
ACP002031,GR,Finance,Accounting,Individual Contributor,Permanent,2021-11-30,,,,HCM_A,2025-12-23,GR,Individual Contributor,true,true,true,true,true,false,not_applicable,true,true,,ACP002031,Finance,Accounting,Permanent,2021-11-30,,,,HCM_A,2025-12-23,,,2032
ACP002032,PL,Digital,Product,Individual Contributor,Permanent,2025-08-19,,,,HCM_A,2025-12-24,PL,Individual Contributor,true,true,true,true,true,false,not_applicable,false,false,,ACP002032,Digital,Product,Permanent,2025-08-19,,,,HCM_A,2025-12-24,,,2033
ACP002033,BG,Sales,Field Sales,Individual Contributor,Fixed Term,2023-09-18,2025-06-19,Voluntary,true,HCM_A,2025-12-25,BG,Individual Contributor,true,true,true,true,true,false,true,true,true,,ACP002033,Sales,Field Sales,Fixed Term,2023-09-18,2025-06-19,Voluntary,true,HCM_A,2025-12-25,,,2034
ACP002034,BG,Finance,Accounting,Manager,Permanent,2025-02-13,,,,HCM_A,2025-12-26,BG,Manager,true,true,true,true,true,false,not_applicable,true,false,,ACP002034,Finance,Accounting,Permanent,2025-02-13,,,,HCM_A,2025-12-26,,,2035
ACP002035,RO,Supply Chain,Logistics,Manager,Permanent,2021-07-27,,,,HCM_B,2025-12-27,RO,Manager,true,true,true,true,true,false,not_applicable,true,true,,ACP002035,Supply Chain,Logistics,Permanent,2021-07-27,,,,HCM_B,2025-12-27,,,2036
ACP002036,IE,Supply Chain,Manufacturing,Manager,Permanent,2020-10-09,,,,HCM_A,2025-12-28,IE,Manager,true,true,true,true,true,false,not_applicable,true,true,,ACP002036,Supply Chain,Manufacturing,Permanent,2020-10-09,,,,HCM_A,2025-12-28,,,2037
ACP002037,RO,Sales,Key Accounts,Senior Leader,Permanent,2021-08-26,,,,HCM_A,2025-12-29,RO,Senior Leader,true,true,true,true,true,true,not_applicable,true,true,,ACP002037,Sales,Key Accounts,Permanent,2021-08-26,,,,HCM_A,2025-12-29,,,2038
ACP002038,BG,Digital,Software,Individual Contributor,Permanent,2023-03-30,2024-12-22,Involuntary,false,HCM_A,2025-12-30,BG,Individual Contributor,true,true,true,true,true,false,false,true,true,,ACP002038,Digital,Software,Permanent,2023-03-30,2024-12-22,Involuntary,false,HCM_A,2025-12-30,,,2039
ACP002039,IT,Digital,Data,Senior Leader,Permanent,2021-10-08,,,,HCM_A,2025-12-31,IT,Senior Leader,true,true,true,true,true,true,not_applicable,true,true,,ACP002039,Digital,Data,Permanent,2021-10-08,,,,HCM_A,2025-12-31,,,2040
ACP002040,BG,Digital,Data,Individual Contributor,Permanent,2021-08-08,,,,HCM_B,2025-12-20,BG,Individual Contributor,true,true,true,true,true,false,not_applicable,true,true,,ACP002040,Digital,Data,Permanent,2021-08-08,,,,HCM_B,2025-12-20,,,2041
ACP002041,RO,Sales,Commercial Planning,Individual Contributor,Permanent,2023-02-16,2023-07-27,Voluntary,true,HCM_A,2025-12-21,RO,Individual Contributor,true,true,true,true,true,false,true,true,true,,ACP002041,Sales,Commercial Planning,Permanent,2023-02-16,2023-07-27,Voluntary,true,HCM_A,2025-12-21,,,2042
ACP002042,RO,Digital,Data,Individual Contributor,Permanent,2025-11-03,,,,HCM_A,2025-12-22,RO,Individual Contributor,true,true,true,true,true,false,not_applicable,false,false,,ACP002042,Digital,Data,Permanent,2025-11-03,,,,HCM_A,2025-12-22,,,2043
ACP002043,GR,Sales,Field Sales,Senior Leader,Permanent,2021-10-04,,,,HCM_A,2025-12-23,GR,Senior Leader,true,true,true,true,true,true,not_applicable,true,true,,ACP002043,Sales,Field Sales,Permanent,2021-10-04,,,,HCM_A,2025-12-23,,,2044
ACP002044,GR,Sales,Commercial Planning,Manager,Permanent,2020-09-09,,,,HCM_A,2025-12-24,GR,Manager,true,true,true,true,true,false,not_applicable,true,true,,ACP002044,Sales,Commercial Planning,Permanent,2020-09-09,,,,HCM_A,2025-12-24,,,2045
ACP002045,BG,Finance,FP&A,Individual Contributor,Permanent,2020-09-18,2021-03-23,Involuntary,false,HCM_B,2025-12-25,BG,Individual Contributor,true,true,true,true,true,false,false,true,true,,ACP002045,Finance,FP&A,Permanent,2020-09-18,2021-03-23,Involuntary,false,HCM_B,2025-12-25,,,2046
ACP002046,IE,Sales,Key Accounts,Senior Leader,Permanent,2024-08-15,2025-11-28,Voluntary,true,HCM_A,2025-12-26,IE,Senior Leader,true,true,true,true,true,true,true,true,true,,ACP002046,Sales,Key Accounts,Permanent,2024-08-15,2025-11-28,Voluntary,true,HCM_A,2025-12-26,,,2047
ACP002047,IE,Sales,Key Accounts,Individual Contributor,Permanent,2022-01-08,2024-08-08,Voluntary,false,HCM_A,2025-12-27,IE,Individual Contributor,true,true,true,true,true,false,false,true,true,synthetic_source_recovered,ACP002047,Sales,Key Accounts,Permanent,2022-01-08,2024-08-08,,false,HCM_A,2025-12-27,termination_type,verified_synthetic_generator_recovery,2048
ACP002048,IT,Finance,Controls,Individual Contributor,Permanent,2022-08-14,,,,HCM_A,2025-12-28,IT,Individual Contributor,true,true,true,true,true,false,not_applicable,true,true,,ACP002048,Finance,Controls,Permanent,2022-08-14,,,,HCM_A,2025-12-28,,,2049
ACP002049,IT,Sales,Commercial Planning,Individual Contributor,Permanent,2021-08-10,2022-01-03,End of Contract,false,HCM_A,2025-12-29,IT,Individual Contributor,true,true,true,true,true,false,false,true,true,,ACP002049,Sales,Commercial Planning,Permanent,2021-08-10,2022-01-03,End of Contract,false,HCM_A,2025-12-29,,,2050
ACP002050,RO,Supply Chain,Manufacturing,Individual Contributor,Permanent,2021-05-19,2022-01-18,Voluntary,false,HCM_B,2025-12-30,RO,Individual Contributor,true,true,true,true,true,false,false,true,true,,ACP002050,Supply Chain,Manufacturing,Permanent,2021-05-19,2022-01-18,Voluntary,false,HCM_B,2025-12-30,,,2051
ACP002051,PL,Digital,Product,Individual Contributor,Fixed Term,2022-06-22,,,,HCM_A,2025-12-31,PL,Individual Contributor,true,true,true,true,true,false,not_applicable,true,true,,ACP002051,Digital,Product,Fixed Term,2022-06-22,,,,HCM_A,2025-12-31,,,2052
ACP002052,BG,Supply Chain,Procurement,Individual Contributor,Permanent,2022-12-12,,,,HCM_A,2025-12-20,BG,Individual Contributor,true,true,true,true,true,false,not_applicable,true,true,,ACP002052,Supply Chain,Procurement,Permanent,2022-12-12,,,,HCM_A,2025-12-20,,,2053
ACP002053,GR,Supply Chain,Logistics,Individual Contributor,Permanent,2021-12-10,2022-05-31,Voluntary,false,HCM_A,2025-12-21,GR,Individual Contributor,true,true,true,true,true,false,false,true,true,,ACP002053,Supply Chain,Logistics,Permanent,2021-12-10,2022-05-31,Voluntary,false,HCM_A,2025-12-21,,,2054
ACP002054,IT,Finance,Controls,Individual Contributor,Permanent,2022-12-30,,,,HCM_A,2025-12-22,IT,Individual Contributor,true,true,true,true,true,false,not_applicable,true,true,,ACP002054,Finance,Controls,Permanent,2022-12-30,,,,HCM_A,2025-12-22,,,2055
ACP002055,PL,Finance,Controls,Individual Contributor,Permanent,2020-03-01,,,,HCM_B,2025-12-23,PL,Individual Contributor,true,true,true,true,true,false,not_applicable,true,true,,ACP002055,Finance,Controls,Permanent,2020-03-01,,,,HCM_B,2025-12-23,,,2056
ACP002056,IE,Finance,Accounting,Manager,Permanent,2021-12-01,2022-10-19,Involuntary,false,HCM_A,2025-12-24,IE,Manager,true,true,true,true,true,false,false,true,true,,ACP002056,Finance,Accounting,Permanent,2021-12-01,2022-10-19,Involuntary,false,HCM_A,2025-12-24,,,2057
ACP002057,RO,Finance,FP&A,Individual Contributor,Permanent,2024-10-24,,,,HCM_A,2025-12-25,RO,Individual Contributor,true,true,true,true,true,false,not_applicable,true,true,,ACP002057,Finance,FP&A,Permanent,2024-10-24,,,,HCM_A,2025-12-25,,,2058
ACP002058,PL,Digital,Product,Manager,Fixed Term,2023-05-03,,,,HCM_A,2025-12-26,PL,Manager,true,true,true,true,true,false,not_applicable,true,true,,ACP002058,Digital,Product,Fixed Term,2023-05-03,,,,HCM_A,2025-12-26,,,2059
ACP002059,PL,Sales,Field Sales,Individual Contributor,Permanent,2025-01-27,2025-04-21,Voluntary,false,HCM_A,2025-12-27,PL,Individual Contributor,true,true,true,true,true,false,false,true,false,,ACP002059,Sales,Field Sales,Permanent,2025-01-27,2025-04-21,Voluntary,false,HCM_A,2025-12-27,,,2060
ACP002060,GR,Finance,Accounting,Manager,Permanent,2025-08-19,,,,HCM_B,2025-12-28,GR,Manager,true,true,true,true,true,false,not_applicable,false,false,,ACP002060,Finance,Accounting,Permanent,2025-08-19,,,,HCM_B,2025-12-28,,,2061
ACP002061,IE,Sales,Key Accounts,Manager,Fixed Term,2025-05-11,,,,HCM_A,2025-12-29,IE,Manager,true,true,true,true,true,false,not_applicable,true,false,,ACP002061,Sales,Key Accounts,Fixed Term,2025-05-11,,,,HCM_A,2025-12-29,,,2062
ACP002062,BG,Digital,Product,Manager,Permanent,2020-05-06,,,,HCM_A,2025-12-30,BG,Manager,true,true,true,true,true,false,not_applicable,true,true,,ACP002062,Digital,Product,Permanent,2020-05-06,,,,HCM_A,2025-12-30,,,2063
ACP002063,IE,Finance,Controls,Individual Contributor,Permanent,2020-02-15,2020-04-30,Voluntary,false,HCM_A,2025-12-31,IE,Individual Contributor,true,true,true,true,true,false,false,true,true,,ACP002063,Finance,Controls,Permanent,2020-02-15,2020-04-30,Voluntary,false,HCM_A,2025-12-31,,,2064
ACP002064,BG,Finance,Accounting,Individual Contributor,Permanent,2024-05-17,,,,HCM_A,2025-12-20,BG,Individual Contributor,true,true,true,true,true,false,not_applicable,true,true,,ACP002064,Finance,Accounting,Permanent,2024-05-17,,,,HCM_A,2025-12-20,,,2065
ACP002065,GR,Finance,Controls,Senior Leader,Permanent,2023-10-22,,,,HCM_B,2025-12-21,EL,Senior Leader,true,true,true,true,true,true,not_applicable,true,true,synthetic_source_recovered,ACP002065,Finance,Controls,Permanent,2023-10-22,,,,HCM_B,2025-12-21,country_code,verified_synthetic_generator_recovery,2066
ACP002066,BG,Sales,Field Sales,Individual Contributor,Fixed Term,2025-09-14,,,,HCM_A,2025-12-22,BG,Individual Contributor,true,true,true,true,true,false,not_applicable,false,false,,ACP002066,Sales,Field Sales,Fixed Term,2025-09-14,,,,HCM_A,2025-12-22,,,2067
ACP002067,RO,Sales,Field Sales,Individual Contributor,Permanent,2022-03-21,,,,HCM_A,2025-12-23,RO,Individual Contributor,true,true,true,true,true,false,not_applicable,true,true,,ACP002067,Sales,Field Sales,Permanent,2022-03-21,,,,HCM_A,2025-12-23,,,2068
ACP002068,IT,Supply Chain,Manufacturing,Manager,Permanent,2020-10-03,,,,HCM_A,2025-12-24,IT,Manager,true,true,true,true,true,false,not_applicable,true,true,,ACP002068,Supply Chain,Manufacturing,Permanent,2020-10-03,,,,HCM_A,2025-12-24,,,2069
ACP002069,IT,Digital,Software,Individual Contributor,Permanent,2021-12-13,2022-06-19,Voluntary,false,HCM_A,2025-12-25,IT,Individual Contributor,true,true,true,true,true,false,false,true,true,,ACP002069,Digital,Software,Permanent,2021-12-13,2022-06-19,Voluntary,false,HCM_A,2025-12-25,,,2070
ACP002070,GR,Digital,Software,Manager,Permanent,2021-05-17,2021-06-05,Voluntary,false,HCM_B,2025-12-26,GR,Manager,true,true,true,true,true,false,false,true,true,,ACP002070,Digital,Software,Permanent,2021-05-17,2021-06-05,Voluntary,false,HCM_B,2025-12-26,,,2071
ACP002071,IT,Sales,Commercial Planning,Individual Contributor,Fixed Term,2020-07-10,2020-10-27,Voluntary,false,HCM_A,2025-12-27,IT,Individual Contributor,true,true,true,true,true,false,false,true,true,,ACP002071,Sales,Commercial Planning,Fixed Term,2020-07-10,2020-10-27,Voluntary,false,HCM_A,2025-12-27,,,2072
ACP002072,PL,Supply Chain,Logistics,Manager,Permanent,2025-04-04,,,,HCM_A,2025-12-28,PL,Manager,true,true,true,true,true,false,not_applicable,true,false,,ACP002072,Supply Chain,Logistics,Permanent,2025-04-04,,,,HCM_A,2025-12-28,,,2073
ACP002073,RO,Supply Chain,Logistics,Individual Contributor,Permanent,2020-02-05,,,,HCM_A,2025-12-29,RO,Individual Contributor,true,true,true,true,true,false,not_applicable,true,true,,ACP002073,Supply Chain,Logistics,Permanent,2020-02-05,,,,HCM_A,2025-12-29,,,2074
ACP002074,IT,Sales,Field Sales,Individual Contributor,Permanent,2020-05-18,,,,HCM_A,2025-12-30,IT,Individual Contributor,true,true,true,true,true,false,not_applicable,true,true,,ACP002074,Sales,Field Sales,Permanent,2020-05-18,,,,HCM_A,2025-12-30,,,2075
ACP002075,GR,Supply Chain,Logistics,Senior Leader,Permanent,2025-08-26,2025-11-06,Voluntary,true,HCM_B,2025-12-31,GR,Senior Leader,true,true,true,true,true,true,true,false,false,,ACP002075,Supply Chain,Logistics,Permanent,2025-08-26,2025-11-06,Voluntary,true,HCM_B,2025-12-31,,,2076
ACP002076,BG,Supply Chain,Procurement,Manager,Permanent,2023-04-04,2023-05-20,Voluntary,false,HCM_A,2025-12-20,BG,Manager,true,true,true,true,true,false,false,true,true,,ACP002076,Supply Chain,Procurement,Permanent,2023-04-04,2023-05-20,Voluntary,false,HCM_A,2025-12-20,,,2077
ACP002077,IT,Digital,Software,Manager,Permanent,2020-06-18,,,,HCM_A,2025-12-21,IT,Manager,true,true,true,true,true,false,not_applicable,true,true,,ACP002077,Digital,Software,Permanent,2020-06-18,,,,HCM_A,2025-12-21,,,2078
ACP002078,IE,Sales,Key Accounts,Individual Contributor,Permanent,2022-06-08,2023-03-15,Voluntary,false,HCM_A,2025-12-22,IE,Individual Contributor,true,true,true,true,true,false,false,true,true,,ACP002078,Sales,Key Accounts,Permanent,2022-06-08,2023-03-15,Voluntary,false,HCM_A,2025-12-22,,,2079
ACP002079,GR,Digital,Product,Manager,Permanent,2022-01-16,,,,HCM_A,2025-12-23,GR,Manager,true,true,true,true,true,false,not_applicable,true,true,,ACP002079,Digital,Product,Permanent,2022-01-16,,,,HCM_A,2025-12-23,,,2080
ACP002080,PL,Digital,Data,Individual Contributor,Permanent,2020-12-21,,,,HCM_B,2025-12-24,PL,Individual Contributor,true,true,true,true,true,false,not_applicable,true,true,,ACP002080,Digital,Data,Permanent,2020-12-21,,,,HCM_B,2025-12-24,,,2081
ACP002081,PL,Digital,Data,Manager,Permanent,2020-10-24,,,,HCM_A,2025-12-25,PL,Manager,true,true,true,true,true,false,not_applicable,true,true,,ACP002081,Digital,Data,Permanent,2020-10-24,,,,HCM_A,2025-12-25,,,2082
ACP002082,PL,Finance,Accounting,Senior Leader,Permanent,2022-08-20,2023-06-11,Voluntary,false,HCM_A,2025-12-26,PL,Senior Leader,true,true,true,true,true,true,false,true,true,,ACP002082,Finance,Accounting,Permanent,2022-08-20,2023-06-11,Voluntary,false,HCM_A,2025-12-26,,,2083
ACP002083,BG,Supply Chain,Procurement,Manager,Permanent,2024-07-23,2025-10-24,Voluntary,false,HCM_A,2025-12-27,BG,Manager,true,true,true,true,true,false,false,true,true,,ACP002083,Supply Chain,Procurement,Permanent,2024-07-23,2025-10-24,Voluntary,false,HCM_A,2025-12-27,,,2084
ACP002084,GR,Digital,Data,Individual Contributor,Permanent,2025-07-29,,,,HCM_A,2025-12-28,GR,Individual Contributor,true,true,true,true,true,false,not_applicable,false,false,,ACP002084,Digital,Data,Permanent,2025-07-29,,,,HCM_A,2025-12-28,,,2085
ACP002085,IT,Supply Chain,Manufacturing,Manager,Permanent,2022-02-09,,,,HCM_B,2025-12-29,IT,Manager,true,true,true,true,true,false,not_applicable,true,true,,ACP002085,Supply Chain,Manufacturing,Permanent,2022-02-09,,,,HCM_B,2025-12-29,,,2086
ACP002086,BG,Sales,Commercial Planning,Manager,Permanent,2022-08-08,,,,HCM_A,2025-12-30,BG,Manager,true,true,true,true,true,false,not_applicable,true,true,,ACP002086,Sales,Commercial Planning,Permanent,2022-08-08,,,,HCM_A,2025-12-30,,,2087
ACP002087,IT,Sales,Field Sales,Individual Contributor,Permanent,2020-09-24,,,,HCM_A,2025-12-31,IT,Individual Contributor,true,true,true,true,true,false,not_applicable,true,true,,ACP002087,Sales,Field Sales,Permanent,2020-09-24,,,,HCM_A,2025-12-31,,,2088
ACP002088,IT,Supply Chain,Manufacturing,Senior Leader,Permanent,2021-01-09,2024-03-01,Voluntary,false,HCM_A,2025-12-20,IT,Senior Leader,true,true,true,true,true,true,false,true,true,,ACP002088,Supply Chain,Manufacturing,Permanent,2021-01-09,2024-03-01,Voluntary,false,HCM_A,2025-12-20,,,2089
ACP002089,PL,Sales,Key Accounts,Manager,Permanent,2024-04-15,,,,HCM_A,2025-12-21,PL,Manager,true,true,true,true,true,false,not_applicable,true,true,,ACP002089,Sales,Key Accounts,Permanent,2024-04-15,,,,HCM_A,2025-12-21,,,2090
ACP002090,IE,Sales,Field Sales,Manager,Permanent,2022-02-20,2022-07-26,End of Contract,false,HCM_B,2025-12-22,IE,Manager,true,true,true,true,true,false,false,true,true,,ACP002090,Sales,Field Sales,Permanent,2022-02-20,2022-07-26,End of Contract,false,HCM_B,2025-12-22,,,2091
ACP002091,IT,Supply Chain,Manufacturing,Manager,Permanent,2021-12-03,2024-03-26,Voluntary,false,HCM_A,2025-12-23,IT,Manager,true,true,true,true,true,false,false,true,true,,ACP002091,Supply Chain,Manufacturing,Permanent,2021-12-03,2024-03-26,Voluntary,false,HCM_A,2025-12-23,,,2092
ACP002092,IE,Sales,Field Sales,Individual Contributor,Fixed Term,2022-07-10,2024-11-04,Involuntary,false,HCM_A,2025-12-24,IE,Individual Contributor,true,true,true,true,true,false,false,true,true,,ACP002092,Sales,Field Sales,Fixed Term,2022-07-10,2024-11-04,Involuntary,false,HCM_A,2025-12-24,,,2093
ACP002093,BG,Sales,Commercial Planning,Manager,Permanent,2024-02-17,2024-04-17,Voluntary,false,HCM_A,2025-12-25,BG,Manager,true,true,true,true,true,false,false,true,true,,ACP002093,Sales,Commercial Planning,Permanent,2024-02-17,2024-04-17,Voluntary,false,HCM_A,2025-12-25,,,2094
ACP002094,IE,Digital,Data,Manager,Permanent,2024-07-11,,,,HCM_A,2025-12-26,IE,Manager,true,true,true,true,true,false,not_applicable,true,true,,ACP002094,Digital,Data,Permanent,2024-07-11,,,,HCM_A,2025-12-26,,,2095
ACP002095,RO,Supply Chain,Procurement,Individual Contributor,Permanent,2025-07-31,,,,HCM_B,2025-12-27,RO,Individual Contributor,true,true,true,true,true,false,not_applicable,false,false,,ACP002095,Supply Chain,Procurement,Permanent,2025-07-31,,,,HCM_B,2025-12-27,,,2096
ACP002096,PL,Supply Chain,Logistics,Individual Contributor,Permanent,2021-05-26,,,,HCM_A,2025-12-28,PL,Individual Contributor,true,true,true,true,true,false,not_applicable,true,true,,ACP002096,Supply Chain,Logistics,Permanent,2021-05-26,,,,HCM_A,2025-12-28,,,2097
ACP002097,RO,Supply Chain,Procurement,Manager,Permanent,2024-07-03,2025-08-20,Voluntary,false,HCM_A,2025-12-29,RO,Manager,true,true,true,true,true,false,false,true,true,,ACP002097,Supply Chain,Procurement,Permanent,2024-07-03,2025-08-20,Voluntary,false,HCM_A,2025-12-29,,,2098
ACP002098,GR,Finance,Accounting,Manager,Permanent,2021-04-19,,,,HCM_A,2025-12-30,GR,Manager,true,true,true,true,true,false,not_applicable,true,true,,ACP002098,Finance,Accounting,Permanent,2021-04-19,,,,HCM_A,2025-12-30,,,2099
ACP002099,PL,Supply Chain,Procurement,Individual Contributor,Fixed Term,2021-04-24,,,,HCM_A,2025-12-31,PL,Individual Contributor,true,true,true,true,true,false,not_applicable,true,true,,ACP002099,Supply Chain,Procurement,Fixed Term,2021-04-24,,,,HCM_A,2025-12-31,,,2100
ACP002100,BG,Sales,Commercial Planning,Individual Contributor,Permanent,2024-11-26,,,,HCM_B,2025-12-20,BG,Individual Contributor,true,true,true,true,true,false,not_applicable,true,true,,ACP002100,Sales,Commercial Planning,Permanent,2024-11-26,,,,HCM_B,2025-12-20,,,2101
ACP002101,PL,Digital,Data,Manager,Permanent,2023-01-06,,,,HCM_A,2025-12-21,PL,Manager,true,true,true,true,true,false,not_applicable,true,true,,ACP002101,Digital,Data,Permanent,2023-01-06,,,,HCM_A,2025-12-21,,,2102
ACP002102,BG,Sales,Field Sales,Individual Contributor,Fixed Term,2022-04-22,,,,HCM_A,2025-12-22,BG,Individual Contributor,true,true,true,true,true,false,not_applicable,true,true,,ACP002102,Sales,Field Sales,Fixed Term,2022-04-22,,,,HCM_A,2025-12-22,,,2103
ACP002103,RO,Supply Chain,Procurement,Individual Contributor,Fixed Term,2021-06-10,,,,HCM_A,2025-12-23,RO,Individual Contributor,true,true,true,true,true,false,not_applicable,true,true,,ACP002103,Supply Chain,Procurement,Fixed Term,2021-06-10,,,,HCM_A,2025-12-23,,,2104
ACP002104,GR,Digital,Data,Individual Contributor,Permanent,2020-06-20,,,,HCM_A,2025-12-24,,Individual Contributor,true,true,true,true,true,false,not_applicable,true,true,synthetic_source_recovered,ACP002104,Digital,Data,Permanent,2020-06-20,,,,HCM_A,2025-12-24,country_code,verified_synthetic_generator_recovery,2105
ACP002105,BG,Digital,Product,Manager,Permanent,2020-12-21,,,,HCM_B,2025-12-25,BG,Manager,true,true,true,true,true,false,not_applicable,true,true,,ACP002105,Digital,Product,Permanent,2020-12-21,,,,HCM_B,2025-12-25,,,2106
ACP002106,GR,Digital,Software,Individual Contributor,Permanent,2023-05-14,,,,HCM_A,2025-12-26,GR,Individual Contributor,true,true,true,true,true,false,not_applicable,true,true,,ACP002106,Digital,Software,Permanent,2023-05-14,,,,HCM_A,2025-12-26,,,2107
ACP002107,BG,Digital,Product,Individual Contributor,Fixed Term,2020-10-18,2021-02-14,Voluntary,true,HCM_A,2025-12-27,BG,Individual Contributor,true,true,true,true,true,false,true,true,true,,ACP002107,Digital,Product,Fixed Term,2020-10-18,2021-02-14,Voluntary,true,HCM_A,2025-12-27,,,2108
ACP002108,RO,Digital,Product,Senior Leader,Fixed Term,2024-07-23,,,,HCM_A,2025-12-28,RO,Senior Leader,true,true,true,true,true,true,not_applicable,true,true,,ACP002108,Digital,Product,Fixed Term,2024-07-23,,,,HCM_A,2025-12-28,,,2109
ACP002109,GR,Digital,Data,Manager,Permanent,2024-10-26,,,,HCM_A,2025-12-29,GR,Manager,true,true,true,true,true,false,not_applicable,true,true,,ACP002109,Digital,Data,Permanent,2024-10-26,,,,HCM_A,2025-12-29,,,2110
ACP002110,IE,Digital,Product,Manager,Permanent,2020-10-05,,,,HCM_B,2025-12-30,IE,Manager,true,true,true,true,true,false,not_applicable,true,true,,ACP002110,Digital,Product,Permanent,2020-10-05,,,,HCM_B,2025-12-30,,,2111
ACP002111,RO,Digital,Product,Individual Contributor,Permanent,2023-08-05,2023-12-22,Voluntary,true,HCM_A,2025-12-31,RO,Individual Contributor,true,true,true,true,true,false,true,true,true,,ACP002111,Digital,Product,Permanent,2023-08-05,2023-12-22,Voluntary,true,HCM_A,2025-12-31,,,2112
ACP002112,IT,Finance,Controls,Senior Leader,Permanent,2024-09-11,,,,HCM_A,2025-12-20,IT,Senior Leader,true,true,true,true,true,true,not_applicable,true,true,,ACP002112,Finance,Controls,Permanent,2024-09-11,,,,HCM_A,2025-12-20,,,2113
ACP002113,IT,Sales,Commercial Planning,Individual Contributor,Permanent,2022-01-14,,,,HCM_A,2025-12-21,IT,Individual Contributor,true,true,true,true,true,false,not_applicable,true,true,,ACP002113,Sales,Commercial Planning,Permanent,2022-01-14,,,,HCM_A,2025-12-21,,,2114
ACP002114,RO,Sales,Commercial Planning,Individual Contributor,Permanent,2023-05-19,2024-10-06,Voluntary,false,HCM_A,2025-12-22,RO,Individual Contributor,true,true,true,true,true,false,false,true,true,,ACP002114,Sales,Commercial Planning,Permanent,2023-05-19,2024-10-06,Voluntary,false,HCM_A,2025-12-22,,,2115
ACP002115,RO,Sales,Commercial Planning,Individual Contributor,Permanent,2024-10-13,,,,HCM_B,2025-12-23,RO,Individual Contributor,true,true,true,true,true,false,not_applicable,true,true,,ACP002115,Sales,Commercial Planning,Permanent,2024-10-13,,,,HCM_B,2025-12-23,,,2116
ACP002116,BG,Digital,Data,Individual Contributor,Permanent,2022-02-02,,,,HCM_A,2025-12-24,BG,Individual Contributor,true,true,true,true,true,false,not_applicable,true,true,,ACP002116,Digital,Data,Permanent,2022-02-02,,,,HCM_A,2025-12-24,,,2117
ACP002117,BG,Finance,FP&A,Manager,Fixed Term,2021-03-31,,,,HCM_A,2025-12-25,BG,Manager,true,true,true,true,true,false,not_applicable,true,true,,ACP002117,Finance,FP&A,Fixed Term,2021-03-31,,,,HCM_A,2025-12-25,,,2118
ACP002118,IE,Supply Chain,Logistics,Individual Contributor,Permanent,2020-10-30,,,,HCM_A,2025-12-26,IE,Individual Contributor,true,true,true,true,true,false,not_applicable,true,true,,ACP002118,Supply Chain,Logistics,Permanent,2020-10-30,,,,HCM_A,2025-12-26,,,2119
ACP002119,RO,Sales,Key Accounts,Manager,Permanent,2024-04-23,2025-05-26,End of Contract,false,HCM_A,2025-12-27,RO,Manager,true,true,true,true,true,false,false,true,true,,ACP002119,Sales,Key Accounts,Permanent,2024-04-23,2025-05-26,End of Contract,false,HCM_A,2025-12-27,,,2120
ACP002120,PL,Finance,Accounting,Senior Leader,Permanent,2024-10-01,2025-09-21,Voluntary,false,HCM_B,2025-12-28,PL,Senior Leader,true,true,true,true,true,true,false,true,true,,ACP002120,Finance,Accounting,Permanent,2024-10-01,2025-09-21,Voluntary,false,HCM_B,2025-12-28,,,2121
ACP002121,BG,Finance,Controls,Individual Contributor,Permanent,2024-01-25,2024-03-18,End of Contract,false,HCM_A,2025-12-29,BG,Individual Contributor,true,true,true,true,true,false,false,true,true,,ACP002121,Finance,Controls,Permanent,2024-01-25,2024-03-18,End of Contract,false,HCM_A,2025-12-29,,,2122
ACP002122,IT,Digital,Product,Manager,Fixed Term,2025-02-13,,,,HCM_A,2025-12-30,IT,Manager,true,true,true,true,true,false,not_applicable,true,false,,ACP002122,Digital,Product,Fixed Term,2025-02-13,,,,HCM_A,2025-12-30,,,2123
ACP002123,IE,Finance,Controls,Individual Contributor,Permanent,2020-02-12,,,,HCM_A,2025-12-31,IE,Individual Contributor,true,true,true,true,true,false,not_applicable,true,true,,ACP002123,Finance,Controls,Permanent,2020-02-12,,,,HCM_A,2025-12-31,,,2124
ACP002124,PL,Digital,Data,Manager,Fixed Term,2022-09-11,,,,HCM_A,2025-12-20,PL,Manager,true,true,true,true,true,false,not_applicable,true,true,,ACP002124,Digital,Data,Fixed Term,2022-09-11,,,,HCM_A,2025-12-20,,,2125
ACP002125,IT,Finance,Controls,Manager,Permanent,2022-07-18,,,,HCM_B,2025-12-21,IT,Manager,true,true,true,true,true,false,not_applicable,true,true,,ACP002125,Finance,Controls,Permanent,2022-07-18,,,,HCM_B,2025-12-21,,,2126
ACP002126,IE,Finance,Accounting,Manager,Fixed Term,2021-12-24,,,,HCM_A,2025-12-22,IE,Manager,true,true,true,true,true,false,not_applicable,true,true,,ACP002126,Finance,Accounting,Fixed Term,2021-12-24,,,,HCM_A,2025-12-22,,,2127
ACP002127,BG,Supply Chain,Procurement,Individual Contributor,Permanent,2020-04-06,,,,HCM_A,2025-12-23,BG,Individual Contributor,true,true,true,true,true,false,not_applicable,true,true,,ACP002127,Supply Chain,Procurement,Permanent,2020-04-06,,,,HCM_A,2025-12-23,,,2128
ACP002128,RO,Sales,Commercial Planning,Individual Contributor,Permanent,2024-01-02,2024-02-15,Involuntary,false,HCM_A,2025-12-24,RO,Individual Contributor,true,true,true,true,true,false,false,true,true,,ACP002128,Sales,Commercial Planning,Permanent,2024-01-02,2024-02-15,Involuntary,false,HCM_A,2025-12-24,,,2129
ACP002129,PL,Supply Chain,Manufacturing,Individual Contributor,Permanent,2025-01-21,,,,HCM_A,2025-12-25,PL,Individual Contributor,true,true,true,true,true,false,not_applicable,true,false,,ACP002129,Supply Chain,Manufacturing,Permanent,2025-01-21,,,,HCM_A,2025-12-25,,,2130
ACP002130,GR,Digital,Software,Individual Contributor,Permanent,2024-12-27,,,,HCM_B,2025-12-26,GR,Individual Contributor,true,true,true,true,true,false,not_applicable,true,true,,ACP002130,Digital,Software,Permanent,2024-12-27,,,,HCM_B,2025-12-26,,,2131
ACP002131,GR,Finance,FP&A,Individual Contributor,Permanent,2025-11-04,,,,HCM_A,2025-12-27,GR,Individual Contributor,true,true,true,true,true,false,not_applicable,false,false,,ACP002131,Finance,FP&A,Permanent,2025-11-04,,,,HCM_A,2025-12-27,,,2132
ACP002132,IT,Supply Chain,Manufacturing,Manager,Permanent,2021-03-08,,,,HCM_A,2025-12-28,IT,Manager,true,true,true,true,true,false,not_applicable,true,true,,ACP002132,Supply Chain,Manufacturing,Permanent,2021-03-08,,,,HCM_A,2025-12-28,,,2133
ACP002133,RO,Supply Chain,Procurement,Manager,Fixed Term,2020-03-15,,,,HCM_A,2025-12-29,RO,Manager,true,true,true,true,true,false,not_applicable,true,true,,ACP002133,Supply Chain,Procurement,Fixed Term,2020-03-15,,,,HCM_A,2025-12-29,,,2134
ACP002134,GR,Supply Chain,Procurement,Senior Leader,Fixed Term,2022-04-04,,,,HCM_A,2025-12-30,GR,Senior Leader,true,true,true,true,true,true,not_applicable,true,true,,ACP002134,Supply Chain,Procurement,Fixed Term,2022-04-04,,,,HCM_A,2025-12-30,,,2135
ACP002135,RO,Digital,Software,Manager,Permanent,2023-05-19,2023-09-18,Voluntary,true,HCM_B,2025-12-31,RO,Manager,true,true,true,true,true,false,true,true,true,,ACP002135,Digital,Software,Permanent,2023-05-19,2023-09-18,Voluntary,true,HCM_B,2025-12-31,,,2136
ACP002136,IT,Supply Chain,Manufacturing,Manager,Fixed Term,2021-10-10,,,,HCM_A,2025-12-20,IT,Manager,true,true,true,true,true,false,not_applicable,true,true,,ACP002136,Supply Chain,Manufacturing,Fixed Term,2021-10-10,,,,HCM_A,2025-12-20,,,2137
ACP002137,IT,Finance,Controls,Individual Contributor,Permanent,2025-08-24,,,,HCM_A,2025-12-21,IT,Individual Contributor,true,true,true,true,true,false,not_applicable,false,false,,ACP002137,Finance,Controls,Permanent,2025-08-24,,,,HCM_A,2025-12-21,,,2138
ACP002138,RO,Sales,Key Accounts,Manager,Permanent,2022-01-17,2023-01-31,Voluntary,true,HCM_A,2025-12-22,RO,Manager,true,true,true,true,true,false,true,true,true,,ACP002138,Sales,Key Accounts,Permanent,2022-01-17,2023-01-31,Voluntary,true,HCM_A,2025-12-22,,,2139
ACP002139,IT,Digital,Software,Individual Contributor,Permanent,2022-01-15,,,,HCM_A,2025-12-23,IT,Individual Contributor,true,true,true,true,true,false,not_applicable,true,true,,ACP002139,Digital,Software,Permanent,2022-01-15,,,,HCM_A,2025-12-23,,,2140
ACP002140,RO,Sales,Commercial Planning,Individual Contributor,Permanent,2022-04-18,2022-12-15,Involuntary,false,HCM_B,2025-12-24,RO,Individual Contributor,true,true,true,true,true,false,false,true,true,,ACP002140,Sales,Commercial Planning,Permanent,2022-04-18,2022-12-15,Involuntary,false,HCM_B,2025-12-24,,,2141
ACP002141,RO,Digital,Data,Manager,Permanent,2020-02-22,,,,HCM_A,2025-12-25,RO,Manager,true,true,true,true,true,false,not_applicable,true,true,,ACP002141,Digital,Data,Permanent,2020-02-22,,,,HCM_A,2025-12-25,,,2142
ACP002142,GR,Sales,Key Accounts,Individual Contributor,Permanent,2023-05-18,,,,HCM_A,2025-12-26,GR,Individual Contributor,true,true,true,true,true,false,not_applicable,true,true,,ACP002142,Sales,Key Accounts,Permanent,2023-05-18,,,,HCM_A,2025-12-26,,,2143
ACP002143,IT,Sales,Field Sales,Individual Contributor,Permanent,2024-05-02,,,,HCM_A,2025-12-27,IT,Individual Contributor,true,true,true,true,true,false,not_applicable,true,true,,ACP002143,Sales,Field Sales,Permanent,2024-05-02,,,,HCM_A,2025-12-27,,,2144
ACP002144,PL,Supply Chain,Logistics,Individual Contributor,Permanent,2021-10-23,,,,HCM_A,2025-12-28,PL,Individual Contributor,true,true,true,true,true,false,not_applicable,true,true,,ACP002144,Supply Chain,Logistics,Permanent,2021-10-23,,,,HCM_A,2025-12-28,,,2145
ACP002145,IT,Sales,Commercial Planning,Manager,Permanent,2023-04-22,,,,HCM_B,2025-12-29,IT,Manager,true,true,true,true,true,false,not_applicable,true,true,,ACP002145,Sales,Commercial Planning,Permanent,2023-04-22,,,,HCM_B,2025-12-29,,,2146
ACP002146,IE,Sales,Key Accounts,Individual Contributor,Permanent,2023-11-15,,,,HCM_A,2025-12-30,IE,Individual Contributor,true,true,true,true,true,false,not_applicable,true,true,,ACP002146,Sales,Key Accounts,Permanent,2023-11-15,,,,HCM_A,2025-12-30,,,2147
ACP002147,BG,Finance,Accounting,Individual Contributor,Permanent,2025-07-30,,,,HCM_A,2025-12-31,BG,Individual Contributor,true,true,true,true,true,false,not_applicable,false,false,,ACP002147,Finance,Accounting,Permanent,2025-07-30,,,,HCM_A,2025-12-31,,,2148
ACP002148,GR,Digital,Product,Individual Contributor,Permanent,2022-01-22,2022-03-10,Voluntary,true,HCM_A,2025-12-20,GR,Individual Contributor,true,true,true,true,true,false,true,true,true,,ACP002148,Digital,Product,Permanent,2022-01-22,2022-03-10,Voluntary,true,HCM_A,2025-12-20,,,2149
ACP002149,PL,Digital,Software,Individual Contributor,Fixed Term,2024-10-06,,,,HCM_A,2025-12-21,PL,Individual Contributor,true,true,true,true,true,false,not_applicable,true,true,,ACP002149,Digital,Software,Fixed Term,2024-10-06,,,,HCM_A,2025-12-21,,,2150
ACP002150,PL,Sales,Field Sales,Individual Contributor,Permanent,2025-04-06,,,,HCM_B,2025-12-22,PL,Individual Contributor,true,true,true,true,true,false,not_applicable,true,false,,ACP002150,Sales,Field Sales,Permanent,2025-04-06,,,,HCM_B,2025-12-22,,,2151
ACP002151,GR,Digital,Data,Individual Contributor,Permanent,2021-05-24,,,,HCM_A,2025-12-23,GR,Individual Contributor,true,true,true,true,true,false,not_applicable,true,true,,ACP002151,Digital,Data,Permanent,2021-05-24,,,,HCM_A,2025-12-23,,,2152
ACP002152,BG,Supply Chain,Logistics,Individual Contributor,Permanent,2021-12-26,,,,HCM_A,2025-12-24,BG,Individual Contributor,true,true,true,true,true,false,not_applicable,true,true,,ACP002152,Supply Chain,Logistics,Permanent,2021-12-26,,,,HCM_A,2025-12-24,,,2153
ACP002153,IT,Finance,FP&A,Manager,Fixed Term,2025-09-22,,,,HCM_A,2025-12-25,IT,Manager,true,true,true,true,true,false,not_applicable,false,false,,ACP002153,Finance,FP&A,Fixed Term,2025-09-22,,,,HCM_A,2025-12-25,,,2154
ACP002154,PL,Sales,Commercial Planning,Manager,Permanent,2023-06-26,,,,HCM_A,2025-12-26,PL,Manager,true,true,true,true,true,false,not_applicable,true,true,,ACP002154,Sales,Commercial Planning,Permanent,2023-06-26,,,,HCM_A,2025-12-26,,,2155
ACP002155,IT,Sales,Commercial Planning,Individual Contributor,Permanent,2023-12-21,2024-03-13,End of Contract,false,HCM_B,2025-12-27,IT,Individual Contributor,true,true,true,true,true,false,false,true,true,,ACP002155,Sales,Commercial Planning,Permanent,2023-12-21,2024-03-13,End of Contract,false,HCM_B,2025-12-27,,,2156
ACP002156,PL,Supply Chain,Logistics,Manager,Fixed Term,2021-01-25,,,,HCM_A,2025-12-28,PL,Manager,true,true,true,true,true,false,not_applicable,true,true,,ACP002156,Supply Chain,Logistics,Fixed Term,2021-01-25,,,,HCM_A,2025-12-28,,,2157
ACP002157,GR,Digital,Software,Individual Contributor,Permanent,2021-09-02,2025-12-23,Voluntary,false,HCM_A,2025-12-29,GR,Individual Contributor,true,true,true,true,true,false,false,true,true,,ACP002157,Digital,Software,Permanent,2021-09-02,2025-12-23,Voluntary,false,HCM_A,2025-12-29,,,2158
ACP002158,IE,Finance,FP&A,Senior Leader,Fixed Term,2023-01-31,,,,HCM_A,2025-12-30,IE,Senior Leader,true,true,true,true,true,true,not_applicable,true,true,,ACP002158,Finance,FP&A,Fixed Term,2023-01-31,,,,HCM_A,2025-12-30,,,2159
ACP002159,PL,Finance,Accounting,Individual Contributor,Permanent,2021-02-02,,,,HCM_A,2025-12-31,PL,Individual Contributor,true,true,true,true,true,false,not_applicable,true,true,,ACP002159,Finance,Accounting,Permanent,2021-02-02,,,,HCM_A,2025-12-31,,,2160
ACP002160,GR,Digital,Product,Senior Leader,Permanent,2022-10-14,,,,HCM_B,2025-12-20,GR,Senior Leader,true,true,true,true,true,true,not_applicable,true,true,,ACP002160,Digital,Product,Permanent,2022-10-14,,,,HCM_B,2025-12-20,,,2161
ACP002161,GR,Sales,Key Accounts,Individual Contributor,Permanent,2023-08-20,2025-04-20,Voluntary,false,HCM_A,2025-12-21,GR,Individual Contributor,true,true,true,true,true,false,false,true,true,,ACP002161,Sales,Key Accounts,Permanent,2023-08-20,2025-04-20,Voluntary,false,HCM_A,2025-12-21,,,2162
ACP002162,BG,Finance,FP&A,Individual Contributor,Permanent,2025-06-08,,,,HCM_A,2025-12-22,BG,Individual Contributor,true,true,true,true,true,false,not_applicable,true,false,,ACP002162,Finance,FP&A,Permanent,2025-06-08,,,,HCM_A,2025-12-22,,,2163
ACP002163,IT,Supply Chain,Manufacturing,Senior Leader,Fixed Term,2021-09-06,,,,HCM_A,2025-12-23,IT,Senior Leader,true,true,true,true,true,true,not_applicable,true,true,,ACP002163,Supply Chain,Manufacturing,Fixed Term,2021-09-06,,,,HCM_A,2025-12-23,,,2164
ACP002164,BG,Digital,Data,Senior Leader,Permanent,2022-09-24,,,,HCM_A,2025-12-24,BG,Senior Leader,true,true,true,true,true,true,not_applicable,true,true,,ACP002164,Digital,Data,Permanent,2022-09-24,,,,HCM_A,2025-12-24,,,2165
ACP002165,BG,Sales,Commercial Planning,Senior Leader,Permanent,2021-07-01,,,,HCM_B,2025-12-25,BG,Senior Leader,true,true,true,true,true,true,not_applicable,true,true,,ACP002165,Sales,Commercial Planning,Permanent,2021-07-01,,,,HCM_B,2025-12-25,,,2166
ACP002166,RO,Finance,Controls,Individual Contributor,Permanent,2022-09-06,,,,HCM_A,2025-12-26,RO,Individual Contributor,true,true,true,true,true,false,not_applicable,true,true,,ACP002166,Finance,Controls,Permanent,2022-09-06,,,,HCM_A,2025-12-26,,,2167
ACP002167,RO,Sales,Commercial Planning,Manager,Permanent,2024-08-27,,,,HCM_A,2025-12-27,RO,Manager,true,true,true,true,true,false,not_applicable,true,true,,ACP002167,Sales,Commercial Planning,Permanent,2024-08-27,,,,HCM_A,2025-12-27,,,2168
ACP002168,PL,Digital,Data,Individual Contributor,Fixed Term,2020-10-26,,,,HCM_A,2025-12-28,PL,Individual Contributor,true,true,true,true,true,false,not_applicable,true,true,,ACP002168,Digital,Data,Fixed Term,2020-10-26,,,,HCM_A,2025-12-28,,,2169
ACP002169,GR,Sales,Key Accounts,Individual Contributor,Permanent,2025-07-08,,,,HCM_A,2025-12-29,GR,Individual Contributor,true,true,true,true,true,false,not_applicable,false,false,,ACP002169,Sales,Key Accounts,Permanent,2025-07-08,,,,HCM_A,2025-12-29,,,2170
ACP002170,IE,Digital,Software,Senior Leader,Fixed Term,2021-02-23,,,,HCM_B,2025-12-30,IE,Senior Leader,true,true,true,true,true,true,not_applicable,true,true,,ACP002170,Digital,Software,Fixed Term,2021-02-23,,,,HCM_B,2025-12-30,,,2171
ACP002171,IT,Digital,Software,Manager,Fixed Term,2020-04-19,,,,HCM_A,2025-12-31,IT,Manager,true,true,true,true,true,false,not_applicable,true,true,,ACP002171,Digital,Software,Fixed Term,2020-04-19,,,,HCM_A,2025-12-31,,,2172
ACP002172,RO,Digital,Product,Individual Contributor,Permanent,2022-08-10,,,,HCM_A,2025-12-20,RO,Individual Contributor,true,true,true,true,true,false,not_applicable,true,true,,ACP002172,Digital,Product,Permanent,2022-08-10,,,,HCM_A,2025-12-20,,,2173
ACP002173,BG,Digital,Data,Individual Contributor,Permanent,2021-10-27,,,,HCM_A,2025-12-21,BG,Individual Contributor,true,true,true,true,true,false,not_applicable,true,true,,ACP002173,Digital,Data,Permanent,2021-10-27,,,,HCM_A,2025-12-21,,,2174
ACP002174,IE,Supply Chain,Manufacturing,Manager,Permanent,2022-06-29,,,,HCM_A,2025-12-22,IE,Manager,true,true,true,true,true,false,not_applicable,true,true,,ACP002174,Supply Chain,Manufacturing,Permanent,2022-06-29,,,,HCM_A,2025-12-22,,,2175
ACP002175,PL,Digital,Data,Individual Contributor,Fixed Term,2020-11-01,2020-12-26,Voluntary,true,HCM_B,2025-12-23,PL,Individual Contributor,true,true,true,true,true,false,true,true,true,,ACP002175,Digital,Data,Fixed Term,2020-11-01,2020-12-26,Voluntary,true,HCM_B,2025-12-23,,,2176
ACP002176,GR,Sales,Commercial Planning,Individual Contributor,Permanent,2021-11-09,,,,HCM_A,2025-12-24,GR,Individual Contributor,true,true,true,true,true,false,not_applicable,true,true,,ACP002176,Sales,Commercial Planning,Permanent,2021-11-09,,,,HCM_A,2025-12-24,,,2177
ACP002177,RO,Supply Chain,Procurement,Individual Contributor,Fixed Term,2021-09-12,,,,HCM_A,2025-12-25,RO,Individual Contributor,true,true,true,true,true,false,not_applicable,true,true,,ACP002177,Supply Chain,Procurement,Fixed Term,2021-09-12,,,,HCM_A,2025-12-25,,,2178
ACP002178,IE,Supply Chain,Logistics,Manager,Permanent,2024-03-04,,,,HCM_A,2025-12-26,IE,Manager,true,true,true,true,true,false,not_applicable,true,true,,ACP002178,Supply Chain,Logistics,Permanent,2024-03-04,,,,HCM_A,2025-12-26,,,2179
ACP002179,IT,Finance,Controls,Manager,Permanent,2023-11-04,2025-05-22,Voluntary,false,HCM_A,2025-12-27,IT,Manager,true,true,true,true,true,false,false,true,true,,ACP002179,Finance,Controls,Permanent,2023-11-04,2025-05-22,Voluntary,false,HCM_A,2025-12-27,,,2180
ACP002180,PL,Digital,Data,Individual Contributor,Permanent,2020-10-12,,,,HCM_B,2025-12-28,PL,Individual Contributor,true,true,true,true,true,false,not_applicable,true,true,,ACP002180,Digital,Data,Permanent,2020-10-12,,,,HCM_B,2025-12-28,,,2181
ACP002181,RO,Digital,Software,Individual Contributor,Permanent,2024-04-20,,,,HCM_A,2025-12-29,RO,Individual Contributor,true,true,true,true,true,false,not_applicable,true,true,,ACP002181,Digital,Software,Permanent,2024-04-20,,,,HCM_A,2025-12-29,,,2182
ACP002182,GR,Sales,Field Sales,Individual Contributor,Permanent,2020-11-11,2020-12-18,Involuntary,false,HCM_A,2025-12-30,GR,Individual Contributor,true,true,true,true,true,false,false,true,true,,ACP002182,Sales,Field Sales,Permanent,2020-11-11,2020-12-18,Involuntary,false,HCM_A,2025-12-30,,,2183
ACP002183,GR,Digital,Data,Individual Contributor,Permanent,2020-04-16,,,,HCM_A,2025-12-31,GR,Individual Contributor,true,true,true,true,true,false,not_applicable,true,true,,ACP002183,Digital,Data,Permanent,2020-04-16,,,,HCM_A,2025-12-31,,,2184
ACP002184,IE,Finance,Controls,Manager,Permanent,2024-05-13,,,,HCM_A,2025-12-20,IE,Manager,true,true,true,true,true,false,not_applicable,true,true,,ACP002184,Finance,Controls,Permanent,2024-05-13,,,,HCM_A,2025-12-20,,,2185
ACP002185,BG,Digital,Software,Individual Contributor,Permanent,2023-01-25,,,,HCM_B,2025-12-21,BG,Individual Contributor,true,true,true,true,true,false,not_applicable,true,true,,ACP002185,Digital,Software,Permanent,2023-01-25,,,,HCM_B,2025-12-21,,,2186
ACP002186,PL,Digital,Product,Manager,Permanent,2022-03-29,,,,HCM_A,2025-12-22,PL,Manager,true,true,true,true,true,false,not_applicable,true,true,,ACP002186,Digital,Product,Permanent,2022-03-29,,,,HCM_A,2025-12-22,,,2187
ACP002187,BG,Supply Chain,Manufacturing,Senior Leader,Permanent,2024-11-01,,,,HCM_A,2025-12-23,BG,Senior Leader,true,true,true,true,true,true,not_applicable,true,true,,ACP002187,Supply Chain,Manufacturing,Permanent,2024-11-01,,,,HCM_A,2025-12-23,,,2188
ACP002188,RO,Sales,Commercial Planning,Manager,Permanent,2023-07-27,,,,HCM_A,2025-12-24,RO,Manager,true,true,true,true,true,false,not_applicable,true,true,,ACP002188,Sales,Commercial Planning,Permanent,2023-07-27,,,,HCM_A,2025-12-24,,,2189
ACP002189,RO,Digital,Software,Individual Contributor,Permanent,2021-08-10,2022-02-25,Involuntary,false,HCM_A,2025-12-25,RO,Individual Contributor,true,true,true,true,true,false,false,true,true,,ACP002189,Digital,Software,Permanent,2021-08-10,2022-02-25,Involuntary,false,HCM_A,2025-12-25,,,2190
ACP002190,BG,Supply Chain,Manufacturing,Manager,Permanent,2022-04-25,,,,HCM_B,2025-12-26,BG,Sr Mgmt,true,true,true,true,true,false,not_applicable,true,true,synthetic_source_recovered,ACP002190,Supply Chain,Manufacturing,Permanent,2022-04-25,,,,HCM_B,2025-12-26,career_level,verified_synthetic_generator_recovery,2191
ACP002191,IT,Digital,Product,Senior Leader,Permanent,2020-08-08,,,,HCM_A,2025-12-27,IT,Senior Leader,true,true,true,true,true,true,not_applicable,true,true,,ACP002191,Digital,Product,Permanent,2020-08-08,,,,HCM_A,2025-12-27,,,2192
ACP002192,RO,Finance,Controls,Manager,Permanent,2022-07-29,2022-11-08,Voluntary,true,HCM_A,2025-12-28,RO,Manager,true,true,true,true,true,false,true,true,true,,ACP002192,Finance,Controls,Permanent,2022-07-29,2022-11-08,Voluntary,true,HCM_A,2025-12-28,,,2193
ACP002193,IE,Finance,Accounting,Individual Contributor,Permanent,2022-07-26,2022-08-17,Involuntary,false,HCM_A,2025-12-29,IE,Individual Contributor,true,true,true,true,true,false,false,true,true,,ACP002193,Finance,Accounting,Permanent,2022-07-26,2022-08-17,Involuntary,false,HCM_A,2025-12-29,,,2194
ACP002194,RO,Digital,Product,Manager,Permanent,2020-11-09,2021-06-02,Voluntary,true,HCM_A,2025-12-30,RO,Manager,true,true,true,true,true,false,true,true,true,,ACP002194,Digital,Product,Permanent,2020-11-09,2021-06-02,Voluntary,true,HCM_A,2025-12-30,,,2195
ACP002195,GR,Sales,Key Accounts,Manager,Permanent,2020-11-12,,,,HCM_B,2025-12-31,GR,Manager,true,true,true,true,true,false,not_applicable,true,true,,ACP002195,Sales,Key Accounts,Permanent,2020-11-12,,,,HCM_B,2025-12-31,,,2196
ACP002196,PL,Supply Chain,Logistics,Manager,Permanent,2021-11-13,,,,HCM_A,2025-12-20,PL,Manager,true,true,true,true,true,false,not_applicable,true,true,,ACP002196,Supply Chain,Logistics,Permanent,2021-11-13,,,,HCM_A,2025-12-20,,,2197
ACP002197,GR,Finance,Accounting,Individual Contributor,Permanent,2020-01-29,,,,HCM_A,2025-12-21,GR,Individual Contributor,true,true,true,true,true,false,not_applicable,true,true,,ACP002197,Finance,Accounting,Permanent,2020-01-29,,,,HCM_A,2025-12-21,,,2198
ACP002198,GR,Sales,Key Accounts,Individual Contributor,Permanent,2023-06-01,2023-09-19,Voluntary,false,HCM_A,2025-12-22,GR,Individual Contributor,true,true,true,true,true,false,false,true,true,,ACP002198,Sales,Key Accounts,Permanent,2023-06-01,2023-09-19,Voluntary,false,HCM_A,2025-12-22,,,2199
ACP002199,GR,Finance,Controls,Individual Contributor,Fixed Term,2020-10-14,,,,HCM_A,2025-12-23,GR,Individual Contributor,true,true,true,true,true,false,not_applicable,true,true,,ACP002199,Finance,Controls,Fixed Term,2020-10-14,,,,HCM_A,2025-12-23,,,2200
ACP002200,GR,Finance,Controls,Individual Contributor,Permanent,2022-12-11,,,,HCM_B,2025-12-24,GR,Individual Contributor,true,true,true,true,true,false,not_applicable,true,true,,ACP002200,Finance,Controls,Permanent,2022-12-11,,,,HCM_B,2025-12-24,,,2201
ACP002201,IT,Finance,Accounting,Manager,Fixed Term,2024-08-13,2024-10-13,Voluntary,false,HCM_A,2025-12-25,IT,Manager,true,true,true,true,true,false,false,true,true,,ACP002201,Finance,Accounting,Fixed Term,2024-08-13,2024-10-13,Voluntary,false,HCM_A,2025-12-25,,,2202
ACP002202,GR,Finance,Accounting,Senior Leader,Permanent,2025-02-17,2025-07-30,Involuntary,false,HCM_A,2025-12-26,GR,Senior Leader,true,true,true,true,true,true,false,true,false,,ACP002202,Finance,Accounting,Permanent,2025-02-17,2025-07-30,Involuntary,false,HCM_A,2025-12-26,,,2203
ACP002203,IT,Finance,Controls,Individual Contributor,Permanent,2021-11-04,,,,HCM_A,2025-12-27,IT,Individual Contributor,true,true,true,true,true,false,not_applicable,true,true,,ACP002203,Finance,Controls,Permanent,2021-11-04,,,,HCM_A,2025-12-27,,,2204
ACP002204,BG,Sales,Commercial Planning,Individual Contributor,Permanent,2020-10-14,2024-02-03,Involuntary,false,HCM_A,2025-12-28,BG,Individual Contributor,true,true,true,true,true,false,false,true,true,,ACP002204,Sales,Commercial Planning,Permanent,2020-10-14,2024-02-03,Involuntary,false,HCM_A,2025-12-28,,,2205
ACP002205,RO,Sales,Key Accounts,Individual Contributor,Permanent,2022-09-27,2025-02-19,Voluntary,true,HCM_B,2025-12-29,RO,Individual Contributor,true,true,true,true,true,false,true,true,true,,ACP002205,Sales,Key Accounts,Permanent,2022-09-27,2025-02-19,Voluntary,true,HCM_B,2025-12-29,,,2206
ACP002206,IT,Sales,Field Sales,Manager,Permanent,2022-09-15,,,,HCM_A,2025-12-30,IT,Manager,true,true,true,true,true,false,not_applicable,true,true,,ACP002206,Sales,Field Sales,Permanent,2022-09-15,,,,HCM_A,2025-12-30,,,2207
ACP002207,RO,Sales,Key Accounts,Manager,Permanent,2021-11-15,,,,HCM_A,2025-12-31,RO,Manager,true,true,true,true,true,false,not_applicable,true,true,,ACP002207,Sales,Key Accounts,Permanent,2021-11-15,,,,HCM_A,2025-12-31,,,2208
ACP002208,IT,Supply Chain,Logistics,Individual Contributor,Permanent,2022-11-09,,,,HCM_A,2025-12-20,IT,Individual Contributor,true,true,true,true,true,false,not_applicable,true,true,,ACP002208,Supply Chain,Logistics,Permanent,2022-11-09,,,,HCM_A,2025-12-20,,,2209
ACP002209,RO,Sales,Key Accounts,Individual Contributor,Permanent,2023-11-29,2025-07-27,Voluntary,false,HCM_A,2025-12-21,RO,Individual Contributor,true,true,true,true,true,false,false,true,true,,ACP002209,Sales,Key Accounts,Permanent,2023-11-29,2025-07-27,Voluntary,false,HCM_A,2025-12-21,,,2210
ACP002210,BG,Digital,Product,Manager,Permanent,2020-08-23,,,,HCM_B,2025-12-22,BG,Manager,true,true,true,true,true,false,not_applicable,true,true,,ACP002210,Digital,Product,Permanent,2020-08-23,,,,HCM_B,2025-12-22,,,2211
ACP002211,IT,Finance,FP&A,Individual Contributor,Permanent,2023-07-03,2025-05-24,Involuntary,false,HCM_A,2025-12-23,IT,Individual Contributor,true,true,true,true,true,false,false,true,true,,ACP002211,Finance,FP&A,Permanent,2023-07-03,2025-05-24,Involuntary,false,HCM_A,2025-12-23,,,2212
ACP002212,IE,Supply Chain,Manufacturing,Manager,Permanent,2024-01-09,2024-10-24,Voluntary,false,HCM_A,2025-12-24,IE,Manager,true,true,true,true,true,false,false,true,true,,ACP002212,Supply Chain,Manufacturing,Permanent,2024-01-09,2024-10-24,Voluntary,false,HCM_A,2025-12-24,,,2213
ACP002213,BG,Digital,Product,Individual Contributor,Permanent,2022-05-25,2022-08-12,Voluntary,false,HCM_A,2025-12-25,BG,Individual Contributor,true,true,true,true,true,false,false,true,true,,ACP002213,Digital,Product,Permanent,2022-05-25,2022-08-12,Voluntary,false,HCM_A,2025-12-25,,,2214
ACP002214,IE,Digital,Data,Manager,Fixed Term,2021-02-17,,,,HCM_A,2025-12-26,IE,Manager,true,true,true,true,true,false,not_applicable,true,true,,ACP002214,Digital,Data,Fixed Term,2021-02-17,,,,HCM_A,2025-12-26,,,2215
ACP002215,RO,Finance,Controls,Individual Contributor,Permanent,2020-01-21,,,,HCM_B,2025-12-27,RO,Individual Contributor,true,true,true,true,true,false,not_applicable,true,true,,ACP002215,Finance,Controls,Permanent,2020-01-21,,,,HCM_B,2025-12-27,,,2216
ACP002216,PL,Supply Chain,Logistics,Manager,Permanent,2024-09-18,,,,HCM_A,2025-12-28,PL,Manager,true,true,true,true,true,false,not_applicable,true,true,,ACP002216,Supply Chain,Logistics,Permanent,2024-09-18,,,,HCM_A,2025-12-28,,,2217
ACP002217,BG,Finance,FP&A,Senior Leader,Permanent,2022-01-25,,,,HCM_A,2025-12-29,BG,Senior Leader,true,true,true,true,true,true,not_applicable,true,true,,ACP002217,Finance,FP&A,Permanent,2022-01-25,,,,HCM_A,2025-12-29,,,2218
ACP002218,BG,Finance,FP&A,Individual Contributor,Permanent,2025-09-18,,,,HCM_A,2025-12-30,BG,Individual Contributor,true,true,true,true,true,false,not_applicable,false,false,,ACP002218,Finance,FP&A,Permanent,2025-09-18,,,,HCM_A,2025-12-30,,,2219
ACP002219,IT,Supply Chain,Procurement,Individual Contributor,Permanent,2023-04-09,,,,HCM_A,2025-12-31,IT,Individual Contributor,true,true,true,true,true,false,not_applicable,true,true,,ACP002219,Supply Chain,Procurement,Permanent,2023-04-09,,,,HCM_A,2025-12-31,,,2220
ACP002220,IE,Digital,Data,Individual Contributor,Permanent,2025-10-25,,,,HCM_B,2025-12-20,IE,Individual Contributor,true,true,true,true,true,false,not_applicable,false,false,,ACP002220,Digital,Data,Permanent,2025-10-25,,,,HCM_B,2025-12-20,,,2221
ACP002221,IE,Digital,Software,Individual Contributor,Permanent,2021-12-02,2021-12-25,Voluntary,false,HCM_A,2025-12-21,IE,Individual Contributor,true,true,true,true,true,false,false,true,true,,ACP002221,Digital,Software,Permanent,2021-12-02,2021-12-25,Voluntary,false,HCM_A,2025-12-21,,,2222
ACP002222,BG,Sales,Key Accounts,Individual Contributor,Fixed Term,2023-11-02,,,,HCM_A,2025-12-22,BG,Individual Contributor,true,true,true,true,true,false,not_applicable,true,true,,ACP002222,Sales,Key Accounts,Fixed Term,2023-11-02,,,,HCM_A,2025-12-22,,,2223
ACP002223,BG,Supply Chain,Logistics,Senior Leader,Permanent,2022-02-04,,,,HCM_A,2025-12-23,BG,Senior Leader,true,true,true,true,true,true,not_applicable,true,true,,ACP002223,Supply Chain,Logistics,Permanent,2022-02-04,,,,HCM_A,2025-12-23,,,2224
ACP002224,IT,Finance,Controls,Manager,Permanent,2020-04-15,,,,HCM_A,2025-12-24,IT,Manager,true,true,true,true,true,false,not_applicable,true,true,,ACP002224,Finance,Controls,Permanent,2020-04-15,,,,HCM_A,2025-12-24,,,2225
ACP002225,IT,Supply Chain,Manufacturing,Individual Contributor,Permanent,2023-02-07,,,,HCM_B,2025-12-25,IT,Individual Contributor,true,true,true,true,true,false,not_applicable,true,true,synthetic_source_recovered,ACP002225,Supply Chain,Manufacturing,Permanent,2023-02-07,2023-05-08,,,HCM_B,2025-12-25,termination_date,verified_synthetic_generator_recovery,2226
ACP002226,IE,Finance,Controls,Individual Contributor,Permanent,2025-04-17,,,,HCM_A,2025-12-26,IE,Individual Contributor,true,true,true,true,true,false,not_applicable,true,false,,ACP002226,Finance,Controls,Permanent,2025-04-17,,,,HCM_A,2025-12-26,,,2227
ACP002227,IT,Digital,Software,Senior Leader,Permanent,2024-04-14,2025-04-15,Voluntary,true,HCM_A,2025-12-27,IT,Senior Leader,true,true,true,true,true,true,true,true,true,,ACP002227,Digital,Software,Permanent,2024-04-14,2025-04-15,Voluntary,true,HCM_A,2025-12-27,,,2228
ACP002228,IT,Digital,Software,Senior Leader,Permanent,2023-07-04,,,,HCM_A,2025-12-28,IT,Senior Leader,true,true,true,true,true,true,not_applicable,true,true,,ACP002228,Digital,Software,Permanent,2023-07-04,,,,HCM_A,2025-12-28,,,2229
ACP002229,PL,Supply Chain,Logistics,Senior Leader,Permanent,2021-12-06,2022-01-08,Voluntary,true,HCM_A,2025-12-29,PL,Senior Leader,true,true,true,true,true,true,true,true,true,,ACP002229,Supply Chain,Logistics,Permanent,2021-12-06,2022-01-08,Voluntary,true,HCM_A,2025-12-29,,,2230
ACP002230,IT,Finance,Controls,Individual Contributor,Permanent,2023-10-27,2024-04-29,Voluntary,true,HCM_B,2025-12-30,IT,Individual Contributor,true,true,true,true,true,false,true,true,true,,ACP002230,Finance,Controls,Permanent,2023-10-27,2024-04-29,Voluntary,true,HCM_B,2025-12-30,,,2231
ACP002231,BG,Finance,Accounting,Individual Contributor,Permanent,2022-04-20,,,,HCM_A,2025-12-31,BG,Individual Contributor,true,true,true,true,true,false,not_applicable,true,true,,ACP002231,Finance,Accounting,Permanent,2022-04-20,,,,HCM_A,2025-12-31,,,2232
ACP002232,RO,Digital,Software,Individual Contributor,Permanent,2022-10-27,2024-05-23,Involuntary,false,HCM_A,2025-12-20,RO,Individual Contributor,true,true,true,true,true,false,false,true,true,,ACP002232,Digital,Software,Permanent,2022-10-27,2024-05-23,Involuntary,false,HCM_A,2025-12-20,,,2233
ACP002233,PL,Finance,Controls,Senior Leader,Permanent,2020-10-29,,,,HCM_A,2025-12-21,PL,Senior Leader,true,true,true,true,true,true,not_applicable,true,true,,ACP002233,Finance,Controls,Permanent,2020-10-29,,,,HCM_A,2025-12-21,,,2234
ACP002234,IT,Digital,Data,Manager,Permanent,2025-10-13,,,,HCM_A,2025-12-22,IT,Manager,true,true,true,true,true,false,not_applicable,false,false,,ACP002234,Digital,Data,Permanent,2025-10-13,,,,HCM_A,2025-12-22,,,2235
ACP002235,IT,Digital,Data,Manager,Permanent,2022-08-25,,,,HCM_B,2025-12-23,IT,Manager,true,true,true,true,true,false,not_applicable,true,true,,ACP002235,Digital,Data,Permanent,2022-08-25,,,,HCM_B,2025-12-23,,,2236
ACP002236,BG,Finance,FP&A,Manager,Fixed Term,2020-10-23,,,,HCM_A,2025-12-24,BG,Manager,true,true,true,true,true,false,not_applicable,true,true,,ACP002236,Finance,FP&A,Fixed Term,2020-10-23,,,,HCM_A,2025-12-24,,,2237
ACP002237,RO,Digital,Software,Individual Contributor,Fixed Term,2020-01-12,,,,HCM_A,2025-12-25,RO,Individual Contributor,true,true,true,true,true,false,not_applicable,true,true,,ACP002237,Digital,Software,Fixed Term,2020-01-12,,,,HCM_A,2025-12-25,,,2238
ACP002238,RO,Finance,Accounting,Individual Contributor,Fixed Term,2023-01-15,2024-01-04,Voluntary,false,HCM_A,2025-12-26,RO,Individual Contributor,true,true,true,true,true,false,false,true,true,,ACP002238,Finance,Accounting,Fixed Term,2023-01-15,2024-01-04,Voluntary,false,HCM_A,2025-12-26,,,2239
ACP002239,GR,Sales,Commercial Planning,Senior Leader,Permanent,2023-09-28,,,,HCM_A,2025-12-27,GR,Senior Leader,true,true,true,true,true,true,not_applicable,true,true,,ACP002239,Sales,Commercial Planning,Permanent,2023-09-28,,,,HCM_A,2025-12-27,,,2240
ACP002240,GR,Digital,Software,Manager,Permanent,2023-08-12,,,,HCM_B,2025-12-28,GR,Manager,true,true,true,true,true,false,not_applicable,true,true,,ACP002240,Digital,Software,Permanent,2023-08-12,,,,HCM_B,2025-12-28,,,2241
ACP002241,IE,Supply Chain,Procurement,Manager,Permanent,2021-01-23,,,,HCM_A,2025-12-29,IE,Manager,true,true,true,true,true,false,not_applicable,true,true,,ACP002241,Supply Chain,Procurement,Permanent,2021-01-23,,,,HCM_A,2025-12-29,,,2242
ACP002242,IE,Digital,Product,Individual Contributor,Permanent,2024-07-13,,,,HCM_A,2025-12-30,IE,Individual Contributor,true,true,true,true,true,false,not_applicable,true,true,,ACP002242,Digital,Product,Permanent,2024-07-13,,,,HCM_A,2025-12-30,,,2243
ACP002243,IE,Sales,Field Sales,Individual Contributor,Permanent,2021-03-26,2021-05-30,End of Contract,false,HCM_A,2025-12-31,IE,Individual Contributor,true,true,true,true,true,false,false,true,true,,ACP002243,Sales,Field Sales,Permanent,2021-03-26,2021-05-30,End of Contract,false,HCM_A,2025-12-31,,,2244
ACP002244,GR,Digital,Data,Individual Contributor,Fixed Term,2022-04-20,,,,HCM_A,2025-12-20,GR,Individual Contributor,true,true,true,true,true,false,not_applicable,true,true,,ACP002244,Digital,Data,Fixed Term,2022-04-20,,,,HCM_A,2025-12-20,,,2245
ACP002245,RO,Finance,Accounting,Individual Contributor,Fixed Term,2024-12-17,,,,HCM_B,2025-12-21,RO,Individual Contributor,true,true,true,true,true,false,not_applicable,true,true,,ACP002245,Finance,Accounting,Fixed Term,2024-12-17,,,,HCM_B,2025-12-21,,,2246
ACP002246,RO,Finance,FP&A,Individual Contributor,Permanent,2023-05-14,,,,HCM_A,2025-12-22,RO,Individual Contributor,true,true,true,true,true,false,not_applicable,true,true,,ACP002246,Finance,FP&A,Permanent,2023-05-14,,,,HCM_A,2025-12-22,,,2247
ACP002247,IT,Supply Chain,Manufacturing,Manager,Fixed Term,2021-02-17,,,,HCM_A,2025-12-23,IT,Manager,true,true,true,true,true,false,not_applicable,true,true,,ACP002247,Supply Chain,Manufacturing,Fixed Term,2021-02-17,,,,HCM_A,2025-12-23,,,2248
ACP002248,BG,Finance,Controls,Senior Leader,Fixed Term,2025-03-24,,,,HCM_A,2025-12-24,BG,Senior Leader,true,true,true,true,true,true,not_applicable,true,false,,ACP002248,Finance,Controls,Fixed Term,2025-03-24,,,,HCM_A,2025-12-24,,,2249
ACP002249,GR,Sales,Field Sales,Senior Leader,Permanent,2021-05-26,,,,HCM_A,2025-12-25,GR,Senior Leader,true,true,true,true,true,true,not_applicable,true,true,,ACP002249,Sales,Field Sales,Permanent,2021-05-26,,,,HCM_A,2025-12-25,,,2250
ACP002250,GR,Supply Chain,Logistics,Manager,Permanent,2023-09-01,,,,HCM_B,2025-12-26,GR,Manager,true,true,true,true,true,false,not_applicable,true,true,,ACP002250,Supply Chain,Logistics,Permanent,2023-09-01,,,,HCM_B,2025-12-26,,,2251
ACP002251,GR,Finance,Accounting,Senior Leader,Permanent,2025-07-29,,,,HCM_A,2025-12-27,GR,Senior Leader,true,true,true,true,true,true,not_applicable,false,false,,ACP002251,Finance,Accounting,Permanent,2025-07-29,,,,HCM_A,2025-12-27,,,2252
ACP002252,BG,Digital,Software,Manager,Permanent,2021-05-25,,,,HCM_A,2025-12-28,BG,Manager,true,true,true,true,true,false,not_applicable,true,true,,ACP002252,Digital,Software,Permanent,2021-05-25,,,,HCM_A,2025-12-28,,,2253
ACP002253,PL,Sales,Commercial Planning,Individual Contributor,Permanent,2023-09-28,,,,HCM_A,2025-12-29,PL,Individual Contributor,true,true,true,true,true,false,not_applicable,true,true,,ACP002253,Sales,Commercial Planning,Permanent,2023-09-28,,,,HCM_A,2025-12-29,,,2254
ACP002254,BG,Sales,Field Sales,Senior Leader,Permanent,2021-01-05,,,,HCM_A,2025-12-30,BG,Senior Leader,true,true,true,true,true,true,not_applicable,true,true,,ACP002254,Sales,Field Sales,Permanent,2021-01-05,,,,HCM_A,2025-12-30,,,2255
ACP002255,IT,Finance,Controls,Manager,Fixed Term,2025-08-13,,,,HCM_B,2025-12-31,IT,Manager,true,true,true,true,true,false,not_applicable,false,false,,ACP002255,Finance,Controls,Fixed Term,2025-08-13,,,,HCM_B,2025-12-31,,,2256
ACP002256,GR,Finance,FP&A,Individual Contributor,Permanent,2023-11-07,,,,HCM_A,2025-12-20,GR,Individual Contributor,true,true,true,true,true,false,not_applicable,true,true,,ACP002256,Finance,FP&A,Permanent,2023-11-07,,,,HCM_A,2025-12-20,,,2257
ACP002257,RO,Digital,Product,Manager,Fixed Term,2021-03-15,,,,HCM_A,2025-12-21,RO,Manager,true,true,true,true,true,false,not_applicable,true,true,,ACP002257,Digital,Product,Fixed Term,2021-03-15,,,,HCM_A,2025-12-21,,,2258
ACP002258,BG,Sales,Key Accounts,Individual Contributor,Permanent,2024-12-14,2025-02-14,Voluntary,false,HCM_A,2025-12-22,BG,Individual Contributor,true,true,true,true,true,false,false,true,true,,ACP002258,Sales,Key Accounts,Permanent,2024-12-14,2025-02-14,Voluntary,false,HCM_A,2025-12-22,,,2259
ACP002259,PL,Finance,Accounting,Manager,Permanent,2023-10-26,,,,HCM_A,2025-12-23,PL,Manager,true,true,true,true,true,false,not_applicable,true,true,,ACP002259,Finance,Accounting,Permanent,2023-10-26,,,,HCM_A,2025-12-23,,,2260
ACP002260,RO,Sales,Field Sales,Individual Contributor,Permanent,2021-04-21,2021-05-31,Voluntary,false,HCM_B,2025-12-24,RO,Individual Contributor,true,true,true,true,true,false,false,true,true,,ACP002260,Sales,Field Sales,Permanent,2021-04-21,2021-05-31,Voluntary,false,HCM_B,2025-12-24,,,2261
ACP002261,IT,Supply Chain,Logistics,Individual Contributor,Permanent,2023-10-04,,,,HCM_A,2025-12-25,IT,Individual Contributor,true,true,true,true,true,false,not_applicable,true,true,,ACP002261,Supply Chain,Logistics,Permanent,2023-10-04,,,,HCM_A,2025-12-25,,,2262
ACP002262,PL,Finance,FP&A,Individual Contributor,Fixed Term,2022-08-09,,,,HCM_A,2025-12-26,PL,Individual Contributor,true,true,true,true,true,false,not_applicable,true,true,,ACP002262,Finance,FP&A,Fixed Term,2022-08-09,,,,HCM_A,2025-12-26,,,2263
ACP002263,IT,Supply Chain,Manufacturing,Manager,Permanent,2025-07-16,,,,HCM_A,2025-12-27,IT,Manager,true,true,true,true,true,false,not_applicable,false,false,,ACP002263,Supply Chain,Manufacturing,Permanent,2025-07-16,,,,HCM_A,2025-12-27,,,2264
ACP002264,IT,Digital,Software,Manager,Permanent,2025-05-01,,,,HCM_A,2025-12-28,IT,Manager,true,true,true,true,true,false,not_applicable,true,false,,ACP002264,Digital,Software,Permanent,2025-05-01,,,,HCM_A,2025-12-28,,,2265
ACP002265,IT,Finance,Controls,Individual Contributor,Fixed Term,2025-08-18,,,,HCM_B,2025-12-29,IT,Individual Contributor,true,true,true,true,true,false,not_applicable,false,false,,ACP002265,Finance,Controls,Fixed Term,2025-08-18,,,,HCM_B,2025-12-29,,,2266
ACP002266,BG,Sales,Commercial Planning,Manager,Permanent,2024-09-18,2025-10-17,Voluntary,false,HCM_A,2025-12-30,BG,Manager,true,true,true,true,true,false,false,true,true,,ACP002266,Sales,Commercial Planning,Permanent,2024-09-18,2025-10-17,Voluntary,false,HCM_A,2025-12-30,,,2267
ACP002267,PL,Finance,FP&A,Manager,Permanent,2021-07-27,,,,HCM_A,2025-12-31,PL,Manager,true,true,true,true,true,false,not_applicable,true,true,,ACP002267,Finance,FP&A,Permanent,2021-07-27,,,,HCM_A,2025-12-31,,,2268
ACP002268,IT,Finance,Accounting,Manager,Permanent,2023-09-25,,,,HCM_A,2025-12-20,IT,Manager,true,true,true,true,true,false,not_applicable,true,true,,ACP002268,Finance,Accounting,Permanent,2023-09-25,,,,HCM_A,2025-12-20,,,2269
ACP002269,BG,Digital,Product,Individual Contributor,Permanent,2024-04-01,,,,HCM_A,2025-12-21,BG,Individual Contributor,true,true,true,true,true,false,not_applicable,true,true,,ACP002269,Digital,Product,Permanent,2024-04-01,,,,HCM_A,2025-12-21,,,2270
ACP002270,GR,Digital,Product,Individual Contributor,Permanent,2022-12-24,,,,HCM_B,2025-12-22,GR,Individual Contributor,true,true,true,true,true,false,not_applicable,true,true,,ACP002270,Digital,Product,Permanent,2022-12-24,,,,HCM_B,2025-12-22,,,2271
ACP002271,IT,Finance,Accounting,Individual Contributor,Permanent,2023-05-13,,,,HCM_A,2025-12-23,IT,Individual Contributor,true,true,true,true,true,false,not_applicable,true,true,,ACP002271,Finance,Accounting,Permanent,2023-05-13,,,,HCM_A,2025-12-23,,,2272
ACP002272,GR,Finance,Accounting,Manager,Permanent,2023-04-20,,,,HCM_A,2025-12-24,GR,Manager,true,true,true,true,true,false,not_applicable,true,true,,ACP002272,Finance,Accounting,Permanent,2023-04-20,,,,HCM_A,2025-12-24,,,2273
ACP002273,IT,Sales,Field Sales,Manager,Permanent,2021-08-16,,,,HCM_A,2025-12-25,IT,Manager,true,true,true,true,true,false,not_applicable,true,true,,ACP002273,Sales,Field Sales,Permanent,2021-08-16,,,,HCM_A,2025-12-25,,,2274
ACP002274,BG,Supply Chain,Manufacturing,Manager,Permanent,2020-10-03,,,,HCM_A,2025-12-26,BG,Manager,true,true,true,true,true,false,not_applicable,true,true,,ACP002274,Supply Chain,Manufacturing,Permanent,2020-10-03,,,,HCM_A,2025-12-26,,,2275
ACP002275,GR,Sales,Field Sales,Manager,Permanent,2025-05-07,,,,HCM_B,2025-12-27,GR,Manager,true,true,true,true,true,false,not_applicable,true,false,,ACP002275,Sales,Field Sales,Permanent,2025-05-07,,,,HCM_B,2025-12-27,,,2276
ACP002276,RO,Digital,Product,Individual Contributor,Permanent,2024-07-29,2024-12-24,Voluntary,false,HCM_A,2025-12-28,RO,Individual Contributor,true,true,true,true,true,false,false,true,true,,ACP002276,Digital,Product,Permanent,2024-07-29,2024-12-24,Voluntary,false,HCM_A,2025-12-28,,,2277
ACP002277,RO,Digital,Software,Manager,Permanent,2024-07-17,2025-07-21,Voluntary,false,HCM_A,2025-12-29,RO,Manager,true,true,true,true,true,false,false,true,true,,ACP002277,Digital,Software,Permanent,2024-07-17,2025-07-21,Voluntary,false,HCM_A,2025-12-29,,,2278
ACP002278,GR,Digital,Software,Manager,Permanent,2023-04-29,2024-05-25,Voluntary,false,HCM_A,2025-12-30,GR,Manager,true,true,true,true,true,false,false,true,true,,ACP002278,Digital,Software,Permanent,2023-04-29,2024-05-25,Voluntary,false,HCM_A,2025-12-30,,,2279
ACP002279,PL,Supply Chain,Manufacturing,Senior Leader,Fixed Term,2025-11-28,,,,HCM_A,2025-12-31,PL,Senior Leader,true,true,true,true,true,true,not_applicable,false,false,,ACP002279,Supply Chain,Manufacturing,Fixed Term,2025-11-28,,,,HCM_A,2025-12-31,,,2280
ACP002280,IT,Digital,Software,Individual Contributor,Permanent,2025-03-21,,,,HCM_B,2025-12-20,IT,Individual Contributor,true,true,true,true,true,false,not_applicable,true,false,,ACP002280,Digital,Software,Permanent,2025-03-21,,,,HCM_B,2025-12-20,,,2281
ACP002281,BG,Sales,Field Sales,Individual Contributor,Permanent,2023-04-14,2025-09-23,End of Contract,false,HCM_A,2025-12-21,BG,Individual Contributor,true,true,true,true,true,false,false,true,true,,ACP002281,Sales,Field Sales,Permanent,2023-04-14,2025-09-23,End of Contract,false,HCM_A,2025-12-21,,,2282
ACP002282,IE,Sales,Field Sales,Individual Contributor,Permanent,2024-05-30,,,,HCM_A,2025-12-22,IE,Individual Contributor,true,true,true,true,true,false,not_applicable,true,true,,ACP002282,Sales,Field Sales,Permanent,2024-05-30,,,,HCM_A,2025-12-22,,,2283
ACP002283,RO,Supply Chain,Procurement,Individual Contributor,Permanent,2023-11-29,,,,HCM_A,2025-12-23,RO,Individual Contributor,true,true,true,true,true,false,not_applicable,true,true,,ACP002283,Supply Chain,Procurement,Permanent,2023-11-29,,,,HCM_A,2025-12-23,,,2284
ACP002284,PL,Supply Chain,Logistics,Manager,Fixed Term,2024-03-19,,,,HCM_A,2025-12-24,PL,Manager,true,true,true,true,true,false,not_applicable,true,true,,ACP002284,Supply Chain,Logistics,Fixed Term,2024-03-19,,,,HCM_A,2025-12-24,,,2285
ACP002285,PL,Supply Chain,Logistics,Individual Contributor,Fixed Term,2020-12-09,2021-04-24,Voluntary,false,HCM_B,2025-12-25,PL,Individual Contributor,true,true,true,true,true,false,false,true,true,,ACP002285,Supply Chain,Logistics,Fixed Term,2020-12-09,2021-04-24,Voluntary,false,HCM_B,2025-12-25,,,2286
ACP002286,IT,Supply Chain,Procurement,Individual Contributor,Permanent,2025-10-24,,,,HCM_A,2025-12-26,IT,Individual Contributor,true,true,true,true,true,false,not_applicable,false,false,,ACP002286,Supply Chain,Procurement,Permanent,2025-10-24,,,,HCM_A,2025-12-26,,,2287
ACP002287,IT,Supply Chain,Procurement,Individual Contributor,Permanent,2025-10-01,,,,HCM_A,2025-12-27,IT,Individual Contributor,true,true,true,true,true,false,not_applicable,false,false,,ACP002287,Supply Chain,Procurement,Permanent,2025-10-01,,,,HCM_A,2025-12-27,,,2288
ACP002288,BG,Supply Chain,Procurement,Manager,Permanent,2023-09-07,2025-06-30,Voluntary,false,HCM_A,2025-12-28,BG,Manager,true,true,true,true,true,false,false,true,true,,ACP002288,Supply Chain,Procurement,Permanent,2023-09-07,2025-06-30,Voluntary,false,HCM_A,2025-12-28,,,2289
ACP002289,GR,Finance,Accounting,Individual Contributor,Permanent,2022-06-20,,,,HCM_A,2025-12-29,GR,Individual Contributor,true,true,true,true,true,false,not_applicable,true,true,,ACP002289,Finance,Accounting,Permanent,2022-06-20,,,,HCM_A,2025-12-29,,,2290
ACP002290,GR,Digital,Data,Senior Leader,Permanent,2025-09-05,,,,HCM_B,2025-12-30,GR,Senior Leader,true,true,true,true,true,true,not_applicable,false,false,,ACP002290,Digital,Data,Permanent,2025-09-05,,,,HCM_B,2025-12-30,,,2291
ACP002291,IE,Sales,Commercial Planning,Senior Leader,Permanent,2022-12-09,2024-03-22,Voluntary,true,HCM_A,2025-12-31,IE,Senior Leader,true,true,true,true,true,true,true,true,true,,ACP002291,Sales,Commercial Planning,Permanent,2022-12-09,2024-03-22,Voluntary,true,HCM_A,2025-12-31,,,2292
ACP002292,IE,Supply Chain,Logistics,Individual Contributor,Permanent,2023-11-30,,,,HCM_A,2025-12-20,IE,Individual Contributor,true,true,true,true,true,false,not_applicable,true,true,,ACP002292,Supply Chain,Logistics,Permanent,2023-11-30,,,,HCM_A,2025-12-20,,,2293
ACP002293,PL,Supply Chain,Manufacturing,Manager,Permanent,2022-04-30,,,,HCM_A,2025-12-21,PL,Manager,true,true,true,true,true,false,not_applicable,true,true,,ACP002293,Supply Chain,Manufacturing,Permanent,2022-04-30,,,,HCM_A,2025-12-21,,,2294
ACP002294,IT,Sales,Key Accounts,Senior Leader,Permanent,2024-06-12,,,,HCM_A,2025-12-22,IT,Senior Leader,true,true,true,true,true,true,not_applicable,true,true,,ACP002294,Sales,Key Accounts,Permanent,2024-06-12,,,,HCM_A,2025-12-22,,,2295
ACP002295,RO,Supply Chain,Manufacturing,Manager,Permanent,2022-05-08,2023-01-28,Voluntary,false,HCM_B,2025-12-23,RO,Manager,true,true,true,true,true,false,false,true,true,,ACP002295,Supply Chain,Manufacturing,Permanent,2022-05-08,2023-01-28,Voluntary,false,HCM_B,2025-12-23,,,2296
ACP002296,RO,Finance,FP&A,Individual Contributor,Permanent,2024-03-20,,,,HCM_A,2025-12-24,RO,Individual Contributor,true,true,true,true,true,false,not_applicable,true,true,,ACP002296,Finance,FP&A,Permanent,2024-03-20,,,,HCM_A,2025-12-24,,,2297
ACP002297,BG,Sales,Field Sales,Senior Leader,Permanent,2023-06-03,2023-09-10,Voluntary,false,HCM_A,2025-12-25,BG,Senior Leader,true,true,true,true,true,true,false,true,true,,ACP002297,Sales,Field Sales,Permanent,2023-06-03,2023-09-10,Voluntary,false,HCM_A,2025-12-25,,,2298
ACP002298,GR,Sales,Key Accounts,Individual Contributor,Fixed Term,2025-10-09,,,,HCM_A,2025-12-26,GR,Individual Contributor,true,true,true,true,true,false,not_applicable,false,false,,ACP002298,Sales,Key Accounts,Fixed Term,2025-10-09,,,,HCM_A,2025-12-26,,,2299
ACP002299,PL,Finance,Controls,Manager,Permanent,2024-12-29,,,,HCM_A,2025-12-27,PL,Manager,true,true,true,true,true,false,not_applicable,true,true,,ACP002299,Finance,Controls,Permanent,2024-12-29,,,,HCM_A,2025-12-27,,,2300
ACP002300,IT,Finance,Controls,Manager,Fixed Term,2021-08-08,,,,HCM_B,2025-12-28,IT,Manager,true,true,true,true,true,false,not_applicable,true,true,,ACP002300,Finance,Controls,Fixed Term,2021-08-08,,,,HCM_B,2025-12-28,,,2301
ACP002301,IE,Sales,Key Accounts,Individual Contributor,Permanent,2025-05-16,2025-10-08,Involuntary,false,HCM_A,2025-12-29,IE,Individual Contributor,true,true,true,true,true,false,false,true,false,,ACP002301,Sales,Key Accounts,Permanent,2025-05-16,2025-10-08,Involuntary,false,HCM_A,2025-12-29,,,2302
ACP002302,IE,Finance,Controls,Individual Contributor,Permanent,2024-06-29,,,,HCM_A,2025-12-30,IE,Individual Contributor,true,true,true,true,true,false,not_applicable,true,true,,ACP002302,Finance,Controls,Permanent,2024-06-29,,,,HCM_A,2025-12-30,,,2303
ACP002303,IE,Digital,Product,Individual Contributor,Permanent,2020-05-25,2024-10-19,End of Contract,false,HCM_A,2025-12-31,IE,Individual Contributor,true,true,true,true,true,false,false,true,true,,ACP002303,Digital,Product,Permanent,2020-05-25,2024-10-19,End of Contract,false,HCM_A,2025-12-31,,,2304
ACP002304,IE,Finance,FP&A,Individual Contributor,Permanent,2022-09-12,2023-01-16,Voluntary,false,HCM_A,2025-12-20,IE,Individual Contributor,true,true,true,true,true,false,false,true,true,,ACP002304,Finance,FP&A,Permanent,2022-09-12,2023-01-16,Voluntary,false,HCM_A,2025-12-20,,,2305
ACP002305,GR,Finance,FP&A,Senior Leader,Permanent,2022-04-24,,,,HCM_B,2025-12-21,GR,Senior Leader,true,true,true,true,true,true,not_applicable,true,true,,ACP002305,Finance,FP&A,Permanent,2022-04-24,,,,HCM_B,2025-12-21,,,2306
ACP002306,PL,Digital,Product,Manager,Permanent,2023-02-19,,,,HCM_A,2025-12-22,PL,Manager,true,true,true,true,true,false,not_applicable,true,true,,ACP002306,Digital,Product,Permanent,2023-02-19,,,,HCM_A,2025-12-22,,,2307
ACP002307,PL,Finance,Controls,Individual Contributor,Permanent,2021-04-09,2021-05-27,Voluntary,false,HCM_A,2025-12-23,PL,Individual Contributor,true,true,true,true,true,false,false,true,true,,ACP002307,Finance,Controls,Permanent,2021-04-09,2021-05-27,Voluntary,false,HCM_A,2025-12-23,,,2308
ACP002308,GR,Sales,Key Accounts,Senior Leader,Fixed Term,2024-06-04,2025-02-10,Involuntary,false,HCM_A,2025-12-24,GR,Senior Leader,true,true,true,true,true,true,false,true,true,,ACP002308,Sales,Key Accounts,Fixed Term,2024-06-04,2025-02-10,Involuntary,false,HCM_A,2025-12-24,,,2309
ACP002309,RO,Digital,Product,Manager,Permanent,2025-08-03,,,,HCM_A,2025-12-25,RO,Manager,true,true,true,true,true,false,not_applicable,false,false,,ACP002309,Digital,Product,Permanent,2025-08-03,,,,HCM_A,2025-12-25,,,2310
ACP002310,BG,Supply Chain,Procurement,Individual Contributor,Permanent,2020-10-02,,,,HCM_B,2025-12-26,BG,Individual Contributor,true,true,true,true,true,false,not_applicable,true,true,,ACP002310,Supply Chain,Procurement,Permanent,2020-10-02,,,,HCM_B,2025-12-26,,,2311
ACP002311,BG,Digital,Product,Individual Contributor,Permanent,2021-05-02,2024-09-20,Voluntary,true,HCM_A,2025-12-27,BG,Individual Contributor,true,true,true,true,true,false,true,true,true,,ACP002311,Digital,Product,Permanent,2021-05-02,2024-09-20,Voluntary,true,HCM_A,2025-12-27,,,2312
ACP002312,PL,Sales,Commercial Planning,Manager,Fixed Term,2021-07-29,2024-06-16,Voluntary,false,HCM_A,2025-12-28,PL,Manager,true,true,true,true,true,false,false,true,true,,ACP002312,Sales,Commercial Planning,Fixed Term,2021-07-29,2024-06-16,Voluntary,false,HCM_A,2025-12-28,,,2313
ACP002313,RO,Supply Chain,Procurement,Senior Leader,Permanent,2022-10-31,,,,HCM_A,2025-12-29,RO,Senior Leader,true,true,true,true,true,true,not_applicable,true,true,,ACP002313,Supply Chain,Procurement,Permanent,2022-10-31,,,,HCM_A,2025-12-29,,,2314
ACP002314,BG,Sales,Commercial Planning,Manager,Permanent,2024-06-26,,,,HCM_A,2025-12-30,BG,Manager,true,true,true,true,true,false,not_applicable,true,true,,ACP002314,Sales,Commercial Planning,Permanent,2024-06-26,,,,HCM_A,2025-12-30,,,2315
ACP002315,RO,Finance,FP&A,Individual Contributor,Permanent,2023-02-18,,,,HCM_B,2025-12-31,RO,Individual Contributor,true,true,true,true,true,false,not_applicable,true,true,,ACP002315,Finance,FP&A,Permanent,2023-02-18,,,,HCM_B,2025-12-31,,,2316
ACP002316,PL,Digital,Data,Individual Contributor,Permanent,2022-05-25,2022-10-25,Voluntary,true,HCM_A,2025-12-20,PL,Individual Contributor,true,true,true,true,true,false,true,true,true,,ACP002316,Digital,Data,Permanent,2022-05-25,2022-10-25,Voluntary,true,HCM_A,2025-12-20,,,2317
ACP002317,IE,Supply Chain,Manufacturing,Manager,Permanent,2023-08-01,2025-09-13,Voluntary,true,HCM_A,2025-12-21,IE,Manager,true,true,true,true,true,false,true,true,true,,ACP002317,Supply Chain,Manufacturing,Permanent,2023-08-01,2025-09-13,Voluntary,true,HCM_A,2025-12-21,,,2318
ACP002318,PL,Digital,Data,Individual Contributor,Permanent,2024-05-01,,,,HCM_A,2025-12-22,PL,Individual Contributor,true,true,true,true,true,false,not_applicable,true,true,,ACP002318,Digital,Data,Permanent,2024-05-01,,,,HCM_A,2025-12-22,,,2319
ACP002319,IT,Finance,Accounting,Senior Leader,Permanent,2022-08-10,,,,HCM_A,2025-12-23,IT,Senior Leader,true,true,true,true,true,true,not_applicable,true,true,,ACP002319,Finance,Accounting,Permanent,2022-08-10,,,,HCM_A,2025-12-23,,,2320
ACP002320,IE,Supply Chain,Manufacturing,Individual Contributor,Permanent,2021-10-27,2022-04-28,Voluntary,true,HCM_B,2025-12-24,IE,Individual Contributor,true,true,true,true,true,false,true,true,true,,ACP002320,Supply Chain,Manufacturing,Permanent,2021-10-27,2022-04-28,Voluntary,true,HCM_B,2025-12-24,,,2321
ACP002321,GR,Finance,Controls,Manager,Permanent,2025-11-15,,,,HCM_A,2025-12-25,ROM,Manager,true,true,true,true,true,false,not_applicable,false,false,synthetic_source_recovered,ACP002321,Finance,Controls,Permanent,2025-11-15,,,,HCM_A,2025-12-25,country_code,verified_synthetic_generator_recovery,2322
ACP002322,BG,Digital,Software,Individual Contributor,Permanent,2023-12-10,,,,HCM_A,2025-12-26,BG,Individual Contributor,true,true,true,true,true,false,not_applicable,true,true,,ACP002322,Digital,Software,Permanent,2023-12-10,,,,HCM_A,2025-12-26,,,2323
ACP002323,PL,Digital,Software,Individual Contributor,Permanent,2020-07-08,,,,HCM_A,2025-12-27,PL,Individual Contributor,true,true,true,true,true,false,not_applicable,true,true,,ACP002323,Digital,Software,Permanent,2020-07-08,,,,HCM_A,2025-12-27,,,2324
ACP002324,RO,Supply Chain,Logistics,Manager,Permanent,2023-04-06,,,,HCM_A,2025-12-28,RO,Manager,true,true,true,true,true,false,not_applicable,true,true,,ACP002324,Supply Chain,Logistics,Permanent,2023-04-06,,,,HCM_A,2025-12-28,,,2325
ACP002325,GR,Supply Chain,Manufacturing,Senior Leader,Fixed Term,2023-06-15,,,,HCM_B,2025-12-29,GR,Senior Leader,true,true,true,true,true,true,not_applicable,true,true,,ACP002325,Supply Chain,Manufacturing,Fixed Term,2023-06-15,,,,HCM_B,2025-12-29,,,2326
ACP002326,GR,Digital,Software,Senior Leader,Permanent,2024-10-20,,,,HCM_A,2025-12-30,GR,Senior Leader,true,true,true,true,true,true,not_applicable,true,true,,ACP002326,Digital,Software,Permanent,2024-10-20,,,,HCM_A,2025-12-30,,,2327
ACP002327,RO,Supply Chain,Procurement,Senior Leader,Permanent,2023-01-21,,,,HCM_A,2025-12-31,RO,Senior Leader,true,true,true,true,true,true,not_applicable,true,true,,ACP002327,Supply Chain,Procurement,Permanent,2023-01-21,,,,HCM_A,2025-12-31,,,2328
ACP002328,BG,Finance,FP&A,Manager,Fixed Term,2020-03-14,,,,HCM_A,2025-12-20,BG,Manager,true,true,true,true,true,false,not_applicable,true,true,,ACP002328,Finance,FP&A,Fixed Term,2020-03-14,,,,HCM_A,2025-12-20,,,2329
ACP002329,RO,Finance,Controls,Individual Contributor,Permanent,2024-03-22,,,,HCM_A,2025-12-21,RO,Individual Contributor,true,true,true,true,true,false,not_applicable,true,true,,ACP002329,Finance,Controls,Permanent,2024-03-22,,,,HCM_A,2025-12-21,,,2330
ACP002330,RO,Finance,FP&A,Individual Contributor,Permanent,2023-03-15,2023-04-18,End of Contract,false,HCM_B,2025-12-22,RO,Individual Contributor,true,true,true,true,true,false,false,true,true,,ACP002330,Finance,FP&A,Permanent,2023-03-15,2023-04-18,End of Contract,false,HCM_B,2025-12-22,,,2331
ACP002331,IT,Digital,Data,Individual Contributor,Permanent,2021-09-28,2021-10-28,Voluntary,false,HCM_A,2025-12-23,IT,Individual Contributor,true,true,true,true,true,false,false,true,true,,ACP002331,Digital,Data,Permanent,2021-09-28,2021-10-28,Voluntary,false,HCM_A,2025-12-23,,,2332
ACP002332,BG,Finance,Controls,Individual Contributor,Permanent,2023-11-29,,,,HCM_A,2025-12-24,BG,Individual Contributor,true,true,true,true,true,false,not_applicable,true,true,,ACP002332,Finance,Controls,Permanent,2023-11-29,,,,HCM_A,2025-12-24,,,2333
ACP002333,PL,Finance,Accounting,Individual Contributor,Fixed Term,2024-07-11,,,,HCM_A,2025-12-25,PL,Individual Contributor,true,true,true,true,true,false,not_applicable,true,true,,ACP002333,Finance,Accounting,Fixed Term,2024-07-11,,,,HCM_A,2025-12-25,,,2334
ACP002334,PL,Digital,Software,Individual Contributor,Permanent,2020-10-31,,,,HCM_A,2025-12-26,PL,Individual Contributor,true,true,true,true,true,false,not_applicable,true,true,,ACP002334,Digital,Software,Permanent,2020-10-31,,,,HCM_A,2025-12-26,,,2335
ACP002335,IT,Digital,Data,Individual Contributor,Permanent,2025-09-16,,,,HCM_B,2025-12-27,IT,Individual Contributor,true,true,true,true,true,false,not_applicable,false,false,,ACP002335,Digital,Data,Permanent,2025-09-16,,,,HCM_B,2025-12-27,,,2336
ACP002336,IE,Supply Chain,Manufacturing,Manager,Permanent,2020-05-29,2020-11-10,Voluntary,true,HCM_A,2025-12-28,IE,Manager,true,true,true,true,true,false,true,true,true,,ACP002336,Supply Chain,Manufacturing,Permanent,2020-05-29,2020-11-10,Voluntary,true,HCM_A,2025-12-28,,,2337
ACP002337,GR,Finance,Accounting,Individual Contributor,Permanent,2021-05-16,,,,HCM_A,2025-12-29,GR,Individual Contributor,true,true,true,true,true,false,not_applicable,true,true,,ACP002337,Finance,Accounting,Permanent,2021-05-16,,,,HCM_A,2025-12-29,,,2338
ACP002338,BG,Supply Chain,Manufacturing,Individual Contributor,Permanent,2022-10-02,2024-02-07,Voluntary,true,HCM_A,2025-12-30,BG,Individual Contributor,true,true,true,true,true,false,true,true,true,,ACP002338,Supply Chain,Manufacturing,Permanent,2022-10-02,2024-02-07,Voluntary,true,HCM_A,2025-12-30,,,2339
ACP002339,IE,Supply Chain,Procurement,Individual Contributor,Permanent,2025-05-09,2025-11-17,Voluntary,false,HCM_A,2025-12-31,IE,Individual Contributor,true,true,true,true,true,false,false,true,false,,ACP002339,Supply Chain,Procurement,Permanent,2025-05-09,2025-11-17,Voluntary,false,HCM_A,2025-12-31,,,2340
ACP002340,IE,Finance,Controls,Individual Contributor,Permanent,2024-06-21,,,,HCM_B,2025-12-20,IE,Individual Contributor,true,true,true,true,true,false,not_applicable,true,true,,ACP002340,Finance,Controls,Permanent,2024-06-21,,,,HCM_B,2025-12-20,,,2341
ACP002341,GR,Supply Chain,Procurement,Individual Contributor,Permanent,2020-04-23,,,,HCM_A,2025-12-21,GR,Individual Contributor,true,true,true,true,true,false,not_applicable,true,true,,ACP002341,Supply Chain,Procurement,Permanent,2020-04-23,,,,HCM_A,2025-12-21,,,2342
ACP002342,PL,Finance,Accounting,Individual Contributor,Permanent,2022-05-08,2022-09-02,Involuntary,false,HCM_A,2025-12-22,PL,Individual Contributor,true,true,true,true,true,false,false,true,true,,ACP002342,Finance,Accounting,Permanent,2022-05-08,2022-09-02,Involuntary,false,HCM_A,2025-12-22,,,2343
ACP002343,PL,Digital,Product,Manager,Permanent,2023-04-16,,,,HCM_A,2025-12-23,PL,Manager,true,true,true,true,true,false,not_applicable,true,true,,ACP002343,Digital,Product,Permanent,2023-04-16,,,,HCM_A,2025-12-23,,,2344
ACP002344,IT,Digital,Data,Individual Contributor,Permanent,2025-10-21,,,,HCM_A,2025-12-24,IT,Individual Contributor,true,true,true,true,true,false,not_applicable,false,false,,ACP002344,Digital,Data,Permanent,2025-10-21,,,,HCM_A,2025-12-24,,,2345
ACP002345,BG,Finance,Controls,Individual Contributor,Permanent,2020-11-04,,,,HCM_B,2025-12-25,BG,Individual Contributor,true,true,true,true,true,false,not_applicable,true,true,,ACP002345,Finance,Controls,Permanent,2020-11-04,,,,HCM_B,2025-12-25,,,2346
ACP002346,GR,Digital,Software,Manager,Permanent,2022-09-24,,,,HCM_A,2025-12-26,GR,Manager,true,true,true,true,true,false,not_applicable,true,true,,ACP002346,Digital,Software,Permanent,2022-09-24,,,,HCM_A,2025-12-26,,,2347
ACP002347,GR,Sales,Commercial Planning,Individual Contributor,Permanent,2020-07-21,2021-03-10,Involuntary,false,HCM_A,2025-12-27,GR,Individual Contributor,true,true,true,true,true,false,false,true,true,,ACP002347,Sales,Commercial Planning,Permanent,2020-07-21,2021-03-10,Involuntary,false,HCM_A,2025-12-27,,,2348
ACP002348,RO,Digital,Software,Manager,Permanent,2023-05-11,2023-12-30,End of Contract,false,HCM_A,2025-12-28,RO,Manager,true,true,true,true,true,false,false,true,true,,ACP002348,Digital,Software,Permanent,2023-05-11,2023-12-30,End of Contract,false,HCM_A,2025-12-28,,,2349
ACP002349,RO,Sales,Key Accounts,Manager,Permanent,2022-10-18,,,,HCM_A,2025-12-29,RO,Manager,true,true,true,true,true,false,not_applicable,true,true,,ACP002349,Sales,Key Accounts,Permanent,2022-10-18,,,,HCM_A,2025-12-29,,,2350
ACP002350,IE,Supply Chain,Procurement,Individual Contributor,Fixed Term,2022-09-02,,,,HCM_B,2025-12-30,IE,Individual Contributor,true,true,true,true,true,false,not_applicable,true,true,,ACP002350,Supply Chain,Procurement,Fixed Term,2022-09-02,,,,HCM_B,2025-12-30,,,2351
ACP002351,IE,Finance,Controls,Manager,Permanent,2022-10-20,2023-08-07,Voluntary,true,HCM_A,2025-12-31,IE,Manager,true,true,true,true,true,false,true,true,true,,ACP002351,Finance,Controls,Permanent,2022-10-20,2023-08-07,Voluntary,true,HCM_A,2025-12-31,,,2352
ACP002352,PL,Finance,Controls,Individual Contributor,Permanent,2021-08-28,,,,HCM_A,2025-12-20,PL,Individual Contributor,true,true,true,true,true,false,not_applicable,true,true,,ACP002352,Finance,Controls,Permanent,2021-08-28,,,,HCM_A,2025-12-20,,,2353
ACP002353,RO,Digital,Data,Individual Contributor,Permanent,2024-02-24,2024-08-27,Voluntary,true,HCM_A,2025-12-21,RO,Individual Contributor,true,true,true,true,true,false,true,true,true,,ACP002353,Digital,Data,Permanent,2024-02-24,2024-08-27,Voluntary,true,HCM_A,2025-12-21,,,2354
ACP002354,GR,Finance,Controls,Senior Leader,Permanent,2023-06-24,,,,HCM_A,2025-12-22,GR,Senior Leader,true,true,true,true,true,true,not_applicable,true,true,,ACP002354,Finance,Controls,Permanent,2023-06-24,,,,HCM_A,2025-12-22,,,2355
ACP002355,IT,Sales,Commercial Planning,Individual Contributor,Fixed Term,2025-08-09,,,,HCM_B,2025-12-23,IT,Individual Contributor,true,true,true,true,true,false,not_applicable,false,false,,ACP002355,Sales,Commercial Planning,Fixed Term,2025-08-09,,,,HCM_B,2025-12-23,,,2356
ACP002356,RO,Digital,Software,Senior Leader,Permanent,2022-01-26,,,,HCM_A,2025-12-24,RO,Senior Leader,true,true,true,true,true,true,not_applicable,true,true,,ACP002356,Digital,Software,Permanent,2022-01-26,,,,HCM_A,2025-12-24,,,2357
ACP002357,IT,Sales,Key Accounts,Individual Contributor,Permanent,2023-04-09,,,,HCM_A,2025-12-25,IT,Individual Contributor,true,true,true,true,true,false,not_applicable,true,true,,ACP002357,Sales,Key Accounts,Permanent,2023-04-09,,,,HCM_A,2025-12-25,,,2358
ACP002358,RO,Sales,Field Sales,Individual Contributor,Permanent,2024-01-31,,,,HCM_A,2025-12-26,RO,Individual Contributor,true,true,true,true,true,false,not_applicable,true,true,,ACP002358,Sales,Field Sales,Permanent,2024-01-31,,,,HCM_A,2025-12-26,,,2359
ACP002359,PL,Finance,Controls,Manager,Fixed Term,2025-03-02,,,,HCM_A,2025-12-27,PL,Manager,true,true,true,true,true,false,not_applicable,true,false,,ACP002359,Finance,Controls,Fixed Term,2025-03-02,,,,HCM_A,2025-12-27,,,2360
ACP002360,PL,Sales,Field Sales,Individual Contributor,Permanent,2022-11-08,,,,HCM_B,2025-12-28,PL,Individual Contributor,true,true,true,true,true,false,not_applicable,true,true,,ACP002360,Sales,Field Sales,Permanent,2022-11-08,,,,HCM_B,2025-12-28,,,2361
ACP002361,IE,Finance,Accounting,Individual Contributor,Permanent,2022-08-31,,,,HCM_A,2025-12-29,IE,Individual Contributor,true,true,true,true,true,false,not_applicable,true,true,,ACP002361,Finance,Accounting,Permanent,2022-08-31,,,,HCM_A,2025-12-29,,,2362
ACP002362,GR,Supply Chain,Manufacturing,Manager,Permanent,2020-12-10,2025-03-18,End of Contract,false,HCM_A,2025-12-30,GR,Manager,true,true,true,true,true,false,false,true,true,,ACP002362,Supply Chain,Manufacturing,Permanent,2020-12-10,2025-03-18,End of Contract,false,HCM_A,2025-12-30,,,2363
ACP002363,IT,Sales,Commercial Planning,Senior Leader,Fixed Term,2024-06-19,,,,HCM_A,2025-12-31,IT,Senior Leader,true,true,true,true,true,true,not_applicable,true,true,,ACP002363,Sales,Commercial Planning,Fixed Term,2024-06-19,,,,HCM_A,2025-12-31,,,2364
ACP002364,IT,Digital,Data,Manager,Permanent,2022-01-09,,,,HCM_A,2025-12-20,IT,Manager,true,true,true,true,true,false,not_applicable,true,true,,ACP002364,Digital,Data,Permanent,2022-01-09,,,,HCM_A,2025-12-20,,,2365
ACP002365,GR,Supply Chain,Logistics,Individual Contributor,Fixed Term,2021-06-09,2021-10-08,Voluntary,true,HCM_B,2025-12-21,GR,Individual Contributor,true,true,true,true,true,false,true,true,true,,ACP002365,Supply Chain,Logistics,Fixed Term,2021-06-09,2021-10-08,Voluntary,true,HCM_B,2025-12-21,,,2366
ACP002366,IT,Digital,Software,Manager,Permanent,2020-04-14,,,,HCM_A,2025-12-22,IT,Manager,true,true,true,true,true,false,not_applicable,true,true,,ACP002366,Digital,Software,Permanent,2020-04-14,,,,HCM_A,2025-12-22,,,2367
ACP002367,GR,Finance,Controls,Manager,Permanent,2025-06-18,,,,HCM_A,2025-12-23,GR,Manager,true,true,true,true,true,false,not_applicable,true,false,,ACP002367,Finance,Controls,Permanent,2025-06-18,,,,HCM_A,2025-12-23,,,2368
ACP002368,IT,Finance,FP&A,Individual Contributor,Permanent,2025-02-05,,,,HCM_A,2025-12-24,IT,Individual Contributor,true,true,true,true,true,false,not_applicable,true,false,,ACP002368,Finance,FP&A,Permanent,2025-02-05,,,,HCM_A,2025-12-24,,,2369
ACP002369,RO,Sales,Key Accounts,Senior Leader,Permanent,2025-07-06,,,,HCM_A,2025-12-25,RO,Senior Leader,true,true,true,true,true,true,not_applicable,false,false,,ACP002369,Sales,Key Accounts,Permanent,2025-07-06,,,,HCM_A,2025-12-25,,,2370
ACP002370,GR,Supply Chain,Procurement,Individual Contributor,Permanent,2024-08-31,,,,HCM_B,2025-12-26,GR,Individual Contributor,true,true,true,true,true,false,not_applicable,true,true,,ACP002370,Supply Chain,Procurement,Permanent,2024-08-31,,,,HCM_B,2025-12-26,,,2371
ACP002371,IT,Digital,Data,Manager,Permanent,2024-09-25,,,,HCM_A,2025-12-27,IT,Manager,true,true,true,true,true,false,not_applicable,true,true,,ACP002371,Digital,Data,Permanent,2024-09-25,,,,HCM_A,2025-12-27,,,2372
ACP002372,GR,Supply Chain,Manufacturing,Individual Contributor,Fixed Term,2024-08-26,,,,HCM_A,2025-12-28,GR,Individual Contributor,true,true,true,true,true,false,not_applicable,true,true,,ACP002372,Supply Chain,Manufacturing,Fixed Term,2024-08-26,,,,HCM_A,2025-12-28,,,2373
ACP002373,BG,Supply Chain,Manufacturing,Individual Contributor,Permanent,2022-08-07,2023-02-03,Involuntary,false,HCM_A,2025-12-29,BG,Individual Contributor,true,true,true,true,true,false,false,true,true,,ACP002373,Supply Chain,Manufacturing,Permanent,2022-08-07,2023-02-03,Involuntary,false,HCM_A,2025-12-29,,,2374
ACP002374,BG,Supply Chain,Manufacturing,Individual Contributor,Fixed Term,2021-02-23,2025-04-08,Voluntary,false,HCM_A,2025-12-30,BG,Individual Contributor,true,true,true,true,true,false,false,true,true,,ACP002374,Supply Chain,Manufacturing,Fixed Term,2021-02-23,2025-04-08,Voluntary,false,HCM_A,2025-12-30,,,2375
ACP002375,GR,Supply Chain,Manufacturing,Individual Contributor,Permanent,2022-12-09,2023-03-12,Voluntary,false,HCM_B,2025-12-31,GR,Individual Contributor,true,true,true,true,true,false,false,true,true,,ACP002375,Supply Chain,Manufacturing,Permanent,2022-12-09,2023-03-12,Voluntary,false,HCM_B,2025-12-31,,,2376
ACP002376,BG,Digital,Data,Individual Contributor,Permanent,2021-11-22,2023-10-10,Voluntary,false,HCM_A,2025-12-20,BG,Individual Contributor,true,true,true,true,true,false,false,true,true,,ACP002376,Digital,Data,Permanent,2021-11-22,2023-10-10,Voluntary,false,HCM_A,2025-12-20,,,2377
ACP002377,IE,Sales,Key Accounts,Manager,Permanent,2023-12-14,2025-08-28,Voluntary,false,HCM_A,2025-12-21,IE,Manager,true,true,true,true,true,false,false,true,true,,ACP002377,Sales,Key Accounts,Permanent,2023-12-14,2025-08-28,Voluntary,false,HCM_A,2025-12-21,,,2378
ACP002378,BG,Supply Chain,Procurement,Manager,Permanent,2024-03-08,2025-08-17,Involuntary,false,HCM_A,2025-12-22,BG,Manager,true,true,true,true,true,false,false,true,true,,ACP002378,Supply Chain,Procurement,Permanent,2024-03-08,2025-08-17,Involuntary,false,HCM_A,2025-12-22,,,2379
ACP002379,PL,Finance,Accounting,Individual Contributor,Permanent,2020-04-01,,,,HCM_A,2025-12-23,PL,Individual Contributor,true,true,true,true,true,false,not_applicable,true,true,,ACP002379,Finance,Accounting,Permanent,2020-04-01,,,,HCM_A,2025-12-23,,,2380
ACP002380,GR,Supply Chain,Manufacturing,Individual Contributor,Permanent,2022-06-07,2023-09-08,Voluntary,false,HCM_B,2025-12-24,GR,Individual Contributor,true,true,true,true,true,false,false,true,true,,ACP002380,Supply Chain,Manufacturing,Permanent,2022-06-07,2023-09-08,Voluntary,false,HCM_B,2025-12-24,,,2381
ACP002381,RO,Sales,Key Accounts,Individual Contributor,Permanent,2024-02-27,,,,HCM_A,2025-12-25,RO,Individual Contributor,true,true,true,true,true,false,not_applicable,true,true,,ACP002381,Sales,Key Accounts,Permanent,2024-02-27,,,,HCM_A,2025-12-25,,,2382
ACP002382,IE,Supply Chain,Procurement,Senior Leader,Permanent,2020-02-14,2021-01-16,Voluntary,true,HCM_A,2025-12-26,IE,Senior Leader,true,true,true,true,true,true,true,true,true,,ACP002382,Supply Chain,Procurement,Permanent,2020-02-14,2021-01-16,Voluntary,true,HCM_A,2025-12-26,,,2383
ACP002383,IE,Sales,Key Accounts,Individual Contributor,Permanent,2022-12-16,,,,HCM_A,2025-12-27,IE,Individual Contributor,true,true,true,true,true,false,not_applicable,true,true,,ACP002383,Sales,Key Accounts,Permanent,2022-12-16,,,,HCM_A,2025-12-27,,,2384
ACP002384,GR,Supply Chain,Logistics,Senior Leader,Permanent,2025-06-27,,,,HCM_A,2025-12-28,GR,Senior Leader,true,true,true,true,true,true,not_applicable,true,false,,ACP002384,Supply Chain,Logistics,Permanent,2025-06-27,,,,HCM_A,2025-12-28,,,2385
ACP002385,RO,Sales,Commercial Planning,Individual Contributor,Permanent,2022-12-06,2023-01-21,Involuntary,false,HCM_B,2025-12-29,RO,Individual Contributor,true,true,true,true,true,false,false,true,true,,ACP002385,Sales,Commercial Planning,Permanent,2022-12-06,2023-01-21,Involuntary,false,HCM_B,2025-12-29,,,2386
ACP002386,PL,Finance,Accounting,Individual Contributor,Permanent,2021-07-07,,,,HCM_A,2025-12-30,PL,Individual Contributor,true,true,true,true,true,false,not_applicable,true,true,,ACP002386,Finance,Accounting,Permanent,2021-07-07,,,,HCM_A,2025-12-30,,,2387
ACP002387,IT,Sales,Commercial Planning,Manager,Permanent,2025-04-05,,,,HCM_A,2025-12-31,IT,Manager,true,true,true,true,true,false,not_applicable,true,false,,ACP002387,Sales,Commercial Planning,Permanent,2025-04-05,,,,HCM_A,2025-12-31,,,2388
ACP002388,IE,Finance,FP&A,Manager,Permanent,2021-09-04,,,,HCM_A,2025-12-20,IE,Manager,true,true,true,true,true,false,not_applicable,true,true,,ACP002388,Finance,FP&A,Permanent,2021-09-04,,,,HCM_A,2025-12-20,,,2389
ACP002389,IE,Sales,Commercial Planning,Manager,Permanent,2022-08-03,,,,HCM_A,2025-12-21,IE,Manager,true,true,true,true,true,false,not_applicable,true,true,,ACP002389,Sales,Commercial Planning,Permanent,2022-08-03,,,,HCM_A,2025-12-21,,,2390
ACP002390,IE,Digital,Data,Individual Contributor,Permanent,2025-05-20,,,,HCM_B,2025-12-22,IE,Individual Contributor,true,true,true,true,true,false,not_applicable,true,false,,ACP002390,Digital,Data,Permanent,2025-05-20,,,,HCM_B,2025-12-22,,,2391
ACP002391,GR,Finance,FP&A,Manager,Permanent,2024-09-11,,,,HCM_A,2025-12-23,GR,Manager,true,true,true,true,true,false,not_applicable,true,true,,ACP002391,Finance,FP&A,Permanent,2024-09-11,,,,HCM_A,2025-12-23,,,2392
ACP002392,IE,Digital,Data,Individual Contributor,Fixed Term,2023-06-17,,,,HCM_A,2025-12-24,IE,Individual Contributor,true,true,true,true,true,false,not_applicable,true,true,,ACP002392,Digital,Data,Fixed Term,2023-06-17,,,,HCM_A,2025-12-24,,,2393
ACP002393,IT,Supply Chain,Procurement,Individual Contributor,Permanent,2025-05-03,,,,HCM_A,2025-12-25,IT,Individual Contributor,true,true,true,true,true,false,not_applicable,true,false,,ACP002393,Supply Chain,Procurement,Permanent,2025-05-03,,,,HCM_A,2025-12-25,,,2394
ACP002394,IT,Sales,Field Sales,Individual Contributor,Permanent,2025-07-09,,,,HCM_A,2025-12-26,IT,Individual Contributor,true,true,true,true,true,false,not_applicable,false,false,,ACP002394,Sales,Field Sales,Permanent,2025-07-09,,,,HCM_A,2025-12-26,,,2395
ACP002395,IE,Finance,FP&A,Individual Contributor,Fixed Term,2022-06-14,,,,HCM_B,2025-12-27,IE,Individual Contributor,true,true,true,true,true,false,not_applicable,true,true,,ACP002395,Finance,FP&A,Fixed Term,2022-06-14,,,,HCM_B,2025-12-27,,,2396
ACP002396,RO,Supply Chain,Procurement,Senior Leader,Permanent,2020-11-22,,,,HCM_A,2025-12-28,RO,Senior Leader,true,true,true,true,true,true,not_applicable,true,true,,ACP002396,Supply Chain,Procurement,Permanent,2020-11-22,,,,HCM_A,2025-12-28,,,2397
ACP002397,PL,Sales,Field Sales,Individual Contributor,Fixed Term,2020-03-21,,,,HCM_A,2025-12-29,PL,Individual Contributor,true,true,true,true,true,false,not_applicable,true,true,,ACP002397,Sales,Field Sales,Fixed Term,2020-03-21,,,,HCM_A,2025-12-29,,,2398
ACP002398,RO,Sales,Field Sales,Manager,Fixed Term,2022-10-07,2023-01-30,Involuntary,false,HCM_A,2025-12-30,RO,Manager,true,true,true,true,true,false,false,true,true,,ACP002398,Sales,Field Sales,Fixed Term,2022-10-07,2023-01-30,Involuntary,false,HCM_A,2025-12-30,,,2399
ACP002399,PL,Sales,Key Accounts,Individual Contributor,Permanent,2023-11-17,2024-12-17,Voluntary,false,HCM_A,2025-12-31,PL,Individual Contributor,true,true,true,true,true,false,false,true,true,,ACP002399,Sales,Key Accounts,Permanent,2023-11-17,2024-12-17,Voluntary,false,HCM_A,2025-12-31,,,2400
ACP002400,BG,Supply Chain,Logistics,Manager,Permanent,2023-05-19,,,,HCM_B,2025-12-20,BG,Manager,true,true,true,true,true,false,not_applicable,true,true,,ACP002400,Supply Chain,Logistics,Permanent,2023-05-19,,,,HCM_B,2025-12-20,,,2401
