employee_id,country_code,business_unit,job_family,career_level,employment_type,hire_date,termination_date,termination_type,regretted_exit,source_system,record_updated_at
ACP000001,BG,Supply Chain,Procurement,Individual Contributor,Permanent,2024-09-04,,,,HCM_A,2025-12-21
ACP000002,BG,Digital,Data,Manager,Permanent,2022-11-24,,,,HCM_A,2025-12-22
ACP000003,IE,Sales,Field Sales,Individual Contributor,Permanent,2025-09-21,,,,HCM_A,2025-12-23
ACP000004,IT,Digital,Product,Manager,Permanent,2020-05-29,,,,HCM_A,2025-12-24
ACP000005,RO,Finance,Accounting,Manager,Permanent,2021-05-21,,,,HCM_B,2025-12-25
ACP000006,BG,Finance,Controls,Manager,Permanent,2023-06-21,2024-10-13,Voluntary,false,HCM_A,2025-12-26
ACP000007,IT,Finance,FP&A,Manager,Permanent,2021-04-06,,,,HCM_A,2025-12-27
ACP000008,BG,Digital,Data,Individual Contributor,Permanent,2023-12-02,,,,HCM_A,2025-12-28
ACP000009,GR,Digital,Product,Individual Contributor,Permanent,2021-11-19,,,,HCM_A,2025-12-29
ACP000010,GR,Digital,Software,Individual Contributor,Fixed Term,2025-05-29,,,,HCM_B,2025-12-30
ACP000011,IT,Supply Chain,Manufacturing,Senior Leader,Permanent,2024-11-02,2025-12-08,Voluntary,true,HCM_A,2025-12-31
ACP000012,IT,Supply Chain,Logistics,Senior Leader,Permanent,2020-04-14,,,,HCM_A,2025-12-20
ACP000013,GR,Sales,Field Sales,Individual Contributor,Permanent,2023-05-04,,,,HCM_A,2025-12-21
ACP000014,IE,Finance,Accounting,Senior Leader,Permanent,2021-01-31,,,,HCM_A,2025-12-22
ACP000015,RO,Supply Chain,Manufacturing,Individual Contributor,Fixed Term,2021-08-05,2022-03-02,Voluntary,true,HCM_B,2025-12-23
ACP000016,IT,Digital,Software,Individual Contributor,Permanent,2021-02-26,2024-01-11,End of Contract,false,HCM_A,2025-12-24
ACP000017,RO,Supply Chain,Manufacturing,Individual Contributor,Fixed Term,2023-01-24,2023-05-30,Involuntary,false,HCM_A,2025-12-25
ACP000018,IE,Sales,Key Accounts,Individual Contributor,Permanent,2023-02-24,2023-12-11,Voluntary,false,HCM_A,2025-12-26
ACP000019,PL,Digital,Product,Individual Contributor,Permanent,2021-08-04,2022-01-26,End of Contract,false,HCM_A,2025-12-27
ACP000020,PL,Digital,Product,Senior Leader,Fixed Term,2023-07-18,2024-01-09,Involuntary,false,HCM_B,2025-12-28
ACP000021,RO,Digital,Data,Senior Leader,Permanent,2020-06-14,2020-07-11,Voluntary,false,HCM_A,2025-12-29
ACP000022,RO,Digital,Data,Individual Contributor,Permanent,2023-10-26,,,,HCM_A,2025-12-30
ACP000023,IE,Supply Chain,Procurement,Individual Contributor,Permanent,2025-05-27,,,,HCM_A,2025-12-31
ACP000024,RO,Digital,Software,Manager,Permanent,2025-06-27,2025-12-27,Voluntary,false,HCM_A,2025-12-20
ACP000025,RO,Digital,Product,Manager,Permanent,2025-08-15,,,,HCM_B,2025-12-21
ACP000026,RO,Digital,Data,Manager,Permanent,2021-07-01,,,,HCM_A,2025-12-22
ACP000027,IE,Finance,FP&A,Manager,Permanent,2023-01-22,,,,HCM_A,2025-12-23
ACP000028,BG,Sales,Key Accounts,Senior Leader,Fixed Term,2022-02-03,,,,HCM_A,2025-12-24
ACP000029,IE,Finance,Controls,Individual Contributor,Fixed Term,2024-07-23,,,,HCM_A,2025-12-25
ACP000030,BG,Sales,Key Accounts,Individual Contributor,Permanent,2020-05-23,,,,HCM_B,2025-12-26
ACP000031,IE,Supply Chain,Manufacturing,Individual Contributor,Permanent,2024-01-29,,,,HCM_A,2025-12-27
ACP000032,BG,Supply Chain,Logistics,Senior Leader,Permanent,2025-06-18,,,,HCM_A,2025-12-28
ACP000033,PL,Finance,Controls,Manager,Fixed Term,2020-03-14,,,,HCM_A,2025-12-29
ACP000034,PL,Supply Chain,Procurement,Individual Contributor,Permanent,2023-09-23,,,,HCM_A,2025-12-30
ACP000035,GR,Digital,Software,Senior Leader,Permanent,2023-12-13,,,,HCM_B,2025-12-31
ACP000036,GR,Digital,Software,Senior Leader,Permanent,2024-06-26,,,,HCM_A,2025-12-20
ACP000037,GR,Finance,FP&A,Individual Contributor,Permanent,2024-10-23,,,,HCM_A,2025-12-21
ACP000038,IT,Supply Chain,Manufacturing,Manager,Permanent,2021-08-12,,,,HCM_A,2025-12-22
ACP000039,RO,Finance,FP&A,Individual Contributor,Permanent,2021-03-02,,,,HCM_A,2025-12-23
ACP000040,GR,Digital,Product,Individual Contributor,Permanent,2024-12-25,,,,HCM_B,2025-12-24
ACP000041,RO,Finance,Accounting,Individual Contributor,Fixed Term,2021-04-04,,,,HCM_A,2025-12-25
ACP000042,RO,Digital,Data,Manager,Permanent,2024-03-30,,,,HCM_A,2025-12-26
ACP000043,RO,Digital,Product,Manager,Permanent,2020-09-21,,,,HCM_A,2025-12-27
ACP000044,RO,Digital,Product,Individual Contributor,Fixed Term,2021-02-03,2025-07-24,Voluntary,false,HCM_A,2025-12-28
ACP000045,BG,Digital,Software,Individual Contributor,Permanent,2020-12-27,,,,HCM_B,2025-12-29
ACP000046,GR,Supply Chain,Logistics,Manager,Permanent,2021-10-11,,,,HCM_A,2025-12-30
ACP000047,BG,Sales,Field Sales,Individual Contributor,Permanent,2024-01-17,,,,HCM_A,2025-12-31
ACP000048,IT,Finance,Controls,Individual Contributor,Permanent,2021-07-08,,,,HCM_A,2025-12-20
ACP000049,PL,Sales,Field Sales,Manager,Permanent,2025-10-21,,,,HCM_A,2025-12-21
ACP000050,PL,Supply Chain,Logistics,Senior Leader,Permanent,2022-05-01,,,,HCM_B,2025-12-22
ACP000051,BG,Sales,Commercial Planning,Individual Contributor,Fixed Term,2021-12-04,2022-08-04,Voluntary,true,HCM_A,2025-12-23
ACP000052,BG,Supply Chain,Procurement,Individual Contributor,Permanent,2024-07-19,,,,HCM_A,2025-12-24
ACP000053,IE,Finance,Controls,Individual Contributor,Permanent,2025-08-04,2025-12-28,End of Contract,false,HCM_A,2025-12-25
ACP000054,GR,Sales,Commercial Planning,Manager,Permanent,2023-07-31,,,,HCM_A,2025-12-26
ACP000055,IT,Finance,Accounting,Individual Contributor,Permanent,2020-09-19,,,,HCM_B,2025-12-27
ACP000056,BG,Digital,Data,Individual Contributor,Permanent,2024-05-26,,,,HCM_A,2025-12-28
ACP000057,RO,Sales,Key Accounts,Manager,Permanent,2025-10-01,2025-11-01,End of Contract,false,HCM_A,2025-12-29
ACP000058,IT,Supply Chain,Logistics,Individual Contributor,Fixed Term,2024-07-14,2025-12-22,Involuntary,false,HCM_A,2025-12-30
ACP000059,IE,Finance,Controls,Senior Leader,Permanent,2023-02-24,,,,HCM_A,2025-12-31
ACP000060,IE,Supply Chain,Procurement,Senior Leader,Fixed Term,2025-03-12,,,,HCM_B,2025-12-20
ACP000061,RO,Finance,Controls,Manager,Permanent,2025-11-15,,,,HCM_A,2025-12-21
ACP000062,RO,Supply Chain,Logistics,Individual Contributor,Permanent,2021-04-04,,,,HCM_A,2025-12-22
ACP000063,PL,Sales,Key Accounts,Manager,Permanent,2021-10-16,,,,HCM_A,2025-12-23
ACP000064,IE,Finance,Controls,Individual Contributor,Fixed Term,2023-04-02,,,,HCM_A,2025-12-24
ACP000065,PL,Digital,Data,Senior Leader,Permanent,2021-03-04,,,,HCM_B,2025-12-25
ACP000066,IT,Sales,Key Accounts,Senior Leader,Permanent,2023-05-07,,,,HCM_A,2025-12-26
ACP000067,IT,Finance,FP&A,Individual Contributor,Fixed Term,2022-09-28,,,,HCM_A,2025-12-27
ACP000068,PL,Sales,Key Accounts,Manager,Permanent,2023-03-27,2023-12-26,Voluntary,true,HCM_A,2025-12-28
ACP000069,PL,Finance,FP&A,Senior Leader,Permanent,2023-11-22,2024-11-26,Involuntary,false,HCM_A,2025-12-29
ACP000070,IE,Supply Chain,Manufacturing,Senior Leader,Fixed Term,2023-04-28,2023-06-05,End of Contract,false,HCM_B,2025-12-30
ACP000071,IE,Supply Chain,Manufacturing,Senior Leader,Permanent,2021-07-22,2023-06-09,End of Contract,false,HCM_A,2025-12-31
ACP000072,IT,Finance,Controls,Manager,Fixed Term,2021-04-10,,,,HCM_A,2025-12-20
ACP000073,EL,Sales,Field Sales,Senior Leader,Permanent,2023-01-26,,,,HCM_A,2025-12-21
ACP000074,RO,Finance,Accounting,Manager,Permanent,2024-11-06,,,,HCM_A,2025-12-22
ACP000075,PL,Finance,Accounting,Individual Contributor,Permanent,2020-12-17,,,,HCM_B,2025-12-23
ACP000076,PL,Finance,Accounting,Individual Contributor,Permanent,2025-11-15,,,,HCM_A,2025-12-24
ACP000077,BG,Supply Chain,Logistics,Manager,Permanent,2020-01-24,,,,HCM_A,2025-12-25
ACP000078,IE,Supply Chain,Logistics,Individual Contributor,Permanent,2023-03-18,2024-09-02,Voluntary,false,HCM_A,2025-12-26
ACP000079,RO,Sales,Field Sales,Manager,Permanent,2025-09-26,,,,HCM_A,2025-12-27
ACP000080,IE,Digital,Product,Individual Contributor,Fixed Term,2025-07-03,,,,HCM_B,2025-12-28
ACP000081,RO,Sales,Field Sales,Manager,Permanent,2022-06-13,,,,HCM_A,2025-12-29
ACP000082,RO,Digital,Product,Individual Contributor,Permanent,2022-04-11,2023-09-26,Voluntary,true,HCM_A,2025-12-30
ACP000083,BG,Finance,Accounting,Senior Leader,Permanent,2024-12-30,,,,HCM_A,2025-12-31
ACP000084,IT,Digital,Product,Manager,Fixed Term,2021-11-02,,,,HCM_A,2025-12-20
ACP000085,BG,Supply Chain,Manufacturing,Individual Contributor,Permanent,2023-06-08,,,,HCM_B,2025-12-21
ACP000086,IE,Digital,Product,Individual Contributor,Permanent,2025-08-30,,,,HCM_A,2025-12-22
ACP000087,IE,Supply Chain,Manufacturing,Individual Contributor,Fixed Term,2020-09-19,2021-05-13,Voluntary,false,HCM_A,2025-12-23
ACP000088,PL,Finance,Controls,Manager,Permanent,2021-08-10,,,,HCM_A,2025-12-24
ACP000089,GR,Digital,Software,Manager,Permanent,2021-10-07,2022-01-05,,,HCM_A,2025-12-25
ACP000090,PL,Digital,Software,Individual Contributor,Permanent,2023-07-06,,,,HCM_B,2025-12-26
ACP000091,IT,Digital,Software,Individual Contributor,Permanent,2022-12-24,2024-06-18,End of Contract,false,HCM_A,2025-12-27
ACP000092,IE,Finance,Controls,Individual Contributor,Permanent,2021-06-03,,,,HCM_A,2025-12-28
ACP000093,GR,Sales,Field Sales,Senior Leader,Fixed Term,2021-07-02,2022-01-28,Voluntary,true,HCM_A,2025-12-29
ACP000094,IT,Supply Chain,Logistics,Individual Contributor,Fixed Term,2021-08-13,2024-06-18,End of Contract,false,HCM_A,2025-12-30
ACP000095,IE,Digital,Software,Individual Contributor,Permanent,2025-04-08,,,,HCM_B,2025-12-31
ACP000096,IE,Finance,Controls,Manager,Fixed Term,2022-06-22,2022-08-03,Involuntary,false,HCM_A,2025-12-20
ACP000097,IT,Sales,Field Sales,Manager,Permanent,2020-08-22,,,,HCM_A,2025-12-21
ACP000098,RO,Digital,Software,Manager,Permanent,2024-08-30,2025-03-20,End of Contract,false,HCM_A,2025-12-22
ACP000099,RO,Supply Chain,Manufacturing,Individual Contributor,Fixed Term,2024-08-09,2025-08-21,Voluntary,false,HCM_A,2025-12-23
ACP000100,GR,Digital,Product,Manager,Permanent,2025-06-14,,,,HCM_B,2025-12-24
ACP000101,PL,Digital,Product,Individual Contributor,Permanent,2023-09-17,,,,HCM_A,2025-12-25
ACP000102,PL,Sales,Field Sales,Sr Mgmt,Permanent,2021-11-21,,,,HCM_A,2025-12-26
ACP000103,PL,Digital,Product,Manager,Permanent,2025-04-19,,,,HCM_A,2025-12-27
ACP000104,BG,Sales,Commercial Planning,Senior Leader,Permanent,2021-10-25,,,,HCM_A,2025-12-28
ACP000105,RO,Sales,Commercial Planning,Individual Contributor,Permanent,2024-06-16,,,,HCM_B,2025-12-29
ACP000106,PL,Digital,Software,Manager,Permanent,2023-07-30,2025-04-28,Involuntary,false,HCM_A,2025-12-30
ACP000107,GR,Sales,Field Sales,Individual Contributor,Permanent,2020-08-25,,,,HCM_A,2025-12-31
ACP000108,IT,Digital,Product,Individual Contributor,Permanent,2025-03-23,,,,HCM_A,2025-12-20
ACP000109,GR,Sales,Key Accounts,Manager,Permanent,2020-03-14,,,,HCM_A,2025-12-21
ACP000110,PL,Supply Chain,Manufacturing,Manager,Permanent,2025-06-14,,,,HCM_B,2025-12-22
ACP000111,BG,Supply Chain,Manufacturing,Senior Leader,Permanent,2022-09-21,,,,HCM_A,2025-12-23
ACP000112,RO,Digital,Data,Individual Contributor,Permanent,2024-08-04,,,,HCM_A,2025-12-24
ACP000113,RO,Digital,Data,Individual Contributor,Permanent,2024-01-07,,,,HCM_A,2025-12-25
ACP000114,IT,Finance,Accounting,Individual Contributor,Permanent,2020-01-10,,,,HCM_A,2025-12-26
ACP000115,IT,Finance,Accounting,Manager,Permanent,2020-03-21,,,,HCM_B,2025-12-27
ACP000116,GR,Finance,Accounting,Individual Contributor,Fixed Term,2023-07-15,,,,HCM_A,2025-12-28
ACP000117,BG,Sales,Commercial Planning,Individual Contributor,Permanent,2020-01-02,,,,HCM_A,2025-12-29
ACP000118,IE,Finance,Accounting,Individual Contributor,Permanent,2020-06-18,,,,HCM_A,2025-12-30
ACP000119,IT,Sales,Commercial Planning,Individual Contributor,Permanent,2024-05-08,2024-11-15,Voluntary,false,HCM_A,2025-12-31
ACP000120,,Supply Chain,Manufacturing,Individual Contributor,Permanent,2021-12-02,,,,HCM_B,2025-12-20
ACP000121,PL,Finance,Controls,Individual Contributor,Permanent,2024-05-26,,,,HCM_A,2025-12-21
ACP000122,RO,Finance,Controls,Individual Contributor,Fixed Term,2022-11-18,2022-12-07,Involuntary,false,HCM_A,2025-12-22
ACP000123,RO,Sales,Key Accounts,Manager,Permanent,2023-08-19,,,,HCM_A,2025-12-23
ACP000124,IE,Supply Chain,Manufacturing,Manager,Fixed Term,2024-11-22,,,,HCM_A,2025-12-24
ACP000125,IT,Finance,Controls,Manager,Fixed Term,2025-02-28,,,,HCM_B,2025-12-25
ACP000126,IT,Supply Chain,Procurement,Individual Contributor,Fixed Term,2021-07-10,2021-09-26,Voluntary,false,HCM_A,2025-12-26
ACP000127,IE,Supply Chain,Procurement,Individual Contributor,Permanent,2023-05-26,,,,HCM_A,2025-12-27
ACP000128,PL,Sales,Commercial Planning,Manager,Permanent,2021-07-04,2024-05-09,Voluntary,true,HCM_A,2025-12-28
ACP000129,GR,Digital,Product,Individual Contributor,Permanent,2020-06-24,,,,HCM_A,2025-12-29
ACP000130,BG,Finance,Accounting,Individual Contributor,Permanent,2020-02-05,,,,HCM_B,2025-12-30
ACP000131,PL,Digital,Software,Individual Contributor,Fixed Term,2022-11-25,,,,HCM_A,2025-12-31
ACP000132,IE,Sales,Commercial Planning,Individual Contributor,Permanent,2020-09-28,2021-02-21,Voluntary,false,HCM_A,2025-12-20
ACP000133,IT,Supply Chain,Logistics,Individual Contributor,Permanent,2021-09-02,,,,HCM_A,2025-12-21
ACP000134,RO,Finance,Accounting,Individual Contributor,Permanent,2024-08-15,2025-11-29,Voluntary,true,HCM_A,2025-12-22
ACP000135,BG,Sales,Field Sales,Manager,Permanent,2024-02-06,,,,HCM_B,2025-12-23
ACP000136,RO,Sales,Field Sales,Individual Contributor,Permanent,2023-04-19,2025-10-26,Involuntary,false,HCM_A,2025-12-24
ACP000137,IE,Finance,Accounting,Individual Contributor,Permanent,2024-08-17,2025-10-21,End of Contract,false,HCM_A,2025-12-25
ACP000138,RO,Finance,FP&A,Individual Contributor,Permanent,2022-12-02,,,,HCM_A,2025-12-26
ACP000139,PL,Supply Chain,Procurement,Manager,Permanent,2021-02-20,2021-06-11,Involuntary,false,HCM_A,2025-12-27
ACP000140,IT,Finance,Controls,Individual Contributor,Permanent,2023-07-21,,,,HCM_B,2025-12-28
ACP000141,IE,Digital,Software,Manager,Fixed Term,2021-09-07,2022-05-06,Voluntary,true,HCM_A,2025-12-29
ACP000142,GR,Finance,Controls,Individual Contributor,Permanent,2020-09-28,,,,HCM_A,2025-12-30
ACP000143,PL,Finance,Controls,Manager,Fixed Term,2022-05-05,,,,HCM_A,2025-12-31
ACP000144,RO,Digital,Product,Individual Contributor,Permanent,2020-07-17,,,,HCM_A,2025-12-20
ACP000145,PL,Finance,Controls,Individual Contributor,Permanent,2020-04-09,,,,HCM_B,2025-12-21
ACP000146,BG,Digital,Data,Individual Contributor,Permanent,2023-03-05,,,,HCM_A,2025-12-22
ACP000147,RO,Sales,Field Sales,Manager,Permanent,2023-08-10,2024-07-08,End of Contract,false,HCM_A,2025-12-23
ACP000148,IE,Supply Chain,Procurement,Manager,Permanent,2023-05-19,,,,HCM_A,2025-12-24
ACP000149,BG,Sales,Commercial Planning,Manager,Permanent,2025-03-29,,,,HCM_A,2025-12-25
ACP000150,BG,Supply Chain,Manufacturing,Individual Contributor,Permanent,2024-04-10,2024-09-16,End of Contract,false,HCM_B,2025-12-26
ACP000151,IT,Sales,Key Accounts,Manager,Permanent,2021-11-20,2023-05-27,Voluntary,true,HCM_A,2025-12-27
ACP000152,IE,Supply Chain,Logistics,Senior Leader,Permanent,2025-04-21,,,,HCM_A,2025-12-28
ACP000153,GR,Finance,Accounting,Manager,Permanent,2024-12-15,,,,HCM_A,2025-12-29
ACP000154,GR,Digital,Data,Manager,Permanent,2023-08-04,,,,HCM_A,2025-12-30
ACP000155,GR,Digital,Product,Individual Contributor,Permanent,2020-10-30,2024-02-07,Voluntary,true,HCM_B,2025-12-31
ACP000156,BG,Supply Chain,Procurement,Individual Contributor,Permanent,2023-06-20,2025-01-28,Voluntary,true,HCM_A,2025-12-20
ACP000157,IT,Finance,Accounting,Individual Contributor,Permanent,2024-04-20,2024-12-05,Voluntary,false,HCM_A,2025-12-21
ACP000158,BG,Finance,Accounting,Senior Leader,Permanent,2021-01-08,,,,HCM_A,2025-12-22
ACP000159,BG,Digital,Product,Individual Contributor,Permanent,,,,,HCM_A,2025-12-23
ACP000160,RO,Supply Chain,Procurement,Manager,Permanent,2025-05-03,2025-12-15,Voluntary,false,HCM_B,2025-12-24
ACP000161,PL,Sales,Field Sales,Senior Leader,Permanent,2025-08-09,,,,HCM_A,2025-12-25
ACP000162,BG,Digital,Software,Manager,Permanent,2025-07-15,,,,HCM_A,2025-12-26
ACP000163,RO,Finance,Controls,Senior Leader,Permanent,2023-02-08,,,,HCM_A,2025-12-27
ACP000164,BG,Digital,Data,Senior Leader,Permanent,2021-09-18,2022-03-09,Voluntary,true,HCM_A,2025-12-28
ACP000165,PL,Digital,Software,Individual Contributor,Fixed Term,2021-12-11,,,,HCM_B,2025-12-29
ACP000166,PL,Supply Chain,Procurement,Manager,Permanent,2021-09-19,,,,HCM_A,2025-12-30
ACP000167,IE,Supply Chain,Manufacturing,Senior Leader,Permanent,2020-11-21,,,,HCM_A,2025-12-31
ACP000168,PL,Finance,FP&A,Individual Contributor,Fixed Term,2024-06-21,,,,HCM_A,2025-12-20
ACP000169,RO,Sales,Key Accounts,Individual Contributor,Permanent,2023-10-03,2025-02-14,Voluntary,true,HCM_A,2025-12-21
ACP000170,PL,Supply Chain,Logistics,Individual Contributor,Permanent,2021-02-03,,,,HCM_B,2025-12-22
ACP000171,IE,Digital,Product,Manager,Permanent,2020-05-29,2024-01-03,Voluntary,true,HCM_A,2025-12-23
ACP000172,RO,Sales,Field Sales,Individual Contributor,Permanent,2025-01-04,,,,HCM_A,2025-12-24
ACP000173,IE,Digital,Product,Manager,Permanent,2022-08-27,,,,HCM_A,2025-12-25
ACP000174,RO,Supply Chain,Manufacturing,Individual Contributor,Permanent,2022-05-19,,,,HCM_A,2025-12-26
ACP000175,IE,Digital,Product,Manager,Permanent,2021-02-21,2025-12-03,Voluntary,false,HCM_B,2025-12-27
ACP000176,BG,Finance,FP&A,Individual Contributor,Permanent,2020-04-19,2024-07-11,Voluntary,true,HCM_A,2025-12-28
ACP000177,IE,Digital,Data,Individual Contributor,Permanent,2024-11-02,2025-12-11,End of Contract,false,HCM_A,2025-12-29
ACP000178,RO,Finance,FP&A,Manager,Permanent,2021-03-04,2023-03-22,Involuntary,false,HCM_A,2025-12-30
ACP000179,IT,Sales,Key Accounts,Individual Contributor,Permanent,2025-05-17,,,,HCM_A,2025-12-31
ACP000180,IE,Finance,Accounting,Manager,Permanent,2025-04-06,,,,HCM_B,2025-12-20
ACP000181,IT,Finance,FP&A,Individual Contributor,Permanent,2025-10-14,2025-11-09,End of Contract,false,HCM_A,2025-12-21
ACP000182,IE,Sales,Commercial Planning,Individual Contributor,Permanent,2022-12-12,,,,HCM_A,2025-12-22
ACP000183,BG,Supply Chain,Procurement,Manager,Permanent,2022-07-23,,,,HCM_A,2025-12-23
ACP000184,BG,Finance,Accounting,Senior Leader,Fixed Term,2022-09-08,,,,HCM_A,2025-12-24
ACP000185,IE,Digital,Product,Senior Leader,Permanent,2023-02-06,2023-12-20,End of Contract,false,HCM_B,2025-12-25
ACP000186,PL,Finance,FP&A,Manager,Permanent,2021-12-26,,,,HCM_A,2025-12-26
ACP000187,PL,Supply Chain,Logistics,Individual Contributor,Permanent,2025-07-14,,,,HCM_A,2025-12-27
ACP000188,GR,Supply Chain,Logistics,Senior Leader,Permanent,2022-08-15,,,,HCM_A,2025-12-28
ACP000189,PL,Sales,Field Sales,Individual Contributor,Permanent,2022-11-22,2024-10-08,End of Contract,false,HCM_A,2025-12-29
ACP000190,GR,Supply Chain,Logistics,Individual Contributor,Permanent,2021-04-27,,,,HCM_B,2025-12-30
ACP000191,GR,Digital,Data,Senior Leader,Permanent,2024-07-09,,,,HCM_A,2025-12-31
ACP000192,PL,Digital,Data,Manager,Permanent,2022-12-09,2025-11-13,Voluntary,false,HCM_A,2025-12-20
ACP000193,BG,Supply Chain,Procurement,Manager,Permanent,2021-12-21,,,,HCM_A,2025-12-21
ACP000194,GR,Digital,Product,Individual Contributor,Permanent,2023-08-11,,,,HCM_A,2025-12-22
ACP000195,RO,Finance,Accounting,Individual Contributor,Permanent,2020-08-22,,,,HCM_B,2025-12-23
ACP000196,IT,Sales,Field Sales,Individual Contributor,Fixed Term,2020-12-19,,,,HCM_A,2025-12-24
ACP000197,GR,Supply Chain,Logistics,Senior Leader,Permanent,2021-02-07,,,,HCM_A,2025-12-25
ACP000198,RO,Supply Chain,Manufacturing,Manager,Fixed Term,2025-09-30,,,,HCM_A,2025-12-26
ACP000199,IT,Finance,FP&A,Manager,Permanent,2020-05-22,,,,HCM_A,2025-12-27
ACP000200,BG,Digital,Software,Manager,Permanent,2025-09-13,,,,HCM_B,2025-12-28
ACP000201,BG,Sales,Key Accounts,Manager,Permanent,2024-10-01,2025-11-05,Voluntary,true,HCM_A,2025-12-29
ACP000202,BG,Finance,FP&A,Manager,Permanent,2020-09-26,,,,HCM_A,2025-12-30
ACP000203,BG,Supply Chain,Procurement,Individual Contributor,Permanent,2024-09-16,,,,HCM_A,2025-12-31
ACP000204,GR,Digital,Product,Individual Contributor,Permanent,2020-02-04,,,,HCM_A,2025-12-20
ACP000205,GR,Finance,Controls,Individual Contributor,Permanent,2024-04-15,,,,HCM_B,2025-12-21
ACP000206,GR,Sales,Key Accounts,Individual Contributor,Fixed Term,2023-10-04,2023-09-24,Voluntary,true,HCM_A,2025-12-22
ACP000207,IT,Finance,FP&A,Individual Contributor,Permanent,2023-03-27,,,,HCM_A,2025-12-23
ACP000208,IE,Digital,Data,Individual Contributor,Permanent,2022-03-03,,,,HCM_A,2025-12-24
ACP000209,IE,Supply Chain,Logistics,Manager,Permanent,2023-03-21,,,,HCM_A,2025-12-25
ACP000210,IT,Supply Chain,Procurement,Individual Contributor,Permanent,2023-03-25,,,,HCM_B,2025-12-26
ACP000211,IT,Finance,FP&A,Manager,Permanent,2025-01-16,2025-05-09,Voluntary,true,HCM_A,2025-12-27
ACP000212,RO,Digital,Data,Individual Contributor,Permanent,2025-08-16,2025-12-23,End of Contract,false,HCM_A,2025-12-28
ACP000213,IT,Sales,Key Accounts,Individual Contributor,Permanent,2021-08-07,2022-01-02,Involuntary,false,HCM_A,2025-12-29
ACP000214,BG,Sales,Commercial Planning,Manager,Permanent,2022-01-27,,,,HCM_A,2025-12-30
ACP000215,GR,Supply Chain,Logistics,Individual Contributor,Fixed Term,2021-02-13,,,,HCM_B,2025-12-31
ACP000216,GR,Finance,FP&A,Individual Contributor,Permanent,2022-05-07,,,,HCM_A,2025-12-20
ACP000217,GR,Sales,Commercial Planning,Individual Contributor,Permanent,2023-11-01,2025-03-28,Voluntary,false,HCM_A,2025-12-21
ACP000218,PL,Digital,Software,Manager,Fixed Term,2023-02-26,2023-12-30,Voluntary,true,HCM_A,2025-12-22
ACP000219,PL,Sales,Key Accounts,Senior Leader,Permanent,2023-11-18,,,,HCM_A,2025-12-23
ACP000220,PL,Supply Chain,Logistics,Individual Contributor,Permanent,2020-07-10,,,,HCM_B,2025-12-24
ACP000221,IE,Sales,Commercial Planning,Manager,Permanent,2023-04-30,2023-12-17,Voluntary,false,HCM_A,2025-12-25
ACP000222,BG,Finance,FP&A,Individual Contributor,Fixed Term,2025-06-07,2025-12-14,Voluntary,true,HCM_A,2025-12-26
ACP000223,RO,Digital,Product,Manager,Permanent,2020-01-09,,,,HCM_A,2025-12-27
ACP000224,GR,Sales,Commercial Planning,Senior Leader,Permanent,2021-12-18,,,,HCM_A,2025-12-28
ACP000225,GR,Finance,FP&A,Senior Leader,Permanent,2022-01-06,,,,HCM_B,2025-12-29
ACP000226,BG,Supply Chain,Logistics,Individual Contributor,Permanent,2023-08-24,,,,HCM_A,2025-12-30
ACP000227,GR,Digital,Software,Manager,Fixed Term,2020-05-30,2020-06-27,End of Contract,false,HCM_A,2025-12-31
ACP000228,IT,Sales,Field Sales,Manager,Permanent,2024-05-11,2025-12-13,Voluntary,false,HCM_A,2025-12-20
ACP000229,GR,Supply Chain,Procurement,Individual Contributor,Fixed Term,2022-09-17,,,,HCM_A,2025-12-21
ACP000230,GR,Supply Chain,Logistics,Manager,Permanent,2020-02-26,,,,HCM_B,2025-12-22
ACP000231,PL,Finance,FP&A,Senior Leader,Permanent,2024-12-28,,,,HCM_A,2025-12-23
ACP000232,PL,Digital,Software,Manager,Permanent,2023-05-10,,,,HCM_A,2025-12-24
ACP000233,IE,Sales,Key Accounts,Senior Leader,Fixed Term,2024-03-06,,,,HCM_A,2025-12-25
ACP000234,PL,Digital,Software,Individual Contributor,Permanent,2024-07-13,2024-12-19,Voluntary,true,HCM_A,2025-12-26
ACP000235,IT,Sales,Commercial Planning,Individual Contributor,Permanent,2024-09-30,,,,HCM_B,2025-12-27
ACP000236,BG,Supply Chain,Procurement,Individual Contributor,Fixed Term,2021-09-18,2021-12-16,End of Contract,false,HCM_A,2025-12-28
ACP000237,IE,Finance,Controls,Senior Leader,Permanent,2020-11-21,,,,HCM_A,2025-12-29
ACP000238,GR,Sales,Field Sales,Manager,Permanent,2022-04-05,,,,HCM_A,2025-12-30
ACP000239,PL,Supply Chain,Procurement,Senior Leader,Permanent,2022-05-25,,,,HCM_A,2025-12-31
ACP000240,GR,Supply Chain,Logistics,Individual Contributor,Permanent,2024-02-11,,,,HCM_B,2025-12-20
ACP000241,IT,Finance,Accounting,Individual Contributor,Permanent,2022-01-27,,,,HCM_A,2025-12-21
ACP000242,GR,Supply Chain,Procurement,Manager,Permanent,2024-02-03,,,,HCM_A,2025-12-22
ACP000243,BG,Supply Chain,Logistics,Individual Contributor,Permanent,2024-08-28,,,,HCM_A,2025-12-23
ACP000244,IT,Supply Chain,Logistics,Individual Contributor,Permanent,2021-07-21,2024-03-12,Involuntary,false,HCM_A,2025-12-24
ACP000245,BG,Finance,Controls,Individual Contributor,Permanent,2024-05-25,2024-10-14,Involuntary,false,HCM_B,2025-12-25
ACP000246,GR,Supply Chain,Logistics,Individual Contributor,Permanent,2022-08-08,,,,HCM_A,2025-12-26
ACP000247,BG,Sales,Key Accounts,Manager,Permanent,2024-08-06,,,,HCM_A,2025-12-27
ACP000248,RO,Finance,Controls,Senior Leader,Permanent,2023-02-20,2023-10-22,End of Contract,false,HCM_A,2025-12-28
ACP000249,BG,Supply Chain,Procurement,Manager,Permanent,2025-10-28,,,,HCM_A,2025-12-29
ACP000250,RO,Finance,FP&A,Individual Contributor,Permanent,2023-11-24,2024-03-29,Voluntary,false,HCM_B,2025-12-30
ACP000251,IE,Digital,Software,Manager,Fixed Term,2021-02-25,2021-04-30,Voluntary,true,HCM_A,2025-12-31
ACP000252,RO,Finance,Accounting,Manager,Permanent,2023-05-11,,,,HCM_A,2025-12-20
ACP000253,RO,Supply Chain,Procurement,Individual Contributor,Fixed Term,2024-01-02,,,,HCM_A,2025-12-21
ACP000254,PL,Finance,FP&A,Individual Contributor,Permanent,2022-07-12,,,,HCM_A,2025-12-22
ACP000255,PL,Digital,Data,Individual Contributor,Permanent,2024-05-05,,,,HCM_B,2025-12-23
ACP000256,IE,Supply Chain,Procurement,Individual Contributor,Permanent,2021-08-29,2022-01-24,Voluntary,false,HCM_A,2025-12-24
ACP000257,GR,Sales,Field Sales,Manager,Permanent,2023-04-18,2023-04-30,End of Contract,false,HCM_A,2025-12-25
ACP000258,IT,Supply Chain,Procurement,Individual Contributor,Permanent,2023-09-05,2024-08-12,Voluntary,true,HCM_A,2025-12-26
ACP000259,GR,Sales,Field Sales,Manager,Fixed Term,2023-09-13,,,,HCM_A,2025-12-27
ACP000260,PL,Finance,Accounting,Manager,Permanent,2021-11-11,,,,HCM_B,2025-12-28
ACP000261,IT,Digital,Product,Senior Leader,Permanent,2023-11-26,,,,HCM_A,2025-12-29
ACP000262,PL,Finance,Controls,Senior Leader,Permanent,2021-12-19,,,,HCM_A,2025-12-30
ACP000263,PL,Finance,Controls,Manager,Permanent,2021-04-22,2025-01-05,End of Contract,false,HCM_A,2025-12-31
ACP000264,BG,Supply Chain,Procurement,Senior Leader,Permanent,2020-08-26,,,,HCM_A,2025-12-20
ACP000265,PL,Sales,Field Sales,Individual Contributor,Permanent,2023-08-29,,,,HCM_B,2025-12-21
ACP000266,IE,Digital,Data,Individual Contributor,Permanent,2025-08-13,,,,HCM_A,2025-12-22
ACP000267,IE,Supply Chain,Procurement,Individual Contributor,Permanent,2023-08-28,2023-11-26,,,HCM_A,2025-12-23
ACP000268,PL,Digital,Product,Individual Contributor,Permanent,2025-03-03,,,,HCM_A,2025-12-24
ACP000269,BG,Sales,Commercial Planning,Individual Contributor,Permanent,2023-04-18,,,,HCM_A,2025-12-25
ACP000270,IE,Supply Chain,Logistics,Manager,Fixed Term,2025-02-22,,,,HCM_B,2025-12-26
ACP000271,IT,Supply Chain,Procurement,Individual Contributor,Permanent,2024-11-06,,,,HCM_A,2025-12-27
ACP000272,RO,Finance,Accounting,Senior Leader,Permanent,2024-12-22,,,,HCM_A,2025-12-28
ACP000273,BG,Digital,Software,Individual Contributor,Permanent,2022-06-02,,,,HCM_A,2025-12-29
ACP000274,IT,Digital,Data,Individual Contributor,Permanent,2023-04-20,2023-12-26,Voluntary,false,HCM_A,2025-12-30
ACP000275,RO,Supply Chain,Logistics,Manager,Permanent,2024-10-19,2024-12-31,Voluntary,true,HCM_B,2025-12-31
ACP000276,IT,Sales,Key Accounts,Individual Contributor,Fixed Term,2023-05-01,2023-06-10,Voluntary,true,HCM_A,2025-12-20
ACP000277,GR,Supply Chain,Procurement,Individual Contributor,Permanent,2020-07-31,2021-01-02,Voluntary,true,HCM_A,2025-12-21
ACP000278,PL,Supply Chain,Logistics,Senior Leader,Permanent,2021-05-25,,,,HCM_A,2025-12-22
ACP000279,BG,Digital,Product,Individual Contributor,Fixed Term,2020-11-01,,,,HCM_A,2025-12-23
ACP000280,GR,Sales,Key Accounts,Senior Leader,Fixed Term,2022-12-08,2024-12-25,Voluntary,true,HCM_B,2025-12-24
ACP000281,IE,Finance,FP&A,Individual Contributor,Fixed Term,2024-08-14,2025-03-13,Voluntary,true,HCM_A,2025-12-25
ACP000282,BG,Supply Chain,Logistics,Manager,Fixed Term,2024-06-11,2024-09-02,Voluntary,true,HCM_A,2025-12-26
ACP000283,RO,Digital,Software,Manager,Fixed Term,2021-07-26,,,,HCM_A,2025-12-27
ACP000284,IE,Finance,Controls,Individual Contributor,Permanent,2025-03-31,,,,HCM_A,2025-12-28
ACP000285,BG,Finance,Accounting,Individual Contributor,Permanent,2020-06-28,,,,HCM_B,2025-12-29
ACP000286,PL,Finance,Controls,Individual Contributor,Permanent,2020-06-18,,,,HCM_A,2025-12-30
ACP000287,IT,Finance,Controls,Manager,Permanent,2023-12-20,2024-11-16,Involuntary,false,HCM_A,2025-12-31
ACP000288,IE,Finance,FP&A,Manager,Permanent,2024-02-11,,,,HCM_A,2025-12-20
ACP000289,GR,Digital,Data,Individual Contributor,Fixed Term,2020-08-05,2024-03-28,Voluntary,false,HCM_A,2025-12-21
ACP000290,IT,Supply Chain,Procurement,Individual Contributor,Permanent,2020-02-20,,,,HCM_B,2025-12-22
ACP000291,BG,Finance,Controls,Individual Contributor,Permanent,2020-08-13,,,,HCM_A,2025-12-23
ACP000292,RO,Digital,Data,Individual Contributor,Permanent,2023-05-16,2025-07-27,Voluntary,true,HCM_A,2025-12-24
ACP000293,BG,Sales,Key Accounts,Senior Leader,Permanent,2021-09-18,,,,HCM_A,2025-12-25
ACP000294,GR,Sales,Key Accounts,Manager,Fixed Term,2021-08-01,2021-11-05,Involuntary,false,HCM_A,2025-12-26
ACP000295,PL,Supply Chain,Logistics,Individual Contributor,Permanent,2020-01-11,2020-09-29,Voluntary,true,HCM_B,2025-12-27
ACP000296,PL,Sales,Commercial Planning,Individual Contributor,Permanent,2025-07-14,,,,HCM_A,2025-12-28
ACP000297,IE,Supply Chain,Procurement,Individual Contributor,Permanent,2022-02-11,,,,HCM_A,2025-12-29
ACP000298,IT,Digital,Software,Manager,Fixed Term,2022-05-03,,,,HCM_A,2025-12-30
ACP000299,GR,Sales,Field Sales,Senior Leader,Permanent,2023-09-15,2024-12-07,Voluntary,true,HCM_A,2025-12-31
ACP000300,IE,Supply Chain,Logistics,Manager,Permanent,2020-09-27,2024-01-30,Voluntary,false,HCM_B,2025-12-20
ACP000301,RO,Sales,Field Sales,Senior Leader,Permanent,2025-07-20,,,,HCM_A,2025-12-21
ACP000302,PL,Digital,Data,Individual Contributor,Permanent,2024-09-18,2025-01-28,Voluntary,true,HCM_A,2025-12-22
ACP000303,IT,Supply Chain,Manufacturing,Manager,Permanent,2022-10-21,2024-01-08,Voluntary,true,HCM_A,2025-12-23
ACP000304,IT,Supply Chain,Manufacturing,Individual Contributor,Permanent,2023-04-04,2023-06-05,Involuntary,false,HCM_A,2025-12-24
ACP000305,IE,Sales,Field Sales,Manager,Permanent,2023-11-25,,,,HCM_B,2025-12-25
ACP000306,GR,Digital,Product,Manager,Permanent,2021-05-15,,,,HCM_A,2025-12-26
ACP000307,PL,Finance,FP&A,Individual Contributor,Permanent,2021-07-06,,,,HCM_A,2025-12-27
ACP000308,IT,Supply Chain,Manufacturing,Individual Contributor,Permanent,2021-11-04,2021-11-20,Involuntary,false,HCM_A,2025-12-28
ACP000309,GR,Sales,Key Accounts,Manager,Permanent,2020-12-16,,,,HCM_A,2025-12-29
ACP000310,PL,Supply Chain,Manufacturing,Senior Leader,Permanent,2022-06-11,2025-07-19,Involuntary,false,HCM_B,2025-12-30
ACP000311,GR,Sales,Key Accounts,Senior Leader,Permanent,2023-11-15,2024-12-10,Voluntary,true,HCM_A,2025-12-31
ACP000312,GR,Digital,Product,Manager,Permanent,2022-12-04,,,,HCM_A,2025-12-20
ACP000313,RO,Finance,Accounting,Manager,Fixed Term,2023-07-21,,,,HCM_A,2025-12-21
ACP000314,RO,Digital,Product,Manager,Permanent,2025-10-05,,,,HCM_A,2025-12-22
ACP000315,GR,Supply Chain,Procurement,Manager,Permanent,2024-12-05,2025-05-23,Involuntary,false,HCM_B,2025-12-23
ACP000316,GR,Supply Chain,Procurement,Manager,Permanent,2022-09-29,,,,HCM_A,2025-12-24
ACP000317,PL,Sales,Field Sales,Manager,Permanent,2020-06-16,,,,HCM_A,2025-12-25
ACP000318,PL,Finance,Controls,Manager,Permanent,2022-06-03,2023-11-14,Voluntary,false,HCM_A,2025-12-26
ACP000319,BG,Sales,Key Accounts,Individual Contributor,Fixed Term,2024-01-03,,,,HCM_A,2025-12-27
ACP000320,IE,Finance,FP&A,Manager,Permanent,2020-12-01,,,,HCM_B,2025-12-28
ACP000321,BG,Finance,Controls,Manager,Permanent,2024-07-31,2024-11-13,Voluntary,true,HCM_A,2025-12-29
ACP000322,PL,Supply Chain,Manufacturing,Manager,Permanent,2024-09-06,2025-10-14,End of Contract,false,HCM_A,2025-12-30
ACP000323,GR,Sales,Field Sales,Senior Leader,Permanent,2024-03-17,2024-06-29,Involuntary,false,HCM_A,2025-12-31
ACP000324,IT,Finance,Controls,Senior Leader,Permanent,2025-10-26,,,,HCM_A,2025-12-20
ACP000325,IT,Finance,Controls,Manager,Permanent,2021-02-22,,,,HCM_B,2025-12-21
ACP000326,GR,Sales,Commercial Planning,Individual Contributor,Permanent,2022-08-01,,,,HCM_A,2025-12-22
ACP000327,BG,Digital,Data,Individual Contributor,Fixed Term,2024-01-07,2025-01-19,Involuntary,false,HCM_A,2025-12-23
ACP000328,PL,Supply Chain,Manufacturing,Individual Contributor,Fixed Term,2022-04-12,,,,HCM_A,2025-12-24
ACP000329,IT,Finance,Controls,Manager,Fixed Term,2023-12-14,,,,HCM_A,2025-12-25
ACP000330,PL,Digital,Product,Individual Contributor,Permanent,2020-03-23,2024-05-28,End of Contract,false,HCM_B,2025-12-26
ACP000331,RO,Digital,Product,Manager,Permanent,2021-12-29,,,,HCM_A,2025-12-27
ACP000332,IE,Sales,Field Sales,Manager,Permanent,2020-01-30,,,,HCM_A,2025-12-28
ACP000333,GR,Finance,Controls,Individual Contributor,Permanent,2020-11-21,2022-04-22,Involuntary,false,HCM_A,2025-12-29
ACP000334,BG,Supply Chain,Logistics,Sr Mgmt,Fixed Term,2024-05-26,,,,HCM_A,2025-12-30
ACP000335,PL,Sales,Commercial Planning,Individual Contributor,Permanent,2024-06-18,2024-11-19,Voluntary,false,HCM_B,2025-12-31
ACP000336,BG,Sales,Commercial Planning,Manager,Permanent,2024-04-14,2025-06-03,Voluntary,false,HCM_A,2025-12-20
ACP000337,IE,Sales,Field Sales,Individual Contributor,Permanent,2022-05-06,,,,HCM_A,2025-12-21
ACP000338,GR,Sales,Commercial Planning,Individual Contributor,Permanent,2020-09-24,,,,HCM_A,2025-12-22
ACP000339,PL,Supply Chain,Manufacturing,Manager,Permanent,2024-03-07,,,,HCM_A,2025-12-23
ACP000340,BG,Digital,Software,Individual Contributor,Permanent,2021-04-07,,,,HCM_B,2025-12-24
ACP000341,BG,Digital,Product,Manager,Fixed Term,2020-02-26,,,,HCM_A,2025-12-25
ACP000342,BG,Supply Chain,Manufacturing,Senior Leader,Permanent,2020-01-27,,,,HCM_A,2025-12-26
ACP000343,PL,Finance,FP&A,Individual Contributor,Permanent,2025-09-20,,,,HCM_A,2025-12-27
ACP000344,PL,Finance,FP&A,Manager,Permanent,2025-10-29,,,,HCM_A,2025-12-28
ACP000345,PL,Sales,Key Accounts,Individual Contributor,Permanent,2023-05-17,,,,HCM_B,2025-12-29
ACP000346,GR,Digital,Product,Manager,Permanent,2020-10-10,2021-09-02,Voluntary,true,HCM_A,2025-12-30
ACP000347,BG,Sales,Key Accounts,Manager,Permanent,2021-07-14,,,,HCM_A,2025-12-31
ACP000348,IE,Sales,Field Sales,Individual Contributor,Permanent,2020-02-10,,,,HCM_A,2025-12-20
ACP000349,PL,Finance,FP&A,Senior Leader,Permanent,2024-12-04,,,,HCM_A,2025-12-21
ACP000350,BG,Supply Chain,Logistics,Individual Contributor,Permanent,2022-02-05,,,,HCM_B,2025-12-22
ACP000351,IT,Finance,Controls,Manager,Permanent,2022-07-29,2024-03-29,End of Contract,false,HCM_A,2025-12-23
ACP000352,IE,Sales,Key Accounts,Individual Contributor,Permanent,2025-04-28,,,,HCM_A,2025-12-24
ACP000353,BG,Digital,Software,Individual Contributor,Permanent,2023-09-06,2025-01-10,Voluntary,false,HCM_A,2025-12-25
ACP000354,RO,Finance,Accounting,Individual Contributor,Permanent,2024-01-27,,,,HCM_A,2025-12-26
ACP000355,RO,Finance,FP&A,Individual Contributor,Permanent,2025-06-03,,,,HCM_B,2025-12-27
ACP000356,PL,Finance,Accounting,Manager,Permanent,2020-04-12,2021-02-23,End of Contract,false,HCM_A,2025-12-28
ACP000357,RO,Digital,Product,Individual Contributor,Permanent,2023-04-29,,,,HCM_A,2025-12-29
ACP000358,IE,Finance,Accounting,Senior Leader,Permanent,2020-05-11,2023-01-18,Involuntary,false,HCM_A,2025-12-30
ACP000359,IT,Digital,Data,Senior Leader,Permanent,2022-01-08,2022-04-27,Voluntary,true,HCM_A,2025-12-31
ACP000360,IT,Sales,Field Sales,Individual Contributor,Fixed Term,2023-05-04,2025-10-05,Voluntary,true,HCM_B,2025-12-20
ACP000361,GR,Finance,Accounting,Manager,Permanent,2021-12-05,,,,HCM_A,2025-12-21
ACP000362,BG,Sales,Key Accounts,Manager,Permanent,2025-09-15,,,,HCM_A,2025-12-22
ACP000363,BG,Finance,FP&A,Manager,Permanent,2021-11-06,2023-08-27,Involuntary,false,HCM_A,2025-12-23
ACP000364,IT,Digital,Software,Manager,Fixed Term,2025-01-15,,,,HCM_A,2025-12-24
ACP000365,GR,Finance,Controls,Individual Contributor,Fixed Term,2023-08-27,,,,HCM_B,2025-12-25
ACP000366,BG,Supply Chain,Procurement,Senior Leader,Permanent,2020-12-25,2025-09-11,Involuntary,false,HCM_A,2025-12-26
ACP000367,PL,Finance,Accounting,Manager,Permanent,2022-11-10,,,,HCM_A,2025-12-27
ACP000368,,Supply Chain,Procurement,Individual Contributor,Permanent,2025-05-24,2025-12-08,Voluntary,true,HCM_A,2025-12-28
ACP000369,RO,Digital,Software,Manager,Permanent,2023-08-21,,,,HCM_A,2025-12-29
ACP000370,RO,Sales,Key Accounts,Senior Leader,Permanent,2020-06-24,2021-05-08,Voluntary,false,HCM_B,2025-12-30
ACP000371,IT,Digital,Product,Individual Contributor,Permanent,2025-02-26,,,,HCM_A,2025-12-31
ACP000372,IT,Finance,FP&A,Individual Contributor,Permanent,2023-12-28,,,,HCM_A,2025-12-20
ACP000373,IE,Finance,Controls,Individual Contributor,Permanent,2023-05-25,,,,HCM_A,2025-12-21
ACP000374,IT,Sales,Key Accounts,Senior Leader,Fixed Term,2024-08-05,2025-08-26,Voluntary,true,HCM_A,2025-12-22
ACP000375,IE,Finance,Accounting,Manager,Permanent,2024-05-10,,,,HCM_B,2025-12-23
ACP000376,GR,Finance,Accounting,Manager,Permanent,2023-05-26,,,,HCM_A,2025-12-24
ACP000377,IT,Digital,Product,Manager,Permanent,2021-09-16,,,,HCM_A,2025-12-25
ACP000378,PL,Finance,FP&A,Senior Leader,Permanent,2023-11-16,,,,HCM_A,2025-12-26
ACP000379,IE,Sales,Commercial Planning,Individual Contributor,Permanent,2023-02-27,2023-05-25,Involuntary,false,HCM_A,2025-12-27
ACP000380,GR,Supply Chain,Manufacturing,Individual Contributor,Permanent,2023-01-15,2024-03-23,Voluntary,true,HCM_B,2025-12-28
ACP000381,IE,Supply Chain,Logistics,Manager,Permanent,2020-03-07,,,,HCM_A,2025-12-29
ACP000382,GR,Finance,Controls,Individual Contributor,Permanent,2024-01-11,,,,HCM_A,2025-12-30
ACP000383,BG,Digital,Software,Senior Leader,Permanent,2024-09-28,,,,HCM_A,2025-12-31
ACP000384,BG,Digital,Data,Individual Contributor,Permanent,2023-04-02,2025-04-18,Involuntary,false,HCM_A,2025-12-20
ACP000385,PL,Sales,Commercial Planning,Individual Contributor,Permanent,2023-06-02,,,,HCM_B,2025-12-21
ACP000386,PL,Finance,Accounting,Individual Contributor,Permanent,2024-05-09,2025-03-21,Voluntary,true,HCM_A,2025-12-22
ACP000387,IT,Sales,Key Accounts,Individual Contributor,Permanent,2020-05-11,,,,HCM_A,2025-12-23
ACP000388,IE,Finance,FP&A,Manager,Permanent,2025-07-21,,,,HCM_A,2025-12-24
ACP000389,BG,Sales,Key Accounts,Individual Contributor,Permanent,2023-11-13,,,,HCM_A,2025-12-25
ACP000390,GR,Digital,Software,Senior Leader,Permanent,2020-08-14,2021-01-02,Voluntary,true,HCM_B,2025-12-26
ACP000391,PL,Supply Chain,Procurement,Individual Contributor,Permanent,2022-10-25,,,,HCM_A,2025-12-27
ACP000392,IT,Supply Chain,Manufacturing,Individual Contributor,Permanent,2024-09-08,,,,HCM_A,2025-12-28
ACP000393,GR,Sales,Key Accounts,Senior Leader,Fixed Term,2025-08-18,,,,HCM_A,2025-12-29
ACP000394,IT,Supply Chain,Manufacturing,Individual Contributor,Permanent,2025-04-05,,,,HCM_A,2025-12-30
ACP000395,GR,Supply Chain,Procurement,Individual Contributor,Fixed Term,2021-04-08,,,,HCM_B,2025-12-31
ACP000396,PL,Supply Chain,Procurement,Manager,Fixed Term,2021-02-24,2024-05-22,Voluntary,false,HCM_A,2025-12-20
ACP000397,PL,Supply Chain,Procurement,Manager,Permanent,2022-10-31,,,,HCM_A,2025-12-21
ACP000398,BG,Sales,Key Accounts,Individual Contributor,Permanent,2025-10-18,,,,HCM_A,2025-12-22
ACP000399,RO,Finance,FP&A,Individual Contributor,Permanent,2025-02-27,,,,HCM_A,2025-12-23
ACP000400,BG,Supply Chain,Logistics,Manager,Fixed Term,2021-06-23,,,,HCM_B,2025-12-24
ACP000401,IT,Supply Chain,Manufacturing,Manager,Permanent,2023-01-18,,,,HCM_A,2025-12-25
ACP000402,PL,Sales,Field Sales,Individual Contributor,Permanent,2025-01-04,,,,HCM_A,2025-12-26
ACP000403,IT,Finance,Accounting,Individual Contributor,Permanent,2025-06-07,2025-08-07,Voluntary,false,HCM_A,2025-12-27
ACP000404,IT,Finance,FP&A,Individual Contributor,Permanent,2023-09-06,2025-11-22,Voluntary,true,HCM_A,2025-12-28
ACP000405,ROM,Digital,Product,Senior Leader,Permanent,2021-01-17,,,,HCM_B,2025-12-29
ACP000406,BG,Digital,Product,Manager,Permanent,2025-05-30,2025-12-01,Voluntary,false,HCM_A,2025-12-30
ACP000407,RO,Supply Chain,Logistics,Senior Leader,Permanent,2020-02-27,,,,HCM_A,2025-12-31
ACP000408,BG,Digital,Product,Individual Contributor,Permanent,2022-10-09,,,,HCM_A,2025-12-20
ACP000409,RO,Sales,Commercial Planning,Senior Leader,Permanent,2022-02-25,,,,HCM_A,2025-12-21
ACP000410,GR,Supply Chain,Logistics,Individual Contributor,Permanent,2024-07-27,,,,HCM_B,2025-12-22
ACP000411,BG,Supply Chain,Procurement,Senior Leader,Permanent,2024-02-19,2025-12-01,Voluntary,true,HCM_A,2025-12-23
ACP000412,PL,Finance,Accounting,Manager,Fixed Term,2025-11-24,,,,HCM_A,2025-12-24
ACP000413,IT,Sales,Key Accounts,Individual Contributor,Permanent,2023-02-27,2023-09-03,Voluntary,true,HCM_A,2025-12-25
ACP000414,GR,Digital,Product,Individual Contributor,Permanent,2024-05-16,,,,HCM_A,2025-12-26
ACP000415,PL,Digital,Software,Manager,Fixed Term,2020-02-20,,,,HCM_B,2025-12-27
ACP000416,IT,Supply Chain,Manufacturing,Individual Contributor,Permanent,2025-05-30,,,,HCM_A,2025-12-28
ACP000417,IE,Sales,Key Accounts,Individual Contributor,Permanent,2023-03-11,2025-03-17,Voluntary,false,HCM_A,2025-12-29
ACP000418,GR,Sales,Key Accounts,Individual Contributor,Fixed Term,2021-06-19,,,,HCM_A,2025-12-30
ACP000419,BG,Digital,Software,Manager,Permanent,2025-07-19,,,,HCM_A,2025-12-31
ACP000420,BG,Sales,Key Accounts,Individual Contributor,Fixed Term,2022-07-08,,,,HCM_B,2025-12-20
ACP000421,PL,Digital,Product,Individual Contributor,Permanent,2024-10-13,,,,HCM_A,2025-12-21
ACP000422,IE,Digital,Software,Individual Contributor,Fixed Term,2023-01-22,2024-12-29,Involuntary,false,HCM_A,2025-12-22
ACP000423,IT,Finance,Controls,Manager,Permanent,2023-11-24,,,,HCM_A,2025-12-23
ACP000424,IT,Sales,Commercial Planning,Individual Contributor,Permanent,2024-04-15,,,,HCM_A,2025-12-24
ACP000425,RO,Sales,Commercial Planning,Manager,Permanent,2025-04-20,,,,HCM_B,2025-12-25
ACP000426,GR,Finance,FP&A,Manager,Permanent,2022-04-01,2022-06-02,Voluntary,false,HCM_A,2025-12-26
ACP000427,BG,Supply Chain,Logistics,Manager,Permanent,2022-09-22,,,,HCM_A,2025-12-27
ACP000428,IT,Supply Chain,Logistics,Senior Leader,Permanent,2024-06-09,2024-07-28,Involuntary,false,HCM_A,2025-12-28
ACP000429,GR,Sales,Key Accounts,Individual Contributor,Permanent,2023-12-30,,,,HCM_A,2025-12-29
ACP000430,IT,Supply Chain,Logistics,Senior Leader,Permanent,2022-02-09,2022-12-20,Voluntary,true,HCM_B,2025-12-30
ACP000431,BG,Sales,Key Accounts,Manager,Permanent,2020-01-05,2023-08-04,Voluntary,false,HCM_A,2025-12-31
ACP000432,IE,Finance,Controls,Individual Contributor,Fixed Term,2021-12-13,,,,HCM_A,2025-12-20
ACP000433,GR,Digital,Software,Individual Contributor,Permanent,2025-07-26,,,,HCM_A,2025-12-21
ACP000434,PL,Sales,Field Sales,Manager,Permanent,2020-08-31,,,,HCM_A,2025-12-22
ACP000435,RO,Sales,Commercial Planning,Individual Contributor,Permanent,2020-01-09,,,,HCM_B,2025-12-23
ACP000436,BG,Finance,Controls,Individual Contributor,Permanent,2025-01-18,,,,HCM_A,2025-12-24
ACP000437,RO,Digital,Data,Individual Contributor,Permanent,2024-02-10,,,,HCM_A,2025-12-25
ACP000438,RO,Digital,Data,Senior Leader,Permanent,2025-05-23,,,,HCM_A,2025-12-26
ACP000439,IT,Digital,Product,Individual Contributor,Permanent,2023-04-28,,,,HCM_A,2025-12-27
ACP000440,PL,Supply Chain,Procurement,Senior Leader,Fixed Term,2023-12-29,,,,HCM_B,2025-12-28
ACP000441,IE,Supply Chain,Logistics,Individual Contributor,Permanent,2021-09-16,,,,HCM_A,2025-12-29
ACP000442,GR,Supply Chain,Procurement,Manager,Permanent,2025-05-22,,,,HCM_A,2025-12-30
ACP000443,IT,Digital,Data,Individual Contributor,Permanent,2020-05-25,,,,HCM_A,2025-12-31
ACP000444,IT,Sales,Commercial Planning,Individual Contributor,Permanent,2022-05-23,2022-10-26,Voluntary,false,HCM_A,2025-12-20
ACP000445,IE,Finance,Accounting,Manager,Permanent,2022-03-02,2022-05-31,,,HCM_B,2025-12-21
ACP000446,BG,Sales,Key Accounts,Manager,Permanent,2021-02-14,,,,HCM_A,2025-12-22
ACP000447,IT,Sales,Commercial Planning,Individual Contributor,Permanent,2023-01-25,,,,HCM_A,2025-12-23
ACP000448,RO,Supply Chain,Procurement,Individual Contributor,Permanent,2020-08-22,,,,HCM_A,2025-12-24
ACP000449,IT,Supply Chain,Manufacturing,Senior Leader,Permanent,2025-04-14,,,,HCM_A,2025-12-25
ACP000450,PL,Supply Chain,Procurement,Manager,Permanent,2021-09-05,,,,HCM_B,2025-12-26
ACP000451,PL,Digital,Product,Manager,Permanent,2021-06-09,2025-09-24,Involuntary,false,HCM_A,2025-12-27
ACP000452,BG,Finance,Accounting,Individual Contributor,Permanent,2025-05-28,,,,HCM_A,2025-12-28
ACP000453,IT,Finance,Accounting,Individual Contributor,Permanent,2020-07-09,,,,HCM_A,2025-12-29
ACP000454,IT,Finance,FP&A,Individual Contributor,Permanent,2021-07-01,,,,HCM_A,2025-12-30
ACP000455,IE,Digital,Data,Individual Contributor,Permanent,2025-11-29,,,,HCM_B,2025-12-31
ACP000456,BG,Digital,Product,Senior Leader,Fixed Term,2021-09-21,,,,HCM_A,2025-12-20
ACP000457,IT,Digital,Data,Manager,Permanent,2021-04-27,,,,HCM_A,2025-12-21
ACP000458,IT,Sales,Key Accounts,Individual Contributor,Permanent,2024-11-05,2025-12-29,Voluntary,false,HCM_A,2025-12-22
ACP000459,IT,Supply Chain,Manufacturing,Individual Contributor,Permanent,2023-02-19,2023-06-10,End of Contract,false,HCM_A,2025-12-23
ACP000460,RO,Sales,Field Sales,Manager,Permanent,2024-02-29,2024-10-27,Involuntary,false,HCM_B,2025-12-24
ACP000461,BG,Digital,Data,Individual Contributor,Permanent,2023-10-16,,,,HCM_A,2025-12-25
ACP000462,PL,Digital,Data,Manager,Permanent,2021-06-06,2022-04-15,Voluntary,true,HCM_A,2025-12-26
ACP000463,BG,Digital,Software,Senior Leader,Permanent,2024-07-06,,,,HCM_A,2025-12-27
ACP000464,RO,Finance,Accounting,Senior Leader,Permanent,2022-06-12,2024-11-10,Involuntary,false,HCM_A,2025-12-28
ACP000465,IE,Finance,Accounting,Manager,Permanent,2022-12-10,2025-12-21,Involuntary,false,HCM_B,2025-12-29
ACP000466,BG,Sales,Key Accounts,Manager,Permanent,2024-09-13,2025-10-04,Voluntary,false,HCM_A,2025-12-30
ACP000467,BG,Digital,Software,Individual Contributor,Fixed Term,2022-05-26,2023-11-21,End of Contract,false,HCM_A,2025-12-31
ACP000468,GR,Sales,Field Sales,Manager,Permanent,2024-11-25,,,,HCM_A,2025-12-20
ACP000469,RO,Sales,Key Accounts,Manager,Permanent,2025-01-03,,,,HCM_A,2025-12-21
ACP000470,BG,Sales,Field Sales,Individual Contributor,Permanent,2020-08-06,2025-06-05,Voluntary,false,HCM_B,2025-12-22
ACP000471,PL,Sales,Key Accounts,Manager,Permanent,2021-08-03,,,,HCM_A,2025-12-23
ACP000472,GR,Supply Chain,Manufacturing,Individual Contributor,Permanent,2022-11-09,,,,HCM_A,2025-12-24
ACP000473,PL,Supply Chain,Procurement,Senior Leader,Permanent,2023-11-06,,,,HCM_A,2025-12-25
ACP000474,RO,Sales,Commercial Planning,Manager,Permanent,2023-07-10,2025-12-08,Voluntary,true,HCM_A,2025-12-26
ACP000475,PL,Finance,FP&A,Individual Contributor,Permanent,2023-12-29,2025-05-21,End of Contract,false,HCM_B,2025-12-27
ACP000476,IT,Finance,Accounting,Manager,Permanent,2020-04-03,,,,HCM_A,2025-12-28
ACP000477,BG,Supply Chain,Manufacturing,Individual Contributor,Fixed Term,2022-11-28,,,,HCM_A,2025-12-29
ACP000478,RO,Sales,Commercial Planning,Senior Leader,Fixed Term,2022-06-19,2022-08-25,Voluntary,true,HCM_A,2025-12-30
ACP000479,BG,Finance,FP&A,Individual Contributor,Permanent,2022-03-06,,,,HCM_A,2025-12-31
ACP000480,PL,Finance,FP&A,Manager,Permanent,2020-05-11,2020-08-18,End of Contract,false,HCM_B,2025-12-20
ACP000481,IT,Sales,Commercial Planning,Manager,Permanent,2023-07-23,2024-04-21,Voluntary,true,HCM_A,2025-12-21
ACP000482,BG,Sales,Commercial Planning,Individual Contributor,Permanent,2022-07-23,,,,HCM_A,2025-12-22
ACP000483,RO,Digital,Product,Manager,Permanent,2025-07-11,,,,HCM_A,2025-12-23
ACP000484,IT,Digital,Product,Manager,Permanent,2023-01-01,,,,HCM_A,2025-12-24
ACP000485,IT,Digital,Software,Individual Contributor,Permanent,2025-10-18,,,,HCM_B,2025-12-25
ACP000486,IE,Digital,Product,Manager,Permanent,2023-11-16,,,,HCM_A,2025-12-26
ACP000487,IE,Digital,Software,Manager,Permanent,2023-08-07,,,,HCM_A,2025-12-27
ACP000488,IT,Finance,FP&A,Individual Contributor,Permanent,2025-04-06,,,,HCM_A,2025-12-28
ACP000489,RO,Digital,Data,Individual Contributor,Permanent,2020-11-14,2020-12-23,Involuntary,false,HCM_A,2025-12-29
ACP000490,GR,Sales,Key Accounts,Individual Contributor,Permanent,2024-04-11,2024-07-16,Voluntary,false,HCM_B,2025-12-30
ACP000491,IT,Sales,Key Accounts,Individual Contributor,Permanent,2021-01-01,,,,HCM_A,2025-12-31
ACP000492,IE,Supply Chain,Procurement,Individual Contributor,Permanent,2023-02-28,,,,HCM_A,2025-12-20
ACP000493,BG,Supply Chain,Procurement,Senior Leader,Permanent,2025-05-31,,,,HCM_A,2025-12-21
ACP000494,BG,Supply Chain,Manufacturing,Manager,Fixed Term,2025-04-04,,,,HCM_A,2025-12-22
ACP000495,GR,Digital,Data,Individual Contributor,Permanent,2020-12-20,,,,HCM_B,2025-12-23
ACP000496,IE,Supply Chain,Logistics,Individual Contributor,Permanent,2024-08-23,,,,HCM_A,2025-12-24
ACP000497,GR,Sales,Field Sales,Manager,Permanent,2020-02-01,,,,HCM_A,2025-12-25
ACP000498,IT,Finance,Accounting,Manager,Fixed Term,2023-10-18,2023-12-13,Voluntary,true,HCM_A,2025-12-26
ACP000499,GR,Sales,Commercial Planning,Manager,Fixed Term,2024-12-29,2025-12-29,Voluntary,false,HCM_A,2025-12-27
ACP000500,BG,Finance,Accounting,Individual Contributor,Fixed Term,2025-04-16,,,,HCM_B,2025-12-28
ACP000501,GR,Sales,Field Sales,Manager,Permanent,2025-04-19,,,,HCM_A,2025-12-29
ACP000502,GR,Sales,Key Accounts,Manager,Permanent,2023-02-02,,,,HCM_A,2025-12-30
ACP000503,PL,Finance,FP&A,Senior Leader,Permanent,2022-08-28,2023-04-21,Involuntary,false,HCM_A,2025-12-31
ACP000504,IE,Finance,Accounting,Senior Leader,Fixed Term,2024-05-24,2025-12-21,Voluntary,true,HCM_A,2025-12-20
ACP000505,GR,Supply Chain,Procurement,Senior Leader,Fixed Term,2023-08-21,,,,HCM_B,2025-12-21
ACP000506,PL,Supply Chain,Logistics,Manager,Fixed Term,2023-02-08,2025-12-27,Voluntary,false,HCM_A,2025-12-22
ACP000507,PL,Supply Chain,Manufacturing,Manager,Permanent,2020-03-15,2022-07-16,Voluntary,true,HCM_A,2025-12-23
ACP000508,GR,Sales,Key Accounts,Manager,Permanent,2021-04-24,2023-03-12,Voluntary,false,HCM_A,2025-12-24
ACP000509,IE,Finance,FP&A,Individual Contributor,Permanent,2020-01-27,,,,HCM_A,2025-12-25
ACP000510,RO,Finance,Controls,Individual Contributor,Permanent,2023-12-22,,,,HCM_B,2025-12-26
ACP000511,IE,Finance,Controls,Individual Contributor,Permanent,2020-04-15,,,,HCM_A,2025-12-27
ACP000512,RO,Finance,FP&A,Manager,Permanent,2020-06-04,,,,HCM_A,2025-12-28
ACP000513,IT,Digital,Product,Individual Contributor,Fixed Term,2021-04-22,,,,HCM_A,2025-12-29
ACP000514,BG,Supply Chain,Logistics,Senior Leader,Permanent,2024-09-26,2024-12-28,Involuntary,false,HCM_A,2025-12-30
ACP000515,GR,Sales,Field Sales,Senior Leader,Permanent,2020-11-11,,,,HCM_B,2025-12-31
ACP000516,IT,Finance,Controls,Individual Contributor,Permanent,2020-12-21,2021-03-31,End of Contract,false,HCM_A,2025-12-20
ACP000517,IE,Finance,FP&A,Individual Contributor,Permanent,2025-03-08,2025-05-06,Voluntary,true,HCM_A,2025-12-21
ACP000518,BG,Sales,Field Sales,Manager,Permanent,2023-05-30,,,,HCM_A,2025-12-22
ACP000519,IT,Finance,FP&A,Individual Contributor,Permanent,2021-12-04,,,,HCM_A,2025-12-23
ACP000520,RO,Digital,Data,Manager,Permanent,2025-03-29,2025-12-25,Voluntary,true,HCM_B,2025-12-24
ACP000521,IT,Finance,FP&A,Manager,Permanent,2023-05-03,2024-05-05,Involuntary,false,HCM_A,2025-12-25
ACP000522,IE,Supply Chain,Manufacturing,Individual Contributor,Permanent,2020-01-24,2024-02-21,Voluntary,false,HCM_A,2025-12-26
ACP000523,BG,Finance,FP&A,Individual Contributor,Permanent,2025-05-27,2025-12-19,Voluntary,false,HCM_A,2025-12-27
ACP000524,GR,Digital,Software,Individual Contributor,Fixed Term,2024-04-08,,,,HCM_A,2025-12-28
ACP000525,IE,Supply Chain,Procurement,Senior Leader,Fixed Term,2024-03-14,2024-03-26,Voluntary,false,HCM_B,2025-12-29
ACP000526,GR,Sales,Field Sales,Senior Leader,Fixed Term,2023-07-22,,,,HCM_A,2025-12-30
ACP000527,IT,Digital,Data,Individual Contributor,Permanent,2024-10-04,2025-12-17,Voluntary,false,HCM_A,2025-12-31
ACP000528,IT,Digital,Software,Individual Contributor,Permanent,2021-05-01,,,,HCM_A,2025-12-20
ACP000529,RO,Finance,Accounting,Manager,Permanent,2021-11-14,,,,HCM_A,2025-12-21
ACP000530,GR,Supply Chain,Manufacturing,Manager,Fixed Term,2025-08-13,,,,HCM_B,2025-12-22
ACP000531,IT,Supply Chain,Procurement,Senior Leader,Permanent,2022-12-29,,,,HCM_A,2025-12-23
ACP000532,GR,Digital,Product,Individual Contributor,Permanent,2020-04-29,,,,HCM_A,2025-12-24
ACP000533,BG,Supply Chain,Logistics,Individual Contributor,Permanent,2024-02-12,2025-01-23,Voluntary,true,HCM_A,2025-12-25
ACP000534,BG,Supply Chain,Procurement,Manager,Permanent,2024-09-04,2024-11-26,Voluntary,,HCM_A,2025-12-26
ACP000535,GR,Finance,FP&A,Manager,Permanent,2022-02-10,,,,HCM_B,2025-12-27
ACP000536,IE,Digital,Product,Manager,Permanent,2024-11-05,,,,HCM_A,2025-12-28
ACP000537,BG,Digital,Data,Individual Contributor,Permanent,2025-03-16,,,,HCM_A,2025-12-29
ACP000538,IT,Supply Chain,Manufacturing,Manager,Permanent,2020-08-28,,,,HCM_A,2025-12-30
ACP000539,BG,Supply Chain,Logistics,Individual Contributor,Fixed Term,2024-11-30,,,,HCM_A,2025-12-31
ACP000540,BG,Finance,Accounting,Individual Contributor,Permanent,2023-02-22,2024-01-15,End of Contract,false,HCM_B,2025-12-20
ACP000541,IT,Digital,Product,Individual Contributor,Permanent,2024-03-01,,,,HCM_A,2025-12-21
ACP000542,RO,Supply Chain,Manufacturing,Individual Contributor,Permanent,2025-08-26,,,,HCM_A,2025-12-22
ACP000543,GR,Finance,Controls,Individual Contributor,Permanent,2021-04-14,,,,HCM_A,2025-12-23
ACP000544,GR,Finance,Accounting,Individual Contributor,Permanent,2021-09-03,,,,HCM_A,2025-12-24
ACP000545,IT,Supply Chain,Procurement,Individual Contributor,Permanent,2021-04-18,,,,HCM_B,2025-12-25
ACP000546,RO,Supply Chain,Procurement,Individual Contributor,Permanent,2022-06-03,,,,HCM_A,2025-12-26
ACP000547,BG,Finance,Controls,Manager,Permanent,2023-01-27,,,,HCM_A,2025-12-27
ACP000548,GR,Supply Chain,Procurement,Manager,Permanent,2020-06-21,,,,HCM_A,2025-12-28
ACP000549,BG,Digital,Product,Individual Contributor,Permanent,2020-06-30,2024-04-09,Involuntary,false,HCM_A,2025-12-29
ACP000550,RO,Finance,FP&A,Manager,Permanent,2021-08-11,2025-08-04,Voluntary,false,HCM_B,2025-12-30
ACP000551,IE,Digital,Product,Manager,Permanent,2023-03-04,,,,HCM_A,2025-12-31
ACP000552,GR,Sales,Key Accounts,Individual Contributor,Permanent,2020-07-11,,,,HCM_A,2025-12-20
ACP000553,IT,Finance,FP&A,Manager,Permanent,2023-02-25,2025-01-10,Voluntary,true,HCM_A,2025-12-21
ACP000554,IE,Sales,Field Sales,Manager,Permanent,2024-09-21,,,,HCM_A,2025-12-22
ACP000555,IT,Finance,FP&A,Individual Contributor,Permanent,2020-03-20,2020-10-26,Voluntary,true,HCM_B,2025-12-23
ACP000556,GR,Supply Chain,Manufacturing,Individual Contributor,Permanent,2021-05-22,2021-06-03,Voluntary,false,HCM_A,2025-12-24
ACP000557,IE,Supply Chain,Manufacturing,Manager,Permanent,2020-02-18,2025-05-15,Involuntary,false,HCM_A,2025-12-25
ACP000558,IT,Finance,FP&A,Manager,Permanent,2023-02-08,,,,HCM_A,2025-12-26
ACP000559,IT,Digital,Product,Manager,Permanent,2021-10-28,2023-04-19,End of Contract,false,HCM_A,2025-12-27
ACP000560,RO,Supply Chain,Manufacturing,Individual Contributor,Permanent,,2024-04-27,Voluntary,false,HCM_B,2025-12-28
ACP000561,BG,Sales,Field Sales,Individual Contributor,Permanent,2022-06-06,,,,HCM_A,2025-12-29
ACP000562,PL,Sales,Field Sales,Senior Leader,Permanent,2025-09-22,,,,HCM_A,2025-12-30
ACP000563,IE,Digital,Product,Individual Contributor,Permanent,2025-10-25,,,,HCM_A,2025-12-31
ACP000564,GR,Supply Chain,Logistics,Manager,Permanent,2023-09-03,,,,HCM_A,2025-12-20
ACP000565,PL,Sales,Key Accounts,Individual Contributor,Permanent,2025-11-20,,,,HCM_B,2025-12-21
ACP000566,BG,Supply Chain,Procurement,Sr Mgmt,Fixed Term,2021-04-07,,,,HCM_A,2025-12-22
ACP000567,BG,Digital,Product,Manager,Permanent,2022-10-10,,,,HCM_A,2025-12-23
ACP000568,IE,Digital,Software,Manager,Permanent,2020-08-12,2020-10-24,Voluntary,false,HCM_A,2025-12-24
ACP000569,IE,Sales,Key Accounts,Manager,Fixed Term,2025-04-10,,,,HCM_A,2025-12-25
ACP000570,IE,Supply Chain,Manufacturing,Individual Contributor,Permanent,2022-09-14,,,,HCM_B,2025-12-26
ACP000571,BG,Digital,Software,Individual Contributor,Permanent,2021-07-27,,,,HCM_A,2025-12-27
ACP000572,IT,Digital,Product,Individual Contributor,Permanent,2023-08-25,,,,HCM_A,2025-12-28
ACP000573,RO,Finance,Accounting,Individual Contributor,Permanent,2022-12-16,,,,HCM_A,2025-12-29
ACP000574,GR,Supply Chain,Logistics,Manager,Fixed Term,2025-06-05,2025-09-18,Voluntary,true,HCM_A,2025-12-30
ACP000575,RO,Supply Chain,Logistics,Manager,Permanent,2022-10-24,2024-09-25,End of Contract,false,HCM_B,2025-12-31
ACP000576,PL,Supply Chain,Logistics,Senior Leader,Permanent,2023-05-23,,,,HCM_A,2025-12-20
ACP000577,RO,Digital,Software,Individual Contributor,Permanent,2021-10-26,,,,HCM_A,2025-12-21
ACP000578,IE,Finance,FP&A,Manager,Fixed Term,2020-06-03,2023-05-04,Voluntary,false,HCM_A,2025-12-22
ACP000579,IT,Supply Chain,Logistics,Manager,Fixed Term,2020-08-21,2020-11-19,End of Contract,false,HCM_A,2025-12-23
ACP000580,IE,Finance,Accounting,Individual Contributor,Permanent,2023-11-30,2024-01-16,Voluntary,false,HCM_B,2025-12-24
ACP000581,IE,Finance,FP&A,Senior Leader,Fixed Term,2025-04-17,2025-10-27,Involuntary,false,HCM_A,2025-12-25
ACP000582,GR,Finance,Accounting,Individual Contributor,Permanent,2022-11-16,,,,HCM_A,2025-12-26
ACP000583,PL,Sales,Key Accounts,Manager,Permanent,2020-10-01,,,,HCM_A,2025-12-27
ACP000584,IT,Sales,Field Sales,Individual Contributor,Permanent,2022-05-17,2022-06-30,Involuntary,false,HCM_A,2025-12-28
ACP000585,GR,Supply Chain,Procurement,Senior Leader,Permanent,2023-12-09,2024-03-24,Voluntary,true,HCM_B,2025-12-29
ACP000586,RO,Sales,Key Accounts,Manager,Permanent,2024-04-06,,,,HCM_A,2025-12-30
ACP000587,IE,Finance,Accounting,Individual Contributor,Permanent,2024-11-20,,,,HCM_A,2025-12-31
ACP000588,BG,Finance,FP&A,Individual Contributor,Permanent,2024-08-03,2025-12-28,Voluntary,true,HCM_A,2025-12-20
ACP000589,IT,Sales,Field Sales,Manager,Permanent,2022-08-02,2023-02-15,Voluntary,false,HCM_A,2025-12-21
ACP000590,BG,Supply Chain,Logistics,Manager,Permanent,2022-09-07,,,,HCM_B,2025-12-22
ACP000591,PL,Finance,Accounting,Individual Contributor,Permanent,2021-01-25,2022-06-26,Voluntary,false,HCM_A,2025-12-23
ACP000592,BG,Digital,Product,Individual Contributor,Permanent,2022-11-27,2023-05-22,Involuntary,false,HCM_A,2025-12-24
ACP000593,BG,Supply Chain,Manufacturing,Manager,Fixed Term,2024-01-09,2024-10-21,Voluntary,false,HCM_A,2025-12-25
ACP000594,GR,Supply Chain,Procurement,Manager,Permanent,2024-10-23,,,,HCM_A,2025-12-26
ACP000595,BG,Digital,Software,Manager,Permanent,2020-06-08,,,,HCM_B,2025-12-27
ACP000596,BG,Finance,Accounting,Manager,Permanent,2023-01-02,,,,HCM_A,2025-12-28
ACP000597,IT,Supply Chain,Logistics,Senior Leader,Permanent,2025-01-12,,,,HCM_A,2025-12-29
ACP000598,IE,Finance,FP&A,Senior Leader,Fixed Term,2023-08-16,2023-12-21,Voluntary,true,HCM_A,2025-12-30
ACP000599,RO,Finance,Controls,Individual Contributor,Permanent,2023-07-22,,,,HCM_A,2025-12-31
ACP000600,IE,Sales,Commercial Planning,Manager,Permanent,2022-07-07,,,,HCM_B,2025-12-20
ACP000601,PL,Finance,Controls,Individual Contributor,Permanent,2024-08-25,,,,HCM_A,2025-12-21
ACP000602,RO,Digital,Product,Individual Contributor,Permanent,2021-11-29,2022-02-03,Involuntary,false,HCM_A,2025-12-22
ACP000603,GR,Digital,Product,Individual Contributor,Permanent,2024-04-11,,,,HCM_A,2025-12-23
ACP000604,PL,Sales,Key Accounts,Individual Contributor,Permanent,2024-12-24,,,,HCM_A,2025-12-24
ACP000605,PL,Sales,Key Accounts,Manager,Permanent,2022-08-11,,,,HCM_B,2025-12-25
ACP000606,PL,Supply Chain,Procurement,Individual Contributor,Permanent,2023-04-14,2025-08-15,Voluntary,false,HCM_A,2025-12-26
ACP000607,PL,Finance,FP&A,Individual Contributor,Permanent,2024-04-09,2024-03-24,Voluntary,false,HCM_A,2025-12-27
ACP000608,IE,Supply Chain,Procurement,Individual Contributor,Fixed Term,2021-12-12,2022-03-30,Voluntary,false,HCM_A,2025-12-28
ACP000609,IE,Finance,Controls,Individual Contributor,Permanent,2020-06-08,2020-09-12,End of Contract,false,HCM_A,2025-12-29
ACP000610,IT,Digital,Product,Manager,Permanent,2021-03-27,,,,HCM_B,2025-12-30
ACP000611,PL,Sales,Field Sales,Manager,Permanent,2025-03-23,,,,HCM_A,2025-12-31
ACP000612,BG,Finance,FP&A,Individual Contributor,Permanent,2021-05-07,,,,HCM_A,2025-12-20
ACP000613,IE,Sales,Key Accounts,Manager,Permanent,2025-02-15,,,,HCM_A,2025-12-21
ACP000614,PL,Supply Chain,Manufacturing,Senior Leader,Permanent,2022-12-23,,,,HCM_A,2025-12-22
ACP000615,IT,Sales,Commercial Planning,Manager,Fixed Term,2022-01-24,,,,HCM_B,2025-12-23
ACP000616,,Supply Chain,Logistics,Manager,Permanent,2023-08-06,2025-10-24,Voluntary,true,HCM_A,2025-12-24
ACP000617,BG,Finance,Accounting,Individual Contributor,Permanent,2022-12-14,2023-08-29,Voluntary,false,HCM_A,2025-12-25
ACP000618,RO,Sales,Commercial Planning,Manager,Permanent,2023-02-12,,,,HCM_A,2025-12-26
ACP000619,PL,Finance,FP&A,Individual Contributor,Fixed Term,2023-04-06,,,,HCM_A,2025-12-27
ACP000620,BG,Sales,Key Accounts,Individual Contributor,Permanent,2021-11-10,,,,HCM_B,2025-12-28
ACP000621,GR,Supply Chain,Logistics,Senior Leader,Permanent,2024-02-19,,,,HCM_A,2025-12-29
ACP000622,RO,Sales,Commercial Planning,Manager,Permanent,2020-05-19,,,,HCM_A,2025-12-30
ACP000623,IE,Finance,FP&A,Senior Leader,Permanent,2025-09-05,2025-12-04,,,HCM_A,2025-12-31
ACP000624,IT,Finance,Accounting,Manager,Permanent,2021-01-11,,,,HCM_A,2025-12-20
ACP000625,RO,Finance,FP&A,Individual Contributor,Permanent,2023-12-28,,,,HCM_B,2025-12-21
ACP000626,IE,Sales,Field Sales,Senior Leader,Fixed Term,2025-11-13,,,,HCM_A,2025-12-22
ACP000627,RO,Finance,FP&A,Individual Contributor,Fixed Term,2024-02-17,,,,HCM_A,2025-12-23
ACP000628,GR,Digital,Product,Individual Contributor,Permanent,2020-11-15,,,,HCM_A,2025-12-24
ACP000629,RO,Finance,FP&A,Senior Leader,Permanent,2020-08-29,,,,HCM_A,2025-12-25
ACP000630,GR,Digital,Product,Manager,Permanent,2023-08-03,2023-09-28,Voluntary,true,HCM_B,2025-12-26
ACP000631,IT,Finance,Controls,Senior Leader,Permanent,2022-09-18,,,,HCM_A,2025-12-27
ACP000632,BG,Supply Chain,Procurement,Individual Contributor,Permanent,2024-02-19,,,,HCM_A,2025-12-28
ACP000633,BG,Supply Chain,Logistics,Individual Contributor,Fixed Term,2025-01-15,,,,HCM_A,2025-12-29
ACP000634,IT,Supply Chain,Manufacturing,Manager,Permanent,2022-02-21,,,,HCM_A,2025-12-30
ACP000635,IT,Digital,Product,Senior Leader,Permanent,2020-07-01,,,,HCM_B,2025-12-31
ACP000636,IT,Finance,FP&A,Individual Contributor,Fixed Term,2024-03-09,2025-05-11,Voluntary,true,HCM_A,2025-12-20
ACP000637,GR,Finance,FP&A,Manager,Fixed Term,2021-04-22,,,,HCM_A,2025-12-21
ACP000638,RO,Finance,FP&A,Individual Contributor,Permanent,2020-07-22,2020-10-22,End of Contract,false,HCM_A,2025-12-22
ACP000639,GR,Supply Chain,Manufacturing,Individual Contributor,Permanent,2020-03-19,,,,HCM_A,2025-12-23
ACP000640,IT,Sales,Commercial Planning,Manager,Permanent,2025-01-31,,,,HCM_B,2025-12-24
ACP000641,RO,Digital,Product,Manager,Permanent,2025-03-10,,,,HCM_A,2025-12-25
ACP000642,BG,Supply Chain,Procurement,Manager,Permanent,2024-10-29,,,,HCM_A,2025-12-26
ACP000643,PL,Sales,Field Sales,Manager,Permanent,2024-08-18,,,,HCM_A,2025-12-27
ACP000644,RO,Finance,Accounting,Senior Leader,Permanent,2022-09-24,2022-12-02,Voluntary,true,HCM_A,2025-12-28
ACP000645,IE,Sales,Key Accounts,Individual Contributor,Permanent,2023-04-22,,,,HCM_B,2025-12-29
ACP000646,RO,Digital,Software,Manager,Permanent,2020-05-13,2020-09-28,Voluntary,true,HCM_A,2025-12-30
ACP000647,GR,Supply Chain,Logistics,Individual Contributor,Permanent,2022-05-21,,,,HCM_A,2025-12-31
ACP000648,GR,Finance,Controls,Individual Contributor,Permanent,2022-07-29,,,,HCM_A,2025-12-20
ACP000649,RO,Supply Chain,Procurement,Manager,Permanent,2022-06-17,,,,HCM_A,2025-12-21
ACP000650,GR,Sales,Key Accounts,Individual Contributor,Permanent,2025-05-06,,,,HCM_B,2025-12-22
ACP000651,IT,Finance,Controls,Individual Contributor,Permanent,2022-11-01,,,,HCM_A,2025-12-23
ACP000652,PL,Finance,FP&A,Manager,Permanent,2022-07-31,,,,HCM_A,2025-12-24
ACP000653,RO,Sales,Commercial Planning,Individual Contributor,Permanent,2022-02-17,,,,HCM_A,2025-12-25
ACP000654,IT,Finance,FP&A,Individual Contributor,Fixed Term,2021-08-07,2022-08-01,Involuntary,false,HCM_A,2025-12-26
ACP000655,PL,Supply Chain,Manufacturing,Individual Contributor,Permanent,2022-10-09,2025-08-05,Voluntary,true,HCM_B,2025-12-27
ACP000656,PL,Supply Chain,Manufacturing,Individual Contributor,Permanent,2023-11-27,,,,HCM_A,2025-12-28
ACP000657,IE,Supply Chain,Logistics,Individual Contributor,Permanent,2022-03-12,,,,HCM_A,2025-12-29
ACP000658,IT,Supply Chain,Manufacturing,Individual Contributor,Permanent,2021-09-18,2025-04-16,Involuntary,false,HCM_A,2025-12-30
ACP000659,GR,Supply Chain,Procurement,Manager,Permanent,2023-08-24,,,,HCM_A,2025-12-31
ACP000660,PL,Finance,FP&A,Senior Leader,Permanent,2020-10-26,,,,HCM_B,2025-12-20
ACP000661,GR,Digital,Data,Senior Leader,Permanent,2021-10-09,,,,HCM_A,2025-12-21
ACP000662,GR,Finance,Controls,Individual Contributor,Permanent,2024-06-08,,,,HCM_A,2025-12-22
ACP000663,BG,Sales,Commercial Planning,Individual Contributor,Permanent,2025-04-27,,,,HCM_A,2025-12-23
ACP000664,PL,Finance,Controls,Manager,Permanent,2020-10-15,2022-09-15,Voluntary,false,HCM_A,2025-12-24
ACP000665,IT,Finance,FP&A,Individual Contributor,Permanent,2022-07-03,,,,HCM_B,2025-12-25
ACP000666,GR,Finance,Accounting,Individual Contributor,Fixed Term,2021-04-08,,,,HCM_A,2025-12-26
ACP000667,RO,Sales,Commercial Planning,Individual Contributor,Permanent,2024-09-28,,,,HCM_A,2025-12-27
ACP000668,IE,Supply Chain,Manufacturing,Individual Contributor,Permanent,2022-11-04,,,,HCM_A,2025-12-28
ACP000669,IT,Sales,Commercial Planning,Manager,Fixed Term,2020-01-28,,,,HCM_A,2025-12-29
ACP000670,GR,Supply Chain,Manufacturing,Manager,Permanent,2021-02-18,2023-12-23,Involuntary,false,HCM_B,2025-12-30
ACP000671,BG,Supply Chain,Procurement,Individual Contributor,Permanent,2020-01-16,,,,HCM_A,2025-12-31
ACP000672,BG,Supply Chain,Manufacturing,Individual Contributor,Permanent,2023-01-14,,,,HCM_A,2025-12-20
ACP000673,IT,Supply Chain,Manufacturing,Individual Contributor,Permanent,2020-07-02,2021-10-22,End of Contract,false,HCM_A,2025-12-21
ACP000674,RO,Supply Chain,Logistics,Manager,Permanent,2024-06-22,,,,HCM_A,2025-12-22
ACP000675,GR,Supply Chain,Manufacturing,Individual Contributor,Permanent,2022-08-01,2023-05-12,Voluntary,false,HCM_B,2025-12-23
ACP000676,IE,Supply Chain,Logistics,Individual Contributor,Permanent,2025-03-15,,,,HCM_A,2025-12-24
ACP000677,BG,Digital,Software,Individual Contributor,Permanent,2025-10-07,,,,HCM_A,2025-12-25
ACP000678,IE,Sales,Field Sales,Manager,Permanent,2021-10-29,,,,HCM_A,2025-12-26
ACP000679,IE,Supply Chain,Logistics,Manager,Permanent,2022-08-28,,,,HCM_A,2025-12-27
ACP000680,BG,Sales,Key Accounts,Individual Contributor,Permanent,2022-09-15,2023-01-17,Voluntary,false,HCM_B,2025-12-28
ACP000681,GR,Digital,Data,Manager,Permanent,2022-01-21,2025-05-12,End of Contract,false,HCM_A,2025-12-29
ACP000682,BG,Finance,Controls,Individual Contributor,Permanent,2025-01-09,,,,HCM_A,2025-12-30
ACP000683,IT,Finance,Controls,Individual Contributor,Permanent,2024-08-29,,,,HCM_A,2025-12-31
ACP000684,RO,Sales,Key Accounts,Individual Contributor,Permanent,2020-07-25,2022-11-16,Voluntary,true,HCM_A,2025-12-20
ACP000685,GR,Digital,Product,Individual Contributor,Permanent,2020-07-03,,,,HCM_B,2025-12-21
ACP000686,PL,Digital,Data,Manager,Permanent,2024-07-24,2025-11-03,Voluntary,true,HCM_A,2025-12-22
ACP000687,IT,Digital,Software,Manager,Permanent,2025-09-16,,,,HCM_A,2025-12-23
ACP000688,IE,Sales,Field Sales,Individual Contributor,Permanent,2024-02-01,2024-12-11,Voluntary,true,HCM_A,2025-12-24
ACP000689,IT,Supply Chain,Procurement,Senior Leader,Permanent,2021-07-20,2021-08-31,Involuntary,false,HCM_A,2025-12-25
ACP000690,BG,Digital,Product,Individual Contributor,Permanent,2025-01-19,2025-05-05,Voluntary,true,HCM_B,2025-12-26
ACP000691,IE,Supply Chain,Logistics,Individual Contributor,Permanent,2022-12-13,2025-04-18,Voluntary,false,HCM_A,2025-12-27
ACP000692,PL,Supply Chain,Logistics,Manager,Permanent,2025-06-24,,,,HCM_A,2025-12-28
ACP000693,PL,Finance,FP&A,Manager,Permanent,2025-08-05,,,,HCM_A,2025-12-29
ACP000694,IT,Supply Chain,Manufacturing,Individual Contributor,Fixed Term,2025-09-03,,,,HCM_A,2025-12-30
ACP000695,BG,Supply Chain,Procurement,Senior Leader,Fixed Term,2023-03-10,,,,HCM_B,2025-12-31
ACP000696,IE,Digital,Software,Senior Leader,Permanent,2020-10-23,,,,HCM_A,2025-12-20
ACP000697,IT,Digital,Data,Manager,Permanent,2021-07-31,2024-02-12,End of Contract,false,HCM_A,2025-12-21
ACP000698,PL,Sales,Commercial Planning,Individual Contributor,Fixed Term,2020-06-28,,,,HCM_A,2025-12-22
ACP000699,BG,Finance,FP&A,Individual Contributor,Permanent,2023-01-19,,,,HCM_A,2025-12-23
ACP000700,IE,Supply Chain,Manufacturing,Individual Contributor,Permanent,2024-08-18,2025-01-15,Involuntary,false,HCM_B,2025-12-24
ACP000701,IT,Supply Chain,Logistics,Individual Contributor,Permanent,2024-04-21,,,,HCM_A,2025-12-25
ACP000702,RO,Sales,Field Sales,Senior Leader,Permanent,2024-08-24,,,,HCM_A,2025-12-26
ACP000703,BG,Sales,Key Accounts,Individual Contributor,Permanent,2023-04-20,2024-02-10,Involuntary,false,HCM_A,2025-12-27
ACP000704,IT,Finance,FP&A,Manager,Fixed Term,2023-08-04,,,,HCM_A,2025-12-28
ACP000705,BG,Sales,Field Sales,Senior Leader,Fixed Term,2020-12-10,2021-06-25,Voluntary,true,HCM_B,2025-12-29
ACP000706,BG,Finance,Accounting,Individual Contributor,Permanent,2022-08-09,,,,HCM_A,2025-12-30
ACP000707,RO,Digital,Product,Individual Contributor,Fixed Term,2025-08-15,,,,HCM_A,2025-12-31
ACP000708,RO,Digital,Product,Individual Contributor,Permanent,2023-10-17,2025-10-19,Involuntary,false,HCM_A,2025-12-20
ACP000709,PL,Supply Chain,Procurement,Manager,Permanent,2020-01-10,,,,HCM_A,2025-12-21
ACP000710,BG,Finance,Controls,Manager,Permanent,2021-12-31,,,,HCM_B,2025-12-22
ACP000711,GR,Sales,Field Sales,Individual Contributor,Permanent,2024-09-14,,,,HCM_A,2025-12-23
ACP000712,IT,Digital,Software,Individual Contributor,Permanent,2020-11-29,,,,HCM_A,2025-12-24
ACP000713,GR,Finance,Accounting,Individual Contributor,Permanent,2024-07-09,,,,HCM_A,2025-12-25
ACP000714,GR,Sales,Key Accounts,Individual Contributor,Permanent,2024-03-27,,,,HCM_A,2025-12-26
ACP000715,IT,Sales,Commercial Planning,Individual Contributor,Permanent,2020-12-01,2022-04-26,Involuntary,false,HCM_B,2025-12-27
ACP000716,BG,Supply Chain,Procurement,Manager,Permanent,2023-03-11,,,,HCM_A,2025-12-28
ACP000717,IE,Sales,Key Accounts,Individual Contributor,Fixed Term,2020-04-21,2023-05-25,Involuntary,false,HCM_A,2025-12-29
ACP000718,IE,Supply Chain,Manufacturing,Manager,Permanent,2021-06-19,2022-04-22,Voluntary,false,HCM_A,2025-12-30
ACP000719,BG,Sales,Key Accounts,Manager,Permanent,2024-03-10,,,,HCM_A,2025-12-31
ACP000720,RO,Digital,Software,Manager,Permanent,2020-09-07,,,,HCM_B,2025-12-20
ACP000721,BG,Sales,Commercial Planning,Individual Contributor,Permanent,2025-04-01,,,,HCM_A,2025-12-21
ACP000722,GR,Finance,Accounting,Individual Contributor,Permanent,2024-08-17,,,,HCM_A,2025-12-22
ACP000723,RO,Digital,Data,Manager,Fixed Term,2021-07-05,,,,HCM_A,2025-12-23
ACP000724,IT,Finance,Controls,Individual Contributor,Permanent,2024-01-20,,,,HCM_A,2025-12-24
ACP000725,PL,Finance,FP&A,Individual Contributor,Fixed Term,2022-09-05,,,,HCM_B,2025-12-25
ACP000726,IT,Supply Chain,Logistics,Manager,Permanent,2025-07-15,,,,HCM_A,2025-12-26
ACP000727,BG,Sales,Field Sales,Manager,Permanent,2024-01-27,,,,HCM_A,2025-12-27
ACP000728,RO,Digital,Data,Individual Contributor,Fixed Term,2021-01-21,,,,HCM_A,2025-12-28
ACP000729,PL,Sales,Key Accounts,Manager,Permanent,2022-11-11,,,,HCM_A,2025-12-29
ACP000730,IT,Supply Chain,Logistics,Senior Leader,Permanent,2022-09-05,2025-06-29,Involuntary,false,HCM_B,2025-12-30
ACP000731,GR,Digital,Software,Individual Contributor,Permanent,2020-08-16,,,,HCM_A,2025-12-31
ACP000732,RO,Supply Chain,Procurement,Individual Contributor,Permanent,2024-02-06,2025-03-15,Voluntary,false,HCM_A,2025-12-20
ACP000733,RO,Finance,FP&A,Senior Leader,Permanent,2020-06-19,,,,HCM_A,2025-12-21
ACP000734,IE,Sales,Commercial Planning,Manager,Permanent,2025-05-17,,,,HCM_A,2025-12-22
ACP000735,BG,Digital,Software,Senior Leader,Fixed Term,2023-11-25,,,,HCM_B,2025-12-23
ACP000736,IT,Finance,FP&A,Manager,Permanent,2020-08-22,,,,HCM_A,2025-12-24
ACP000737,EL,Digital,Product,Individual Contributor,Permanent,2021-01-09,,,,HCM_A,2025-12-25
ACP000738,PL,Finance,Accounting,Individual Contributor,Permanent,2022-12-26,,,,HCM_A,2025-12-26
ACP000739,BG,Sales,Field Sales,Manager,Permanent,2020-06-12,2021-01-21,End of Contract,false,HCM_A,2025-12-27
ACP000740,IE,Supply Chain,Logistics,Senior Leader,Permanent,2022-11-19,2025-06-19,Voluntary,true,HCM_B,2025-12-28
ACP000741,IT,Finance,Accounting,Individual Contributor,Permanent,2024-03-28,,,,HCM_A,2025-12-29
ACP000742,RO,Digital,Software,Individual Contributor,Permanent,2023-06-24,2023-12-11,Voluntary,false,HCM_A,2025-12-30
ACP000743,PL,Sales,Key Accounts,Individual Contributor,Permanent,2024-02-09,2025-09-18,Voluntary,false,HCM_A,2025-12-31
ACP000744,IE,Digital,Product,Senior Leader,Permanent,2025-10-28,,,,HCM_A,2025-12-20
ACP000745,GR,Digital,Product,Senior Leader,Permanent,2021-01-10,2025-02-08,Involuntary,false,HCM_B,2025-12-21
ACP000746,GR,Sales,Commercial Planning,Senior Leader,Permanent,2021-10-05,2022-01-29,Voluntary,true,HCM_A,2025-12-22
ACP000747,PL,Finance,Accounting,Individual Contributor,Permanent,2020-06-25,,,,HCM_A,2025-12-23
ACP000748,PL,Finance,Accounting,Senior Leader,Permanent,2021-10-20,,,,HCM_A,2025-12-24
ACP000749,PL,Supply Chain,Logistics,Individual Contributor,Permanent,2022-02-26,,,,HCM_A,2025-12-25
ACP000750,IE,Digital,Product,Individual Contributor,Permanent,2024-09-10,,,,HCM_B,2025-12-26
ACP000751,IT,Sales,Key Accounts,Individual Contributor,Permanent,2021-03-05,,,,HCM_A,2025-12-27
ACP000752,PL,Digital,Software,Manager,Permanent,2023-09-01,2024-07-17,Voluntary,false,HCM_A,2025-12-28
ACP000753,IE,Digital,Software,Individual Contributor,Permanent,2020-04-23,2020-09-21,Involuntary,false,HCM_A,2025-12-29
ACP000754,PL,Finance,FP&A,Manager,Permanent,2024-06-16,,,,HCM_A,2025-12-30
ACP000755,GR,Supply Chain,Procurement,Manager,Permanent,2024-01-02,,,,HCM_B,2025-12-31
ACP000756,IT,Supply Chain,Procurement,Senior Leader,Permanent,2020-10-13,,,,HCM_A,2025-12-20
ACP000757,IT,Digital,Product,Individual Contributor,Permanent,2021-04-26,,,,HCM_A,2025-12-21
ACP000758,RO,Finance,FP&A,Individual Contributor,Permanent,2021-07-17,,,,HCM_A,2025-12-22
ACP000759,IT,Finance,FP&A,Senior Leader,Permanent,2020-10-24,2023-04-17,Involuntary,false,HCM_A,2025-12-23
ACP000760,PL,Finance,FP&A,Senior Leader,Fixed Term,2025-08-27,,,,HCM_B,2025-12-24
ACP000761,RO,Digital,Product,Individual Contributor,Permanent,2023-05-09,,,,HCM_A,2025-12-25
ACP000762,GR,Finance,Controls,Individual Contributor,Permanent,2021-07-26,,,,HCM_A,2025-12-26
ACP000763,IT,Supply Chain,Procurement,Manager,Permanent,2021-10-27,2022-01-02,Voluntary,false,HCM_A,2025-12-27
ACP000764,IT,Digital,Data,Manager,Permanent,2024-05-03,2025-12-24,Voluntary,true,HCM_A,2025-12-28
ACP000765,GR,Sales,Commercial Planning,Manager,Permanent,2023-02-20,,,,HCM_B,2025-12-29
ACP000766,PL,Supply Chain,Procurement,Individual Contributor,Fixed Term,2021-06-03,,,,HCM_A,2025-12-30
ACP000767,IE,Digital,Software,Manager,Permanent,2022-06-17,,,,HCM_A,2025-12-31
ACP000768,IE,Digital,Software,Individual Contributor,Fixed Term,2025-03-02,,,,HCM_A,2025-12-20
ACP000769,RO,Supply Chain,Manufacturing,Senior Leader,Permanent,2024-09-11,2025-11-16,Voluntary,true,HCM_A,2025-12-21
ACP000770,GR,Finance,FP&A,Individual Contributor,Permanent,2025-01-14,,,,HCM_B,2025-12-22
ACP000771,BG,Supply Chain,Procurement,Manager,Fixed Term,2024-07-29,,,,HCM_A,2025-12-23
ACP000772,RO,Sales,Commercial Planning,Individual Contributor,Permanent,2024-08-03,2025-01-22,Voluntary,false,HCM_A,2025-12-24
ACP000773,BG,Supply Chain,Logistics,Individual Contributor,Permanent,2022-09-11,2025-09-11,Voluntary,true,HCM_A,2025-12-25
ACP000774,PL,Digital,Software,Individual Contributor,Permanent,2024-08-30,,,,HCM_A,2025-12-26
ACP000775,RO,Finance,Accounting,Senior Leader,Permanent,2024-02-15,,,,HCM_B,2025-12-27
ACP000776,GR,Digital,Product,Manager,Permanent,2023-07-15,2025-03-08,Voluntary,true,HCM_A,2025-12-28
ACP000777,IE,Finance,Controls,Manager,Permanent,2022-10-22,,,,HCM_A,2025-12-29
ACP000778,IT,Sales,Field Sales,Individual Contributor,Permanent,2025-07-17,,,,HCM_A,2025-12-30
ACP000779,RO,Supply Chain,Manufacturing,Manager,Permanent,2024-06-02,,,,HCM_A,2025-12-31
ACP000780,IT,Supply Chain,Manufacturing,Individual Contributor,Permanent,2023-02-28,,,,HCM_B,2025-12-20
ACP000781,IE,Supply Chain,Procurement,Individual Contributor,Permanent,2020-01-16,,,,HCM_A,2025-12-21
ACP000782,PL,Finance,Controls,Individual Contributor,Permanent,2021-10-22,,,,HCM_A,2025-12-22
ACP000783,IT,Sales,Commercial Planning,Individual Contributor,Permanent,2024-06-17,,,,HCM_A,2025-12-23
ACP000784,PL,Digital,Software,Individual Contributor,Permanent,2022-09-20,2022-11-24,Voluntary,true,HCM_A,2025-12-24
ACP000785,BG,Finance,Accounting,Manager,Permanent,2023-01-28,2025-06-27,Voluntary,false,HCM_B,2025-12-25
ACP000786,BG,Finance,Controls,Manager,Permanent,2020-04-28,,,,HCM_A,2025-12-26
ACP000787,IT,Supply Chain,Manufacturing,Individual Contributor,Fixed Term,2020-06-16,2020-07-15,End of Contract,false,HCM_A,2025-12-27
ACP000788,BG,Supply Chain,Logistics,Individual Contributor,Permanent,2022-05-10,2025-06-01,Involuntary,false,HCM_A,2025-12-28
ACP000789,IE,Sales,Key Accounts,Manager,Permanent,2020-12-21,2021-06-28,End of Contract,false,HCM_A,2025-12-29
ACP000790,BG,Supply Chain,Procurement,Senior Leader,Permanent,2024-06-06,,,,HCM_B,2025-12-30
ACP000791,BG,Supply Chain,Procurement,Senior Leader,Permanent,2023-10-23,,,,HCM_A,2025-12-31
ACP000792,IE,Finance,Controls,Senior Leader,Permanent,2022-09-25,,,,HCM_A,2025-12-20
ACP000793,IT,Digital,Data,Manager,Permanent,2024-03-18,2024-11-03,Voluntary,true,HCM_A,2025-12-21
ACP000794,PL,Digital,Product,Senior Leader,Permanent,2024-02-07,,,,HCM_A,2025-12-22
ACP000795,IT,Supply Chain,Procurement,Manager,Permanent,2020-03-18,,,,HCM_B,2025-12-23
ACP000796,IT,Digital,Software,Individual Contributor,Permanent,2024-11-19,,,,HCM_A,2025-12-24
ACP000797,PL,Supply Chain,Logistics,Individual Contributor,Permanent,2022-10-16,,,,HCM_A,2025-12-25
ACP000798,IE,Supply Chain,Manufacturing,Sr Mgmt,Permanent,2024-12-28,,,,HCM_A,2025-12-26
ACP000799,PL,Sales,Commercial Planning,Individual Contributor,Permanent,2023-01-21,2023-05-24,Voluntary,false,HCM_A,2025-12-27
ACP000800,RO,Finance,Controls,Individual Contributor,Permanent,2024-06-19,,,,HCM_B,2025-12-28
ACP000801,PL,Finance,Controls,Senior Leader,Permanent,2025-01-24,2025-04-24,,,HCM_A,2025-12-29
ACP000802,RO,Sales,Field Sales,Individual Contributor,Fixed Term,2024-04-10,,,,HCM_A,2025-12-30
ACP000803,IT,Digital,Data,Individual Contributor,Permanent,2022-05-17,,,,HCM_A,2025-12-31
ACP000804,RO,Digital,Software,Individual Contributor,Permanent,2024-11-20,,,,HCM_A,2025-12-20
ACP000805,GR,Sales,Commercial Planning,Individual Contributor,Permanent,2022-01-22,2022-02-08,Involuntary,false,HCM_B,2025-12-21
ACP000806,IE,Supply Chain,Manufacturing,Individual Contributor,Permanent,2023-08-07,,,,HCM_A,2025-12-22
ACP000807,BG,Finance,FP&A,Individual Contributor,Fixed Term,2022-06-16,,,,HCM_A,2025-12-23
ACP000808,BG,Finance,FP&A,Individual Contributor,Permanent,2025-10-29,,,,HCM_A,2025-12-24
ACP000809,RO,Sales,Commercial Planning,Individual Contributor,Permanent,2022-03-30,2023-01-22,End of Contract,false,HCM_A,2025-12-25
ACP000810,IT,Sales,Field Sales,Senior Leader,Permanent,2024-08-02,,,,HCM_B,2025-12-26
ACP000811,BG,Digital,Product,Senior Leader,Permanent,2023-11-03,2025-07-26,Voluntary,true,HCM_A,2025-12-27
ACP000812,IT,Sales,Commercial Planning,Individual Contributor,Fixed Term,2020-06-30,,,,HCM_A,2025-12-28
ACP000813,RO,Digital,Product,Manager,Permanent,2025-03-15,,,,HCM_A,2025-12-29
ACP000814,BG,Supply Chain,Logistics,Individual Contributor,Fixed Term,2022-01-30,,,,HCM_A,2025-12-30
ACP000815,IT,Sales,Key Accounts,Individual Contributor,Permanent,2021-08-12,2022-01-19,Involuntary,false,HCM_B,2025-12-31
ACP000816,PL,Supply Chain,Procurement,Individual Contributor,Permanent,2021-02-18,,,,HCM_A,2025-12-20
ACP000817,IT,Finance,FP&A,Individual Contributor,Permanent,2022-11-28,,,,HCM_A,2025-12-21
ACP000818,IE,Supply Chain,Logistics,Individual Contributor,Permanent,2024-05-24,,,,HCM_A,2025-12-22
ACP000819,RO,Digital,Product,Individual Contributor,Fixed Term,2024-11-02,,,,HCM_A,2025-12-23
ACP000820,BG,Sales,Key Accounts,Manager,Permanent,2023-06-14,2025-04-14,Involuntary,false,HCM_B,2025-12-24
ACP000821,RO,Finance,Controls,Manager,Permanent,2025-08-10,,,,HCM_A,2025-12-25
ACP000822,IT,Finance,FP&A,Manager,Permanent,2020-11-22,,,,HCM_A,2025-12-26
ACP000823,IE,Finance,Controls,Manager,Permanent,2021-08-25,,,,HCM_A,2025-12-27
ACP000824,IE,Digital,Software,Individual Contributor,Permanent,2024-03-13,2024-04-15,End of Contract,false,HCM_A,2025-12-28
ACP000825,PL,Finance,Controls,Senior Leader,Fixed Term,2023-12-14,2024-12-14,End of Contract,false,HCM_B,2025-12-29
ACP000826,IT,Digital,Product,Individual Contributor,Permanent,2022-01-28,,,,HCM_A,2025-12-30
ACP000827,GR,Supply Chain,Manufacturing,Manager,Permanent,2024-02-14,2024-06-02,Voluntary,false,HCM_A,2025-12-31
ACP000828,BG,Finance,Controls,Senior Leader,Permanent,2021-11-29,,,,HCM_A,2025-12-20
ACP000829,PL,Finance,FP&A,Individual Contributor,Permanent,2022-01-31,2022-09-22,Voluntary,true,HCM_A,2025-12-21
ACP000830,GR,Sales,Field Sales,Individual Contributor,Permanent,2021-11-16,,,,HCM_B,2025-12-22
ACP000831,BG,Digital,Software,Manager,Fixed Term,2021-03-02,,,,HCM_A,2025-12-23
ACP000832,IE,Finance,Controls,Individual Contributor,Permanent,2023-12-29,2025-06-11,Voluntary,false,HCM_A,2025-12-24
ACP000833,IT,Finance,Accounting,Individual Contributor,Permanent,2022-11-30,,,,HCM_A,2025-12-25
ACP000834,IT,Sales,Key Accounts,Individual Contributor,Permanent,2021-06-13,2021-09-12,Voluntary,false,HCM_A,2025-12-26
ACP000835,IT,Sales,Field Sales,Manager,Fixed Term,2023-06-29,2023-11-07,Voluntary,true,HCM_B,2025-12-27
ACP000836,GR,Supply Chain,Manufacturing,Individual Contributor,Permanent,2023-09-23,,,,HCM_A,2025-12-28
ACP000837,IT,Digital,Product,Manager,Permanent,2024-12-31,,,,HCM_A,2025-12-29
ACP000838,GR,Digital,Software,Individual Contributor,Fixed Term,2020-02-27,2023-04-09,End of Contract,false,HCM_A,2025-12-30
ACP000839,GR,Finance,Controls,Individual Contributor,Permanent,2020-10-31,,,,HCM_A,2025-12-31
ACP000840,BG,Supply Chain,Procurement,Individual Contributor,Permanent,2020-07-24,,,,HCM_B,2025-12-20
ACP000841,RO,Supply Chain,Procurement,Manager,Permanent,2020-02-18,,,,HCM_A,2025-12-21
ACP000842,BG,Finance,FP&A,Senior Leader,Permanent,2025-05-15,2025-08-17,Involuntary,false,HCM_A,2025-12-22
ACP000843,RO,Finance,Controls,Individual Contributor,Permanent,2023-08-30,2023-12-10,End of Contract,false,HCM_A,2025-12-23
ACP000844,PL,Digital,Product,Manager,Permanent,2021-07-23,,,,HCM_A,2025-12-24
ACP000845,IT,Digital,Software,Manager,Permanent,2021-10-12,,,,HCM_B,2025-12-25
ACP000846,IE,Supply Chain,Logistics,Senior Leader,Permanent,2021-08-06,,,,HCM_A,2025-12-26
ACP000847,PL,Finance,FP&A,Manager,Permanent,2025-10-17,,,,HCM_A,2025-12-27
ACP000848,BG,Digital,Software,Manager,Permanent,2023-04-05,,,,HCM_A,2025-12-28
ACP000849,RO,Sales,Commercial Planning,Senior Leader,Permanent,2025-04-28,,,,HCM_A,2025-12-29
ACP000850,BG,Sales,Field Sales,Individual Contributor,Permanent,2025-08-01,,,,HCM_B,2025-12-30
ACP000851,GR,Digital,Product,Manager,Permanent,2025-10-16,,,,HCM_A,2025-12-31
ACP000852,RO,Digital,Data,Manager,Permanent,2022-10-20,,,,HCM_A,2025-12-20
ACP000853,BG,Supply Chain,Procurement,Individual Contributor,Permanent,2022-11-22,,,,HCM_A,2025-12-21
ACP000854,RO,Sales,Commercial Planning,Individual Contributor,Permanent,2020-03-12,2021-11-28,Voluntary,true,HCM_A,2025-12-22
ACP000855,IE,Sales,Commercial Planning,Manager,Permanent,2023-12-16,,,,HCM_B,2025-12-23
ACP000856,GR,Sales,Field Sales,Individual Contributor,Permanent,2020-10-29,2023-03-12,Voluntary,false,HCM_A,2025-12-24
ACP000857,IT,Supply Chain,Logistics,Manager,Permanent,2025-02-28,,,,HCM_A,2025-12-25
ACP000858,GR,Sales,Commercial Planning,Individual Contributor,Permanent,2020-01-07,,,,HCM_A,2025-12-26
ACP000859,GR,Sales,Key Accounts,Individual Contributor,Permanent,2020-02-20,2020-09-07,Voluntary,true,HCM_A,2025-12-27
ACP000860,IT,Sales,Field Sales,Manager,Permanent,2021-02-05,,,,HCM_B,2025-12-28
ACP000861,IT,Finance,Accounting,Individual Contributor,Permanent,2022-12-26,,,,HCM_A,2025-12-29
ACP000862,GR,Finance,FP&A,Manager,Fixed Term,2023-08-28,,,,HCM_A,2025-12-30
ACP000863,BG,Digital,Software,Individual Contributor,Permanent,2021-01-19,,,,HCM_A,2025-12-31
ACP000864,,Finance,Controls,Senior Leader,Permanent,2020-02-03,2024-01-22,Voluntary,true,HCM_A,2025-12-20
ACP000865,RO,Sales,Field Sales,Manager,Permanent,2023-06-10,,,,HCM_B,2025-12-21
ACP000866,RO,Digital,Product,Individual Contributor,Permanent,2020-01-13,2023-02-10,Voluntary,true,HCM_A,2025-12-22
ACP000867,RO,Finance,FP&A,Manager,Permanent,2021-11-20,2025-10-17,Voluntary,true,HCM_A,2025-12-23
ACP000868,RO,Sales,Key Accounts,Individual Contributor,Permanent,2021-06-08,,,,HCM_A,2025-12-24
ACP000869,PL,Digital,Software,Senior Leader,Fixed Term,2024-12-05,,,,HCM_A,2025-12-25
ACP000870,IE,Finance,Accounting,Individual Contributor,Permanent,2025-07-06,2025-08-06,End of Contract,false,HCM_B,2025-12-26
ACP000871,BG,Sales,Field Sales,Individual Contributor,Permanent,2020-04-09,2022-04-29,Voluntary,false,HCM_A,2025-12-27
ACP000872,IT,Sales,Key Accounts,Individual Contributor,Permanent,2021-04-03,2023-10-26,Voluntary,false,HCM_A,2025-12-28
ACP000873,IT,Supply Chain,Procurement,Individual Contributor,Permanent,2020-07-09,,,,HCM_A,2025-12-29
ACP000874,IE,Supply Chain,Manufacturing,Senior Leader,Permanent,2022-03-04,,,,HCM_A,2025-12-30
ACP000875,IE,Sales,Field Sales,Senior Leader,Permanent,2025-05-13,,,,HCM_B,2025-12-31
ACP000876,IT,Sales,Key Accounts,Individual Contributor,Fixed Term,2024-06-07,2024-12-28,End of Contract,false,HCM_A,2025-12-20
ACP000877,RO,Supply Chain,Logistics,Individual Contributor,Permanent,2023-09-14,,,,HCM_A,2025-12-21
ACP000878,IE,Digital,Software,Manager,Permanent,2023-02-13,2023-04-01,Voluntary,true,HCM_A,2025-12-22
ACP000879,BG,Finance,Controls,Manager,Permanent,2023-06-09,,,,HCM_A,2025-12-23
ACP000880,IT,Sales,Commercial Planning,Individual Contributor,Permanent,2022-07-27,,,,HCM_B,2025-12-24
ACP000881,IE,Digital,Product,Individual Contributor,Permanent,2020-12-18,,,,HCM_A,2025-12-25
ACP000882,IT,Digital,Data,Individual Contributor,Permanent,2021-04-29,,,,HCM_A,2025-12-26
ACP000883,IE,Digital,Product,Individual Contributor,Permanent,2022-01-19,,,,HCM_A,2025-12-27
ACP000884,IT,Finance,Controls,Individual Contributor,Permanent,2024-05-20,,,,HCM_A,2025-12-28
ACP000885,PL,Digital,Software,Individual Contributor,Permanent,2021-08-22,,,,HCM_B,2025-12-29
ACP000886,IE,Digital,Product,Individual Contributor,Fixed Term,2024-07-18,2025-11-24,Voluntary,true,HCM_A,2025-12-30
ACP000887,RO,Supply Chain,Logistics,Individual Contributor,Fixed Term,2022-06-21,2022-10-23,End of Contract,false,HCM_A,2025-12-31
ACP000888,RO,Sales,Commercial Planning,Individual Contributor,Permanent,2024-03-07,,,,HCM_A,2025-12-20
ACP000889,PL,Sales,Field Sales,Manager,Permanent,2024-04-30,,,,HCM_A,2025-12-21
ACP000890,PL,Finance,Controls,Manager,Permanent,2024-04-05,2024-07-06,Involuntary,false,HCM_B,2025-12-22
ACP000891,PL,Finance,FP&A,Individual Contributor,Fixed Term,2020-07-21,,,,HCM_A,2025-12-23
ACP000892,PL,Sales,Key Accounts,Manager,Fixed Term,2020-12-08,,,,HCM_A,2025-12-24
ACP000893,PL,Digital,Data,Manager,Permanent,2020-03-10,2024-06-29,Voluntary,false,HCM_A,2025-12-25
ACP000894,IT,Digital,Software,Individual Contributor,Permanent,2022-03-28,,,,HCM_A,2025-12-26
ACP000895,IT,Finance,Accounting,Individual Contributor,Permanent,2020-07-06,,,,HCM_B,2025-12-27
ACP000896,IE,Finance,Controls,Individual Contributor,Fixed Term,2025-11-04,,,,HCM_A,2025-12-28
ACP000897,IE,Sales,Commercial Planning,Manager,Permanent,2023-07-18,,,,HCM_A,2025-12-29
ACP000898,PL,Sales,Field Sales,Senior Leader,Permanent,2020-04-25,2025-08-15,Involuntary,false,HCM_A,2025-12-30
ACP000899,PL,Sales,Key Accounts,Individual Contributor,Permanent,2022-10-23,,,,HCM_A,2025-12-31
ACP000900,BG,Digital,Product,Manager,Permanent,2020-09-28,,,,HCM_B,2025-12-20
ACP000901,BG,Finance,Accounting,Senior Leader,Permanent,2021-07-13,2022-01-14,Voluntary,true,HCM_A,2025-12-21
ACP000902,IT,Finance,Controls,Individual Contributor,Fixed Term,2021-02-05,2021-02-24,Voluntary,true,HCM_A,2025-12-22
ACP000903,RO,Sales,Commercial Planning,Manager,Permanent,2020-05-20,2020-06-23,Involuntary,false,HCM_A,2025-12-23
ACP000904,BG,Digital,Software,Individual Contributor,Permanent,2025-07-12,2025-11-04,Voluntary,true,HCM_A,2025-12-24
ACP000905,BG,Digital,Product,Senior Leader,Permanent,2024-01-06,2025-06-03,End of Contract,false,HCM_B,2025-12-25
ACP000906,IT,Sales,Field Sales,Individual Contributor,Permanent,2021-11-03,,,,HCM_A,2025-12-26
ACP000907,IT,Digital,Product,Manager,Permanent,2023-02-13,,,,HCM_A,2025-12-27
ACP000908,IT,Sales,Commercial Planning,Individual Contributor,Permanent,2021-11-05,,,,HCM_A,2025-12-28
ACP000909,IT,Sales,Commercial Planning,Individual Contributor,Permanent,2024-02-14,,,,HCM_A,2025-12-29
ACP000910,RO,Finance,Controls,Senior Leader,Permanent,2022-08-31,2025-08-14,Voluntary,false,HCM_B,2025-12-30
ACP000911,GR,Digital,Data,Manager,Permanent,2025-08-23,,,,HCM_A,2025-12-31
ACP000912,IT,Digital,Data,Individual Contributor,Permanent,2021-03-09,2024-06-30,Voluntary,true,HCM_A,2025-12-20
ACP000913,GR,Sales,Field Sales,Senior Leader,Permanent,2025-01-29,,,,HCM_A,2025-12-21
ACP000914,IT,Supply Chain,Procurement,Senior Leader,Permanent,2021-02-01,,,,HCM_A,2025-12-22
ACP000915,PL,Sales,Commercial Planning,Individual Contributor,Fixed Term,2023-05-05,,,,HCM_B,2025-12-23
ACP000916,RO,Supply Chain,Procurement,Individual Contributor,Permanent,2020-08-18,2022-10-25,Voluntary,true,HCM_A,2025-12-24
ACP000917,RO,Finance,FP&A,Manager,Permanent,2025-01-01,,,,HCM_A,2025-12-25
ACP000918,RO,Digital,Software,Individual Contributor,Fixed Term,2022-03-07,,,,HCM_A,2025-12-26
ACP000919,PL,Supply Chain,Manufacturing,Individual Contributor,Permanent,2024-08-30,,,,HCM_A,2025-12-27
ACP000920,IE,Supply Chain,Manufacturing,Individual Contributor,Permanent,2024-08-08,,,,HCM_B,2025-12-28
ACP000921,RO,Digital,Software,Manager,Permanent,2021-12-30,2024-12-04,Involuntary,false,HCM_A,2025-12-29
ACP000922,IT,Finance,Controls,Individual Contributor,Permanent,2023-03-19,,,,HCM_A,2025-12-30
ACP000923,RO,Supply Chain,Manufacturing,Individual Contributor,Fixed Term,2020-02-20,,,,HCM_A,2025-12-31
ACP000924,PL,Finance,Controls,Individual Contributor,Fixed Term,2022-12-27,,,,HCM_A,2025-12-20
ACP000925,BG,Supply Chain,Logistics,Individual Contributor,Permanent,2022-05-31,,,,HCM_B,2025-12-21
ACP000926,GR,Finance,Accounting,Senior Leader,Permanent,2024-06-28,2024-08-16,Voluntary,true,HCM_A,2025-12-22
ACP000927,BG,Finance,FP&A,Manager,Permanent,2021-11-11,2022-01-17,Voluntary,false,HCM_A,2025-12-23
ACP000928,RO,Finance,Accounting,Manager,Permanent,2020-01-12,,,,HCM_A,2025-12-24
ACP000929,RO,Digital,Product,Individual Contributor,Permanent,2020-08-02,2020-12-06,End of Contract,false,HCM_A,2025-12-25
ACP000930,GR,Finance,Controls,Individual Contributor,Fixed Term,2020-07-31,2020-12-29,Voluntary,false,HCM_B,2025-12-26
ACP000931,RO,Sales,Key Accounts,Manager,Permanent,2020-09-14,,,,HCM_A,2025-12-27
ACP000932,BG,Finance,Controls,Manager,Permanent,2025-07-02,,,,HCM_A,2025-12-28
ACP000933,BG,Supply Chain,Logistics,Individual Contributor,Fixed Term,2024-05-18,,,,HCM_A,2025-12-29
ACP000934,RO,Sales,Commercial Planning,Individual Contributor,Permanent,2021-05-21,2021-07-23,Voluntary,false,HCM_A,2025-12-30
ACP000935,PL,Sales,Key Accounts,Individual Contributor,Permanent,2021-04-07,,,,HCM_B,2025-12-31
ACP000936,RO,Finance,Controls,Manager,Permanent,2024-02-27,,,,HCM_A,2025-12-20
ACP000937,PL,Supply Chain,Procurement,Manager,Permanent,2022-10-15,,,,HCM_A,2025-12-21
ACP000938,GR,Sales,Commercial Planning,Manager,Permanent,2021-10-22,,,,HCM_A,2025-12-22
ACP000939,BG,Digital,Product,Individual Contributor,Permanent,2024-12-24,2025-06-13,Voluntary,false,HCM_A,2025-12-23
ACP000940,IE,Sales,Field Sales,Manager,Permanent,2023-02-03,,,,HCM_B,2025-12-24
ACP000941,IT,Finance,FP&A,Individual Contributor,Permanent,2023-01-22,,,,HCM_A,2025-12-25
ACP000942,PL,Supply Chain,Manufacturing,Senior Leader,Fixed Term,2021-07-14,,,,HCM_A,2025-12-26
ACP000943,IE,Sales,Key Accounts,Manager,Permanent,2025-06-28,,,,HCM_A,2025-12-27
ACP000944,BG,Digital,Product,Manager,Permanent,2022-10-01,,,,HCM_A,2025-12-28
ACP000945,IE,Finance,Accounting,Manager,Permanent,2021-04-13,2025-11-15,Involuntary,false,HCM_B,2025-12-29
ACP000946,PL,Finance,Accounting,Individual Contributor,Permanent,2020-12-03,2021-11-05,Involuntary,false,HCM_A,2025-12-30
ACP000947,GR,Supply Chain,Manufacturing,Manager,Permanent,2023-06-10,2024-04-12,Voluntary,true,HCM_A,2025-12-31
ACP000948,IT,Digital,Data,Individual Contributor,Permanent,2025-10-04,,,,HCM_A,2025-12-20
ACP000949,RO,Sales,Key Accounts,Manager,Permanent,2020-06-11,2023-01-30,End of Contract,false,HCM_A,2025-12-21
ACP000950,IE,Digital,Software,Senior Leader,Permanent,2020-03-25,,,,HCM_B,2025-12-22
ACP000951,IT,Sales,Field Sales,Senior Leader,Fixed Term,2023-03-02,,,,HCM_A,2025-12-23
ACP000952,PL,Supply Chain,Procurement,Senior Leader,Permanent,2024-11-12,2025-01-19,Voluntary,false,HCM_A,2025-12-24
ACP000953,BG,Finance,FP&A,Senior Leader,Permanent,2022-11-22,,,,HCM_A,2025-12-25
ACP000954,BG,Digital,Software,Manager,Permanent,2021-07-04,,,,HCM_A,2025-12-26
ACP000955,RO,Digital,Data,Senior Leader,Permanent,2025-02-16,,,,HCM_B,2025-12-27
ACP000956,IE,Sales,Field Sales,Senior Leader,Permanent,2021-11-15,2022-11-23,Voluntary,false,HCM_A,2025-12-28
ACP000957,PL,Finance,Controls,Individual Contributor,Permanent,2022-08-11,,,,HCM_A,2025-12-29
ACP000958,PL,Supply Chain,Procurement,Manager,Permanent,2024-01-16,,,,HCM_A,2025-12-30
ACP000959,RO,Finance,Accounting,Senior Leader,Permanent,2020-04-10,,,,HCM_A,2025-12-31
ACP000960,IT,Finance,FP&A,Individual Contributor,Permanent,2023-11-07,2024-04-07,Voluntary,false,HCM_B,2025-12-20
ACP000961,BG,Finance,Controls,Senior Leader,Permanent,,,,,HCM_A,2025-12-21
ACP000962,IE,Sales,Commercial Planning,Individual Contributor,Permanent,2020-12-01,2024-04-07,End of Contract,false,HCM_A,2025-12-22
ACP000963,PL,Supply Chain,Logistics,Individual Contributor,Permanent,2024-08-01,,,,HCM_A,2025-12-23
ACP000964,PL,Supply Chain,Procurement,Manager,Fixed Term,2022-03-10,2022-08-16,Voluntary,false,HCM_A,2025-12-24
ACP000965,IE,Sales,Key Accounts,Manager,Permanent,2022-09-09,,,,HCM_B,2025-12-25
ACP000966,BG,Finance,Accounting,Senior Leader,Permanent,2021-07-19,,,,HCM_A,2025-12-26
ACP000967,BG,Supply Chain,Procurement,Individual Contributor,Permanent,2022-01-16,,,,HCM_A,2025-12-27
ACP000968,BG,Finance,Accounting,Individual Contributor,Permanent,2024-10-04,,,,HCM_A,2025-12-28
ACP000969,BG,Finance,FP&A,Individual Contributor,Permanent,2021-04-15,,,,HCM_A,2025-12-29
ACP000970,GR,Digital,Data,Manager,Permanent,2023-01-07,,,,HCM_B,2025-12-30
ACP000971,IT,Finance,Controls,Individual Contributor,Permanent,2024-10-15,,,,HCM_A,2025-12-31
ACP000972,PL,Finance,Controls,Senior Leader,Permanent,2024-06-06,,,,HCM_A,2025-12-20
ACP000973,BG,Sales,Commercial Planning,Individual Contributor,Permanent,2023-05-30,,,,HCM_A,2025-12-21
ACP000974,GR,Supply Chain,Manufacturing,Individual Contributor,Permanent,2025-10-06,,,,HCM_A,2025-12-22
ACP000975,RO,Sales,Field Sales,Individual Contributor,Fixed Term,2025-11-04,,,,HCM_B,2025-12-23
ACP000976,IT,Sales,Field Sales,Senior Leader,Fixed Term,2020-10-29,,,,HCM_A,2025-12-24
ACP000977,IE,Sales,Commercial Planning,Senior Leader,Permanent,2023-06-04,,,,HCM_A,2025-12-25
ACP000978,RO,Digital,Product,Individual Contributor,Fixed Term,2020-09-19,2021-02-13,Voluntary,true,HCM_A,2025-12-26
ACP000979,IT,Digital,Software,Individual Contributor,Permanent,2021-07-14,2021-10-12,,,HCM_A,2025-12-27
ACP000980,GR,Sales,Key Accounts,Manager,Permanent,2020-03-02,,,,HCM_B,2025-12-28
ACP000981,IE,Supply Chain,Logistics,Individual Contributor,Permanent,2024-06-14,,,,HCM_A,2025-12-29
ACP000982,PL,Digital,Data,Senior Leader,Permanent,2025-02-25,,,,HCM_A,2025-12-30
ACP000983,IT,Digital,Data,Manager,Permanent,2021-10-24,,,,HCM_A,2025-12-31
ACP000984,RO,Supply Chain,Manufacturing,Individual Contributor,Permanent,2024-01-13,2025-01-22,Voluntary,true,HCM_A,2025-12-20
ACP000985,RO,Sales,Field Sales,Individual Contributor,Permanent,2024-05-23,,,,HCM_B,2025-12-21
ACP000986,GR,Supply Chain,Manufacturing,Manager,Permanent,2021-11-01,,,,HCM_A,2025-12-22
ACP000987,IE,Sales,Field Sales,Individual Contributor,Fixed Term,2020-06-26,2025-09-06,End of Contract,false,HCM_A,2025-12-23
ACP000988,PL,Supply Chain,Logistics,Individual Contributor,Permanent,2022-05-07,,,,HCM_A,2025-12-24
ACP000989,GR,Sales,Field Sales,Individual Contributor,Permanent,2025-11-27,,,,HCM_A,2025-12-25
ACP000990,IT,Digital,Product,Manager,Permanent,2025-07-29,,,,HCM_B,2025-12-26
ACP000991,IE,Sales,Key Accounts,Individual Contributor,Permanent,2022-04-28,2022-09-28,Voluntary,false,HCM_A,2025-12-27
ACP000992,BG,Digital,Software,Manager,Permanent,2021-02-27,2023-10-03,Voluntary,false,HCM_A,2025-12-28
ACP000993,RO,Sales,Key Accounts,Manager,Permanent,2024-08-05,,,,HCM_A,2025-12-29
ACP000994,BG,Supply Chain,Procurement,Individual Contributor,Permanent,2024-12-21,2025-12-29,Voluntary,true,HCM_A,2025-12-30
ACP000995,GR,Supply Chain,Procurement,Individual Contributor,Permanent,2024-07-29,,,,HCM_B,2025-12-31
ACP000996,IT,Supply Chain,Logistics,Manager,Permanent,2023-11-21,,,,HCM_A,2025-12-20
ACP000997,RO,Sales,Key Accounts,Individual Contributor,Fixed Term,2024-08-20,2025-12-03,Voluntary,true,HCM_A,2025-12-21
ACP000998,GR,Supply Chain,Logistics,Individual Contributor,Permanent,2025-07-28,,,,HCM_A,2025-12-22
ACP000999,RO,Digital,Product,Manager,Fixed Term,2020-01-19,2020-12-05,Voluntary,true,HCM_A,2025-12-23
ACP001000,IT,Digital,Software,Individual Contributor,Permanent,2020-11-05,2025-07-29,Voluntary,false,HCM_B,2025-12-24
ACP001001,PL,Digital,Product,Senior Leader,Permanent,2020-05-02,2021-02-15,Voluntary,true,HCM_A,2025-12-25
ACP001002,GR,Digital,Data,Individual Contributor,Permanent,2023-05-19,,,,HCM_A,2025-12-26
ACP001003,RO,Supply Chain,Manufacturing,Manager,Permanent,2021-08-24,,,,HCM_A,2025-12-27
ACP001004,BG,Digital,Data,Individual Contributor,Permanent,2021-06-26,,,,HCM_A,2025-12-28
ACP001005,RO,Sales,Field Sales,Manager,Fixed Term,2025-01-09,,,,HCM_B,2025-12-29
ACP001006,BG,Finance,Accounting,Individual Contributor,Permanent,2024-03-20,,,,HCM_A,2025-12-30
ACP001007,RO,Supply Chain,Procurement,Individual Contributor,Permanent,2024-11-25,,,,HCM_A,2025-12-31
ACP001008,IE,Digital,Software,Manager,Permanent,2023-09-22,2023-08-31,Voluntary,true,HCM_A,2025-12-20
ACP001009,GR,Supply Chain,Procurement,Manager,Permanent,2020-09-06,,,,HCM_A,2025-12-21
ACP001010,BG,Sales,Commercial Planning,Manager,Permanent,2023-06-05,2025-01-16,End of Contract,false,HCM_B,2025-12-22
ACP001011,BG,Sales,Commercial Planning,Manager,Permanent,2025-10-06,,,,HCM_A,2025-12-23
ACP001012,BG,Digital,Product,Senior Leader,Permanent,2023-09-25,2023-12-05,Voluntary,false,HCM_A,2025-12-24
ACP001013,BG,Digital,Product,Individual Contributor,Permanent,2020-06-19,2021-10-22,Involuntary,false,HCM_A,2025-12-25
ACP001014,IE,Sales,Commercial Planning,Individual Contributor,Permanent,2025-04-28,,,,HCM_A,2025-12-26
ACP001015,RO,Digital,Product,Individual Contributor,Permanent,2022-01-15,,,,HCM_B,2025-12-27
ACP001016,RO,Sales,Key Accounts,Manager,Permanent,2022-05-09,,,,HCM_A,2025-12-28
ACP001017,IT,Sales,Key Accounts,Individual Contributor,Permanent,2022-03-23,,,,HCM_A,2025-12-29
ACP001018,PL,Finance,Accounting,Manager,Permanent,2020-02-20,,,,HCM_A,2025-12-30
ACP001019,BG,Supply Chain,Procurement,Individual Contributor,Fixed Term,2020-11-05,2020-11-30,Voluntary,true,HCM_A,2025-12-31
ACP001020,GR,Sales,Field Sales,Manager,Permanent,2024-10-31,,,,HCM_B,2025-12-20
ACP001021,IE,Finance,FP&A,Senior Leader,Permanent,2020-09-19,,,,HCM_A,2025-12-21
ACP001022,PL,Sales,Key Accounts,Manager,Permanent,2024-01-25,2024-06-13,Involuntary,false,HCM_A,2025-12-22
ACP001023,GR,Supply Chain,Logistics,Manager,Permanent,2023-06-27,2024-05-26,Involuntary,false,HCM_A,2025-12-23
ACP001024,IE,Finance,Accounting,Individual Contributor,Permanent,2024-04-29,,,,HCM_A,2025-12-24
ACP001025,IE,Sales,Field Sales,Senior Leader,Permanent,2024-12-10,2024-12-29,End of Contract,false,HCM_B,2025-12-25
ACP001026,BG,Supply Chain,Procurement,Individual Contributor,Permanent,2025-07-18,,,,HCM_A,2025-12-26
ACP001027,GR,Digital,Software,Manager,Permanent,2021-09-14,,,,HCM_A,2025-12-27
ACP001028,BG,Sales,Commercial Planning,Individual Contributor,Permanent,2024-06-30,,,,HCM_A,2025-12-28
ACP001029,RO,Supply Chain,Manufacturing,Individual Contributor,Permanent,2023-01-10,,,,HCM_A,2025-12-29
ACP001030,IT,Finance,FP&A,Sr Mgmt,Permanent,2020-10-16,,,,HCM_B,2025-12-30
ACP001031,IT,Finance,FP&A,Individual Contributor,Fixed Term,2024-09-26,2025-06-18,End of Contract,false,HCM_A,2025-12-31
ACP001032,GR,Finance,Controls,Individual Contributor,Permanent,2022-01-05,,,,HCM_A,2025-12-20
ACP001033,PL,Supply Chain,Procurement,Individual Contributor,Permanent,2020-11-02,,,,HCM_A,2025-12-21
ACP001034,PL,Supply Chain,Procurement,Senior Leader,Permanent,2023-08-31,,,,HCM_A,2025-12-22
ACP001035,PL,Sales,Key Accounts,Individual Contributor,Permanent,2023-04-07,2023-08-12,Voluntary,true,HCM_B,2025-12-23
ACP001036,IE,Digital,Data,Individual Contributor,Fixed Term,2024-03-31,2024-12-25,Voluntary,true,HCM_A,2025-12-24
ACP001037,BG,Supply Chain,Manufacturing,Manager,Permanent,2022-02-04,2022-07-21,Voluntary,false,HCM_A,2025-12-25
ACP001038,RO,Supply Chain,Manufacturing,Individual Contributor,Permanent,2021-04-02,,,,HCM_A,2025-12-26
ACP001039,IE,Supply Chain,Procurement,Individual Contributor,Permanent,2025-07-11,,,,HCM_A,2025-12-27
ACP001040,IT,Sales,Field Sales,Manager,Permanent,2023-02-25,,,,HCM_B,2025-12-28
ACP001041,GR,Finance,FP&A,Manager,Permanent,2022-07-31,,,,HCM_A,2025-12-29
ACP001042,RO,Finance,Accounting,Manager,Fixed Term,2023-02-06,2023-02-25,Voluntary,false,HCM_A,2025-12-30
ACP001043,BG,Finance,Controls,Individual Contributor,Permanent,2023-11-10,,,,HCM_A,2025-12-31
ACP001044,GR,Sales,Field Sales,Individual Contributor,Permanent,2021-08-15,,,,HCM_A,2025-12-20
ACP001045,BG,Digital,Software,Individual Contributor,Permanent,2022-03-19,,,,HCM_B,2025-12-21
ACP001046,GR,Supply Chain,Logistics,Individual Contributor,Permanent,2024-11-03,2025-02-25,Involuntary,false,HCM_A,2025-12-22
ACP001047,IT,Digital,Product,Manager,Permanent,2025-11-09,,,,HCM_A,2025-12-23
ACP001048,RO,Finance,Controls,Senior Leader,Permanent,2020-05-18,2020-10-25,Voluntary,false,HCM_A,2025-12-24
ACP001049,RO,Digital,Product,Senior Leader,Fixed Term,2024-01-15,,,,HCM_A,2025-12-25
ACP001050,IE,Sales,Key Accounts,Manager,Permanent,2025-04-30,2025-11-14,Voluntary,true,HCM_B,2025-12-26
ACP001051,GR,Supply Chain,Manufacturing,Individual Contributor,Permanent,2024-03-24,,,,HCM_A,2025-12-27
ACP001052,BG,Sales,Field Sales,Manager,Permanent,2024-09-12,,,,HCM_A,2025-12-28
ACP001053,IE,Supply Chain,Manufacturing,Manager,Permanent,2024-04-10,,,,HCM_A,2025-12-29
ACP001054,IT,Sales,Field Sales,Manager,Permanent,2020-12-13,,,,HCM_A,2025-12-30
ACP001055,IT,Supply Chain,Procurement,Individual Contributor,Permanent,2023-03-13,2025-06-10,Involuntary,false,HCM_B,2025-12-31
ACP001056,BG,Supply Chain,Manufacturing,Senior Leader,Permanent,2024-02-22,,,,HCM_A,2025-12-20
ACP001057,IE,Digital,Product,Individual Contributor,Fixed Term,2024-03-23,2025-07-14,Voluntary,true,HCM_A,2025-12-21
ACP001058,PL,Sales,Commercial Planning,Individual Contributor,Permanent,2021-10-20,,,,HCM_A,2025-12-22
ACP001059,RO,Finance,Accounting,Manager,Permanent,2022-07-05,,,,HCM_A,2025-12-23
ACP001060,IE,Finance,Accounting,Manager,Permanent,2021-03-10,2021-07-03,Involuntary,false,HCM_B,2025-12-24
ACP001061,GR,Finance,FP&A,Individual Contributor,Permanent,2025-02-23,,,,HCM_A,2025-12-25
ACP001062,RO,Supply Chain,Manufacturing,Manager,Permanent,2023-10-18,,,,HCM_A,2025-12-26
ACP001063,GR,Sales,Field Sales,Individual Contributor,Permanent,2020-05-24,,,,HCM_A,2025-12-27
ACP001064,GR,Finance,FP&A,Individual Contributor,Permanent,2025-05-26,,,,HCM_A,2025-12-28
ACP001065,GR,Finance,Accounting,Individual Contributor,Permanent,2022-10-04,,,,HCM_B,2025-12-29
ACP001066,RO,Supply Chain,Logistics,Senior Leader,Fixed Term,2023-03-01,,,,HCM_A,2025-12-30
ACP001067,BG,Finance,Accounting,Individual Contributor,Permanent,2020-08-02,2025-04-19,Voluntary,true,HCM_A,2025-12-31
ACP001068,IE,Supply Chain,Logistics,Senior Leader,Fixed Term,2021-09-11,2022-01-02,Voluntary,,HCM_A,2025-12-20
ACP001069,ROM,Digital,Data,Individual Contributor,Permanent,2025-05-21,,,,HCM_A,2025-12-21
ACP001070,IE,Digital,Data,Manager,Fixed Term,2022-09-05,,,,HCM_B,2025-12-22
ACP001071,PL,Finance,Accounting,Individual Contributor,Fixed Term,2022-12-25,2023-02-24,Involuntary,false,HCM_A,2025-12-23
ACP001072,BG,Sales,Key Accounts,Individual Contributor,Permanent,2025-04-15,,,,HCM_A,2025-12-24
ACP001073,BG,Digital,Product,Senior Leader,Permanent,2022-07-18,2022-12-10,End of Contract,false,HCM_A,2025-12-25
ACP001074,GR,Sales,Commercial Planning,Manager,Permanent,2022-11-08,,,,HCM_A,2025-12-26
ACP001075,IE,Digital,Software,Manager,Fixed Term,2022-04-16,2023-02-16,Involuntary,false,HCM_B,2025-12-27
ACP001076,GR,Sales,Field Sales,Senior Leader,Permanent,2025-04-22,,,,HCM_A,2025-12-28
ACP001077,IT,Supply Chain,Procurement,Individual Contributor,Permanent,2020-08-06,2025-10-30,End of Contract,false,HCM_A,2025-12-29
ACP001078,BG,Supply Chain,Manufacturing,Manager,Permanent,2020-10-23,2020-12-07,Voluntary,true,HCM_A,2025-12-30
ACP001079,RO,Finance,Accounting,Manager,Fixed Term,2020-11-11,2022-07-24,Voluntary,false,HCM_A,2025-12-31
ACP001080,GR,Supply Chain,Manufacturing,Senior Leader,Permanent,2021-08-25,2022-02-06,Voluntary,false,HCM_B,2025-12-20
ACP001081,IT,Finance,Accounting,Manager,Fixed Term,2021-07-24,,,,HCM_A,2025-12-21
ACP001082,PL,Digital,Data,Manager,Permanent,2025-05-30,,,,HCM_A,2025-12-22
ACP001083,BG,Sales,Key Accounts,Individual Contributor,Fixed Term,2023-04-17,,,,HCM_A,2025-12-23
ACP001084,GR,Finance,FP&A,Manager,Permanent,2023-02-12,,,,HCM_A,2025-12-24
ACP001085,IE,Supply Chain,Manufacturing,Individual Contributor,Permanent,2022-01-13,,,,HCM_B,2025-12-25
ACP001086,IE,Finance,FP&A,Individual Contributor,Permanent,2021-07-02,,,,HCM_A,2025-12-26
ACP001087,GR,Digital,Data,Individual Contributor,Permanent,2021-10-14,,,,HCM_A,2025-12-27
ACP001088,IT,Finance,FP&A,Individual Contributor,Permanent,2021-07-05,2021-09-20,Voluntary,false,HCM_A,2025-12-28
ACP001089,GR,Sales,Key Accounts,Manager,Permanent,2021-10-09,,,,HCM_A,2025-12-29
ACP001090,GR,Digital,Data,Individual Contributor,Permanent,2025-02-18,,,,HCM_B,2025-12-30
ACP001091,IT,Digital,Software,Individual Contributor,Permanent,2025-09-30,,,,HCM_A,2025-12-31
ACP001092,PL,Digital,Data,Manager,Permanent,2025-09-07,,,,HCM_A,2025-12-20
ACP001093,PL,Sales,Commercial Planning,Individual Contributor,Fixed Term,2022-03-25,2025-06-27,End of Contract,false,HCM_A,2025-12-21
ACP001094,RO,Sales,Key Accounts,Manager,Permanent,2021-10-02,,,,HCM_A,2025-12-22
ACP001095,BG,Finance,FP&A,Individual Contributor,Permanent,2020-11-07,2022-10-14,Involuntary,false,HCM_B,2025-12-23
ACP001096,IE,Digital,Software,Manager,Permanent,2023-05-02,,,,HCM_A,2025-12-24
ACP001097,RO,Digital,Data,Individual Contributor,Permanent,2023-03-08,2023-08-20,Voluntary,true,HCM_A,2025-12-25
ACP001098,BG,Sales,Field Sales,Individual Contributor,Permanent,2024-12-07,2025-12-10,Voluntary,false,HCM_A,2025-12-26
ACP001099,GR,Sales,Key Accounts,Manager,Permanent,2024-11-30,,,,HCM_A,2025-12-27
ACP001100,GR,Supply Chain,Procurement,Manager,Permanent,2020-07-13,2024-10-15,Voluntary,true,HCM_B,2025-12-28
ACP001101,BG,Supply Chain,Manufacturing,Manager,Permanent,2025-09-24,,,,HCM_A,2025-12-29
ACP001102,IE,Sales,Key Accounts,Senior Leader,Permanent,2020-06-23,2022-10-10,End of Contract,false,HCM_A,2025-12-30
ACP001103,PL,Digital,Product,Senior Leader,Permanent,2024-06-26,2025-12-06,End of Contract,false,HCM_A,2025-12-31
ACP001104,GR,Finance,Accounting,Individual Contributor,Permanent,2021-11-19,,,,HCM_A,2025-12-20
ACP001105,IE,Supply Chain,Logistics,Individual Contributor,Permanent,2020-09-07,,,,HCM_B,2025-12-21
ACP001106,IT,Finance,Controls,Individual Contributor,Fixed Term,2022-02-01,2022-03-29,Voluntary,false,HCM_A,2025-12-22
ACP001107,BG,Sales,Field Sales,Individual Contributor,Permanent,2024-03-20,2025-06-23,Voluntary,true,HCM_A,2025-12-23
ACP001108,IT,Finance,Accounting,Individual Contributor,Permanent,2020-05-03,,,,HCM_A,2025-12-24
ACP001109,PL,Supply Chain,Procurement,Manager,Permanent,2020-02-11,,,,HCM_A,2025-12-25
ACP001110,RO,Digital,Data,Individual Contributor,Permanent,2023-06-01,2024-09-12,Voluntary,false,HCM_B,2025-12-26
ACP001111,IT,Sales,Field Sales,Senior Leader,Permanent,2020-05-10,,,,HCM_A,2025-12-27
ACP001112,,Supply Chain,Logistics,Individual Contributor,Fixed Term,2023-05-04,,,,HCM_A,2025-12-28
ACP001113,RO,Finance,Controls,Manager,Permanent,2020-01-29,,,,HCM_A,2025-12-29
ACP001114,GR,Sales,Field Sales,Individual Contributor,Fixed Term,2023-05-04,2023-10-05,End of Contract,false,HCM_A,2025-12-30
ACP001115,RO,Finance,Controls,Manager,Fixed Term,2023-11-26,2024-03-10,Voluntary,false,HCM_B,2025-12-31
ACP001116,BG,Supply Chain,Logistics,Individual Contributor,Permanent,2024-11-25,,,,HCM_A,2025-12-20
ACP001117,IT,Supply Chain,Logistics,Manager,Permanent,2024-09-03,2025-08-19,Voluntary,true,HCM_A,2025-12-21
ACP001118,GR,Sales,Key Accounts,Individual Contributor,Permanent,2023-05-02,2023-10-02,Voluntary,false,HCM_A,2025-12-22
ACP001119,GR,Supply Chain,Logistics,Individual Contributor,Permanent,2020-01-16,2020-12-09,Voluntary,false,HCM_A,2025-12-23
ACP001120,IT,Supply Chain,Manufacturing,Senior Leader,Permanent,2022-02-15,,,,HCM_B,2025-12-24
ACP001121,BG,Digital,Product,Manager,Permanent,2021-11-30,,,,HCM_A,2025-12-25
ACP001122,BG,Digital,Data,Manager,Permanent,2021-12-09,,,,HCM_A,2025-12-26
ACP001123,IE,Sales,Key Accounts,Individual Contributor,Permanent,2020-10-21,,,,HCM_A,2025-12-27
ACP001124,BG,Finance,Accounting,Senior Leader,Permanent,2025-06-28,,,,HCM_A,2025-12-28
ACP001125,GR,Supply Chain,Manufacturing,Manager,Permanent,2022-07-05,,,,HCM_B,2025-12-29
ACP001126,IE,Digital,Data,Manager,Permanent,2022-07-30,,,,HCM_A,2025-12-30
ACP001127,BG,Sales,Key Accounts,Manager,Permanent,2020-08-05,2021-05-20,Involuntary,false,HCM_A,2025-12-31
ACP001128,PL,Supply Chain,Logistics,Manager,Permanent,2022-05-03,,,,HCM_A,2025-12-20
ACP001129,GR,Finance,Accounting,Senior Leader,Permanent,2023-02-02,2024-11-06,Involuntary,false,HCM_A,2025-12-21
ACP001130,IE,Sales,Key Accounts,Individual Contributor,Fixed Term,2022-09-20,,,,HCM_B,2025-12-22
ACP001131,IT,Sales,Key Accounts,Individual Contributor,Permanent,2021-02-09,2021-06-29,Involuntary,false,HCM_A,2025-12-23
ACP001132,IE,Sales,Key Accounts,Manager,Fixed Term,2023-09-02,2025-11-30,Voluntary,true,HCM_A,2025-12-24
ACP001133,IT,Digital,Product,Senior Leader,Permanent,2021-12-04,,,,HCM_A,2025-12-25
ACP001134,PL,Supply Chain,Procurement,Manager,Permanent,2023-07-15,2023-09-21,Voluntary,false,HCM_A,2025-12-26
ACP001135,IE,Digital,Data,Individual Contributor,Permanent,2020-06-03,,,,HCM_B,2025-12-27
ACP001136,PL,Sales,Key Accounts,Manager,Fixed Term,2020-02-04,2020-06-05,End of Contract,false,HCM_A,2025-12-28
ACP001137,BG,Finance,FP&A,Manager,Permanent,2025-07-09,2025-07-25,Voluntary,false,HCM_A,2025-12-29
ACP001138,IT,Sales,Key Accounts,Individual Contributor,Fixed Term,2025-02-28,2025-10-13,Involuntary,false,HCM_A,2025-12-30
ACP001139,IE,Finance,Controls,Senior Leader,Permanent,2022-12-13,2025-04-01,Voluntary,true,HCM_A,2025-12-31
ACP001140,IT,Finance,Controls,Individual Contributor,Permanent,2022-06-29,,,,HCM_B,2025-12-20
ACP001141,RO,Finance,FP&A,Individual Contributor,Permanent,2024-02-03,,,,HCM_A,2025-12-21
ACP001142,BG,Sales,Commercial Planning,Manager,Permanent,2023-12-22,,,,HCM_A,2025-12-22
ACP001143,GR,Sales,Commercial Planning,Manager,Permanent,2020-03-30,,,,HCM_A,2025-12-23
ACP001144,RO,Sales,Commercial Planning,Senior Leader,Permanent,2020-08-09,,,,HCM_A,2025-12-24
ACP001145,GR,Digital,Data,Individual Contributor,Permanent,2024-12-19,2025-12-26,End of Contract,false,HCM_B,2025-12-25
ACP001146,PL,Supply Chain,Manufacturing,Manager,Permanent,2024-03-23,,,,HCM_A,2025-12-26
ACP001147,RO,Supply Chain,Manufacturing,Senior Leader,Fixed Term,2021-02-28,2021-08-25,Voluntary,true,HCM_A,2025-12-27
ACP001148,GR,Digital,Product,Individual Contributor,Permanent,2023-08-16,,,,HCM_A,2025-12-28
ACP001149,PL,Finance,Accounting,Individual Contributor,Fixed Term,2025-09-06,,,,HCM_A,2025-12-29
ACP001150,RO,Finance,Accounting,Individual Contributor,Permanent,2022-07-04,,,,HCM_B,2025-12-30
ACP001151,GR,Digital,Data,Manager,Permanent,2025-08-17,,,,HCM_A,2025-12-31
ACP001152,GR,Finance,Accounting,Manager,Permanent,2023-08-29,,,,HCM_A,2025-12-20
ACP001153,RO,Digital,Data,Manager,Fixed Term,2024-07-21,,,,HCM_A,2025-12-21
ACP001154,BG,Sales,Commercial Planning,Manager,Permanent,2024-02-03,,,,HCM_A,2025-12-22
ACP001155,IT,Supply Chain,Procurement,Senior Leader,Fixed Term,2023-04-04,2025-01-11,End of Contract,false,HCM_B,2025-12-23
ACP001156,GR,Sales,Field Sales,Manager,Fixed Term,2022-06-19,,,,HCM_A,2025-12-24
ACP001157,BG,Finance,FP&A,Senior Leader,Permanent,2020-04-09,2020-07-08,,,HCM_A,2025-12-25
ACP001158,GR,Sales,Commercial Planning,Individual Contributor,Permanent,2021-02-19,,,,HCM_A,2025-12-26
ACP001159,RO,Finance,Accounting,Individual Contributor,Permanent,2025-03-07,2025-05-13,Voluntary,false,HCM_A,2025-12-27
ACP001160,BG,Digital,Data,Individual Contributor,Permanent,2024-03-21,,,,HCM_B,2025-12-28
ACP001161,RO,Finance,Accounting,Manager,Permanent,2023-09-11,,,,HCM_A,2025-12-29
ACP001162,BG,Finance,Accounting,Individual Contributor,Permanent,2020-10-30,,,,HCM_A,2025-12-30
ACP001163,IT,Digital,Data,Manager,Permanent,2025-11-23,,,,HCM_A,2025-12-31
ACP001164,BG,Digital,Product,Individual Contributor,Permanent,2024-08-28,2024-11-25,Involuntary,false,HCM_A,2025-12-20
ACP001165,PL,Finance,Accounting,Individual Contributor,Permanent,2020-06-19,,,,HCM_B,2025-12-21
ACP001166,IT,Sales,Key Accounts,Individual Contributor,Permanent,2020-11-10,,,,HCM_A,2025-12-22
ACP001167,GR,Finance,Accounting,Manager,Permanent,2024-07-13,2025-11-25,Voluntary,false,HCM_A,2025-12-23
ACP001168,PL,Supply Chain,Logistics,Senior Leader,Permanent,2023-05-10,,,,HCM_A,2025-12-24
ACP001169,IE,Supply Chain,Manufacturing,Individual Contributor,Fixed Term,2020-03-21,,,,HCM_A,2025-12-25
ACP001170,PL,Supply Chain,Procurement,Manager,Fixed Term,2025-06-06,2025-08-20,Voluntary,false,HCM_B,2025-12-26
ACP001171,PL,Finance,Accounting,Manager,Fixed Term,2021-01-16,,,,HCM_A,2025-12-27
ACP001172,GR,Sales,Key Accounts,Manager,Permanent,2024-12-21,,,,HCM_A,2025-12-28
ACP001173,RO,Sales,Field Sales,Individual Contributor,Permanent,2024-10-07,2025-06-19,Voluntary,false,HCM_A,2025-12-29
ACP001174,IE,Digital,Product,Individual Contributor,Fixed Term,2023-03-17,,,,HCM_A,2025-12-30
ACP001175,IT,Supply Chain,Manufacturing,Individual Contributor,Permanent,2021-03-14,2022-01-04,Voluntary,false,HCM_B,2025-12-31
ACP001176,IE,Finance,Accounting,Individual Contributor,Permanent,2025-11-04,,,,HCM_A,2025-12-20
ACP001177,BG,Supply Chain,Logistics,Senior Leader,Permanent,2025-04-06,,,,HCM_A,2025-12-21
ACP001178,IT,Sales,Commercial Planning,Manager,Permanent,2021-05-06,2024-05-31,End of Contract,false,HCM_A,2025-12-22
ACP001179,BG,Digital,Data,Senior Leader,Permanent,2023-10-16,2024-01-24,Voluntary,true,HCM_A,2025-12-23
ACP001180,PL,Digital,Data,Individual Contributor,Permanent,2020-05-29,2020-08-02,End of Contract,false,HCM_B,2025-12-24
ACP001181,RO,Finance,FP&A,Individual Contributor,Permanent,2022-04-13,,,,HCM_A,2025-12-25
ACP001182,RO,Finance,Accounting,Individual Contributor,Fixed Term,2020-04-07,2020-08-01,End of Contract,false,HCM_A,2025-12-26
ACP001183,GR,Digital,Product,Individual Contributor,Permanent,2024-04-05,2025-08-07,Voluntary,true,HCM_A,2025-12-27
ACP001184,PL,Digital,Software,Manager,Permanent,2022-11-09,,,,HCM_A,2025-12-28
ACP001185,BG,Supply Chain,Manufacturing,Senior Leader,Permanent,2021-10-09,2021-10-23,Involuntary,false,HCM_B,2025-12-29
ACP001186,BG,Digital,Software,Individual Contributor,Permanent,2024-04-14,2024-08-21,Involuntary,false,HCM_A,2025-12-30
ACP001187,IT,Sales,Key Accounts,Senior Leader,Permanent,2021-10-04,,,,HCM_A,2025-12-31
ACP001188,RO,Sales,Commercial Planning,Manager,Permanent,2021-09-01,,,,HCM_A,2025-12-20
ACP001189,RO,Supply Chain,Logistics,Individual Contributor,Permanent,2023-08-23,,,,HCM_A,2025-12-21
ACP001190,GR,Digital,Software,Individual Contributor,Permanent,2020-12-20,2021-06-26,Involuntary,false,HCM_B,2025-12-22
ACP001191,GR,Digital,Product,Manager,Permanent,2020-01-14,,,,HCM_A,2025-12-23
ACP001192,IT,Sales,Field Sales,Manager,Permanent,2021-11-25,,,,HCM_A,2025-12-24
ACP001193,BG,Digital,Data,Senior Leader,Permanent,2024-07-05,,,,HCM_A,2025-12-25
ACP001194,BG,Supply Chain,Procurement,Individual Contributor,Permanent,2023-01-06,,,,HCM_A,2025-12-26
ACP001195,BG,Digital,Data,Manager,Permanent,2024-07-20,,,,HCM_B,2025-12-27
ACP001196,IE,Sales,Commercial Planning,Manager,Permanent,2024-12-25,,,,HCM_A,2025-12-28
ACP001197,GR,Digital,Data,Individual Contributor,Permanent,2025-07-13,2025-10-23,End of Contract,false,HCM_A,2025-12-29
ACP001198,GR,Sales,Key Accounts,Manager,Permanent,2020-08-06,,,,HCM_A,2025-12-30
ACP001199,BG,Digital,Product,Manager,Permanent,2020-02-28,2020-11-27,Involuntary,false,HCM_A,2025-12-31
ACP001200,RO,Supply Chain,Logistics,Manager,Permanent,2021-01-18,,,,HCM_B,2025-12-20
ACP001201,RO,Sales,Field Sales,Individual Contributor,Fixed Term,2022-10-05,,,,HCM_A,2025-12-21
ACP001202,IT,Finance,Accounting,Manager,Permanent,2020-07-06,,,,HCM_A,2025-12-22
ACP001203,IT,Supply Chain,Procurement,Manager,Permanent,2022-05-18,,,,HCM_A,2025-12-23
ACP001204,RO,Sales,Field Sales,Manager,Permanent,2021-08-13,,,,HCM_A,2025-12-24
ACP001205,RO,Digital,Product,Manager,Permanent,2021-01-07,,,,HCM_B,2025-12-25
ACP001206,PL,Supply Chain,Logistics,Individual Contributor,Permanent,2024-02-23,,,,HCM_A,2025-12-26
ACP001207,RO,Digital,Software,Individual Contributor,Permanent,2022-06-25,,,,HCM_A,2025-12-27
ACP001208,IT,Finance,Controls,Individual Contributor,Permanent,2020-01-25,,,,HCM_A,2025-12-28
ACP001209,IT,Finance,Controls,Senior Leader,Permanent,2023-11-14,2025-06-12,Involuntary,false,HCM_A,2025-12-29
ACP001210,IE,Finance,Controls,Individual Contributor,Permanent,2021-10-16,,,,HCM_B,2025-12-30
ACP001211,RO,Digital,Data,Manager,Fixed Term,2024-07-24,,,,HCM_A,2025-12-31
ACP001212,PL,Supply Chain,Procurement,Manager,Fixed Term,2023-05-01,2024-01-12,Voluntary,true,HCM_A,2025-12-20
ACP001213,BG,Digital,Software,Manager,Fixed Term,2025-02-18,,,,HCM_A,2025-12-21
ACP001214,RO,Digital,Software,Manager,Permanent,2024-03-30,2025-03-11,Voluntary,true,HCM_A,2025-12-22
ACP001215,BG,Sales,Key Accounts,Individual Contributor,Permanent,2022-05-14,,,,HCM_B,2025-12-23
ACP001216,GR,Finance,Controls,Manager,Fixed Term,2025-11-27,,,,HCM_A,2025-12-24
ACP001217,PL,Supply Chain,Logistics,Manager,Permanent,2022-01-31,2025-10-11,Voluntary,false,HCM_A,2025-12-25
ACP001218,PL,Finance,Controls,Individual Contributor,Permanent,2024-07-11,2025-03-24,Voluntary,true,HCM_A,2025-12-26
ACP001219,BG,Supply Chain,Logistics,Individual Contributor,Permanent,2024-08-02,,,,HCM_A,2025-12-27
ACP001220,RO,Sales,Commercial Planning,Senior Leader,Permanent,2020-04-09,2025-05-11,Voluntary,true,HCM_B,2025-12-28
ACP001221,IT,Finance,FP&A,Individual Contributor,Fixed Term,2021-11-15,2025-04-27,Voluntary,false,HCM_A,2025-12-29
ACP001222,IE,Digital,Product,Individual Contributor,Permanent,2024-01-06,,,,HCM_A,2025-12-30
ACP001223,RO,Sales,Key Accounts,Individual Contributor,Permanent,2024-08-31,2024-10-27,Voluntary,true,HCM_A,2025-12-31
ACP001224,RO,Supply Chain,Logistics,Individual Contributor,Permanent,2025-02-24,,,,HCM_A,2025-12-20
ACP001225,IT,Digital,Software,Senior Leader,Permanent,2022-06-10,,,,HCM_B,2025-12-21
ACP001226,BG,Finance,Accounting,Individual Contributor,Fixed Term,2020-11-17,2022-04-15,Voluntary,true,HCM_A,2025-12-22
ACP001227,IE,Supply Chain,Manufacturing,Individual Contributor,Permanent,2023-08-06,,,,HCM_A,2025-12-23
ACP001228,GR,Digital,Data,Senior Leader,Permanent,2024-01-23,,,,HCM_A,2025-12-24
ACP001229,IT,Supply Chain,Manufacturing,Individual Contributor,Permanent,2020-03-08,,,,HCM_A,2025-12-25
ACP001230,RO,Supply Chain,Procurement,Individual Contributor,Permanent,2022-10-12,,,,HCM_B,2025-12-26
ACP001231,BG,Supply Chain,Manufacturing,Individual Contributor,Permanent,2024-07-29,2025-08-20,Voluntary,true,HCM_A,2025-12-27
ACP001232,PL,Sales,Commercial Planning,Manager,Fixed Term,2020-02-22,,,,HCM_A,2025-12-28
ACP001233,PL,Finance,Accounting,Individual Contributor,Permanent,2024-12-13,,,,HCM_A,2025-12-29
ACP001234,RO,Digital,Product,Manager,Permanent,2024-09-18,,,,HCM_A,2025-12-30
ACP001235,IT,Supply Chain,Manufacturing,Senior Leader,Permanent,2022-12-14,,,,HCM_B,2025-12-31
ACP001236,IT,Sales,Field Sales,Manager,Permanent,2023-03-14,,,,HCM_A,2025-12-20
ACP001237,PL,Digital,Software,Senior Leader,Permanent,2024-05-07,,,,HCM_A,2025-12-21
ACP001238,RO,Finance,FP&A,Manager,Permanent,2022-03-22,,,,HCM_A,2025-12-22
ACP001239,PL,Finance,FP&A,Individual Contributor,Permanent,2022-12-31,,,,HCM_A,2025-12-23
ACP001240,RO,Finance,Accounting,Senior Leader,Permanent,2024-06-13,2025-09-22,Voluntary,true,HCM_B,2025-12-24
ACP001241,IT,Digital,Software,Manager,Permanent,2022-07-01,2024-03-28,Voluntary,false,HCM_A,2025-12-25
ACP001242,IT,Supply Chain,Procurement,Individual Contributor,Permanent,2020-07-08,,,,HCM_A,2025-12-26
ACP001243,RO,Supply Chain,Procurement,Individual Contributor,Permanent,2023-08-09,,,,HCM_A,2025-12-27
ACP001244,BG,Sales,Commercial Planning,Individual Contributor,Permanent,2025-10-21,,,,HCM_A,2025-12-28
ACP001245,IE,Finance,Controls,Individual Contributor,Permanent,2020-06-30,,,,HCM_B,2025-12-29
ACP001246,PL,Sales,Key Accounts,Individual Contributor,Permanent,2021-12-24,,,,HCM_A,2025-12-30
ACP001247,GR,Supply Chain,Procurement,Manager,Permanent,2024-10-24,,,,HCM_A,2025-12-31
ACP001248,PL,Sales,Key Accounts,Manager,Permanent,2024-09-05,2025-06-09,Voluntary,true,HCM_A,2025-12-20
ACP001249,IE,Sales,Commercial Planning,Manager,Permanent,2022-02-11,2022-04-22,Voluntary,true,HCM_A,2025-12-21
ACP001250,IT,Digital,Product,Manager,Permanent,2023-10-17,,,,HCM_B,2025-12-22
ACP001251,IT,Digital,Data,Manager,Permanent,2023-06-01,2024-01-02,Involuntary,false,HCM_A,2025-12-23
ACP001252,BG,Digital,Data,Manager,Permanent,2020-09-14,,,,HCM_A,2025-12-24
ACP001253,IT,Sales,Field Sales,Individual Contributor,Permanent,2020-09-22,,,,HCM_A,2025-12-25
ACP001254,PL,Finance,FP&A,Individual Contributor,Permanent,2024-09-07,,,,HCM_A,2025-12-26
ACP001255,GR,Supply Chain,Procurement,Manager,Fixed Term,2024-12-03,,,,HCM_B,2025-12-27
ACP001256,GR,Supply Chain,Manufacturing,Individual Contributor,Permanent,2024-10-24,,,,HCM_A,2025-12-28
ACP001257,PL,Supply Chain,Manufacturing,Individual Contributor,Permanent,2025-10-13,,,,HCM_A,2025-12-29
ACP001258,RO,Finance,FP&A,Individual Contributor,Permanent,2022-11-03,2025-02-02,Involuntary,false,HCM_A,2025-12-30
ACP001259,IT,Finance,Controls,Individual Contributor,Permanent,2023-04-11,,,,HCM_A,2025-12-31
ACP001260,BG,Finance,FP&A,Individual Contributor,Permanent,2021-05-23,,,,HCM_B,2025-12-20
ACP001261,IT,Digital,Software,Individual Contributor,Permanent,2023-08-29,2024-02-03,End of Contract,false,HCM_A,2025-12-21
ACP001262,IT,Supply Chain,Logistics,Sr Mgmt,Permanent,2020-12-19,,,,HCM_A,2025-12-22
ACP001263,PL,Digital,Software,Individual Contributor,Permanent,2022-06-20,,,,HCM_A,2025-12-23
ACP001264,BG,Digital,Product,Individual Contributor,Fixed Term,2024-04-09,2024-08-23,Voluntary,false,HCM_A,2025-12-24
ACP001265,PL,Sales,Key Accounts,Individual Contributor,Permanent,2021-08-19,,,,HCM_B,2025-12-25
ACP001266,IE,Supply Chain,Logistics,Individual Contributor,Permanent,2024-09-22,2025-11-09,Voluntary,false,HCM_A,2025-12-26
ACP001267,GR,Sales,Field Sales,Individual Contributor,Fixed Term,2020-02-10,,,,HCM_A,2025-12-27
ACP001268,IE,Digital,Data,Individual Contributor,Fixed Term,2023-12-24,,,,HCM_A,2025-12-28
ACP001269,RO,Sales,Key Accounts,Individual Contributor,Permanent,2020-05-10,2023-03-14,End of Contract,false,HCM_A,2025-12-29
ACP001270,IE,Digital,Data,Manager,Fixed Term,2025-08-04,,,,HCM_B,2025-12-30
ACP001271,GR,Finance,FP&A,Individual Contributor,Permanent,2024-07-10,,,,HCM_A,2025-12-31
ACP001272,IE,Supply Chain,Manufacturing,Manager,Permanent,2025-09-29,,,,HCM_A,2025-12-20
ACP001273,RO,Digital,Product,Individual Contributor,Permanent,2022-04-11,,,,HCM_A,2025-12-21
ACP001274,GR,Sales,Field Sales,Senior Leader,Permanent,2021-03-26,,,,HCM_A,2025-12-22
ACP001275,IT,Digital,Software,Manager,Fixed Term,2025-07-28,,,,HCM_B,2025-12-23
ACP001276,IE,Finance,Accounting,Manager,Fixed Term,2022-06-01,,,,HCM_A,2025-12-24
ACP001277,PL,Finance,Accounting,Senior Leader,Permanent,2025-08-11,,,,HCM_A,2025-12-25
ACP001278,GR,Digital,Product,Senior Leader,Permanent,2021-10-19,,,,HCM_A,2025-12-26
ACP001279,IE,Digital,Data,Individual Contributor,Permanent,2021-07-27,2021-11-22,End of Contract,false,HCM_A,2025-12-27
ACP001280,PL,Finance,Accounting,Individual Contributor,Permanent,2022-06-14,2022-11-30,Involuntary,false,HCM_B,2025-12-28
ACP001281,BG,Digital,Data,Individual Contributor,Permanent,2025-11-27,,,,HCM_A,2025-12-29
ACP001282,IE,Supply Chain,Procurement,Individual Contributor,Permanent,2023-04-01,2024-07-11,Involuntary,false,HCM_A,2025-12-30
ACP001283,PL,Finance,Controls,Senior Leader,Permanent,2022-10-11,2023-09-08,Voluntary,true,HCM_A,2025-12-31
ACP001284,RO,Finance,Controls,Individual Contributor,Permanent,2023-01-18,,,,HCM_A,2025-12-20
ACP001285,PL,Supply Chain,Procurement,Manager,Permanent,2022-10-27,,,,HCM_B,2025-12-21
ACP001286,IE,Sales,Commercial Planning,Manager,Fixed Term,2021-06-13,,,,HCM_A,2025-12-22
ACP001287,PL,Supply Chain,Logistics,Senior Leader,Permanent,2023-04-27,,,,HCM_A,2025-12-23
ACP001288,BG,Sales,Field Sales,Individual Contributor,Permanent,2023-06-05,,,,HCM_A,2025-12-24
ACP001289,IE,Supply Chain,Manufacturing,Individual Contributor,Permanent,2024-07-23,,,,HCM_A,2025-12-25
ACP001290,RO,Digital,Software,Individual Contributor,Permanent,2022-02-03,2022-07-26,Voluntary,true,HCM_B,2025-12-26
ACP001291,IT,Digital,Product,Individual Contributor,Permanent,2022-10-25,2023-02-17,Voluntary,true,HCM_A,2025-12-27
ACP001292,IT,Digital,Product,Manager,Permanent,2023-03-27,2023-08-17,Voluntary,true,HCM_A,2025-12-28
ACP001293,IT,Sales,Key Accounts,Manager,Fixed Term,2022-01-01,,,,HCM_A,2025-12-29
ACP001294,BG,Sales,Field Sales,Senior Leader,Fixed Term,2023-12-25,,,,HCM_A,2025-12-30
ACP001295,IE,Supply Chain,Procurement,Manager,Permanent,2022-09-09,2022-12-02,Voluntary,false,HCM_B,2025-12-31
ACP001296,RO,Sales,Key Accounts,Manager,Permanent,2022-06-14,,,,HCM_A,2025-12-20
ACP001297,IE,Digital,Data,Individual Contributor,Permanent,2021-07-19,,,,HCM_A,2025-12-21
ACP001298,IE,Digital,Software,Senior Leader,Permanent,2025-10-30,,,,HCM_A,2025-12-22
ACP001299,GR,Supply Chain,Logistics,Individual Contributor,Permanent,2021-03-16,,,,HCM_A,2025-12-23
ACP001300,PL,Supply Chain,Logistics,Individual Contributor,Fixed Term,2021-10-06,,,,HCM_B,2025-12-24
ACP001301,IE,Sales,Key Accounts,Manager,Permanent,2022-05-19,,,,HCM_A,2025-12-25
ACP001302,BG,Finance,Controls,Manager,Fixed Term,2022-06-02,,,,HCM_A,2025-12-26
ACP001303,IE,Supply Chain,Logistics,Individual Contributor,Permanent,2025-10-22,,,,HCM_A,2025-12-27
ACP001304,PL,Finance,Controls,Individual Contributor,Permanent,2025-05-31,,,,HCM_A,2025-12-28
ACP001305,BG,Digital,Data,Individual Contributor,Permanent,2022-01-05,2022-03-12,Voluntary,true,HCM_B,2025-12-29
ACP001306,BG,Supply Chain,Manufacturing,Manager,Permanent,2025-04-22,2025-12-16,Voluntary,false,HCM_A,2025-12-30
ACP001307,PL,Finance,FP&A,Individual Contributor,Permanent,2021-05-31,,,,HCM_A,2025-12-31
ACP001308,IT,Supply Chain,Logistics,Individual Contributor,Permanent,2025-05-23,,,,HCM_A,2025-12-20
ACP001309,GR,Sales,Field Sales,Individual Contributor,Permanent,2022-06-18,2023-12-30,Voluntary,false,HCM_A,2025-12-21
ACP001310,GR,Sales,Commercial Planning,Individual Contributor,Permanent,2021-12-26,,,,HCM_B,2025-12-22
ACP001311,GR,Finance,Accounting,Individual Contributor,Permanent,2023-04-30,,,,HCM_A,2025-12-23
ACP001312,GR,Finance,Accounting,Individual Contributor,Permanent,2023-09-16,,,,HCM_A,2025-12-24
ACP001313,IE,Supply Chain,Manufacturing,Senior Leader,Permanent,2022-05-01,,,,HCM_A,2025-12-25
ACP001314,IE,Sales,Field Sales,Senior Leader,Permanent,2025-04-30,,,,HCM_A,2025-12-26
ACP001315,RO,Digital,Software,Manager,Permanent,2020-08-07,2020-10-26,Voluntary,true,HCM_B,2025-12-27
ACP001316,PL,Digital,Software,Senior Leader,Permanent,2022-05-03,,,,HCM_A,2025-12-28
ACP001317,RO,Sales,Commercial Planning,Individual Contributor,Fixed Term,2024-05-13,2024-09-08,Voluntary,true,HCM_A,2025-12-29
ACP001318,IT,Digital,Product,Manager,Permanent,2023-07-18,2024-01-01,Voluntary,true,HCM_A,2025-12-30
ACP001319,GR,Supply Chain,Logistics,Senior Leader,Permanent,2025-07-27,2025-10-23,Voluntary,false,HCM_A,2025-12-31
ACP001320,IE,Supply Chain,Manufacturing,Individual Contributor,Fixed Term,2025-01-07,,,,HCM_B,2025-12-20
ACP001321,RO,Sales,Field Sales,Individual Contributor,Permanent,2020-03-17,,,,HCM_A,2025-12-21
ACP001322,IE,Sales,Field Sales,Manager,Permanent,2025-09-14,,,,HCM_A,2025-12-22
ACP001323,RO,Finance,FP&A,Individual Contributor,Fixed Term,2025-10-15,,,,HCM_A,2025-12-23
ACP001324,GR,Finance,Accounting,Individual Contributor,Permanent,2024-03-17,2025-10-27,Voluntary,false,HCM_A,2025-12-24
ACP001325,BG,Finance,Controls,Manager,Permanent,2020-08-18,2022-10-31,Voluntary,false,HCM_B,2025-12-25
ACP001326,BG,Sales,Field Sales,Individual Contributor,Permanent,2023-07-13,,,,HCM_A,2025-12-26
ACP001327,IT,Finance,FP&A,Manager,Permanent,2022-07-17,2023-04-13,End of Contract,false,HCM_A,2025-12-27
ACP001328,IE,Digital,Software,Manager,Permanent,2020-11-12,2021-06-12,Involuntary,false,HCM_A,2025-12-28
ACP001329,IT,Supply Chain,Manufacturing,Senior Leader,Fixed Term,2022-03-14,,,,HCM_A,2025-12-29
ACP001330,IE,Supply Chain,Manufacturing,Individual Contributor,Permanent,2020-05-25,,,,HCM_B,2025-12-30
ACP001331,PL,Supply Chain,Procurement,Manager,Permanent,2023-12-01,,,,HCM_A,2025-12-31
ACP001332,BG,Finance,FP&A,Senior Leader,Fixed Term,2022-07-09,2023-04-27,Voluntary,true,HCM_A,2025-12-20
ACP001333,BG,Supply Chain,Manufacturing,Manager,Permanent,2024-12-30,,,,HCM_A,2025-12-21
ACP001334,PL,Supply Chain,Logistics,Individual Contributor,Permanent,2024-08-11,,,,HCM_A,2025-12-22
ACP001335,IE,Supply Chain,Procurement,Manager,Permanent,2024-01-27,2024-04-26,,,HCM_B,2025-12-23
ACP001336,IT,Supply Chain,Procurement,Manager,Permanent,2025-10-30,,,,HCM_A,2025-12-24
ACP001337,GR,Sales,Field Sales,Manager,Permanent,2021-01-30,,,,HCM_A,2025-12-25
ACP001338,PL,Digital,Data,Senior Leader,Permanent,2025-07-23,,,,HCM_A,2025-12-26
ACP001339,IE,Supply Chain,Procurement,Individual Contributor,Permanent,2024-12-19,,,,HCM_A,2025-12-27
ACP001340,RO,Finance,FP&A,Individual Contributor,Permanent,2022-12-13,,,,HCM_B,2025-12-28
ACP001341,IT,Digital,Product,Individual Contributor,Fixed Term,2023-12-11,2024-01-05,Voluntary,false,HCM_A,2025-12-29
ACP001342,PL,Supply Chain,Logistics,Manager,Fixed Term,2021-10-01,,,,HCM_A,2025-12-30
ACP001343,PL,Sales,Commercial Planning,Senior Leader,Permanent,2020-01-20,,,,HCM_A,2025-12-31
ACP001344,BG,Supply Chain,Procurement,Manager,Fixed Term,2023-12-01,,,,HCM_A,2025-12-20
ACP001345,RO,Supply Chain,Logistics,Manager,Permanent,2022-06-05,,,,HCM_B,2025-12-21
ACP001346,IT,Digital,Software,Individual Contributor,Fixed Term,2023-05-05,2023-11-19,Voluntary,true,HCM_A,2025-12-22
ACP001347,GR,Digital,Software,Senior Leader,Permanent,2024-01-09,,,,HCM_A,2025-12-23
ACP001348,IE,Sales,Commercial Planning,Manager,Fixed Term,2021-09-10,,,,HCM_A,2025-12-24
ACP001349,IE,Finance,Controls,Individual Contributor,Fixed Term,2024-04-21,2025-09-03,Voluntary,false,HCM_A,2025-12-25
ACP001350,RO,Supply Chain,Logistics,Manager,Permanent,2022-11-20,,,,HCM_B,2025-12-26
ACP001351,RO,Finance,Accounting,Manager,Permanent,2024-07-31,,,,HCM_A,2025-12-27
ACP001352,BG,Sales,Commercial Planning,Manager,Fixed Term,2021-04-23,,,,HCM_A,2025-12-28
ACP001353,BG,Sales,Key Accounts,Senior Leader,Fixed Term,2022-09-22,2022-12-09,Involuntary,false,HCM_A,2025-12-29
ACP001354,IE,Supply Chain,Manufacturing,Senior Leader,Permanent,2022-06-11,,,,HCM_A,2025-12-30
ACP001355,GR,Sales,Key Accounts,Individual Contributor,Fixed Term,2021-02-22,2022-01-01,Voluntary,true,HCM_B,2025-12-31
ACP001356,GR,Finance,Accounting,Individual Contributor,Permanent,2025-02-14,2025-04-25,Voluntary,true,HCM_A,2025-12-20
ACP001357,BG,Supply Chain,Manufacturing,Individual Contributor,Permanent,2025-01-30,2025-10-29,Voluntary,true,HCM_A,2025-12-21
ACP001358,IT,Digital,Data,Individual Contributor,Permanent,2021-03-31,2021-10-13,Voluntary,false,HCM_A,2025-12-22
ACP001359,GR,Supply Chain,Logistics,Manager,Permanent,2024-04-03,,,,HCM_A,2025-12-23
ACP001360,,Digital,Software,Senior Leader,Fixed Term,2025-11-05,,,,HCM_B,2025-12-24
ACP001361,PL,Digital,Product,Manager,Fixed Term,2020-10-07,,,,HCM_A,2025-12-25
ACP001362,PL,Sales,Key Accounts,Individual Contributor,Permanent,,,,,HCM_A,2025-12-26
ACP001363,GR,Supply Chain,Logistics,Manager,Permanent,2020-10-29,,,,HCM_A,2025-12-27
ACP001364,IT,Supply Chain,Logistics,Individual Contributor,Permanent,2021-05-19,,,,HCM_A,2025-12-28
ACP001365,GR,Sales,Key Accounts,Individual Contributor,Permanent,2022-03-15,,,,HCM_B,2025-12-29
ACP001366,BG,Supply Chain,Logistics,Senior Leader,Permanent,2021-08-18,2023-04-13,Voluntary,false,HCM_A,2025-12-30
ACP001367,RO,Digital,Product,Individual Contributor,Fixed Term,2024-11-17,,,,HCM_A,2025-12-31
ACP001368,IT,Finance,Controls,Individual Contributor,Permanent,2020-10-08,,,,HCM_A,2025-12-20
ACP001369,GR,Digital,Software,Individual Contributor,Permanent,2021-11-24,,,,HCM_A,2025-12-21
ACP001370,PL,Digital,Data,Individual Contributor,Permanent,2020-12-02,,,,HCM_B,2025-12-22
ACP001371,IE,Digital,Product,Individual Contributor,Permanent,2021-04-12,2023-09-02,Involuntary,false,HCM_A,2025-12-23
ACP001372,GR,Digital,Software,Manager,Fixed Term,2020-01-27,,,,HCM_A,2025-12-24
ACP001373,PL,Digital,Software,Individual Contributor,Permanent,2024-10-27,,,,HCM_A,2025-12-25
ACP001374,RO,Digital,Data,Individual Contributor,Fixed Term,2020-12-13,,,,HCM_A,2025-12-26
ACP001375,GR,Supply Chain,Logistics,Individual Contributor,Permanent,2023-02-21,,,,HCM_B,2025-12-27
ACP001376,GR,Sales,Field Sales,Manager,Permanent,2025-11-12,,,,HCM_A,2025-12-28
ACP001377,PL,Finance,Accounting,Manager,Permanent,2024-01-01,,,,HCM_A,2025-12-29
ACP001378,BG,Digital,Product,Senior Leader,Fixed Term,2023-05-30,2025-05-25,Involuntary,false,HCM_A,2025-12-30
ACP001379,IE,Digital,Data,Individual Contributor,Fixed Term,2022-08-22,,,,HCM_A,2025-12-31
ACP001380,IE,Sales,Field Sales,Manager,Permanent,2023-12-24,,,,HCM_B,2025-12-20
ACP001381,PL,Finance,FP&A,Individual Contributor,Fixed Term,2025-10-30,,,,HCM_A,2025-12-21
ACP001382,GR,Digital,Product,Manager,Fixed Term,2020-10-07,2024-04-30,Involuntary,false,HCM_A,2025-12-22
ACP001383,BG,Sales,Field Sales,Individual Contributor,Permanent,2024-04-28,2024-06-18,Voluntary,false,HCM_A,2025-12-23
ACP001384,IE,Supply Chain,Manufacturing,Individual Contributor,Permanent,2020-09-23,,,,HCM_A,2025-12-24
ACP001385,BG,Sales,Commercial Planning,Senior Leader,Fixed Term,2025-08-15,,,,HCM_B,2025-12-25
ACP001386,BG,Sales,Field Sales,Individual Contributor,Permanent,2024-07-29,,,,HCM_A,2025-12-26
ACP001387,RO,Finance,FP&A,Senior Leader,Permanent,2020-12-11,,,,HCM_A,2025-12-27
ACP001388,RO,Digital,Data,Manager,Fixed Term,2025-01-14,,,,HCM_A,2025-12-28
ACP001389,IT,Supply Chain,Procurement,Individual Contributor,Fixed Term,2023-08-08,,,,HCM_A,2025-12-29
ACP001390,IE,Supply Chain,Logistics,Individual Contributor,Permanent,2024-04-13,,,,HCM_B,2025-12-30
ACP001391,PL,Sales,Field Sales,Senior Leader,Permanent,2023-09-15,,,,HCM_A,2025-12-31
ACP001392,RO,Supply Chain,Procurement,Manager,Fixed Term,2023-06-25,2024-03-27,Voluntary,false,HCM_A,2025-12-20
ACP001393,PL,Sales,Commercial Planning,Individual Contributor,Permanent,2020-04-30,,,,HCM_A,2025-12-21
ACP001394,IT,Digital,Product,Individual Contributor,Permanent,2024-04-14,,,,HCM_A,2025-12-22
ACP001395,PL,Digital,Software,Manager,Permanent,2024-09-26,2025-12-21,Voluntary,false,HCM_B,2025-12-23
ACP001396,GR,Digital,Product,Manager,Fixed Term,2025-10-09,,,,HCM_A,2025-12-24
ACP001397,BG,Digital,Product,Individual Contributor,Permanent,2023-01-03,,,,HCM_A,2025-12-25
ACP001398,IT,Sales,Commercial Planning,Manager,Permanent,2020-08-08,2021-02-23,Voluntary,true,HCM_A,2025-12-26
ACP001399,BG,Sales,Commercial Planning,Manager,Permanent,2023-12-10,,,,HCM_A,2025-12-27
ACP001400,RO,Finance,Controls,Senior Leader,Permanent,2020-02-20,2020-10-12,Voluntary,true,HCM_B,2025-12-28
ACP001401,EL,Supply Chain,Manufacturing,Individual Contributor,Permanent,2024-10-02,,,,HCM_A,2025-12-29
ACP001402,GR,Digital,Product,Individual Contributor,Fixed Term,2021-06-22,,,,HCM_A,2025-12-30
ACP001403,IE,Supply Chain,Manufacturing,Individual Contributor,Permanent,2022-11-12,,,,HCM_A,2025-12-31
ACP001404,IE,Supply Chain,Manufacturing,Individual Contributor,Permanent,2020-04-04,,,,HCM_A,2025-12-20
ACP001405,RO,Digital,Software,Individual Contributor,Fixed Term,2021-06-24,2021-08-27,Involuntary,false,HCM_B,2025-12-21
ACP001406,PL,Digital,Software,Individual Contributor,Permanent,2020-03-05,,,,HCM_A,2025-12-22
ACP001407,IE,Finance,Accounting,Manager,Permanent,2024-07-12,2025-10-12,Voluntary,true,HCM_A,2025-12-23
ACP001408,BG,Sales,Commercial Planning,Individual Contributor,Permanent,2020-06-20,,,,HCM_A,2025-12-24
ACP001409,GR,Supply Chain,Manufacturing,Individual Contributor,Permanent,2021-09-07,2021-08-10,Voluntary,false,HCM_A,2025-12-25
ACP001410,IE,Supply Chain,Logistics,Individual Contributor,Permanent,2024-09-04,2025-10-07,Voluntary,false,HCM_B,2025-12-26
ACP001411,BG,Finance,FP&A,Individual Contributor,Permanent,2024-06-23,2025-09-29,Involuntary,false,HCM_A,2025-12-27
ACP001412,IT,Supply Chain,Logistics,Individual Contributor,Permanent,2020-12-11,,,,HCM_A,2025-12-28
ACP001413,BG,Finance,Controls,Individual Contributor,Permanent,2024-12-24,,,,HCM_A,2025-12-29
ACP001414,PL,Sales,Field Sales,Individual Contributor,Permanent,2021-05-03,,,,HCM_A,2025-12-30
ACP001415,GR,Digital,Product,Manager,Permanent,2020-07-20,2024-01-30,Involuntary,false,HCM_B,2025-12-31
ACP001416,GR,Sales,Key Accounts,Individual Contributor,Fixed Term,2021-02-18,,,,HCM_A,2025-12-20
ACP001417,IT,Digital,Software,Individual Contributor,Permanent,2023-04-06,,,,HCM_A,2025-12-21
ACP001418,IE,Digital,Data,Individual Contributor,Permanent,2025-02-11,,,,HCM_A,2025-12-22
ACP001419,IT,Sales,Field Sales,Individual Contributor,Permanent,2022-07-27,,,,HCM_A,2025-12-23
ACP001420,RO,Sales,Field Sales,Senior Leader,Permanent,2020-10-15,,,,HCM_B,2025-12-24
ACP001421,IE,Sales,Commercial Planning,Manager,Permanent,2021-10-14,,,,HCM_A,2025-12-25
ACP001422,GR,Supply Chain,Manufacturing,Manager,Permanent,2022-02-10,,,,HCM_A,2025-12-26
ACP001423,GR,Supply Chain,Logistics,Manager,Permanent,2021-10-11,,,,HCM_A,2025-12-27
ACP001424,IT,Finance,FP&A,Manager,Permanent,2020-08-11,,,,HCM_A,2025-12-28
ACP001425,GR,Sales,Commercial Planning,Individual Contributor,Permanent,2021-09-05,,,,HCM_B,2025-12-29
ACP001426,GR,Digital,Data,Manager,Permanent,2023-08-31,,,,HCM_A,2025-12-30
ACP001427,BG,Supply Chain,Procurement,Manager,Permanent,2020-12-04,,,,HCM_A,2025-12-31
ACP001428,IE,Supply Chain,Logistics,Manager,Permanent,2024-11-12,,,,HCM_A,2025-12-20
ACP001429,RO,Digital,Data,Individual Contributor,Fixed Term,2024-04-18,,,,HCM_A,2025-12-21
ACP001430,BG,Finance,Controls,Individual Contributor,Permanent,2021-12-30,,,,HCM_B,2025-12-22
ACP001431,PL,Finance,FP&A,Individual Contributor,Permanent,2020-05-30,2021-04-04,Voluntary,true,HCM_A,2025-12-23
ACP001432,GR,Digital,Software,Senior Leader,Permanent,2020-05-20,,,,HCM_A,2025-12-24
ACP001433,GR,Supply Chain,Procurement,Manager,Permanent,2020-04-21,,,,HCM_A,2025-12-25
ACP001434,BG,Sales,Commercial Planning,Manager,Fixed Term,2020-10-31,,,,HCM_A,2025-12-26
ACP001435,PL,Finance,Accounting,Individual Contributor,Permanent,2021-04-08,2024-07-25,Voluntary,true,HCM_B,2025-12-27
ACP001436,IT,Finance,Accounting,Individual Contributor,Permanent,2022-10-20,2022-12-12,Voluntary,false,HCM_A,2025-12-28
ACP001437,IT,Digital,Software,Individual Contributor,Fixed Term,2022-01-13,2022-09-01,End of Contract,false,HCM_A,2025-12-29
ACP001438,IE,Finance,Controls,Senior Leader,Permanent,2023-12-02,,,,HCM_A,2025-12-30
ACP001439,PL,Supply Chain,Procurement,Individual Contributor,Permanent,2025-03-28,,,,HCM_A,2025-12-31
ACP001440,IE,Finance,Controls,Manager,Fixed Term,2022-01-05,2023-10-23,Voluntary,true,HCM_B,2025-12-20
ACP001441,GR,Supply Chain,Logistics,Senior Leader,Permanent,2021-05-17,2025-06-06,Voluntary,true,HCM_A,2025-12-21
ACP001442,IT,Finance,FP&A,Individual Contributor,Permanent,2022-01-22,,,,HCM_A,2025-12-22
ACP001443,IE,Supply Chain,Manufacturing,Individual Contributor,Fixed Term,2023-05-01,,,,HCM_A,2025-12-23
ACP001444,BG,Finance,Accounting,Individual Contributor,Fixed Term,2023-09-26,,,,HCM_A,2025-12-24
ACP001445,PL,Supply Chain,Manufacturing,Senior Leader,Permanent,2020-01-31,,,,HCM_B,2025-12-25
ACP001446,IE,Sales,Commercial Planning,Individual Contributor,Permanent,2023-03-02,,,,HCM_A,2025-12-26
ACP001447,GR,Supply Chain,Logistics,Manager,Permanent,2023-08-18,2024-03-22,Voluntary,true,HCM_A,2025-12-27
ACP001448,RO,Sales,Field Sales,Individual Contributor,Fixed Term,2023-12-04,2024-03-02,Voluntary,false,HCM_A,2025-12-28
ACP001449,IT,Sales,Key Accounts,Senior Leader,Permanent,2020-11-09,,,,HCM_A,2025-12-29
ACP001450,IT,Digital,Data,Individual Contributor,Fixed Term,2021-12-03,2022-01-15,Voluntary,true,HCM_B,2025-12-30
ACP001451,PL,Finance,Accounting,Individual Contributor,Fixed Term,2025-03-28,,,,HCM_A,2025-12-31
ACP001452,BG,Digital,Data,Manager,Permanent,2021-02-14,2023-02-16,Involuntary,false,HCM_A,2025-12-20
ACP001453,RO,Finance,FP&A,Senior Leader,Permanent,2023-08-31,,,,HCM_A,2025-12-21
ACP001454,PL,Sales,Field Sales,Individual Contributor,Permanent,2025-04-27,,,,HCM_A,2025-12-22
ACP001455,IT,Digital,Product,Individual Contributor,Permanent,2025-06-06,,,,HCM_B,2025-12-23
ACP001456,BG,Sales,Key Accounts,Manager,Permanent,2023-11-20,2024-11-09,Involuntary,false,HCM_A,2025-12-24
ACP001457,IT,Digital,Data,Manager,Fixed Term,2022-11-25,,,,HCM_A,2025-12-25
ACP001458,BG,Finance,Accounting,Individual Contributor,Permanent,2022-03-29,,,,HCM_A,2025-12-26
ACP001459,RO,Supply Chain,Manufacturing,Senior Leader,Permanent,2024-05-27,,,,HCM_A,2025-12-27
ACP001460,IT,Digital,Software,Individual Contributor,Permanent,2025-09-29,,,,HCM_B,2025-12-28
ACP001461,IT,Sales,Commercial Planning,Senior Leader,Permanent,2023-04-27,,,,HCM_A,2025-12-29
ACP001462,IE,Sales,Key Accounts,Individual Contributor,Permanent,2025-04-08,2025-11-21,Voluntary,true,HCM_A,2025-12-30
ACP001463,IE,Supply Chain,Manufacturing,Individual Contributor,Fixed Term,2021-03-16,2021-07-02,Involuntary,false,HCM_A,2025-12-31
ACP001464,RO,Finance,Controls,Individual Contributor,Permanent,2021-09-29,,,,HCM_A,2025-12-20
ACP001465,GR,Supply Chain,Procurement,Manager,Permanent,2025-06-04,2025-09-18,Voluntary,false,HCM_B,2025-12-21
ACP001466,IE,Supply Chain,Logistics,Senior Leader,Permanent,2022-09-01,,,,HCM_A,2025-12-22
ACP001467,PL,Digital,Product,Senior Leader,Permanent,2024-05-30,,,,HCM_A,2025-12-23
ACP001468,IE,Supply Chain,Logistics,Individual Contributor,Permanent,2023-02-11,,,,HCM_A,2025-12-24
ACP001469,IE,Supply Chain,Logistics,Individual Contributor,Permanent,2022-06-22,,,,HCM_A,2025-12-25
ACP001470,IE,Sales,Commercial Planning,Individual Contributor,Permanent,2020-05-29,2021-03-10,Involuntary,false,HCM_B,2025-12-26
ACP001471,GR,Finance,Controls,Manager,Permanent,2022-05-18,,,,HCM_A,2025-12-27
ACP001472,IT,Sales,Key Accounts,Manager,Permanent,2020-11-05,,,,HCM_A,2025-12-28
ACP001473,IT,Digital,Product,Senior Leader,Permanent,2024-06-28,,,,HCM_A,2025-12-29
ACP001474,PL,Sales,Key Accounts,Manager,Fixed Term,2022-06-24,,,,HCM_A,2025-12-30
ACP001475,IE,Sales,Field Sales,Senior Leader,Permanent,2022-06-07,,,,HCM_B,2025-12-31
ACP001476,RO,Digital,Product,Individual Contributor,Permanent,2024-03-21,,,,HCM_A,2025-12-20
ACP001477,PL,Finance,Controls,Manager,Permanent,2024-12-15,2025-10-05,Voluntary,true,HCM_A,2025-12-21
ACP001478,RO,Sales,Field Sales,Manager,Permanent,2024-08-28,,,,HCM_A,2025-12-22
ACP001479,RO,Sales,Commercial Planning,Manager,Permanent,2021-03-06,,,,HCM_A,2025-12-23
ACP001480,IE,Supply Chain,Procurement,Manager,Permanent,2022-06-22,,,,HCM_B,2025-12-24
ACP001481,IT,Digital,Product,Senior Leader,Fixed Term,2020-11-19,2021-05-12,Involuntary,false,HCM_A,2025-12-25
ACP001482,RO,Sales,Key Accounts,Individual Contributor,Permanent,2024-07-22,,,,HCM_A,2025-12-26
ACP001483,IE,Digital,Product,Individual Contributor,Permanent,2024-10-03,2025-08-24,End of Contract,false,HCM_A,2025-12-27
ACP001484,IT,Digital,Software,Manager,Permanent,2020-08-19,2020-09-12,Voluntary,true,HCM_A,2025-12-28
ACP001485,BG,Sales,Commercial Planning,Individual Contributor,Permanent,2025-04-12,2025-12-07,End of Contract,false,HCM_B,2025-12-29
ACP001486,IT,Supply Chain,Manufacturing,Individual Contributor,Fixed Term,2020-01-29,2020-05-26,Involuntary,false,HCM_A,2025-12-30
ACP001487,IE,Finance,Accounting,Individual Contributor,Permanent,2020-05-23,,,,HCM_A,2025-12-31
ACP001488,RO,Finance,Controls,Senior Leader,Permanent,2023-09-09,,,,HCM_A,2025-12-20
ACP001489,IE,Supply Chain,Manufacturing,Senior Leader,Permanent,2024-03-01,,,,HCM_A,2025-12-21
ACP001490,RO,Finance,Accounting,Individual Contributor,Permanent,2023-08-23,2023-12-22,Voluntary,false,HCM_B,2025-12-22
ACP001491,BG,Digital,Product,Individual Contributor,Permanent,2024-05-15,,,,HCM_A,2025-12-23
ACP001492,IE,Sales,Commercial Planning,Individual Contributor,Permanent,2021-08-09,,,,HCM_A,2025-12-24
ACP001493,IE,Sales,Field Sales,Individual Contributor,Permanent,2021-07-21,2022-09-01,Voluntary,false,HCM_A,2025-12-25
ACP001494,IT,Sales,Key Accounts,Sr Mgmt,Permanent,2023-08-16,2024-06-04,Voluntary,true,HCM_A,2025-12-26
ACP001495,RO,Digital,Product,Individual Contributor,Permanent,2023-07-21,2024-04-06,Voluntary,false,HCM_B,2025-12-27
ACP001496,GR,Sales,Commercial Planning,Individual Contributor,Permanent,2021-02-05,,,,HCM_A,2025-12-28
ACP001497,RO,Supply Chain,Logistics,Individual Contributor,Permanent,2024-11-11,2025-11-19,Voluntary,false,HCM_A,2025-12-29
ACP001498,RO,Finance,Accounting,Individual Contributor,Fixed Term,2020-01-07,,,,HCM_A,2025-12-30
ACP001499,IE,Digital,Product,Individual Contributor,Permanent,2021-10-03,,,,HCM_A,2025-12-31
ACP001500,RO,Finance,Controls,Individual Contributor,Permanent,2025-06-18,2025-12-27,Voluntary,true,HCM_B,2025-12-20
ACP001501,IE,Finance,FP&A,Individual Contributor,Permanent,2025-08-04,2025-12-02,Voluntary,true,HCM_A,2025-12-21
ACP001502,GR,Finance,Controls,Senior Leader,Permanent,2023-10-13,,,,HCM_A,2025-12-22
ACP001503,RO,Sales,Commercial Planning,Senior Leader,Fixed Term,2022-09-28,,,,HCM_A,2025-12-23
ACP001504,BG,Digital,Software,Senior Leader,Permanent,2022-04-12,2022-07-20,Voluntary,true,HCM_A,2025-12-24
ACP001505,RO,Supply Chain,Logistics,Senior Leader,Fixed Term,2024-10-03,,,,HCM_B,2025-12-25
ACP001506,PL,Digital,Data,Individual Contributor,Permanent,2020-02-08,,,,HCM_A,2025-12-26
ACP001507,PL,Supply Chain,Procurement,Manager,Permanent,2020-01-29,,,,HCM_A,2025-12-27
ACP001508,PL,Sales,Commercial Planning,Manager,Permanent,2021-12-10,,,,HCM_A,2025-12-28
ACP001509,GR,Supply Chain,Procurement,Manager,Permanent,2021-09-30,2023-03-20,Involuntary,false,HCM_A,2025-12-29
ACP001510,RO,Digital,Product,Individual Contributor,Permanent,2020-07-06,,,,HCM_B,2025-12-30
ACP001511,BG,Finance,FP&A,Individual Contributor,Permanent,2020-05-30,,,,HCM_A,2025-12-31
ACP001512,GR,Sales,Commercial Planning,Individual Contributor,Permanent,2021-12-08,,,,HCM_A,2025-12-20
ACP001513,PL,Digital,Data,Manager,Permanent,2021-10-04,2022-01-02,,,HCM_A,2025-12-21
ACP001514,GR,Sales,Key Accounts,Manager,Permanent,2024-11-01,2025-11-09,Voluntary,false,HCM_A,2025-12-22
ACP001515,BG,Supply Chain,Manufacturing,Manager,Permanent,2024-03-16,2024-11-29,Voluntary,true,HCM_B,2025-12-23
ACP001516,RO,Supply Chain,Logistics,Individual Contributor,Permanent,2025-04-17,,,,HCM_A,2025-12-24
ACP001517,BG,Digital,Product,Individual Contributor,Fixed Term,2022-04-06,2023-03-27,Involuntary,false,HCM_A,2025-12-25
ACP001518,BG,Digital,Data,Individual Contributor,Permanent,2024-10-05,,,,HCM_A,2025-12-26
ACP001519,RO,Digital,Product,Senior Leader,Fixed Term,2023-04-22,,,,HCM_A,2025-12-27
ACP001520,IT,Finance,FP&A,Manager,Fixed Term,2020-05-24,2020-12-26,End of Contract,false,HCM_B,2025-12-28
ACP001521,BG,Sales,Commercial Planning,Individual Contributor,Permanent,2021-07-20,,,,HCM_A,2025-12-29
ACP001522,BG,Finance,Controls,Individual Contributor,Permanent,2021-05-23,,,,HCM_A,2025-12-30
ACP001523,IE,Digital,Data,Manager,Permanent,2023-12-17,,,,HCM_A,2025-12-31
ACP001524,RO,Finance,FP&A,Individual Contributor,Permanent,2025-02-26,,,,HCM_A,2025-12-20
ACP001525,RO,Finance,FP&A,Individual Contributor,Permanent,2024-02-28,2025-11-15,Voluntary,true,HCM_B,2025-12-21
ACP001526,BG,Finance,Controls,Manager,Permanent,2021-03-18,,,,HCM_A,2025-12-22
ACP001527,GR,Finance,Controls,Individual Contributor,Permanent,2023-01-17,,,,HCM_A,2025-12-23
ACP001528,IT,Sales,Key Accounts,Individual Contributor,Permanent,2021-05-08,,,,HCM_A,2025-12-24
ACP001529,IT,Supply Chain,Procurement,Senior Leader,Fixed Term,2024-03-27,2025-01-06,End of Contract,false,HCM_A,2025-12-25
ACP001530,IE,Supply Chain,Logistics,Individual Contributor,Permanent,2021-11-15,,,,HCM_B,2025-12-26
ACP001531,BG,Sales,Key Accounts,Individual Contributor,Fixed Term,2025-04-03,,,,HCM_A,2025-12-27
ACP001532,RO,Sales,Key Accounts,Individual Contributor,Permanent,2022-04-04,,,,HCM_A,2025-12-28
ACP001533,GR,Digital,Product,Individual Contributor,Permanent,2021-09-06,,,,HCM_A,2025-12-29
ACP001534,RO,Finance,Controls,Individual Contributor,Permanent,2023-10-31,,,,HCM_A,2025-12-30
ACP001535,IT,Finance,FP&A,Individual Contributor,Permanent,2023-02-23,,,,HCM_B,2025-12-31
ACP001536,IT,Sales,Commercial Planning,Manager,Permanent,2025-10-07,,,,HCM_A,2025-12-20
ACP001537,BG,Supply Chain,Procurement,Individual Contributor,Fixed Term,2024-10-06,,,,HCM_A,2025-12-21
ACP001538,IE,Supply Chain,Manufacturing,Individual Contributor,Fixed Term,2020-05-27,,,,HCM_A,2025-12-22
ACP001539,GR,Sales,Key Accounts,Individual Contributor,Fixed Term,2020-07-09,2024-02-15,Voluntary,false,HCM_A,2025-12-23
ACP001540,GR,Finance,FP&A,Manager,Permanent,2025-05-13,,,,HCM_B,2025-12-24
ACP001541,IE,Supply Chain,Procurement,Individual Contributor,Permanent,2023-03-02,,,,HCM_A,2025-12-25
ACP001542,IT,Supply Chain,Procurement,Individual Contributor,Permanent,2020-12-06,,,,HCM_A,2025-12-26
ACP001543,IE,Finance,FP&A,Individual Contributor,Permanent,2024-04-14,,,,HCM_A,2025-12-27
ACP001544,GR,Digital,Product,Individual Contributor,Permanent,2021-02-13,,,,HCM_A,2025-12-28
ACP001545,PL,Digital,Product,Individual Contributor,Permanent,2020-09-27,,,,HCM_B,2025-12-29
ACP001546,RO,Supply Chain,Manufacturing,Manager,Permanent,2024-04-14,2025-08-10,Voluntary,false,HCM_A,2025-12-30
ACP001547,IT,Finance,FP&A,Individual Contributor,Fixed Term,2024-01-21,2025-09-23,Voluntary,true,HCM_A,2025-12-31
ACP001548,BG,Supply Chain,Procurement,Individual Contributor,Permanent,2020-12-25,,,,HCM_A,2025-12-20
ACP001549,PL,Supply Chain,Manufacturing,Senior Leader,Permanent,2022-07-30,,,,HCM_A,2025-12-21
ACP001550,RO,Supply Chain,Logistics,Manager,Permanent,2024-06-23,2025-12-10,End of Contract,false,HCM_B,2025-12-22
ACP001551,IT,Sales,Field Sales,Individual Contributor,Permanent,2023-03-03,,,,HCM_A,2025-12-23
ACP001552,BG,Digital,Product,Manager,Permanent,2021-08-09,,,,HCM_A,2025-12-24
ACP001553,BG,Digital,Data,Individual Contributor,Permanent,2024-08-13,,,,HCM_A,2025-12-25
ACP001554,PL,Supply Chain,Procurement,Senior Leader,Permanent,2022-08-24,2023-02-14,Voluntary,false,HCM_A,2025-12-26
ACP001555,BG,Supply Chain,Logistics,Individual Contributor,Permanent,2023-03-02,,,,HCM_B,2025-12-27
ACP001556,GR,Digital,Product,Manager,Permanent,2020-10-08,,,,HCM_A,2025-12-28
ACP001557,IT,Sales,Key Accounts,Manager,Fixed Term,2022-07-02,,,,HCM_A,2025-12-29
ACP001558,IT,Supply Chain,Logistics,Senior Leader,Permanent,2023-02-02,2024-11-03,Voluntary,true,HCM_A,2025-12-30
ACP001559,RO,Sales,Field Sales,Manager,Permanent,2024-02-15,2025-07-29,Voluntary,true,HCM_A,2025-12-31
ACP001560,IE,Supply Chain,Logistics,Manager,Fixed Term,2022-05-02,,,,HCM_B,2025-12-20
ACP001561,IE,Supply Chain,Logistics,Manager,Permanent,2023-05-14,,,,HCM_A,2025-12-21
ACP001562,BG,Supply Chain,Manufacturing,Individual Contributor,Permanent,2023-10-14,2023-11-25,End of Contract,false,HCM_A,2025-12-22
ACP001563,PL,Finance,FP&A,Individual Contributor,Permanent,2023-05-14,,,,HCM_A,2025-12-23
ACP001564,PL,Sales,Key Accounts,Individual Contributor,Fixed Term,2022-07-13,2022-08-14,End of Contract,false,HCM_A,2025-12-24
ACP001565,GR,Sales,Key Accounts,Individual Contributor,Permanent,2020-12-30,2022-01-03,Involuntary,false,HCM_B,2025-12-25
ACP001566,RO,Digital,Software,Manager,Fixed Term,2025-10-02,2025-11-22,End of Contract,false,HCM_A,2025-12-26
ACP001567,RO,Finance,Accounting,Individual Contributor,Permanent,2024-10-06,2025-01-23,Voluntary,false,HCM_A,2025-12-27
ACP001568,IE,Digital,Product,Manager,Permanent,2025-01-07,,,,HCM_A,2025-12-28
ACP001569,IT,Sales,Field Sales,Individual Contributor,Permanent,2025-10-15,2025-11-26,Voluntary,false,HCM_A,2025-12-29
ACP001570,IE,Supply Chain,Logistics,Individual Contributor,Permanent,2021-09-05,,,,HCM_B,2025-12-30
ACP001571,BG,Digital,Software,Individual Contributor,Permanent,2020-09-15,2023-01-03,Voluntary,true,HCM_A,2025-12-31
ACP001572,IT,Digital,Product,Individual Contributor,Permanent,2023-09-21,,,,HCM_A,2025-12-20
ACP001573,IT,Supply Chain,Manufacturing,Senior Leader,Fixed Term,2025-05-22,,,,HCM_A,2025-12-21
ACP001574,IE,Finance,Accounting,Manager,Permanent,2022-07-21,2023-03-31,Voluntary,true,HCM_A,2025-12-22
ACP001575,RO,Supply Chain,Logistics,Individual Contributor,Permanent,2024-02-08,,,,HCM_B,2025-12-23
ACP001576,IT,Finance,Controls,Individual Contributor,Permanent,2020-04-21,2021-03-03,Voluntary,false,HCM_A,2025-12-24
ACP001577,PL,Supply Chain,Logistics,Senior Leader,Permanent,2025-08-01,,,,HCM_A,2025-12-25
ACP001578,PL,Finance,Accounting,Senior Leader,Permanent,2022-05-14,,,,HCM_A,2025-12-26
ACP001579,BG,Supply Chain,Manufacturing,Senior Leader,Permanent,2025-10-20,,,,HCM_A,2025-12-27
ACP001580,BG,Supply Chain,Manufacturing,Individual Contributor,Permanent,2025-09-03,2025-09-23,End of Contract,false,HCM_B,2025-12-28
ACP001581,IT,Sales,Commercial Planning,Individual Contributor,Permanent,2021-03-09,,,,HCM_A,2025-12-29
ACP001582,IE,Sales,Commercial Planning,Individual Contributor,Permanent,2025-06-06,,,,HCM_A,2025-12-30
ACP001583,BG,Digital,Software,Individual Contributor,Permanent,2020-04-29,,,,HCM_A,2025-12-31
ACP001584,GR,Digital,Product,Individual Contributor,Permanent,2021-09-05,2023-04-13,Involuntary,false,HCM_A,2025-12-20
ACP001585,PL,Finance,Controls,Individual Contributor,Permanent,2021-05-26,,,,HCM_B,2025-12-21
ACP001586,RO,Sales,Key Accounts,Individual Contributor,Permanent,2020-11-28,,,,HCM_A,2025-12-22
ACP001587,PL,Sales,Key Accounts,Individual Contributor,Permanent,2021-05-23,,,,HCM_A,2025-12-23
ACP001588,BG,Finance,FP&A,Senior Leader,Permanent,2022-03-13,,,,HCM_A,2025-12-24
ACP001589,IE,Supply Chain,Manufacturing,Individual Contributor,Permanent,2022-04-19,,,,HCM_A,2025-12-25
ACP001590,IE,Finance,Accounting,Individual Contributor,Permanent,2020-01-16,,,,HCM_B,2025-12-26
ACP001591,BG,Supply Chain,Logistics,Manager,Fixed Term,2021-09-30,2025-04-12,Voluntary,false,HCM_A,2025-12-27
ACP001592,IE,Finance,Controls,Senior Leader,Fixed Term,2021-01-14,,,,HCM_A,2025-12-28
ACP001593,PL,Finance,Accounting,Individual Contributor,Permanent,2023-08-15,,,,HCM_A,2025-12-29
ACP001594,GR,Supply Chain,Logistics,Senior Leader,Permanent,2022-05-19,,,,HCM_A,2025-12-30
ACP001595,GR,Digital,Product,Manager,Permanent,2022-04-11,,,,HCM_B,2025-12-31
ACP001596,IT,Finance,Controls,Individual Contributor,Permanent,2021-03-06,2021-10-27,Voluntary,true,HCM_A,2025-12-20
ACP001597,RO,Digital,Product,Manager,Permanent,2023-11-13,,,,HCM_A,2025-12-21
ACP001598,RO,Sales,Commercial Planning,Individual Contributor,Fixed Term,2025-04-25,,,,HCM_A,2025-12-22
ACP001599,GR,Sales,Commercial Planning,Individual Contributor,Permanent,2020-06-17,,,,HCM_A,2025-12-23
ACP001600,IE,Digital,Software,Manager,Fixed Term,2020-08-22,,,,HCM_B,2025-12-24
ACP001601,IT,Sales,Commercial Planning,Individual Contributor,Permanent,2025-06-13,,,,HCM_A,2025-12-25
ACP001602,PL,Digital,Data,Individual Contributor,Permanent,2023-04-23,,,,HCM_A,2025-12-26
ACP001603,IE,Supply Chain,Procurement,Individual Contributor,Permanent,2020-01-12,,,,HCM_A,2025-12-27
ACP001604,IE,Supply Chain,Logistics,Manager,Permanent,2025-08-10,,,,HCM_A,2025-12-28
ACP001605,BG,Sales,Field Sales,Manager,Permanent,2021-02-27,,,,HCM_B,2025-12-29
ACP001606,IT,Supply Chain,Manufacturing,Individual Contributor,Permanent,2023-09-10,2024-04-30,End of Contract,false,HCM_A,2025-12-30
ACP001607,PL,Finance,FP&A,Manager,Permanent,2025-05-10,2025-12-27,Voluntary,true,HCM_A,2025-12-31
ACP001608,,Digital,Software,Individual Contributor,Permanent,2022-10-24,2022-12-08,Voluntary,false,HCM_A,2025-12-20
ACP001609,PL,Digital,Software,Individual Contributor,Permanent,2022-12-23,,,,HCM_A,2025-12-21
ACP001610,IT,Sales,Key Accounts,Individual Contributor,Permanent,2023-04-29,,,,HCM_B,2025-12-22
ACP001611,IT,Digital,Data,Individual Contributor,Permanent,2020-09-01,,,,HCM_A,2025-12-23
ACP001612,BG,Supply Chain,Manufacturing,Individual Contributor,Fixed Term,2021-10-05,,,,HCM_A,2025-12-24
ACP001613,GR,Sales,Commercial Planning,Manager,Fixed Term,2025-01-23,2025-04-19,Involuntary,false,HCM_A,2025-12-25
ACP001614,IT,Sales,Key Accounts,Manager,Fixed Term,2020-02-24,2020-08-02,Voluntary,true,HCM_A,2025-12-26
ACP001615,PL,Supply Chain,Procurement,Manager,Permanent,2024-03-02,,,,HCM_B,2025-12-27
ACP001616,IE,Supply Chain,Manufacturing,Manager,Permanent,2020-09-23,2021-02-09,Voluntary,false,HCM_A,2025-12-28
ACP001617,BG,Sales,Key Accounts,Manager,Permanent,2024-11-18,2025-12-25,Involuntary,false,HCM_A,2025-12-29
ACP001618,RO,Sales,Field Sales,Individual Contributor,Permanent,2021-08-15,,,,HCM_A,2025-12-30
ACP001619,IE,Finance,Controls,Individual Contributor,Permanent,2021-11-28,2022-06-04,End of Contract,false,HCM_A,2025-12-31
ACP001620,GR,Sales,Field Sales,Senior Leader,Permanent,2021-06-02,,,,HCM_B,2025-12-20
ACP001621,IT,Sales,Field Sales,Individual Contributor,Permanent,2021-10-24,,,,HCM_A,2025-12-21
ACP001622,BG,Sales,Commercial Planning,Manager,Permanent,2021-06-23,2022-09-03,Voluntary,false,HCM_A,2025-12-22
ACP001623,GR,Finance,Controls,Individual Contributor,Permanent,2022-11-10,2024-03-26,Voluntary,false,HCM_A,2025-12-23
ACP001624,PL,Finance,Controls,Senior Leader,Fixed Term,2025-08-20,,,,HCM_A,2025-12-24
ACP001625,IT,Digital,Data,Senior Leader,Permanent,2023-10-05,2024-02-22,Voluntary,true,HCM_B,2025-12-25
ACP001626,RO,Digital,Software,Individual Contributor,Fixed Term,2024-03-04,2025-05-29,Voluntary,false,HCM_A,2025-12-26
ACP001627,GR,Finance,FP&A,Manager,Permanent,2020-03-27,2020-05-24,Voluntary,true,HCM_A,2025-12-27
ACP001628,PL,Finance,FP&A,Individual Contributor,Permanent,2024-01-17,,,,HCM_A,2025-12-28
ACP001629,RO,Digital,Software,Manager,Permanent,2023-03-03,2023-07-20,Voluntary,false,HCM_A,2025-12-29
ACP001630,PL,Finance,Controls,Individual Contributor,Fixed Term,2022-05-29,2025-01-11,Voluntary,false,HCM_B,2025-12-30
ACP001631,RO,Supply Chain,Logistics,Senior Leader,Fixed Term,2023-04-03,,,,HCM_A,2025-12-31
ACP001632,GR,Finance,Accounting,Manager,Permanent,2024-08-19,,,,HCM_A,2025-12-20
ACP001633,IE,Sales,Commercial Planning,Individual Contributor,Fixed Term,2025-02-03,2025-10-17,Voluntary,false,HCM_A,2025-12-21
ACP001634,IT,Finance,Controls,Manager,Permanent,2025-10-04,2025-11-01,Voluntary,false,HCM_A,2025-12-22
ACP001635,PL,Sales,Key Accounts,Individual Contributor,Fixed Term,2021-12-09,,,,HCM_B,2025-12-23
ACP001636,BG,Finance,FP&A,Individual Contributor,Permanent,2023-06-07,2023-08-10,Voluntary,true,HCM_A,2025-12-24
ACP001637,RO,Finance,FP&A,Individual Contributor,Permanent,2021-02-14,,,,HCM_A,2025-12-25
ACP001638,IE,Sales,Key Accounts,Individual Contributor,Permanent,2025-08-02,,,,HCM_A,2025-12-26
ACP001639,IT,Digital,Software,Individual Contributor,Permanent,2024-10-31,,,,HCM_A,2025-12-27
ACP001640,IT,Sales,Commercial Planning,Senior Leader,Permanent,2023-03-23,,,,HCM_B,2025-12-28
ACP001641,PL,Finance,Controls,Manager,Permanent,2021-07-06,,,,HCM_A,2025-12-29
ACP001642,IE,Sales,Commercial Planning,Individual Contributor,Permanent,2022-08-18,,,,HCM_A,2025-12-30
ACP001643,BG,Supply Chain,Logistics,Individual Contributor,Fixed Term,2020-04-23,2020-10-20,Involuntary,false,HCM_A,2025-12-31
ACP001644,BG,Supply Chain,Procurement,Manager,Permanent,2021-05-17,2023-11-13,Voluntary,true,HCM_A,2025-12-20
ACP001645,RO,Sales,Commercial Planning,Senior Leader,Permanent,2021-12-07,,,,HCM_B,2025-12-21
ACP001646,RO,Finance,Accounting,Individual Contributor,Permanent,2025-06-26,,,,HCM_A,2025-12-22
ACP001647,RO,Supply Chain,Manufacturing,Individual Contributor,Permanent,2021-05-07,2021-08-29,Voluntary,true,HCM_A,2025-12-23
ACP001648,IT,Sales,Commercial Planning,Individual Contributor,Permanent,2023-08-15,2023-08-31,Voluntary,false,HCM_A,2025-12-24
ACP001649,BG,Sales,Commercial Planning,Individual Contributor,Fixed Term,2021-11-05,,,,HCM_A,2025-12-25
ACP001650,IE,Supply Chain,Manufacturing,Individual Contributor,Permanent,2020-12-01,,,,HCM_B,2025-12-26
ACP001651,PL,Finance,Controls,Senior Leader,Permanent,2023-08-26,,,,HCM_A,2025-12-27
ACP001652,BG,Digital,Data,Individual Contributor,Permanent,2024-06-08,,,,HCM_A,2025-12-28
ACP001653,IE,Sales,Commercial Planning,Manager,Permanent,2020-10-17,2021-01-02,Voluntary,false,HCM_A,2025-12-29
ACP001654,GR,Sales,Commercial Planning,Senior Leader,Permanent,2025-09-01,,,,HCM_A,2025-12-30
ACP001655,BG,Digital,Software,Manager,Permanent,2023-08-14,,,,HCM_B,2025-12-31
ACP001656,IE,Finance,Controls,Individual Contributor,Permanent,2021-11-29,2023-01-27,Voluntary,true,HCM_A,2025-12-20
ACP001657,IE,Supply Chain,Logistics,Senior Leader,Fixed Term,2024-05-06,,,,HCM_A,2025-12-21
ACP001658,BG,Digital,Software,Individual Contributor,Permanent,2021-09-22,2023-03-03,Voluntary,true,HCM_A,2025-12-22
ACP001659,PL,Finance,Controls,Senior Leader,Permanent,2020-04-28,,,,HCM_A,2025-12-23
ACP001660,GR,Supply Chain,Manufacturing,Senior Leader,Permanent,2022-05-10,,,,HCM_B,2025-12-24
ACP001661,GR,Digital,Product,Individual Contributor,Permanent,2024-05-28,,,,HCM_A,2025-12-25
ACP001662,GR,Supply Chain,Logistics,Manager,Permanent,2020-05-24,,,,HCM_A,2025-12-26
ACP001663,GR,Finance,Accounting,Senior Leader,Permanent,2020-10-08,,,,HCM_A,2025-12-27
ACP001664,RO,Sales,Commercial Planning,Individual Contributor,Permanent,2023-12-14,2025-08-24,Involuntary,false,HCM_A,2025-12-28
ACP001665,PL,Sales,Commercial Planning,Manager,Permanent,2025-06-11,,,,HCM_B,2025-12-29
ACP001666,RO,Sales,Field Sales,Manager,Permanent,2023-11-15,2024-11-04,Voluntary,false,HCM_A,2025-12-30
ACP001667,GR,Finance,Controls,Senior Leader,Permanent,2021-05-08,2021-07-26,Voluntary,true,HCM_A,2025-12-31
ACP001668,GR,Supply Chain,Logistics,Individual Contributor,Permanent,2022-10-25,,,,HCM_A,2025-12-20
ACP001669,IE,Finance,Controls,Individual Contributor,Permanent,2022-02-26,,,,HCM_A,2025-12-21
ACP001670,RO,Digital,Product,Individual Contributor,Permanent,2022-10-17,,,,HCM_B,2025-12-22
ACP001671,IE,Digital,Software,Senior Leader,Permanent,2020-07-29,2020-12-20,Involuntary,false,HCM_A,2025-12-23
ACP001672,GR,Supply Chain,Procurement,Senior Leader,Fixed Term,2021-02-05,,,,HCM_A,2025-12-24
ACP001673,IT,Digital,Data,Manager,Permanent,2022-07-11,,,,HCM_A,2025-12-25
ACP001674,PL,Sales,Key Accounts,Manager,Permanent,2021-03-17,,,,HCM_A,2025-12-26
ACP001675,BG,Finance,Controls,Manager,Permanent,2025-05-08,,,,HCM_B,2025-12-27
ACP001676,RO,Digital,Product,Individual Contributor,Permanent,2024-07-30,,,,HCM_A,2025-12-28
ACP001677,GR,Digital,Data,Individual Contributor,Permanent,2022-01-03,2022-04-01,Voluntary,false,HCM_A,2025-12-29
ACP001678,IT,Digital,Data,Manager,Fixed Term,2022-03-18,,,,HCM_A,2025-12-30
ACP001679,RO,Digital,Software,Individual Contributor,Permanent,2025-03-23,,,,HCM_A,2025-12-31
ACP001680,RO,Sales,Commercial Planning,Senior Leader,Fixed Term,2020-11-20,2024-07-18,Involuntary,false,HCM_B,2025-12-20
ACP001681,IE,Finance,Accounting,Individual Contributor,Permanent,2020-12-26,2021-11-16,Involuntary,false,HCM_A,2025-12-21
ACP001682,BG,Sales,Key Accounts,Senior Leader,Permanent,2023-02-12,,,,HCM_A,2025-12-22
ACP001683,GR,Supply Chain,Manufacturing,Manager,Permanent,2021-05-20,,,,HCM_A,2025-12-23
ACP001684,PL,Sales,Field Sales,Individual Contributor,Permanent,2020-05-02,,,,HCM_A,2025-12-24
ACP001685,RO,Digital,Data,Manager,Fixed Term,2020-07-07,2020-10-28,Voluntary,false,HCM_B,2025-12-25
ACP001686,GR,Sales,Key Accounts,Individual Contributor,Permanent,2023-03-15,,,,HCM_A,2025-12-26
ACP001687,BG,Digital,Software,Manager,Permanent,2023-09-17,,,,HCM_A,2025-12-27
ACP001688,PL,Supply Chain,Manufacturing,Individual Contributor,Fixed Term,2025-04-26,,,,HCM_A,2025-12-28
ACP001689,GR,Sales,Commercial Planning,Senior Leader,Fixed Term,2021-11-15,2022-05-27,Voluntary,false,HCM_A,2025-12-29
ACP001690,IT,Sales,Key Accounts,Individual Contributor,Permanent,2023-10-22,2025-06-24,Voluntary,true,HCM_B,2025-12-30
ACP001691,BG,Finance,Controls,Manager,Permanent,2024-01-28,2024-04-27,,,HCM_A,2025-12-31
ACP001692,RO,Finance,Accounting,Individual Contributor,Permanent,2020-02-05,,,,HCM_A,2025-12-20
ACP001693,GR,Digital,Data,Individual Contributor,Permanent,2020-06-14,,,,HCM_A,2025-12-21
ACP001694,BG,Digital,Data,Individual Contributor,Permanent,2021-04-11,,,,HCM_A,2025-12-22
ACP001695,IT,Digital,Data,Senior Leader,Permanent,2020-09-09,,,,HCM_B,2025-12-23
ACP001696,RO,Sales,Commercial Planning,Manager,Permanent,2024-08-07,,,,HCM_A,2025-12-24
ACP001697,BG,Sales,Field Sales,Senior Leader,Permanent,2022-04-27,2023-03-20,Voluntary,false,HCM_A,2025-12-25
ACP001698,GR,Digital,Product,Manager,Permanent,2022-11-11,,,,HCM_A,2025-12-26
ACP001699,IT,Sales,Key Accounts,Senior Leader,Permanent,2020-03-07,2023-12-21,Voluntary,true,HCM_A,2025-12-27
ACP001700,IT,Sales,Key Accounts,Individual Contributor,Permanent,2020-06-08,2020-07-01,Voluntary,false,HCM_B,2025-12-28
ACP001701,IE,Supply Chain,Procurement,Senior Leader,Permanent,2020-05-21,2022-10-11,Voluntary,true,HCM_A,2025-12-29
ACP001702,GR,Digital,Product,Individual Contributor,Fixed Term,2022-07-08,,,,HCM_A,2025-12-30
ACP001703,RO,Finance,Controls,Manager,Permanent,2024-02-21,,,,HCM_A,2025-12-31
ACP001704,PL,Supply Chain,Procurement,Senior Leader,Permanent,2021-09-24,,,,HCM_A,2025-12-20
ACP001705,PL,Sales,Commercial Planning,Manager,Fixed Term,2023-01-29,2023-08-23,Involuntary,false,HCM_B,2025-12-21
ACP001706,PL,Sales,Commercial Planning,Manager,Fixed Term,2022-04-26,,,,HCM_A,2025-12-22
ACP001707,RO,Sales,Key Accounts,Individual Contributor,Permanent,2020-11-09,,,,HCM_A,2025-12-23
ACP001708,IE,Supply Chain,Manufacturing,Manager,Fixed Term,2021-02-03,2022-01-15,Voluntary,false,HCM_A,2025-12-24
ACP001709,PL,Digital,Software,Manager,Permanent,2021-10-20,2024-05-13,Voluntary,true,HCM_A,2025-12-25
ACP001710,GR,Finance,Controls,Senior Leader,Fixed Term,2024-04-18,,,,HCM_B,2025-12-26
ACP001711,BG,Digital,Data,Individual Contributor,Permanent,2024-09-16,2025-12-13,Voluntary,true,HCM_A,2025-12-27
ACP001712,BG,Sales,Field Sales,Individual Contributor,Permanent,2024-08-22,2025-01-12,End of Contract,false,HCM_A,2025-12-28
ACP001713,GR,Sales,Commercial Planning,Manager,Permanent,2024-09-26,,,,HCM_A,2025-12-29
ACP001714,IT,Finance,Controls,Senior Leader,Permanent,2023-11-01,,,,HCM_A,2025-12-30
ACP001715,BG,Digital,Data,Senior Leader,Permanent,2020-05-30,,,,HCM_B,2025-12-31
ACP001716,PL,Finance,Controls,Individual Contributor,Permanent,2022-06-16,,,,HCM_A,2025-12-20
ACP001717,IT,Finance,Controls,Individual Contributor,Fixed Term,2025-06-14,,,,HCM_A,2025-12-21
ACP001718,BG,Sales,Field Sales,Manager,Fixed Term,2024-06-08,,,,HCM_A,2025-12-22
ACP001719,IE,Digital,Product,Individual Contributor,Permanent,2020-04-23,,,,HCM_A,2025-12-23
ACP001720,PL,Sales,Field Sales,Manager,Permanent,2022-10-17,2023-10-15,Voluntary,true,HCM_B,2025-12-24
ACP001721,RO,Supply Chain,Logistics,Individual Contributor,Permanent,2022-07-25,,,,HCM_A,2025-12-25
ACP001722,IT,Finance,FP&A,Individual Contributor,Permanent,2020-03-31,2020-06-22,Voluntary,true,HCM_A,2025-12-26
ACP001723,IE,Digital,Software,Senior Leader,Permanent,2020-06-03,,,,HCM_A,2025-12-27
ACP001724,GR,Digital,Software,Manager,Permanent,2025-10-13,,,,HCM_A,2025-12-28
ACP001725,BG,Digital,Software,Senior Leader,Permanent,2022-12-15,,,,HCM_B,2025-12-29
ACP001726,GR,Digital,Data,Sr Mgmt,Fixed Term,2021-06-27,2023-05-21,End of Contract,false,HCM_A,2025-12-30
ACP001727,BG,Supply Chain,Procurement,Individual Contributor,Permanent,2024-12-05,2024-12-29,End of Contract,false,HCM_A,2025-12-31
ACP001728,BG,Digital,Product,Manager,Permanent,2020-11-09,2021-07-21,End of Contract,false,HCM_A,2025-12-20
ACP001729,PL,Digital,Product,Manager,Fixed Term,2021-11-18,2025-06-25,End of Contract,false,HCM_A,2025-12-21
ACP001730,BG,Supply Chain,Manufacturing,Manager,Permanent,2025-02-20,,,,HCM_B,2025-12-22
ACP001731,PL,Digital,Data,Individual Contributor,Permanent,2025-11-13,,,,HCM_A,2025-12-23
ACP001732,PL,Supply Chain,Logistics,Manager,Permanent,2024-01-31,,,,HCM_A,2025-12-24
ACP001733,ROM,Finance,FP&A,Individual Contributor,Permanent,2024-09-17,2025-01-28,Voluntary,true,HCM_A,2025-12-25
ACP001734,PL,Supply Chain,Logistics,Individual Contributor,Permanent,2020-09-13,,,,HCM_A,2025-12-26
ACP001735,IE,Digital,Data,Individual Contributor,Permanent,2021-03-28,,,,HCM_B,2025-12-27
ACP001736,PL,Finance,Controls,Individual Contributor,Fixed Term,2025-05-26,,,,HCM_A,2025-12-28
ACP001737,IE,Digital,Data,Individual Contributor,Fixed Term,2024-04-04,2024-08-08,Voluntary,true,HCM_A,2025-12-29
ACP001738,IT,Digital,Data,Manager,Permanent,2021-07-14,,,,HCM_A,2025-12-30
ACP001739,IE,Digital,Software,Individual Contributor,Permanent,2024-10-13,,,,HCM_A,2025-12-31
ACP001740,RO,Sales,Commercial Planning,Individual Contributor,Fixed Term,2022-06-11,,,,HCM_B,2025-12-20
ACP001741,IT,Digital,Product,Manager,Permanent,2021-01-07,,,,HCM_A,2025-12-21
ACP001742,GR,Finance,Accounting,Senior Leader,Permanent,2022-05-28,,,,HCM_A,2025-12-22
ACP001743,GR,Sales,Field Sales,Individual Contributor,Permanent,2022-04-20,,,,HCM_A,2025-12-23
ACP001744,GR,Finance,Accounting,Individual Contributor,Permanent,2022-09-01,2023-12-08,Involuntary,false,HCM_A,2025-12-24
ACP001745,PL,Supply Chain,Procurement,Manager,Permanent,2023-11-17,,,,HCM_B,2025-12-25
ACP001746,GR,Supply Chain,Manufacturing,Senior Leader,Permanent,2021-07-31,2021-12-29,Voluntary,false,HCM_A,2025-12-26
ACP001747,IT,Supply Chain,Procurement,Individual Contributor,Permanent,2022-08-07,,,,HCM_A,2025-12-27
ACP001748,RO,Supply Chain,Logistics,Individual Contributor,Permanent,2023-02-13,,,,HCM_A,2025-12-28
ACP001749,PL,Supply Chain,Procurement,Individual Contributor,Fixed Term,2024-10-24,2025-08-20,End of Contract,false,HCM_A,2025-12-29
ACP001750,GR,Supply Chain,Logistics,Manager,Permanent,2023-01-14,,,,HCM_B,2025-12-30
ACP001751,IE,Sales,Field Sales,Individual Contributor,Fixed Term,2022-03-16,,,,HCM_A,2025-12-31
ACP001752,IT,Digital,Product,Manager,Permanent,2021-09-08,,,,HCM_A,2025-12-20
ACP001753,BG,Finance,Controls,Individual Contributor,Permanent,2020-08-19,,,,HCM_A,2025-12-21
ACP001754,PL,Finance,FP&A,Individual Contributor,Fixed Term,2023-04-07,2024-03-25,Involuntary,false,HCM_A,2025-12-22
ACP001755,GR,Supply Chain,Logistics,Manager,Fixed Term,2020-11-22,2021-08-26,Voluntary,false,HCM_B,2025-12-23
ACP001756,GR,Finance,FP&A,Individual Contributor,Permanent,2022-04-16,2024-08-17,Involuntary,false,HCM_A,2025-12-24
ACP001757,IE,Sales,Commercial Planning,Senior Leader,Permanent,2022-01-29,,,,HCM_A,2025-12-25
ACP001758,IE,Supply Chain,Logistics,Senior Leader,Permanent,2023-04-06,2023-07-13,Voluntary,true,HCM_A,2025-12-26
ACP001759,RO,Supply Chain,Procurement,Manager,Permanent,2025-08-08,,,,HCM_A,2025-12-27
ACP001760,RO,Digital,Software,Individual Contributor,Fixed Term,2021-05-27,2025-08-29,Voluntary,false,HCM_B,2025-12-28
ACP001761,RO,Sales,Commercial Planning,Individual Contributor,Permanent,2024-07-30,2024-08-14,Voluntary,false,HCM_A,2025-12-29
ACP001762,RO,Finance,Controls,Individual Contributor,Permanent,2020-03-30,,,,HCM_A,2025-12-30
ACP001763,IT,Supply Chain,Manufacturing,Senior Leader,Permanent,,,,,HCM_A,2025-12-31
ACP001764,RO,Digital,Software,Individual Contributor,Permanent,2021-02-22,,,,HCM_A,2025-12-20
ACP001765,PL,Supply Chain,Procurement,Manager,Permanent,2023-03-09,,,,HCM_B,2025-12-21
ACP001766,BG,Finance,Controls,Manager,Fixed Term,2022-08-22,,,,HCM_A,2025-12-22
ACP001767,IT,Digital,Software,Individual Contributor,Fixed Term,2024-03-01,2025-05-01,Voluntary,true,HCM_A,2025-12-23
ACP001768,BG,Sales,Commercial Planning,Manager,Permanent,2021-08-06,2022-06-08,End of Contract,false,HCM_A,2025-12-24
ACP001769,RO,Finance,Controls,Individual Contributor,Permanent,2024-08-17,,,,HCM_A,2025-12-25
ACP001770,IT,Finance,Controls,Manager,Fixed Term,2025-04-20,,,,HCM_B,2025-12-26
ACP001771,IT,Supply Chain,Procurement,Individual Contributor,Permanent,2024-05-14,,,,HCM_A,2025-12-27
ACP001772,RO,Sales,Commercial Planning,Manager,Permanent,2025-07-24,2025-08-06,Voluntary,false,HCM_A,2025-12-28
ACP001773,RO,Supply Chain,Procurement,Senior Leader,Permanent,2020-08-02,2023-06-21,Involuntary,false,HCM_A,2025-12-29
ACP001774,RO,Finance,FP&A,Manager,Permanent,2020-07-28,,,,HCM_A,2025-12-30
ACP001775,BG,Digital,Software,Individual Contributor,Permanent,2020-02-22,,,,HCM_B,2025-12-31
ACP001776,BG,Sales,Commercial Planning,Individual Contributor,Permanent,2024-12-31,,,,HCM_A,2025-12-20
ACP001777,BG,Supply Chain,Logistics,Individual Contributor,Permanent,2020-03-12,,,,HCM_A,2025-12-21
ACP001778,PL,Supply Chain,Procurement,Manager,Permanent,2025-11-09,,,,HCM_A,2025-12-22
ACP001779,PL,Sales,Key Accounts,Individual Contributor,Permanent,2022-03-10,,,,HCM_A,2025-12-23
ACP001780,RO,Sales,Commercial Planning,Senior Leader,Permanent,2022-01-21,2023-09-05,End of Contract,false,HCM_B,2025-12-24
ACP001781,RO,Sales,Commercial Planning,Individual Contributor,Permanent,2022-05-16,2022-05-28,Voluntary,false,HCM_A,2025-12-25
ACP001782,IE,Digital,Data,Individual Contributor,Permanent,2024-06-03,2025-07-22,Voluntary,true,HCM_A,2025-12-26
ACP001783,IT,Supply Chain,Manufacturing,Manager,Permanent,2021-04-25,2023-05-22,Voluntary,false,HCM_A,2025-12-27
ACP001784,IT,Sales,Field Sales,Manager,Permanent,2024-09-13,,,,HCM_A,2025-12-28
ACP001785,IT,Sales,Commercial Planning,Manager,Permanent,2020-09-26,,,,HCM_B,2025-12-29
ACP001786,GR,Digital,Software,Manager,Permanent,2024-10-31,,,,HCM_A,2025-12-30
ACP001787,IT,Finance,Controls,Individual Contributor,Permanent,2021-09-18,2025-10-05,End of Contract,false,HCM_A,2025-12-31
ACP001788,IT,Finance,Controls,Individual Contributor,Permanent,2025-07-01,,,,HCM_A,2025-12-20
ACP001789,RO,Supply Chain,Logistics,Manager,Permanent,2024-10-20,2025-10-27,Voluntary,false,HCM_A,2025-12-21
ACP001790,GR,Digital,Product,Manager,Fixed Term,2025-06-12,,,,HCM_B,2025-12-22
ACP001791,PL,Supply Chain,Logistics,Individual Contributor,Permanent,2023-06-01,,,,HCM_A,2025-12-23
ACP001792,GR,Sales,Key Accounts,Manager,Fixed Term,2023-05-30,,,,HCM_A,2025-12-24
ACP001793,GR,Supply Chain,Procurement,Manager,Permanent,2022-05-20,2023-08-27,Voluntary,false,HCM_A,2025-12-25
ACP001794,IE,Sales,Key Accounts,Manager,Permanent,2024-03-20,2025-05-22,Involuntary,false,HCM_A,2025-12-26
ACP001795,IE,Digital,Software,Individual Contributor,Permanent,2022-05-27,,,,HCM_B,2025-12-27
ACP001796,IE,Sales,Field Sales,Individual Contributor,Permanent,2023-12-20,2024-03-01,End of Contract,false,HCM_A,2025-12-28
ACP001797,BG,Supply Chain,Manufacturing,Senior Leader,Permanent,2023-05-28,,,,HCM_A,2025-12-29
ACP001798,GR,Supply Chain,Logistics,Manager,Permanent,2021-03-01,,,,HCM_A,2025-12-30
ACP001799,PL,Supply Chain,Procurement,Manager,Permanent,2021-01-14,2021-03-18,Voluntary,true,HCM_A,2025-12-31
ACP001800,IE,Sales,Key Accounts,Individual Contributor,Permanent,2020-06-26,,,,HCM_B,2025-12-20
ACP001801,IT,Digital,Software,Individual Contributor,Permanent,2022-07-06,,,,HCM_A,2025-12-21
ACP001802,BG,Digital,Data,Individual Contributor,Permanent,2021-05-07,2021-10-03,Voluntary,false,HCM_A,2025-12-22
ACP001803,IT,Sales,Field Sales,Individual Contributor,Permanent,2022-12-02,2023-01-07,Voluntary,false,HCM_A,2025-12-23
ACP001804,IE,Sales,Key Accounts,Manager,Fixed Term,2024-05-20,2024-11-14,Voluntary,true,HCM_A,2025-12-24
ACP001805,RO,Finance,FP&A,Senior Leader,Permanent,2022-03-12,2022-04-29,Voluntary,false,HCM_B,2025-12-25
ACP001806,IE,Sales,Field Sales,Manager,Fixed Term,2023-07-28,,,,HCM_A,2025-12-26
ACP001807,IT,Supply Chain,Logistics,Individual Contributor,Permanent,2023-11-15,,,,HCM_A,2025-12-27
ACP001808,GR,Digital,Product,Senior Leader,Permanent,2022-07-08,,,,HCM_A,2025-12-28
ACP001809,IE,Digital,Software,Manager,Permanent,2024-01-13,,,,HCM_A,2025-12-29
ACP001810,BG,Supply Chain,Procurement,Individual Contributor,Fixed Term,2023-02-25,2023-01-22,Voluntary,true,HCM_B,2025-12-30
ACP001811,GR,Sales,Field Sales,Individual Contributor,Permanent,2020-04-23,,,,HCM_A,2025-12-31
ACP001812,IT,Digital,Data,Senior Leader,Fixed Term,2021-09-11,2022-08-25,End of Contract,false,HCM_A,2025-12-20
ACP001813,PL,Digital,Data,Individual Contributor,Permanent,2022-08-14,,,,HCM_A,2025-12-21
ACP001814,IT,Finance,FP&A,Manager,Fixed Term,2023-12-25,,,,HCM_A,2025-12-22
ACP001815,GR,Finance,Accounting,Individual Contributor,Permanent,2021-07-31,,,,HCM_B,2025-12-23
ACP001816,BG,Digital,Product,Individual Contributor,Permanent,2025-04-12,,,,HCM_A,2025-12-24
ACP001817,BG,Finance,Accounting,Individual Contributor,Permanent,2021-03-07,,,,HCM_A,2025-12-25
ACP001818,IT,Finance,Accounting,Individual Contributor,Permanent,2024-10-14,2025-04-12,Involuntary,false,HCM_A,2025-12-26
ACP001819,IT,Finance,FP&A,Manager,Fixed Term,2022-10-28,2023-03-16,Voluntary,false,HCM_A,2025-12-27
ACP001820,PL,Supply Chain,Procurement,Individual Contributor,Permanent,2021-05-01,,,,HCM_B,2025-12-28
ACP001821,PL,Supply Chain,Logistics,Manager,Permanent,2021-10-28,,,,HCM_A,2025-12-29
ACP001822,RO,Finance,FP&A,Individual Contributor,Fixed Term,2021-05-02,,,,HCM_A,2025-12-30
ACP001823,PL,Sales,Key Accounts,Individual Contributor,Permanent,2022-04-08,,,,HCM_A,2025-12-31
ACP001824,GR,Finance,Accounting,Manager,Permanent,2021-12-01,,,,HCM_A,2025-12-20
ACP001825,BG,Finance,Controls,Manager,Permanent,2024-08-09,,,,HCM_B,2025-12-21
ACP001826,PL,Supply Chain,Logistics,Individual Contributor,Permanent,2021-01-30,2025-11-13,Voluntary,true,HCM_A,2025-12-22
ACP001827,PL,Supply Chain,Procurement,Individual Contributor,Permanent,2024-08-15,,,,HCM_A,2025-12-23
ACP001828,PL,Supply Chain,Logistics,Individual Contributor,Fixed Term,2021-11-27,2023-03-19,End of Contract,false,HCM_A,2025-12-24
ACP001829,RO,Finance,FP&A,Manager,Fixed Term,2024-11-23,2025-12-06,Voluntary,false,HCM_A,2025-12-25
ACP001830,IE,Digital,Software,Manager,Permanent,2021-10-09,,,,HCM_B,2025-12-26
ACP001831,IE,Sales,Key Accounts,Individual Contributor,Permanent,2024-11-09,2025-12-19,Voluntary,false,HCM_A,2025-12-27
ACP001832,IT,Sales,Key Accounts,Individual Contributor,Permanent,2022-12-14,2025-07-22,Voluntary,true,HCM_A,2025-12-28
ACP001833,BG,Digital,Product,Individual Contributor,Fixed Term,2025-07-28,,,,HCM_A,2025-12-29
ACP001834,IT,Digital,Data,Individual Contributor,Fixed Term,2020-07-08,2021-02-13,Voluntary,true,HCM_A,2025-12-30
ACP001835,PL,Sales,Field Sales,Individual Contributor,Permanent,2022-05-28,,,,HCM_B,2025-12-31
ACP001836,PL,Digital,Software,Individual Contributor,Permanent,2023-10-21,,,,HCM_A,2025-12-20
ACP001837,IT,Finance,Accounting,Manager,Fixed Term,2022-04-09,,,,HCM_A,2025-12-21
ACP001838,RO,Supply Chain,Procurement,Manager,Permanent,2024-03-15,,,,HCM_A,2025-12-22
ACP001839,PL,Supply Chain,Logistics,Senior Leader,Permanent,2021-10-19,,,,HCM_A,2025-12-23
ACP001840,BG,Finance,Accounting,Individual Contributor,Permanent,2021-04-25,,,,HCM_B,2025-12-24
ACP001841,IE,Digital,Data,Senior Leader,Permanent,2021-09-22,,,,HCM_A,2025-12-25
ACP001842,IE,Supply Chain,Procurement,Individual Contributor,Fixed Term,2021-11-22,,,,HCM_A,2025-12-26
ACP001843,RO,Finance,FP&A,Manager,Permanent,2023-02-17,2024-05-12,Voluntary,false,HCM_A,2025-12-27
ACP001844,IT,Digital,Product,Individual Contributor,Permanent,2021-05-24,,,,HCM_A,2025-12-28
ACP001845,RO,Digital,Data,Individual Contributor,Permanent,2020-09-18,,,,HCM_B,2025-12-29
ACP001846,IT,Digital,Product,Individual Contributor,Fixed Term,2025-06-18,,,,HCM_A,2025-12-30
ACP001847,BG,Digital,Product,Individual Contributor,Permanent,2021-09-24,2023-08-24,Involuntary,false,HCM_A,2025-12-31
ACP001848,RO,Digital,Product,Senior Leader,Permanent,2023-07-31,,,,HCM_A,2025-12-20
ACP001849,PL,Supply Chain,Logistics,Manager,Permanent,2021-07-22,2022-04-16,Voluntary,false,HCM_A,2025-12-21
ACP001850,PL,Supply Chain,Logistics,Individual Contributor,Fixed Term,2022-10-26,,,,HCM_B,2025-12-22
ACP001851,GR,Digital,Data,Senior Leader,Permanent,2024-03-26,,,,HCM_A,2025-12-23
ACP001852,GR,Digital,Product,Manager,Fixed Term,2022-10-09,2022-12-26,Voluntary,false,HCM_A,2025-12-24
ACP001853,IT,Supply Chain,Procurement,Individual Contributor,Fixed Term,2021-09-19,2022-07-25,Voluntary,false,HCM_A,2025-12-25
ACP001854,RO,Supply Chain,Procurement,Manager,Fixed Term,2020-05-17,,,,HCM_A,2025-12-26
ACP001855,IT,Digital,Product,Individual Contributor,Fixed Term,2024-05-30,2025-07-02,End of Contract,false,HCM_B,2025-12-27
ACP001856,,Finance,Accounting,Manager,Permanent,2025-10-11,,,,HCM_A,2025-12-28
ACP001857,IT,Supply Chain,Procurement,Manager,Permanent,2021-01-18,,,,HCM_A,2025-12-29
ACP001858,PL,Finance,Controls,Individual Contributor,Permanent,2025-02-08,,,,HCM_A,2025-12-30
ACP001859,RO,Digital,Product,Manager,Permanent,2025-11-29,,,,HCM_A,2025-12-31
ACP001860,BG,Finance,Accounting,Individual Contributor,Permanent,2025-11-12,2025-12-22,Voluntary,false,HCM_B,2025-12-20
ACP001861,GR,Digital,Data,Individual Contributor,Permanent,2021-05-29,,,,HCM_A,2025-12-21
ACP001862,BG,Supply Chain,Manufacturing,Manager,Permanent,2024-01-09,2024-08-09,Involuntary,false,HCM_A,2025-12-22
ACP001863,IT,Finance,Controls,Manager,Permanent,2023-08-26,2024-05-16,Voluntary,true,HCM_A,2025-12-23
ACP001864,PL,Finance,Accounting,Manager,Permanent,2021-04-01,2021-07-28,Voluntary,false,HCM_A,2025-12-24
ACP001865,GR,Digital,Software,Manager,Permanent,2022-08-05,,,,HCM_B,2025-12-25
ACP001866,IT,Digital,Product,Individual Contributor,Permanent,2020-10-25,2021-09-25,Voluntary,true,HCM_A,2025-12-26
ACP001867,BG,Supply Chain,Logistics,Manager,Permanent,2024-05-09,,,,HCM_A,2025-12-27
ACP001868,BG,Finance,FP&A,Manager,Permanent,2022-12-01,,,,HCM_A,2025-12-28
ACP001869,IT,Finance,Accounting,Manager,Permanent,2020-10-05,2021-01-03,,,HCM_A,2025-12-29
ACP001870,IT,Digital,Software,Individual Contributor,Permanent,2025-09-08,,,,HCM_B,2025-12-30
ACP001871,IE,Digital,Product,Manager,Permanent,2025-08-27,,,,HCM_A,2025-12-31
ACP001872,PL,Sales,Commercial Planning,Manager,Fixed Term,2020-04-30,,,,HCM_A,2025-12-20
ACP001873,PL,Supply Chain,Logistics,Individual Contributor,Fixed Term,2022-04-12,2025-06-04,Voluntary,false,HCM_A,2025-12-21
ACP001874,GR,Digital,Software,Individual Contributor,Permanent,2024-12-29,2025-12-29,Voluntary,true,HCM_A,2025-12-22
ACP001875,BG,Finance,Controls,Individual Contributor,Permanent,2024-02-16,,,,HCM_B,2025-12-23
ACP001876,IT,Digital,Product,Individual Contributor,Permanent,2022-02-26,,,,HCM_A,2025-12-24
ACP001877,GR,Digital,Product,Individual Contributor,Permanent,2020-05-28,,,,HCM_A,2025-12-25
ACP001878,GR,Finance,Accounting,Manager,Permanent,2021-08-31,,,,HCM_A,2025-12-26
ACP001879,PL,Supply Chain,Manufacturing,Manager,Permanent,2020-08-09,,,,HCM_A,2025-12-27
ACP001880,RO,Sales,Field Sales,Manager,Permanent,2025-06-14,,,,HCM_B,2025-12-28
ACP001881,RO,Finance,Controls,Individual Contributor,Permanent,2022-06-29,2023-02-02,Voluntary,true,HCM_A,2025-12-29
ACP001882,BG,Finance,FP&A,Manager,Permanent,2021-11-19,,,,HCM_A,2025-12-30
ACP001883,IE,Finance,Accounting,Individual Contributor,Fixed Term,2020-10-01,,,,HCM_A,2025-12-31
ACP001884,RO,Digital,Software,Individual Contributor,Permanent,2024-05-17,,,,HCM_A,2025-12-20
ACP001885,RO,Finance,Accounting,Manager,Permanent,2024-02-01,,,,HCM_B,2025-12-21
ACP001886,IT,Sales,Field Sales,Manager,Permanent,2024-10-19,,,,HCM_A,2025-12-22
ACP001887,IT,Finance,Accounting,Individual Contributor,Permanent,2024-05-08,,,,HCM_A,2025-12-23
ACP001888,BG,Supply Chain,Logistics,Manager,Permanent,2025-02-15,,,,HCM_A,2025-12-24
ACP001889,GR,Finance,Controls,Manager,Permanent,2022-11-07,,,,HCM_A,2025-12-25
ACP001890,PL,Supply Chain,Logistics,Senior Leader,Permanent,2024-10-27,,,,HCM_B,2025-12-26
ACP001891,IT,Sales,Commercial Planning,Individual Contributor,Permanent,2022-12-02,,,,HCM_A,2025-12-27
ACP001892,IT,Supply Chain,Logistics,Individual Contributor,Fixed Term,2023-09-13,2024-08-17,Voluntary,false,HCM_A,2025-12-28
ACP001893,BG,Finance,Accounting,Individual Contributor,Permanent,2023-11-23,,,,HCM_A,2025-12-29
ACP001894,PL,Finance,FP&A,Senior Leader,Permanent,2020-05-12,2021-01-29,Voluntary,true,HCM_A,2025-12-30
ACP001895,IT,Finance,FP&A,Manager,Permanent,2025-10-14,2025-11-05,Voluntary,false,HCM_B,2025-12-31
ACP001896,IE,Finance,Controls,Manager,Permanent,2021-11-24,2025-01-13,Voluntary,false,HCM_A,2025-12-20
ACP001897,GR,Sales,Field Sales,Manager,Fixed Term,2022-06-30,,,,HCM_A,2025-12-21
ACP001898,PL,Supply Chain,Logistics,Individual Contributor,Permanent,2022-02-21,,,,HCM_A,2025-12-22
ACP001899,IE,Digital,Product,Individual Contributor,Permanent,2024-11-28,2025-01-05,Voluntary,false,HCM_A,2025-12-23
ACP001900,BG,Finance,FP&A,Manager,Permanent,2021-09-18,,,,HCM_B,2025-12-24
ACP001901,GR,Finance,Controls,Manager,Permanent,2021-07-07,,,,HCM_A,2025-12-25
ACP001902,RO,Finance,FP&A,Individual Contributor,Fixed Term,2021-06-07,2023-11-16,Voluntary,true,HCM_A,2025-12-26
ACP001903,BG,Supply Chain,Logistics,Senior Leader,Permanent,2021-09-18,,,,HCM_A,2025-12-27
ACP001904,BG,Finance,FP&A,Manager,Permanent,2025-08-30,,,,HCM_A,2025-12-28
ACP001905,RO,Supply Chain,Logistics,Individual Contributor,Permanent,2022-01-08,,,,HCM_B,2025-12-29
ACP001906,GR,Supply Chain,Manufacturing,Senior Leader,Fixed Term,2022-05-08,,,,HCM_A,2025-12-30
ACP001907,IT,Supply Chain,Manufacturing,Individual Contributor,Permanent,2024-08-26,,,,HCM_A,2025-12-31
ACP001908,RO,Finance,Controls,Individual Contributor,Fixed Term,2021-05-13,2022-10-19,Voluntary,true,HCM_A,2025-12-20
ACP001909,IE,Digital,Software,Individual Contributor,Permanent,2024-10-27,,,,HCM_A,2025-12-21
ACP001910,RO,Digital,Product,Individual Contributor,Permanent,2024-10-04,2025-01-07,End of Contract,false,HCM_B,2025-12-22
ACP001911,GR,Finance,Accounting,Senior Leader,Fixed Term,2020-07-05,,,,HCM_A,2025-12-23
ACP001912,GR,Digital,Software,Senior Leader,Fixed Term,2021-10-05,2022-01-04,End of Contract,false,HCM_A,2025-12-24
ACP001913,IE,Finance,Accounting,Individual Contributor,Permanent,2023-11-05,,,,HCM_A,2025-12-25
ACP001914,IE,Finance,Accounting,Individual Contributor,Permanent,2023-02-23,2023-12-15,Voluntary,true,HCM_A,2025-12-26
ACP001915,BG,Digital,Product,Manager,Permanent,2025-09-16,,,,HCM_B,2025-12-27
ACP001916,IT,Finance,Accounting,Manager,Permanent,2022-02-16,,,,HCM_A,2025-12-28
ACP001917,IT,Finance,Controls,Individual Contributor,Permanent,2021-03-27,2021-07-21,Voluntary,false,HCM_A,2025-12-29
ACP001918,PL,Finance,FP&A,Individual Contributor,Fixed Term,2024-06-25,2025-08-18,Involuntary,false,HCM_A,2025-12-30
ACP001919,IT,Finance,FP&A,Senior Leader,Permanent,2025-04-17,,,,HCM_A,2025-12-31
ACP001920,GR,Finance,FP&A,Individual Contributor,Permanent,2023-08-03,,,,HCM_B,2025-12-20
ACP001921,RO,Supply Chain,Procurement,Manager,Fixed Term,2020-11-23,,,,HCM_A,2025-12-21
ACP001922,BG,Sales,Commercial Planning,Senior Leader,Fixed Term,2021-11-09,2022-03-27,Voluntary,true,HCM_A,2025-12-22
ACP001923,GR,Sales,Field Sales,Individual Contributor,Permanent,2024-07-04,2024-11-27,End of Contract,false,HCM_A,2025-12-23
ACP001924,IE,Finance,Accounting,Individual Contributor,Fixed Term,2025-03-25,,,,HCM_A,2025-12-24
ACP001925,IT,Digital,Data,Senior Leader,Permanent,2024-04-27,,,,HCM_B,2025-12-25
ACP001926,RO,Supply Chain,Logistics,Individual Contributor,Permanent,2021-05-03,,,,HCM_A,2025-12-26
ACP001927,IT,Digital,Software,Senior Leader,Permanent,2022-03-03,,,,HCM_A,2025-12-27
ACP001928,IT,Supply Chain,Manufacturing,Individual Contributor,Permanent,2022-02-03,,,,HCM_A,2025-12-28
ACP001929,PL,Supply Chain,Manufacturing,Manager,Permanent,2020-03-06,2020-11-06,Voluntary,false,HCM_A,2025-12-29
ACP001930,BG,Digital,Data,Individual Contributor,Permanent,2020-08-21,2025-06-19,Involuntary,false,HCM_B,2025-12-30
ACP001931,PL,Digital,Data,Individual Contributor,Permanent,2020-01-31,,,,HCM_A,2025-12-31
ACP001932,RO,Digital,Product,Manager,Permanent,2024-09-08,2025-10-06,End of Contract,false,HCM_A,2025-12-20
ACP001933,IT,Supply Chain,Manufacturing,Manager,Permanent,2022-10-02,2022-12-10,Voluntary,false,HCM_A,2025-12-21
ACP001934,RO,Sales,Field Sales,Senior Leader,Permanent,2024-11-14,2024-12-30,Voluntary,false,HCM_A,2025-12-22
ACP001935,IT,Finance,FP&A,Manager,Permanent,2022-09-07,,,,HCM_B,2025-12-23
ACP001936,PL,Digital,Data,Individual Contributor,Permanent,2023-08-22,,,,HCM_A,2025-12-24
ACP001937,RO,Sales,Commercial Planning,Individual Contributor,Permanent,2022-04-03,,,,HCM_A,2025-12-25
ACP001938,RO,Sales,Key Accounts,Manager,Permanent,2024-10-14,,,,HCM_A,2025-12-26
ACP001939,RO,Finance,Controls,Individual Contributor,Permanent,2024-06-10,2024-10-06,End of Contract,false,HCM_A,2025-12-27
ACP001940,PL,Finance,Accounting,Senior Leader,Fixed Term,2021-11-23,2022-08-18,End of Contract,false,HCM_B,2025-12-28
ACP001941,PL,Sales,Commercial Planning,Manager,Permanent,2021-07-16,2023-03-03,End of Contract,false,HCM_A,2025-12-29
ACP001942,IE,Supply Chain,Manufacturing,Manager,Fixed Term,2020-09-27,,,,HCM_A,2025-12-30
ACP001943,PL,Sales,Key Accounts,Individual Contributor,Fixed Term,2023-05-31,2023-08-14,Voluntary,false,HCM_A,2025-12-31
ACP001944,GR,Finance,Controls,Individual Contributor,Permanent,2022-02-15,,,,HCM_A,2025-12-20
ACP001945,PL,Finance,Controls,Individual Contributor,Permanent,2021-10-10,2025-06-06,Involuntary,false,HCM_B,2025-12-21
ACP001946,BG,Finance,Controls,Manager,Permanent,2022-08-22,,,,HCM_A,2025-12-22
ACP001947,IT,Supply Chain,Manufacturing,Individual Contributor,Permanent,2024-08-05,,,,HCM_A,2025-12-23
ACP001948,RO,Sales,Key Accounts,Individual Contributor,Permanent,2020-06-27,2021-04-04,Involuntary,false,HCM_A,2025-12-24
ACP001949,GR,Sales,Field Sales,Manager,Permanent,2024-07-20,,,,HCM_A,2025-12-25
ACP001950,IE,Supply Chain,Procurement,Individual Contributor,Permanent,2020-10-23,,,,HCM_B,2025-12-26
ACP001951,IE,Supply Chain,Logistics,Individual Contributor,Fixed Term,2021-04-01,,,,HCM_A,2025-12-27
ACP001952,PL,Finance,Accounting,Individual Contributor,Permanent,2020-09-19,,,,HCM_A,2025-12-28
ACP001953,BG,Sales,Commercial Planning,Individual Contributor,Permanent,2024-07-12,2024-09-23,Involuntary,false,HCM_A,2025-12-29
ACP001954,IE,Digital,Software,Senior Leader,Permanent,2022-04-22,2023-06-23,End of Contract,false,HCM_A,2025-12-30
ACP001955,IE,Supply Chain,Procurement,Manager,Permanent,2023-03-25,,,,HCM_B,2025-12-31
ACP001956,BG,Finance,FP&A,Senior Leader,Permanent,2025-05-06,,,,HCM_A,2025-12-20
ACP001957,PL,Supply Chain,Manufacturing,Individual Contributor,Permanent,2022-03-08,2022-09-02,Voluntary,false,HCM_A,2025-12-21
ACP001958,BG,Sales,Key Accounts,Sr Mgmt,Permanent,2020-10-14,,,,HCM_A,2025-12-22
ACP001959,RO,Sales,Field Sales,Individual Contributor,Permanent,2025-05-03,2025-10-21,End of Contract,false,HCM_A,2025-12-23
ACP001960,BG,Supply Chain,Logistics,Individual Contributor,Permanent,2021-06-08,2023-01-17,Involuntary,false,HCM_B,2025-12-24
ACP001961,BG,Digital,Product,Individual Contributor,Fixed Term,2022-02-19,,,,HCM_A,2025-12-25
ACP001962,PL,Sales,Commercial Planning,Individual Contributor,Permanent,2020-01-26,,,,HCM_A,2025-12-26
ACP001963,IT,Sales,Field Sales,Manager,Permanent,2024-04-11,,,,HCM_A,2025-12-27
ACP001964,GR,Supply Chain,Procurement,Manager,Permanent,2023-08-31,,,,HCM_A,2025-12-28
ACP001965,BG,Supply Chain,Logistics,Senior Leader,Permanent,2024-02-25,2024-05-11,Voluntary,true,HCM_B,2025-12-29
ACP001966,RO,Supply Chain,Manufacturing,Manager,Permanent,2023-05-12,,,,HCM_A,2025-12-30
ACP001967,GR,Sales,Field Sales,Individual Contributor,Permanent,2024-06-28,,,,HCM_A,2025-12-31
ACP001968,BG,Sales,Commercial Planning,Individual Contributor,Permanent,2023-03-18,2025-04-03,Involuntary,false,HCM_A,2025-12-20
ACP001969,GR,Supply Chain,Procurement,Individual Contributor,Permanent,2022-08-14,,,,HCM_A,2025-12-21
ACP001970,IE,Sales,Key Accounts,Manager,Permanent,2021-01-03,,,,HCM_B,2025-12-22
ACP001971,IE,Finance,Controls,Individual Contributor,Fixed Term,2022-07-05,,,,HCM_A,2025-12-23
ACP001972,BG,Digital,Product,Individual Contributor,Permanent,2021-11-23,,,,HCM_A,2025-12-24
ACP001973,GR,Sales,Key Accounts,Individual Contributor,Permanent,2021-07-10,,,,HCM_A,2025-12-25
ACP001974,GR,Finance,FP&A,Individual Contributor,Fixed Term,2021-09-09,,,,HCM_A,2025-12-26
ACP001975,GR,Digital,Software,Individual Contributor,Permanent,2022-04-27,,,,HCM_B,2025-12-27
ACP001976,IE,Digital,Data,Manager,Permanent,2024-07-27,,,,HCM_A,2025-12-28
ACP001977,GR,Digital,Product,Manager,Permanent,2023-02-23,,,,HCM_A,2025-12-29
ACP001978,BG,Sales,Field Sales,Manager,Permanent,2023-05-27,,,,HCM_A,2025-12-30
ACP001979,PL,Sales,Key Accounts,Individual Contributor,Permanent,2022-05-10,,,,HCM_A,2025-12-31
ACP001980,GR,Finance,FP&A,Manager,Permanent,2024-12-18,2025-10-29,Voluntary,true,HCM_B,2025-12-20
ACP001981,GR,Digital,Data,Individual Contributor,Permanent,2025-03-16,,,,HCM_A,2025-12-21
ACP001982,GR,Supply Chain,Manufacturing,Senior Leader,Fixed Term,2022-08-01,,,,HCM_A,2025-12-22
ACP001983,IT,Digital,Software,Manager,Fixed Term,2021-02-23,,,,HCM_A,2025-12-23
ACP001984,IT,Digital,Data,Individual Contributor,Permanent,2020-05-24,,,,HCM_A,2025-12-24
ACP001985,PL,Digital,Software,Manager,Permanent,2021-12-14,,,,HCM_B,2025-12-25
ACP001986,RO,Finance,Accounting,Individual Contributor,Permanent,2025-01-08,,,,HCM_A,2025-12-26
ACP001987,IE,Sales,Field Sales,Individual Contributor,Fixed Term,2022-07-26,,,,HCM_A,2025-12-27
ACP001988,PL,Digital,Data,Manager,Permanent,2025-06-17,,,,HCM_A,2025-12-28
ACP001989,RO,Finance,Accounting,Senior Leader,Permanent,2022-10-13,2023-06-25,Involuntary,false,HCM_A,2025-12-29
ACP001990,GR,Supply Chain,Manufacturing,Manager,Fixed Term,2023-01-19,,,,HCM_B,2025-12-30
ACP001991,PL,Supply Chain,Procurement,Senior Leader,Permanent,2023-03-08,2023-05-04,Voluntary,true,HCM_A,2025-12-31
ACP001992,GR,Digital,Software,Individual Contributor,Permanent,2024-09-03,,,,HCM_A,2025-12-20
ACP001993,BG,Supply Chain,Manufacturing,Individual Contributor,Fixed Term,2020-06-12,,,,HCM_A,2025-12-21
ACP001994,IE,Supply Chain,Procurement,Senior Leader,Permanent,2020-07-31,,,,HCM_A,2025-12-22
ACP001995,BG,Digital,Data,Individual Contributor,Permanent,2024-06-17,,,,HCM_B,2025-12-23
ACP001996,BG,Sales,Field Sales,Manager,Permanent,2020-10-29,2020-12-29,Voluntary,true,HCM_A,2025-12-24
ACP001997,GR,Finance,Accounting,Individual Contributor,Permanent,2020-10-30,,,,HCM_A,2025-12-25
ACP001998,IE,Digital,Data,Manager,Permanent,2025-10-05,,,,HCM_A,2025-12-26
ACP001999,PL,Finance,FP&A,Individual Contributor,Permanent,2022-10-06,,,,HCM_A,2025-12-27
ACP002000,IE,Finance,FP&A,Manager,Permanent,2024-12-09,,,,HCM_B,2025-12-28
ACP002001,GR,Finance,Accounting,Individual Contributor,Permanent,2025-03-02,,,,HCM_A,2025-12-29
ACP002002,IE,Digital,Product,Individual Contributor,Permanent,2025-07-22,,,,HCM_A,2025-12-30
ACP002003,IE,Digital,Software,Individual Contributor,Permanent,2023-12-28,,,,HCM_A,2025-12-31
ACP002004,GR,Digital,Product,Individual Contributor,Permanent,2021-06-30,,,,HCM_A,2025-12-20
ACP002005,PL,Finance,Accounting,Manager,Permanent,2022-05-17,2022-07-01,Voluntary,false,HCM_B,2025-12-21
ACP002006,IE,Digital,Data,Manager,Permanent,2024-12-18,,,,HCM_A,2025-12-22
ACP002007,IT,Sales,Key Accounts,Individual Contributor,Fixed Term,2023-05-29,2024-10-16,Voluntary,true,HCM_A,2025-12-23
ACP002008,IE,Sales,Field Sales,Manager,Permanent,2021-06-10,2025-04-09,Voluntary,false,HCM_A,2025-12-24
ACP002009,PL,Supply Chain,Logistics,Manager,Permanent,2022-05-03,,,,HCM_A,2025-12-25
ACP002010,GR,Sales,Commercial Planning,Manager,Permanent,2020-01-23,,,,HCM_B,2025-12-26
ACP002011,IT,Supply Chain,Logistics,Individual Contributor,Fixed Term,2024-02-23,,,,HCM_A,2025-12-27
ACP002012,IT,Digital,Product,Individual Contributor,Permanent,2020-04-23,2021-10-17,Voluntary,false,HCM_A,2025-12-28
ACP002013,PL,Digital,Data,Manager,Fixed Term,2020-08-31,,,,HCM_A,2025-12-29
ACP002014,IT,Finance,Accounting,Individual Contributor,Permanent,2025-02-16,,,,HCM_A,2025-12-30
ACP002015,BG,Digital,Data,Senior Leader,Permanent,2020-11-12,,,,HCM_B,2025-12-31
ACP002016,IT,Supply Chain,Manufacturing,Manager,Permanent,2023-06-02,2023-10-23,Voluntary,false,HCM_A,2025-12-20
ACP002017,PL,Finance,FP&A,Senior Leader,Permanent,2020-07-25,,,,HCM_A,2025-12-21
ACP002018,PL,Supply Chain,Manufacturing,Individual Contributor,Permanent,2021-04-05,,,,HCM_A,2025-12-22
ACP002019,GR,Digital,Data,Manager,Fixed Term,2024-09-06,,,,HCM_A,2025-12-23
ACP002020,BG,Supply Chain,Manufacturing,Individual Contributor,Permanent,2024-05-18,2024-11-24,Voluntary,false,HCM_B,2025-12-24
ACP002021,BG,Digital,Product,Individual Contributor,Permanent,2022-09-28,,,,HCM_A,2025-12-25
ACP002022,IT,Supply Chain,Procurement,Individual Contributor,Permanent,2024-02-13,,,,HCM_A,2025-12-26
ACP002023,PL,Sales,Key Accounts,Individual Contributor,Permanent,2025-02-08,,,,HCM_A,2025-12-27
ACP002024,BG,Finance,FP&A,Individual Contributor,Permanent,2025-07-03,,,,HCM_A,2025-12-28
ACP002025,RO,Digital,Data,Senior Leader,Fixed Term,2021-11-04,2025-10-30,End of Contract,false,HCM_B,2025-12-29
ACP002026,IT,Finance,FP&A,Individual Contributor,Permanent,2021-01-25,,,,HCM_A,2025-12-30
ACP002027,IT,Supply Chain,Logistics,Individual Contributor,Permanent,2024-02-17,,,,HCM_A,2025-12-31
ACP002028,IE,Sales,Key Accounts,Manager,Permanent,2022-01-04,,,,HCM_A,2025-12-20
ACP002029,GR,Finance,Controls,Individual Contributor,Permanent,2024-12-26,,,,HCM_A,2025-12-21
ACP002030,BG,Finance,Controls,Individual Contributor,Fixed Term,2025-09-08,,,,HCM_B,2025-12-22
ACP002031,GR,Finance,Accounting,Individual Contributor,Permanent,2021-11-30,,,,HCM_A,2025-12-23
ACP002032,PL,Digital,Product,Individual Contributor,Permanent,2025-08-19,,,,HCM_A,2025-12-24
ACP002033,BG,Sales,Field Sales,Individual Contributor,Fixed Term,2023-09-18,2025-06-19,Voluntary,true,HCM_A,2025-12-25
ACP002034,BG,Finance,Accounting,Manager,Permanent,2025-02-13,,,,HCM_A,2025-12-26
ACP002035,RO,Supply Chain,Logistics,Manager,Permanent,2021-07-27,,,,HCM_B,2025-12-27
ACP002036,IE,Supply Chain,Manufacturing,Manager,Permanent,2020-10-09,,,,HCM_A,2025-12-28
ACP002037,RO,Sales,Key Accounts,Senior Leader,Permanent,2021-08-26,,,,HCM_A,2025-12-29
ACP002038,BG,Digital,Software,Individual Contributor,Permanent,2023-03-30,2024-12-22,Involuntary,false,HCM_A,2025-12-30
ACP002039,IT,Digital,Data,Senior Leader,Permanent,2021-10-08,,,,HCM_A,2025-12-31
ACP002040,BG,Digital,Data,Individual Contributor,Permanent,2021-08-08,,,,HCM_B,2025-12-20
ACP002041,RO,Sales,Commercial Planning,Individual Contributor,Permanent,2023-02-16,2023-07-27,Voluntary,true,HCM_A,2025-12-21
ACP002042,RO,Digital,Data,Individual Contributor,Permanent,2025-11-03,,,,HCM_A,2025-12-22
ACP002043,GR,Sales,Field Sales,Senior Leader,Permanent,2021-10-04,,,,HCM_A,2025-12-23
ACP002044,GR,Sales,Commercial Planning,Manager,Permanent,2020-09-09,,,,HCM_A,2025-12-24
ACP002045,BG,Finance,FP&A,Individual Contributor,Permanent,2020-09-18,2021-03-23,Involuntary,false,HCM_B,2025-12-25
ACP002046,IE,Sales,Key Accounts,Senior Leader,Permanent,2024-08-15,2025-11-28,Voluntary,true,HCM_A,2025-12-26
ACP002047,IE,Sales,Key Accounts,Individual Contributor,Permanent,2022-01-08,2024-08-08,,false,HCM_A,2025-12-27
ACP002048,IT,Finance,Controls,Individual Contributor,Permanent,2022-08-14,,,,HCM_A,2025-12-28
ACP002049,IT,Sales,Commercial Planning,Individual Contributor,Permanent,2021-08-10,2022-01-03,End of Contract,false,HCM_A,2025-12-29
ACP002050,RO,Supply Chain,Manufacturing,Individual Contributor,Permanent,2021-05-19,2022-01-18,Voluntary,false,HCM_B,2025-12-30
ACP002051,PL,Digital,Product,Individual Contributor,Fixed Term,2022-06-22,,,,HCM_A,2025-12-31
ACP002052,BG,Supply Chain,Procurement,Individual Contributor,Permanent,2022-12-12,,,,HCM_A,2025-12-20
ACP002053,GR,Supply Chain,Logistics,Individual Contributor,Permanent,2021-12-10,2022-05-31,Voluntary,false,HCM_A,2025-12-21
ACP002054,IT,Finance,Controls,Individual Contributor,Permanent,2022-12-30,,,,HCM_A,2025-12-22
ACP002055,PL,Finance,Controls,Individual Contributor,Permanent,2020-03-01,,,,HCM_B,2025-12-23
ACP002056,IE,Finance,Accounting,Manager,Permanent,2021-12-01,2022-10-19,Involuntary,false,HCM_A,2025-12-24
ACP002057,RO,Finance,FP&A,Individual Contributor,Permanent,2024-10-24,,,,HCM_A,2025-12-25
ACP002058,PL,Digital,Product,Manager,Fixed Term,2023-05-03,,,,HCM_A,2025-12-26
ACP002059,PL,Sales,Field Sales,Individual Contributor,Permanent,2025-01-27,2025-04-21,Voluntary,false,HCM_A,2025-12-27
ACP002060,GR,Finance,Accounting,Manager,Permanent,2025-08-19,,,,HCM_B,2025-12-28
ACP002061,IE,Sales,Key Accounts,Manager,Fixed Term,2025-05-11,,,,HCM_A,2025-12-29
ACP002062,BG,Digital,Product,Manager,Permanent,2020-05-06,,,,HCM_A,2025-12-30
ACP002063,IE,Finance,Controls,Individual Contributor,Permanent,2020-02-15,2020-04-30,Voluntary,false,HCM_A,2025-12-31
ACP002064,BG,Finance,Accounting,Individual Contributor,Permanent,2024-05-17,,,,HCM_A,2025-12-20
ACP002065,EL,Finance,Controls,Senior Leader,Permanent,2023-10-22,,,,HCM_B,2025-12-21
ACP002066,BG,Sales,Field Sales,Individual Contributor,Fixed Term,2025-09-14,,,,HCM_A,2025-12-22
ACP002067,RO,Sales,Field Sales,Individual Contributor,Permanent,2022-03-21,,,,HCM_A,2025-12-23
ACP002068,IT,Supply Chain,Manufacturing,Manager,Permanent,2020-10-03,,,,HCM_A,2025-12-24
ACP002069,IT,Digital,Software,Individual Contributor,Permanent,2021-12-13,2022-06-19,Voluntary,false,HCM_A,2025-12-25
ACP002070,GR,Digital,Software,Manager,Permanent,2021-05-17,2021-06-05,Voluntary,false,HCM_B,2025-12-26
ACP002071,IT,Sales,Commercial Planning,Individual Contributor,Fixed Term,2020-07-10,2020-10-27,Voluntary,false,HCM_A,2025-12-27
ACP002072,PL,Supply Chain,Logistics,Manager,Permanent,2025-04-04,,,,HCM_A,2025-12-28
ACP002073,RO,Supply Chain,Logistics,Individual Contributor,Permanent,2020-02-05,,,,HCM_A,2025-12-29
ACP002074,IT,Sales,Field Sales,Individual Contributor,Permanent,2020-05-18,,,,HCM_A,2025-12-30
ACP002075,GR,Supply Chain,Logistics,Senior Leader,Permanent,2025-08-26,2025-11-06,Voluntary,true,HCM_B,2025-12-31
ACP002076,BG,Supply Chain,Procurement,Manager,Permanent,2023-04-04,2023-05-20,Voluntary,false,HCM_A,2025-12-20
ACP002077,IT,Digital,Software,Manager,Permanent,2020-06-18,,,,HCM_A,2025-12-21
ACP002078,IE,Sales,Key Accounts,Individual Contributor,Permanent,2022-06-08,2023-03-15,Voluntary,false,HCM_A,2025-12-22
ACP002079,GR,Digital,Product,Manager,Permanent,2022-01-16,,,,HCM_A,2025-12-23
ACP002080,PL,Digital,Data,Individual Contributor,Permanent,2020-12-21,,,,HCM_B,2025-12-24
ACP002081,PL,Digital,Data,Manager,Permanent,2020-10-24,,,,HCM_A,2025-12-25
ACP002082,PL,Finance,Accounting,Senior Leader,Permanent,2022-08-20,2023-06-11,Voluntary,false,HCM_A,2025-12-26
ACP002083,BG,Supply Chain,Procurement,Manager,Permanent,2024-07-23,2025-10-24,Voluntary,false,HCM_A,2025-12-27
ACP002084,GR,Digital,Data,Individual Contributor,Permanent,2025-07-29,,,,HCM_A,2025-12-28
ACP002085,IT,Supply Chain,Manufacturing,Manager,Permanent,2022-02-09,,,,HCM_B,2025-12-29
ACP002086,BG,Sales,Commercial Planning,Manager,Permanent,2022-08-08,,,,HCM_A,2025-12-30
ACP002087,IT,Sales,Field Sales,Individual Contributor,Permanent,2020-09-24,,,,HCM_A,2025-12-31
ACP002088,IT,Supply Chain,Manufacturing,Senior Leader,Permanent,2021-01-09,2024-03-01,Voluntary,false,HCM_A,2025-12-20
ACP002089,PL,Sales,Key Accounts,Manager,Permanent,2024-04-15,,,,HCM_A,2025-12-21
ACP002090,IE,Sales,Field Sales,Manager,Permanent,2022-02-20,2022-07-26,End of Contract,false,HCM_B,2025-12-22
ACP002091,IT,Supply Chain,Manufacturing,Manager,Permanent,2021-12-03,2024-03-26,Voluntary,false,HCM_A,2025-12-23
ACP002092,IE,Sales,Field Sales,Individual Contributor,Fixed Term,2022-07-10,2024-11-04,Involuntary,false,HCM_A,2025-12-24
ACP002093,BG,Sales,Commercial Planning,Manager,Permanent,2024-02-17,2024-04-17,Voluntary,false,HCM_A,2025-12-25
ACP002094,IE,Digital,Data,Manager,Permanent,2024-07-11,,,,HCM_A,2025-12-26
ACP002095,RO,Supply Chain,Procurement,Individual Contributor,Permanent,2025-07-31,,,,HCM_B,2025-12-27
ACP002096,PL,Supply Chain,Logistics,Individual Contributor,Permanent,2021-05-26,,,,HCM_A,2025-12-28
ACP002097,RO,Supply Chain,Procurement,Manager,Permanent,2024-07-03,2025-08-20,Voluntary,false,HCM_A,2025-12-29
ACP002098,GR,Finance,Accounting,Manager,Permanent,2021-04-19,,,,HCM_A,2025-12-30
ACP002099,PL,Supply Chain,Procurement,Individual Contributor,Fixed Term,2021-04-24,,,,HCM_A,2025-12-31
ACP002100,BG,Sales,Commercial Planning,Individual Contributor,Permanent,2024-11-26,,,,HCM_B,2025-12-20
ACP002101,PL,Digital,Data,Manager,Permanent,2023-01-06,,,,HCM_A,2025-12-21
ACP002102,BG,Sales,Field Sales,Individual Contributor,Fixed Term,2022-04-22,,,,HCM_A,2025-12-22
ACP002103,RO,Supply Chain,Procurement,Individual Contributor,Fixed Term,2021-06-10,,,,HCM_A,2025-12-23
ACP002104,,Digital,Data,Individual Contributor,Permanent,2020-06-20,,,,HCM_A,2025-12-24
ACP002105,BG,Digital,Product,Manager,Permanent,2020-12-21,,,,HCM_B,2025-12-25
ACP002106,GR,Digital,Software,Individual Contributor,Permanent,2023-05-14,,,,HCM_A,2025-12-26
ACP002107,BG,Digital,Product,Individual Contributor,Fixed Term,2020-10-18,2021-02-14,Voluntary,true,HCM_A,2025-12-27
ACP002108,RO,Digital,Product,Senior Leader,Fixed Term,2024-07-23,,,,HCM_A,2025-12-28
ACP002109,GR,Digital,Data,Manager,Permanent,2024-10-26,,,,HCM_A,2025-12-29
ACP002110,IE,Digital,Product,Manager,Permanent,2020-10-05,,,,HCM_B,2025-12-30
ACP002111,RO,Digital,Product,Individual Contributor,Permanent,2023-08-05,2023-12-22,Voluntary,true,HCM_A,2025-12-31
ACP002112,IT,Finance,Controls,Senior Leader,Permanent,2024-09-11,,,,HCM_A,2025-12-20
ACP002113,IT,Sales,Commercial Planning,Individual Contributor,Permanent,2022-01-14,,,,HCM_A,2025-12-21
ACP002114,RO,Sales,Commercial Planning,Individual Contributor,Permanent,2023-05-19,2024-10-06,Voluntary,false,HCM_A,2025-12-22
ACP002115,RO,Sales,Commercial Planning,Individual Contributor,Permanent,2024-10-13,,,,HCM_B,2025-12-23
ACP002116,BG,Digital,Data,Individual Contributor,Permanent,2022-02-02,,,,HCM_A,2025-12-24
ACP002117,BG,Finance,FP&A,Manager,Fixed Term,2021-03-31,,,,HCM_A,2025-12-25
ACP002118,IE,Supply Chain,Logistics,Individual Contributor,Permanent,2020-10-30,,,,HCM_A,2025-12-26
ACP002119,RO,Sales,Key Accounts,Manager,Permanent,2024-04-23,2025-05-26,End of Contract,false,HCM_A,2025-12-27
ACP002120,PL,Finance,Accounting,Senior Leader,Permanent,2024-10-01,2025-09-21,Voluntary,false,HCM_B,2025-12-28
ACP002121,BG,Finance,Controls,Individual Contributor,Permanent,2024-01-25,2024-03-18,End of Contract,false,HCM_A,2025-12-29
ACP002122,IT,Digital,Product,Manager,Fixed Term,2025-02-13,,,,HCM_A,2025-12-30
ACP002123,IE,Finance,Controls,Individual Contributor,Permanent,2020-02-12,,,,HCM_A,2025-12-31
ACP002124,PL,Digital,Data,Manager,Fixed Term,2022-09-11,,,,HCM_A,2025-12-20
ACP002125,IT,Finance,Controls,Manager,Permanent,2022-07-18,,,,HCM_B,2025-12-21
ACP002126,IE,Finance,Accounting,Manager,Fixed Term,2021-12-24,,,,HCM_A,2025-12-22
ACP002127,BG,Supply Chain,Procurement,Individual Contributor,Permanent,2020-04-06,,,,HCM_A,2025-12-23
ACP002128,RO,Sales,Commercial Planning,Individual Contributor,Permanent,2024-01-02,2024-02-15,Involuntary,false,HCM_A,2025-12-24
ACP002129,PL,Supply Chain,Manufacturing,Individual Contributor,Permanent,2025-01-21,,,,HCM_A,2025-12-25
ACP002130,GR,Digital,Software,Individual Contributor,Permanent,2024-12-27,,,,HCM_B,2025-12-26
ACP002131,GR,Finance,FP&A,Individual Contributor,Permanent,2025-11-04,,,,HCM_A,2025-12-27
ACP002132,IT,Supply Chain,Manufacturing,Manager,Permanent,2021-03-08,,,,HCM_A,2025-12-28
ACP002133,RO,Supply Chain,Procurement,Manager,Fixed Term,2020-03-15,,,,HCM_A,2025-12-29
ACP002134,GR,Supply Chain,Procurement,Senior Leader,Fixed Term,2022-04-04,,,,HCM_A,2025-12-30
ACP002135,RO,Digital,Software,Manager,Permanent,2023-05-19,2023-09-18,Voluntary,true,HCM_B,2025-12-31
ACP002136,IT,Supply Chain,Manufacturing,Manager,Fixed Term,2021-10-10,,,,HCM_A,2025-12-20
ACP002137,IT,Finance,Controls,Individual Contributor,Permanent,2025-08-24,,,,HCM_A,2025-12-21
ACP002138,RO,Sales,Key Accounts,Manager,Permanent,2022-01-17,2023-01-31,Voluntary,true,HCM_A,2025-12-22
ACP002139,IT,Digital,Software,Individual Contributor,Permanent,2022-01-15,,,,HCM_A,2025-12-23
ACP002140,RO,Sales,Commercial Planning,Individual Contributor,Permanent,2022-04-18,2022-12-15,Involuntary,false,HCM_B,2025-12-24
ACP002141,RO,Digital,Data,Manager,Permanent,2020-02-22,,,,HCM_A,2025-12-25
ACP002142,GR,Sales,Key Accounts,Individual Contributor,Permanent,2023-05-18,,,,HCM_A,2025-12-26
ACP002143,IT,Sales,Field Sales,Individual Contributor,Permanent,2024-05-02,,,,HCM_A,2025-12-27
ACP002144,PL,Supply Chain,Logistics,Individual Contributor,Permanent,2021-10-23,,,,HCM_A,2025-12-28
ACP002145,IT,Sales,Commercial Planning,Manager,Permanent,2023-04-22,,,,HCM_B,2025-12-29
ACP002146,IE,Sales,Key Accounts,Individual Contributor,Permanent,2023-11-15,,,,HCM_A,2025-12-30
ACP002147,BG,Finance,Accounting,Individual Contributor,Permanent,2025-07-30,,,,HCM_A,2025-12-31
ACP002148,GR,Digital,Product,Individual Contributor,Permanent,2022-01-22,2022-03-10,Voluntary,true,HCM_A,2025-12-20
ACP002149,PL,Digital,Software,Individual Contributor,Fixed Term,2024-10-06,,,,HCM_A,2025-12-21
ACP002150,PL,Sales,Field Sales,Individual Contributor,Permanent,2025-04-06,,,,HCM_B,2025-12-22
ACP002151,GR,Digital,Data,Individual Contributor,Permanent,2021-05-24,,,,HCM_A,2025-12-23
ACP002152,BG,Supply Chain,Logistics,Individual Contributor,Permanent,2021-12-26,,,,HCM_A,2025-12-24
ACP002153,IT,Finance,FP&A,Manager,Fixed Term,2025-09-22,,,,HCM_A,2025-12-25
ACP002154,PL,Sales,Commercial Planning,Manager,Permanent,2023-06-26,,,,HCM_A,2025-12-26
ACP002155,IT,Sales,Commercial Planning,Individual Contributor,Permanent,2023-12-21,2024-03-13,End of Contract,false,HCM_B,2025-12-27
ACP002156,PL,Supply Chain,Logistics,Manager,Fixed Term,2021-01-25,,,,HCM_A,2025-12-28
ACP002157,GR,Digital,Software,Individual Contributor,Permanent,2021-09-02,2025-12-23,Voluntary,false,HCM_A,2025-12-29
ACP002158,IE,Finance,FP&A,Senior Leader,Fixed Term,2023-01-31,,,,HCM_A,2025-12-30
ACP002159,PL,Finance,Accounting,Individual Contributor,Permanent,2021-02-02,,,,HCM_A,2025-12-31
ACP002160,GR,Digital,Product,Senior Leader,Permanent,2022-10-14,,,,HCM_B,2025-12-20
ACP002161,GR,Sales,Key Accounts,Individual Contributor,Permanent,2023-08-20,2025-04-20,Voluntary,false,HCM_A,2025-12-21
ACP002162,BG,Finance,FP&A,Individual Contributor,Permanent,2025-06-08,,,,HCM_A,2025-12-22
ACP002163,IT,Supply Chain,Manufacturing,Senior Leader,Fixed Term,2021-09-06,,,,HCM_A,2025-12-23
ACP002164,BG,Digital,Data,Senior Leader,Permanent,2022-09-24,,,,HCM_A,2025-12-24
ACP002165,BG,Sales,Commercial Planning,Senior Leader,Permanent,2021-07-01,,,,HCM_B,2025-12-25
ACP002166,RO,Finance,Controls,Individual Contributor,Permanent,2022-09-06,,,,HCM_A,2025-12-26
ACP002167,RO,Sales,Commercial Planning,Manager,Permanent,2024-08-27,,,,HCM_A,2025-12-27
ACP002168,PL,Digital,Data,Individual Contributor,Fixed Term,2020-10-26,,,,HCM_A,2025-12-28
ACP002169,GR,Sales,Key Accounts,Individual Contributor,Permanent,2025-07-08,,,,HCM_A,2025-12-29
ACP002170,IE,Digital,Software,Senior Leader,Fixed Term,2021-02-23,,,,HCM_B,2025-12-30
ACP002171,IT,Digital,Software,Manager,Fixed Term,2020-04-19,,,,HCM_A,2025-12-31
ACP002172,RO,Digital,Product,Individual Contributor,Permanent,2022-08-10,,,,HCM_A,2025-12-20
ACP002173,BG,Digital,Data,Individual Contributor,Permanent,2021-10-27,,,,HCM_A,2025-12-21
ACP002174,IE,Supply Chain,Manufacturing,Manager,Permanent,2022-06-29,,,,HCM_A,2025-12-22
ACP002175,PL,Digital,Data,Individual Contributor,Fixed Term,2020-11-01,2020-12-26,Voluntary,true,HCM_B,2025-12-23
ACP002176,GR,Sales,Commercial Planning,Individual Contributor,Permanent,2021-11-09,,,,HCM_A,2025-12-24
ACP002177,RO,Supply Chain,Procurement,Individual Contributor,Fixed Term,2021-09-12,,,,HCM_A,2025-12-25
ACP002178,IE,Supply Chain,Logistics,Manager,Permanent,2024-03-04,,,,HCM_A,2025-12-26
ACP002179,IT,Finance,Controls,Manager,Permanent,2023-11-04,2025-05-22,Voluntary,false,HCM_A,2025-12-27
ACP002180,PL,Digital,Data,Individual Contributor,Permanent,2020-10-12,,,,HCM_B,2025-12-28
ACP002181,RO,Digital,Software,Individual Contributor,Permanent,2024-04-20,,,,HCM_A,2025-12-29
ACP002182,GR,Sales,Field Sales,Individual Contributor,Permanent,2020-11-11,2020-12-18,Involuntary,false,HCM_A,2025-12-30
ACP002183,GR,Digital,Data,Individual Contributor,Permanent,2020-04-16,,,,HCM_A,2025-12-31
ACP002184,IE,Finance,Controls,Manager,Permanent,2024-05-13,,,,HCM_A,2025-12-20
ACP002185,BG,Digital,Software,Individual Contributor,Permanent,2023-01-25,,,,HCM_B,2025-12-21
ACP002186,PL,Digital,Product,Manager,Permanent,2022-03-29,,,,HCM_A,2025-12-22
ACP002187,BG,Supply Chain,Manufacturing,Senior Leader,Permanent,2024-11-01,,,,HCM_A,2025-12-23
ACP002188,RO,Sales,Commercial Planning,Manager,Permanent,2023-07-27,,,,HCM_A,2025-12-24
ACP002189,RO,Digital,Software,Individual Contributor,Permanent,2021-08-10,2022-02-25,Involuntary,false,HCM_A,2025-12-25
ACP002190,BG,Supply Chain,Manufacturing,Sr Mgmt,Permanent,2022-04-25,,,,HCM_B,2025-12-26
ACP002191,IT,Digital,Product,Senior Leader,Permanent,2020-08-08,,,,HCM_A,2025-12-27
ACP002192,RO,Finance,Controls,Manager,Permanent,2022-07-29,2022-11-08,Voluntary,true,HCM_A,2025-12-28
ACP002193,IE,Finance,Accounting,Individual Contributor,Permanent,2022-07-26,2022-08-17,Involuntary,false,HCM_A,2025-12-29
ACP002194,RO,Digital,Product,Manager,Permanent,2020-11-09,2021-06-02,Voluntary,true,HCM_A,2025-12-30
ACP002195,GR,Sales,Key Accounts,Manager,Permanent,2020-11-12,,,,HCM_B,2025-12-31
ACP002196,PL,Supply Chain,Logistics,Manager,Permanent,2021-11-13,,,,HCM_A,2025-12-20
ACP002197,GR,Finance,Accounting,Individual Contributor,Permanent,2020-01-29,,,,HCM_A,2025-12-21
ACP002198,GR,Sales,Key Accounts,Individual Contributor,Permanent,2023-06-01,2023-09-19,Voluntary,false,HCM_A,2025-12-22
ACP002199,GR,Finance,Controls,Individual Contributor,Fixed Term,2020-10-14,,,,HCM_A,2025-12-23
ACP002200,GR,Finance,Controls,Individual Contributor,Permanent,2022-12-11,,,,HCM_B,2025-12-24
ACP002201,IT,Finance,Accounting,Manager,Fixed Term,2024-08-13,2024-10-13,Voluntary,false,HCM_A,2025-12-25
ACP002202,GR,Finance,Accounting,Senior Leader,Permanent,2025-02-17,2025-07-30,Involuntary,false,HCM_A,2025-12-26
ACP002203,IT,Finance,Controls,Individual Contributor,Permanent,2021-11-04,,,,HCM_A,2025-12-27
ACP002204,BG,Sales,Commercial Planning,Individual Contributor,Permanent,2020-10-14,2024-02-03,Involuntary,false,HCM_A,2025-12-28
ACP002205,RO,Sales,Key Accounts,Individual Contributor,Permanent,2022-09-27,2025-02-19,Voluntary,true,HCM_B,2025-12-29
ACP002206,IT,Sales,Field Sales,Manager,Permanent,2022-09-15,,,,HCM_A,2025-12-30
ACP002207,RO,Sales,Key Accounts,Manager,Permanent,2021-11-15,,,,HCM_A,2025-12-31
ACP002208,IT,Supply Chain,Logistics,Individual Contributor,Permanent,2022-11-09,,,,HCM_A,2025-12-20
ACP002209,RO,Sales,Key Accounts,Individual Contributor,Permanent,2023-11-29,2025-07-27,Voluntary,false,HCM_A,2025-12-21
ACP002210,BG,Digital,Product,Manager,Permanent,2020-08-23,,,,HCM_B,2025-12-22
ACP002211,IT,Finance,FP&A,Individual Contributor,Permanent,2023-07-03,2025-05-24,Involuntary,false,HCM_A,2025-12-23
ACP002212,IE,Supply Chain,Manufacturing,Manager,Permanent,2024-01-09,2024-10-24,Voluntary,false,HCM_A,2025-12-24
ACP002213,BG,Digital,Product,Individual Contributor,Permanent,2022-05-25,2022-08-12,Voluntary,false,HCM_A,2025-12-25
ACP002214,IE,Digital,Data,Manager,Fixed Term,2021-02-17,,,,HCM_A,2025-12-26
ACP002215,RO,Finance,Controls,Individual Contributor,Permanent,2020-01-21,,,,HCM_B,2025-12-27
ACP002216,PL,Supply Chain,Logistics,Manager,Permanent,2024-09-18,,,,HCM_A,2025-12-28
ACP002217,BG,Finance,FP&A,Senior Leader,Permanent,2022-01-25,,,,HCM_A,2025-12-29
ACP002218,BG,Finance,FP&A,Individual Contributor,Permanent,2025-09-18,,,,HCM_A,2025-12-30
ACP002219,IT,Supply Chain,Procurement,Individual Contributor,Permanent,2023-04-09,,,,HCM_A,2025-12-31
ACP002220,IE,Digital,Data,Individual Contributor,Permanent,2025-10-25,,,,HCM_B,2025-12-20
ACP002221,IE,Digital,Software,Individual Contributor,Permanent,2021-12-02,2021-12-25,Voluntary,false,HCM_A,2025-12-21
ACP002222,BG,Sales,Key Accounts,Individual Contributor,Fixed Term,2023-11-02,,,,HCM_A,2025-12-22
ACP002223,BG,Supply Chain,Logistics,Senior Leader,Permanent,2022-02-04,,,,HCM_A,2025-12-23
ACP002224,IT,Finance,Controls,Manager,Permanent,2020-04-15,,,,HCM_A,2025-12-24
ACP002225,IT,Supply Chain,Manufacturing,Individual Contributor,Permanent,2023-02-07,2023-05-08,,,HCM_B,2025-12-25
ACP002226,IE,Finance,Controls,Individual Contributor,Permanent,2025-04-17,,,,HCM_A,2025-12-26
ACP002227,IT,Digital,Software,Senior Leader,Permanent,2024-04-14,2025-04-15,Voluntary,true,HCM_A,2025-12-27
ACP002228,IT,Digital,Software,Senior Leader,Permanent,2023-07-04,,,,HCM_A,2025-12-28
ACP002229,PL,Supply Chain,Logistics,Senior Leader,Permanent,2021-12-06,2022-01-08,Voluntary,true,HCM_A,2025-12-29
ACP002230,IT,Finance,Controls,Individual Contributor,Permanent,2023-10-27,2024-04-29,Voluntary,true,HCM_B,2025-12-30
ACP002231,BG,Finance,Accounting,Individual Contributor,Permanent,2022-04-20,,,,HCM_A,2025-12-31
ACP002232,RO,Digital,Software,Individual Contributor,Permanent,2022-10-27,2024-05-23,Involuntary,false,HCM_A,2025-12-20
ACP002233,PL,Finance,Controls,Senior Leader,Permanent,2020-10-29,,,,HCM_A,2025-12-21
ACP002234,IT,Digital,Data,Manager,Permanent,2025-10-13,,,,HCM_A,2025-12-22
ACP002235,IT,Digital,Data,Manager,Permanent,2022-08-25,,,,HCM_B,2025-12-23
ACP002236,BG,Finance,FP&A,Manager,Fixed Term,2020-10-23,,,,HCM_A,2025-12-24
ACP002237,RO,Digital,Software,Individual Contributor,Fixed Term,2020-01-12,,,,HCM_A,2025-12-25
ACP002238,RO,Finance,Accounting,Individual Contributor,Fixed Term,2023-01-15,2024-01-04,Voluntary,false,HCM_A,2025-12-26
ACP002239,GR,Sales,Commercial Planning,Senior Leader,Permanent,2023-09-28,,,,HCM_A,2025-12-27
ACP002240,GR,Digital,Software,Manager,Permanent,2023-08-12,,,,HCM_B,2025-12-28
ACP002241,IE,Supply Chain,Procurement,Manager,Permanent,2021-01-23,,,,HCM_A,2025-12-29
ACP002242,IE,Digital,Product,Individual Contributor,Permanent,2024-07-13,,,,HCM_A,2025-12-30
ACP002243,IE,Sales,Field Sales,Individual Contributor,Permanent,2021-03-26,2021-05-30,End of Contract,false,HCM_A,2025-12-31
ACP002244,GR,Digital,Data,Individual Contributor,Fixed Term,2022-04-20,,,,HCM_A,2025-12-20
ACP002245,RO,Finance,Accounting,Individual Contributor,Fixed Term,2024-12-17,,,,HCM_B,2025-12-21
ACP002246,RO,Finance,FP&A,Individual Contributor,Permanent,2023-05-14,,,,HCM_A,2025-12-22
ACP002247,IT,Supply Chain,Manufacturing,Manager,Fixed Term,2021-02-17,,,,HCM_A,2025-12-23
ACP002248,BG,Finance,Controls,Senior Leader,Fixed Term,2025-03-24,,,,HCM_A,2025-12-24
ACP002249,GR,Sales,Field Sales,Senior Leader,Permanent,2021-05-26,,,,HCM_A,2025-12-25
ACP002250,GR,Supply Chain,Logistics,Manager,Permanent,2023-09-01,,,,HCM_B,2025-12-26
ACP002251,GR,Finance,Accounting,Senior Leader,Permanent,2025-07-29,,,,HCM_A,2025-12-27
ACP002252,BG,Digital,Software,Manager,Permanent,2021-05-25,,,,HCM_A,2025-12-28
ACP002253,PL,Sales,Commercial Planning,Individual Contributor,Permanent,2023-09-28,,,,HCM_A,2025-12-29
ACP002254,BG,Sales,Field Sales,Senior Leader,Permanent,2021-01-05,,,,HCM_A,2025-12-30
ACP002255,IT,Finance,Controls,Manager,Fixed Term,2025-08-13,,,,HCM_B,2025-12-31
ACP002256,GR,Finance,FP&A,Individual Contributor,Permanent,2023-11-07,,,,HCM_A,2025-12-20
ACP002257,RO,Digital,Product,Manager,Fixed Term,2021-03-15,,,,HCM_A,2025-12-21
ACP002258,BG,Sales,Key Accounts,Individual Contributor,Permanent,2024-12-14,2025-02-14,Voluntary,false,HCM_A,2025-12-22
ACP002259,PL,Finance,Accounting,Manager,Permanent,2023-10-26,,,,HCM_A,2025-12-23
ACP002260,RO,Sales,Field Sales,Individual Contributor,Permanent,2021-04-21,2021-05-31,Voluntary,false,HCM_B,2025-12-24
ACP002261,IT,Supply Chain,Logistics,Individual Contributor,Permanent,2023-10-04,,,,HCM_A,2025-12-25
ACP002262,PL,Finance,FP&A,Individual Contributor,Fixed Term,2022-08-09,,,,HCM_A,2025-12-26
ACP002263,IT,Supply Chain,Manufacturing,Manager,Permanent,2025-07-16,,,,HCM_A,2025-12-27
ACP002264,IT,Digital,Software,Manager,Permanent,2025-05-01,,,,HCM_A,2025-12-28
ACP002265,IT,Finance,Controls,Individual Contributor,Fixed Term,2025-08-18,,,,HCM_B,2025-12-29
ACP002266,BG,Sales,Commercial Planning,Manager,Permanent,2024-09-18,2025-10-17,Voluntary,false,HCM_A,2025-12-30
ACP002267,PL,Finance,FP&A,Manager,Permanent,2021-07-27,,,,HCM_A,2025-12-31
ACP002268,IT,Finance,Accounting,Manager,Permanent,2023-09-25,,,,HCM_A,2025-12-20
ACP002269,BG,Digital,Product,Individual Contributor,Permanent,2024-04-01,,,,HCM_A,2025-12-21
ACP002270,GR,Digital,Product,Individual Contributor,Permanent,2022-12-24,,,,HCM_B,2025-12-22
ACP002271,IT,Finance,Accounting,Individual Contributor,Permanent,2023-05-13,,,,HCM_A,2025-12-23
ACP002272,GR,Finance,Accounting,Manager,Permanent,2023-04-20,,,,HCM_A,2025-12-24
ACP002273,IT,Sales,Field Sales,Manager,Permanent,2021-08-16,,,,HCM_A,2025-12-25
ACP002274,BG,Supply Chain,Manufacturing,Manager,Permanent,2020-10-03,,,,HCM_A,2025-12-26
ACP002275,GR,Sales,Field Sales,Manager,Permanent,2025-05-07,,,,HCM_B,2025-12-27
ACP002276,RO,Digital,Product,Individual Contributor,Permanent,2024-07-29,2024-12-24,Voluntary,false,HCM_A,2025-12-28
ACP002277,RO,Digital,Software,Manager,Permanent,2024-07-17,2025-07-21,Voluntary,false,HCM_A,2025-12-29
ACP002278,GR,Digital,Software,Manager,Permanent,2023-04-29,2024-05-25,Voluntary,false,HCM_A,2025-12-30
ACP002279,PL,Supply Chain,Manufacturing,Senior Leader,Fixed Term,2025-11-28,,,,HCM_A,2025-12-31
ACP002280,IT,Digital,Software,Individual Contributor,Permanent,2025-03-21,,,,HCM_B,2025-12-20
ACP002281,BG,Sales,Field Sales,Individual Contributor,Permanent,2023-04-14,2025-09-23,End of Contract,false,HCM_A,2025-12-21
ACP002282,IE,Sales,Field Sales,Individual Contributor,Permanent,2024-05-30,,,,HCM_A,2025-12-22
ACP002283,RO,Supply Chain,Procurement,Individual Contributor,Permanent,2023-11-29,,,,HCM_A,2025-12-23
ACP002284,PL,Supply Chain,Logistics,Manager,Fixed Term,2024-03-19,,,,HCM_A,2025-12-24
ACP002285,PL,Supply Chain,Logistics,Individual Contributor,Fixed Term,2020-12-09,2021-04-24,Voluntary,false,HCM_B,2025-12-25
ACP002286,IT,Supply Chain,Procurement,Individual Contributor,Permanent,2025-10-24,,,,HCM_A,2025-12-26
ACP002287,IT,Supply Chain,Procurement,Individual Contributor,Permanent,2025-10-01,,,,HCM_A,2025-12-27
ACP002288,BG,Supply Chain,Procurement,Manager,Permanent,2023-09-07,2025-06-30,Voluntary,false,HCM_A,2025-12-28
ACP002289,GR,Finance,Accounting,Individual Contributor,Permanent,2022-06-20,,,,HCM_A,2025-12-29
ACP002290,GR,Digital,Data,Senior Leader,Permanent,2025-09-05,,,,HCM_B,2025-12-30
ACP002291,IE,Sales,Commercial Planning,Senior Leader,Permanent,2022-12-09,2024-03-22,Voluntary,true,HCM_A,2025-12-31
ACP002292,IE,Supply Chain,Logistics,Individual Contributor,Permanent,2023-11-30,,,,HCM_A,2025-12-20
ACP002293,PL,Supply Chain,Manufacturing,Manager,Permanent,2022-04-30,,,,HCM_A,2025-12-21
ACP002294,IT,Sales,Key Accounts,Senior Leader,Permanent,2024-06-12,,,,HCM_A,2025-12-22
ACP002295,RO,Supply Chain,Manufacturing,Manager,Permanent,2022-05-08,2023-01-28,Voluntary,false,HCM_B,2025-12-23
ACP002296,RO,Finance,FP&A,Individual Contributor,Permanent,2024-03-20,,,,HCM_A,2025-12-24
ACP002297,BG,Sales,Field Sales,Senior Leader,Permanent,2023-06-03,2023-09-10,Voluntary,false,HCM_A,2025-12-25
ACP002298,GR,Sales,Key Accounts,Individual Contributor,Fixed Term,2025-10-09,,,,HCM_A,2025-12-26
ACP002299,PL,Finance,Controls,Manager,Permanent,2024-12-29,,,,HCM_A,2025-12-27
ACP002300,IT,Finance,Controls,Manager,Fixed Term,2021-08-08,,,,HCM_B,2025-12-28
ACP002301,IE,Sales,Key Accounts,Individual Contributor,Permanent,2025-05-16,2025-10-08,Involuntary,false,HCM_A,2025-12-29
ACP002302,IE,Finance,Controls,Individual Contributor,Permanent,2024-06-29,,,,HCM_A,2025-12-30
ACP002303,IE,Digital,Product,Individual Contributor,Permanent,2020-05-25,2024-10-19,End of Contract,false,HCM_A,2025-12-31
ACP002304,IE,Finance,FP&A,Individual Contributor,Permanent,2022-09-12,2023-01-16,Voluntary,false,HCM_A,2025-12-20
ACP002305,GR,Finance,FP&A,Senior Leader,Permanent,2022-04-24,,,,HCM_B,2025-12-21
ACP002306,PL,Digital,Product,Manager,Permanent,2023-02-19,,,,HCM_A,2025-12-22
ACP002307,PL,Finance,Controls,Individual Contributor,Permanent,2021-04-09,2021-05-27,Voluntary,false,HCM_A,2025-12-23
ACP002308,GR,Sales,Key Accounts,Senior Leader,Fixed Term,2024-06-04,2025-02-10,Involuntary,false,HCM_A,2025-12-24
ACP002309,RO,Digital,Product,Manager,Permanent,2025-08-03,,,,HCM_A,2025-12-25
ACP002310,BG,Supply Chain,Procurement,Individual Contributor,Permanent,2020-10-02,,,,HCM_B,2025-12-26
ACP002311,BG,Digital,Product,Individual Contributor,Permanent,2021-05-02,2024-09-20,Voluntary,true,HCM_A,2025-12-27
ACP002312,PL,Sales,Commercial Planning,Manager,Fixed Term,2021-07-29,2024-06-16,Voluntary,false,HCM_A,2025-12-28
ACP002313,RO,Supply Chain,Procurement,Senior Leader,Permanent,2022-10-31,,,,HCM_A,2025-12-29
ACP002314,BG,Sales,Commercial Planning,Manager,Permanent,2024-06-26,,,,HCM_A,2025-12-30
ACP002315,RO,Finance,FP&A,Individual Contributor,Permanent,2023-02-18,,,,HCM_B,2025-12-31
ACP002316,PL,Digital,Data,Individual Contributor,Permanent,2022-05-25,2022-10-25,Voluntary,true,HCM_A,2025-12-20
ACP002317,IE,Supply Chain,Manufacturing,Manager,Permanent,2023-08-01,2025-09-13,Voluntary,true,HCM_A,2025-12-21
ACP002318,PL,Digital,Data,Individual Contributor,Permanent,2024-05-01,,,,HCM_A,2025-12-22
ACP002319,IT,Finance,Accounting,Senior Leader,Permanent,2022-08-10,,,,HCM_A,2025-12-23
ACP002320,IE,Supply Chain,Manufacturing,Individual Contributor,Permanent,2021-10-27,2022-04-28,Voluntary,true,HCM_B,2025-12-24
ACP002321,ROM,Finance,Controls,Manager,Permanent,2025-11-15,,,,HCM_A,2025-12-25
ACP002322,BG,Digital,Software,Individual Contributor,Permanent,2023-12-10,,,,HCM_A,2025-12-26
ACP002323,PL,Digital,Software,Individual Contributor,Permanent,2020-07-08,,,,HCM_A,2025-12-27
ACP002324,RO,Supply Chain,Logistics,Manager,Permanent,2023-04-06,,,,HCM_A,2025-12-28
ACP002325,GR,Supply Chain,Manufacturing,Senior Leader,Fixed Term,2023-06-15,,,,HCM_B,2025-12-29
ACP002326,GR,Digital,Software,Senior Leader,Permanent,2024-10-20,,,,HCM_A,2025-12-30
ACP002327,RO,Supply Chain,Procurement,Senior Leader,Permanent,2023-01-21,,,,HCM_A,2025-12-31
ACP002328,BG,Finance,FP&A,Manager,Fixed Term,2020-03-14,,,,HCM_A,2025-12-20
ACP002329,RO,Finance,Controls,Individual Contributor,Permanent,2024-03-22,,,,HCM_A,2025-12-21
ACP002330,RO,Finance,FP&A,Individual Contributor,Permanent,2023-03-15,2023-04-18,End of Contract,false,HCM_B,2025-12-22
ACP002331,IT,Digital,Data,Individual Contributor,Permanent,2021-09-28,2021-10-28,Voluntary,false,HCM_A,2025-12-23
ACP002332,BG,Finance,Controls,Individual Contributor,Permanent,2023-11-29,,,,HCM_A,2025-12-24
ACP002333,PL,Finance,Accounting,Individual Contributor,Fixed Term,2024-07-11,,,,HCM_A,2025-12-25
ACP002334,PL,Digital,Software,Individual Contributor,Permanent,2020-10-31,,,,HCM_A,2025-12-26
ACP002335,IT,Digital,Data,Individual Contributor,Permanent,2025-09-16,,,,HCM_B,2025-12-27
ACP002336,IE,Supply Chain,Manufacturing,Manager,Permanent,2020-05-29,2020-11-10,Voluntary,true,HCM_A,2025-12-28
ACP002337,GR,Finance,Accounting,Individual Contributor,Permanent,2021-05-16,,,,HCM_A,2025-12-29
ACP002338,BG,Supply Chain,Manufacturing,Individual Contributor,Permanent,2022-10-02,2024-02-07,Voluntary,true,HCM_A,2025-12-30
ACP002339,IE,Supply Chain,Procurement,Individual Contributor,Permanent,2025-05-09,2025-11-17,Voluntary,false,HCM_A,2025-12-31
ACP002340,IE,Finance,Controls,Individual Contributor,Permanent,2024-06-21,,,,HCM_B,2025-12-20
ACP002341,GR,Supply Chain,Procurement,Individual Contributor,Permanent,2020-04-23,,,,HCM_A,2025-12-21
ACP002342,PL,Finance,Accounting,Individual Contributor,Permanent,2022-05-08,2022-09-02,Involuntary,false,HCM_A,2025-12-22
ACP002343,PL,Digital,Product,Manager,Permanent,2023-04-16,,,,HCM_A,2025-12-23
ACP002344,IT,Digital,Data,Individual Contributor,Permanent,2025-10-21,,,,HCM_A,2025-12-24
ACP002345,BG,Finance,Controls,Individual Contributor,Permanent,2020-11-04,,,,HCM_B,2025-12-25
ACP002346,GR,Digital,Software,Manager,Permanent,2022-09-24,,,,HCM_A,2025-12-26
ACP002347,GR,Sales,Commercial Planning,Individual Contributor,Permanent,2020-07-21,2021-03-10,Involuntary,false,HCM_A,2025-12-27
ACP002348,RO,Digital,Software,Manager,Permanent,2023-05-11,2023-12-30,End of Contract,false,HCM_A,2025-12-28
ACP002349,RO,Sales,Key Accounts,Manager,Permanent,2022-10-18,,,,HCM_A,2025-12-29
ACP002350,IE,Supply Chain,Procurement,Individual Contributor,Fixed Term,2022-09-02,,,,HCM_B,2025-12-30
ACP002351,IE,Finance,Controls,Manager,Permanent,2022-10-20,2023-08-07,Voluntary,true,HCM_A,2025-12-31
ACP002352,PL,Finance,Controls,Individual Contributor,Permanent,2021-08-28,,,,HCM_A,2025-12-20
ACP002353,RO,Digital,Data,Individual Contributor,Permanent,2024-02-24,2024-08-27,Voluntary,true,HCM_A,2025-12-21
ACP002354,GR,Finance,Controls,Senior Leader,Permanent,2023-06-24,,,,HCM_A,2025-12-22
ACP002355,IT,Sales,Commercial Planning,Individual Contributor,Fixed Term,2025-08-09,,,,HCM_B,2025-12-23
ACP002356,RO,Digital,Software,Senior Leader,Permanent,2022-01-26,,,,HCM_A,2025-12-24
ACP002357,IT,Sales,Key Accounts,Individual Contributor,Permanent,2023-04-09,,,,HCM_A,2025-12-25
ACP002358,RO,Sales,Field Sales,Individual Contributor,Permanent,2024-01-31,,,,HCM_A,2025-12-26
ACP002359,PL,Finance,Controls,Manager,Fixed Term,2025-03-02,,,,HCM_A,2025-12-27
ACP002360,PL,Sales,Field Sales,Individual Contributor,Permanent,2022-11-08,,,,HCM_B,2025-12-28
ACP002361,IE,Finance,Accounting,Individual Contributor,Permanent,2022-08-31,,,,HCM_A,2025-12-29
ACP002362,GR,Supply Chain,Manufacturing,Manager,Permanent,2020-12-10,2025-03-18,End of Contract,false,HCM_A,2025-12-30
ACP002363,IT,Sales,Commercial Planning,Senior Leader,Fixed Term,2024-06-19,,,,HCM_A,2025-12-31
ACP002364,IT,Digital,Data,Manager,Permanent,2022-01-09,,,,HCM_A,2025-12-20
ACP002365,GR,Supply Chain,Logistics,Individual Contributor,Fixed Term,2021-06-09,2021-10-08,Voluntary,true,HCM_B,2025-12-21
ACP002366,IT,Digital,Software,Manager,Permanent,2020-04-14,,,,HCM_A,2025-12-22
ACP002367,GR,Finance,Controls,Manager,Permanent,2025-06-18,,,,HCM_A,2025-12-23
ACP002368,IT,Finance,FP&A,Individual Contributor,Permanent,2025-02-05,,,,HCM_A,2025-12-24
ACP002369,RO,Sales,Key Accounts,Senior Leader,Permanent,2025-07-06,,,,HCM_A,2025-12-25
ACP002370,GR,Supply Chain,Procurement,Individual Contributor,Permanent,2024-08-31,,,,HCM_B,2025-12-26
ACP002371,IT,Digital,Data,Manager,Permanent,2024-09-25,,,,HCM_A,2025-12-27
ACP002372,GR,Supply Chain,Manufacturing,Individual Contributor,Fixed Term,2024-08-26,,,,HCM_A,2025-12-28
ACP002373,BG,Supply Chain,Manufacturing,Individual Contributor,Permanent,2022-08-07,2023-02-03,Involuntary,false,HCM_A,2025-12-29
ACP002374,BG,Supply Chain,Manufacturing,Individual Contributor,Fixed Term,2021-02-23,2025-04-08,Voluntary,false,HCM_A,2025-12-30
ACP002375,GR,Supply Chain,Manufacturing,Individual Contributor,Permanent,2022-12-09,2023-03-12,Voluntary,false,HCM_B,2025-12-31
ACP002376,BG,Digital,Data,Individual Contributor,Permanent,2021-11-22,2023-10-10,Voluntary,false,HCM_A,2025-12-20
ACP002377,IE,Sales,Key Accounts,Manager,Permanent,2023-12-14,2025-08-28,Voluntary,false,HCM_A,2025-12-21
ACP002378,BG,Supply Chain,Procurement,Manager,Permanent,2024-03-08,2025-08-17,Involuntary,false,HCM_A,2025-12-22
ACP002379,PL,Finance,Accounting,Individual Contributor,Permanent,2020-04-01,,,,HCM_A,2025-12-23
ACP002380,GR,Supply Chain,Manufacturing,Individual Contributor,Permanent,2022-06-07,2023-09-08,Voluntary,false,HCM_B,2025-12-24
ACP002381,RO,Sales,Key Accounts,Individual Contributor,Permanent,2024-02-27,,,,HCM_A,2025-12-25
ACP002382,IE,Supply Chain,Procurement,Senior Leader,Permanent,2020-02-14,2021-01-16,Voluntary,true,HCM_A,2025-12-26
ACP002383,IE,Sales,Key Accounts,Individual Contributor,Permanent,2022-12-16,,,,HCM_A,2025-12-27
ACP002384,GR,Supply Chain,Logistics,Senior Leader,Permanent,2025-06-27,,,,HCM_A,2025-12-28
ACP002385,RO,Sales,Commercial Planning,Individual Contributor,Permanent,2022-12-06,2023-01-21,Involuntary,false,HCM_B,2025-12-29
ACP002386,PL,Finance,Accounting,Individual Contributor,Permanent,2021-07-07,,,,HCM_A,2025-12-30
ACP002387,IT,Sales,Commercial Planning,Manager,Permanent,2025-04-05,,,,HCM_A,2025-12-31
ACP002388,IE,Finance,FP&A,Manager,Permanent,2021-09-04,,,,HCM_A,2025-12-20
ACP002389,IE,Sales,Commercial Planning,Manager,Permanent,2022-08-03,,,,HCM_A,2025-12-21
ACP002390,IE,Digital,Data,Individual Contributor,Permanent,2025-05-20,,,,HCM_B,2025-12-22
ACP002391,GR,Finance,FP&A,Manager,Permanent,2024-09-11,,,,HCM_A,2025-12-23
ACP002392,IE,Digital,Data,Individual Contributor,Fixed Term,2023-06-17,,,,HCM_A,2025-12-24
ACP002393,IT,Supply Chain,Procurement,Individual Contributor,Permanent,2025-05-03,,,,HCM_A,2025-12-25
ACP002394,IT,Sales,Field Sales,Individual Contributor,Permanent,2025-07-09,,,,HCM_A,2025-12-26
ACP002395,IE,Finance,FP&A,Individual Contributor,Fixed Term,2022-06-14,,,,HCM_B,2025-12-27
ACP002396,RO,Supply Chain,Procurement,Senior Leader,Permanent,2020-11-22,,,,HCM_A,2025-12-28
ACP002397,PL,Sales,Field Sales,Individual Contributor,Fixed Term,2020-03-21,,,,HCM_A,2025-12-29
ACP002398,RO,Sales,Field Sales,Manager,Fixed Term,2022-10-07,2023-01-30,Involuntary,false,HCM_A,2025-12-30
ACP002399,PL,Sales,Key Accounts,Individual Contributor,Permanent,2023-11-17,2024-12-17,Voluntary,false,HCM_A,2025-12-31
ACP002400,BG,Supply Chain,Logistics,Manager,Permanent,2023-05-19,,,,HCM_B,2025-12-20
ACP000045,BG,Digital,Software,Individual Contributor,Permanent,2020-12-27,,,,HCM_B,2025-12-29
ACP000389,BG,Sales,Key Accounts,Individual Contributor,Permanent,2023-11-13,,,,HCM_A,2025-12-25
ACP000723,RO,Digital,Data,Manager,Fixed Term,2021-07-05,,,,HCM_A,2025-12-23
ACP001056,BG,Supply Chain,Manufacturing,Senior Leader,Permanent,2024-02-22,,,,HCM_A,2025-12-20
ACP001400,RO,Finance,Controls,Senior Leader,Permanent,2020-02-20,2020-10-12,Voluntary,true,HCM_B,2025-12-28
ACP001745,PL,Supply Chain,Procurement,Manager,Permanent,2023-11-17,,,,HCM_B,2025-12-25
ACP002112,IT,Finance,Controls,Senior Leader,Permanent,2024-09-11,,,,HCM_A,2025-12-20
