employee_id,source_csv_line,country_code,business_unit,hire_date,termination_date,quality_flags,six_month_anniversary,hire_year,status
ACP000001,2,BG,Supply Chain,2024-09-04,,,2025-03-04,2024,retained
ACP000002,3,BG,Digital,2022-11-24,,,2023-05-24,2022,retained
ACP000003,4,IE,Sales,2025-09-21,,,2026-03-21,2025,pending_observation
ACP000004,5,IT,Digital,2020-05-29,,,2020-11-29,2020,outside_objective_hire_period
ACP000005,6,RO,Finance,2021-05-21,,,2021-11-21,2021,retained
ACP000006,7,BG,Finance,2023-06-21,2024-10-13,,2023-12-21,2023,retained
ACP000007,8,IT,Finance,2021-04-06,,,2021-10-06,2021,retained
ACP000008,9,BG,Digital,2023-12-02,,,2024-06-02,2023,retained
ACP000009,10,GR,Digital,2021-11-19,,,2022-05-19,2021,retained
ACP000010,11,GR,Digital,2025-05-29,,,2025-11-29,2025,retained
ACP000011,12,IT,Supply Chain,2024-11-02,2025-12-08,,2025-05-02,2024,retained
ACP000012,13,IT,Supply Chain,2020-04-14,,,2020-10-14,2020,outside_objective_hire_period
ACP000013,14,GR,Sales,2023-05-04,,,2023-11-04,2023,retained
ACP000014,15,IE,Finance,2021-01-31,,,2021-07-31,2021,retained
ACP000015,16,RO,Supply Chain,2021-08-05,2022-03-02,,2022-02-05,2021,retained
ACP000016,17,IT,Digital,2021-02-26,2024-01-11,,2021-08-26,2021,retained
ACP000017,18,RO,Supply Chain,2023-01-24,2023-05-30,,2023-07-24,2023,left_before_milestone
ACP000018,19,IE,Sales,2023-02-24,2023-12-11,,2023-08-24,2023,retained
ACP000019,20,PL,Digital,2021-08-04,2022-01-26,,2022-02-04,2021,left_before_milestone
ACP000020,21,PL,Digital,2023-07-18,2024-01-09,,2024-01-18,2023,left_before_milestone
ACP000021,22,RO,Digital,2020-06-14,2020-07-11,,2020-12-14,2020,outside_objective_hire_period
ACP000022,23,RO,Digital,2023-10-26,,,2024-04-26,2023,retained
ACP000023,24,IE,Supply Chain,2025-05-27,,,2025-11-27,2025,retained
ACP000024,25,RO,Digital,2025-06-27,2025-12-27,,2025-12-27,2025,retained
ACP000025,26,RO,Digital,2025-08-15,,,2026-02-15,2025,pending_observation
ACP000026,27,RO,Digital,2021-07-01,,,2022-01-01,2021,retained
ACP000027,28,IE,Finance,2023-01-22,,,2023-07-22,2023,retained
ACP000028,29,BG,Sales,2022-02-03,,,2022-08-03,2022,retained
ACP000029,30,IE,Finance,2024-07-23,,,2025-01-23,2024,retained
ACP000030,31,BG,Sales,2020-05-23,,,2020-11-23,2020,outside_objective_hire_period
ACP000031,32,IE,Supply Chain,2024-01-29,,,2024-07-29,2024,retained
ACP000032,33,BG,Supply Chain,2025-06-18,,,2025-12-18,2025,retained
ACP000033,34,PL,Finance,2020-03-14,,,2020-09-14,2020,outside_objective_hire_period
ACP000034,35,PL,Supply Chain,2023-09-23,,,2024-03-23,2023,retained
ACP000035,36,GR,Digital,2023-12-13,,,2024-06-13,2023,retained
ACP000036,37,GR,Digital,2024-06-26,,,2024-12-26,2024,retained
ACP000037,38,GR,Finance,2024-10-23,,,2025-04-23,2024,retained
ACP000038,39,IT,Supply Chain,2021-08-12,,,2022-02-12,2021,retained
ACP000039,40,RO,Finance,2021-03-02,,,2021-09-02,2021,retained
ACP000040,41,GR,Digital,2024-12-25,,,2025-06-25,2024,retained
ACP000041,42,RO,Finance,2021-04-04,,,2021-10-04,2021,retained
ACP000042,43,RO,Digital,2024-03-30,,,2024-09-30,2024,retained
ACP000043,44,RO,Digital,2020-09-21,,,2021-03-21,2020,outside_objective_hire_period
ACP000044,45,RO,Digital,2021-02-03,2025-07-24,,2021-08-03,2021,retained
ACP000045,46,BG,Digital,2020-12-27,,,2021-06-27,2020,outside_objective_hire_period
ACP000046,47,GR,Supply Chain,2021-10-11,,,2022-04-11,2021,retained
ACP000047,48,BG,Sales,2024-01-17,,,2024-07-17,2024,retained
ACP000048,49,IT,Finance,2021-07-08,,,2022-01-08,2021,retained
ACP000049,50,PL,Sales,2025-10-21,,,2026-04-21,2025,pending_observation
ACP000050,51,PL,Supply Chain,2022-05-01,,,2022-11-01,2022,retained
ACP000051,52,BG,Sales,2021-12-04,2022-08-04,,2022-06-04,2021,retained
ACP000052,53,BG,Supply Chain,2024-07-19,,,2025-01-19,2024,retained
ACP000053,54,IE,Finance,2025-08-04,2025-12-28,,2026-02-04,2025,pending_observation
ACP000054,55,GR,Sales,2023-07-31,,,2024-01-31,2023,retained
ACP000055,56,IT,Finance,2020-09-19,,,2021-03-19,2020,outside_objective_hire_period
ACP000056,57,BG,Digital,2024-05-26,,,2024-11-26,2024,retained
ACP000057,58,RO,Sales,2025-10-01,2025-11-01,,2026-04-01,2025,pending_observation
ACP000058,59,IT,Supply Chain,2024-07-14,2025-12-22,,2025-01-14,2024,retained
ACP000059,60,IE,Finance,2023-02-24,,,2023-08-24,2023,retained
ACP000060,61,IE,Supply Chain,2025-03-12,,,2025-09-12,2025,retained
ACP000061,62,RO,Finance,2025-11-15,,,2026-05-15,2025,pending_observation
ACP000062,63,RO,Supply Chain,2021-04-04,,,2021-10-04,2021,retained
ACP000063,64,PL,Sales,2021-10-16,,,2022-04-16,2021,retained
ACP000064,65,IE,Finance,2023-04-02,,,2023-10-02,2023,retained
ACP000065,66,PL,Digital,2021-03-04,,,2021-09-04,2021,retained
ACP000066,67,IT,Sales,2023-05-07,,,2023-11-07,2023,retained
ACP000067,68,IT,Finance,2022-09-28,,,2023-03-28,2022,retained
ACP000068,69,PL,Sales,2023-03-27,2023-12-26,,2023-09-27,2023,retained
ACP000069,70,PL,Finance,2023-11-22,2024-11-26,,2024-05-22,2023,retained
ACP000070,71,IE,Supply Chain,2023-04-28,2023-06-05,,2023-10-28,2023,left_before_milestone
ACP000071,72,IE,Supply Chain,2021-07-22,2023-06-09,,2022-01-22,2021,retained
ACP000072,73,IT,Finance,2021-04-10,,,2021-10-10,2021,retained
ACP000073,74,IE,Sales,2023-01-26,,synthetic_source_recovered,2023-07-26,2023,retained
ACP000074,75,RO,Finance,2024-11-06,,,2025-05-06,2024,retained
ACP000075,76,PL,Finance,2020-12-17,,,2021-06-17,2020,outside_objective_hire_period
ACP000076,77,PL,Finance,2025-11-15,,,2026-05-15,2025,pending_observation
ACP000077,78,BG,Supply Chain,2020-01-24,,,2020-07-24,2020,outside_objective_hire_period
ACP000078,79,IE,Supply Chain,2023-03-18,2024-09-02,,2023-09-18,2023,retained
ACP000079,80,RO,Sales,2025-09-26,,,2026-03-26,2025,pending_observation
ACP000080,81,IE,Digital,2025-07-03,,,2026-01-03,2025,pending_observation
ACP000081,82,RO,Sales,2022-06-13,,,2022-12-13,2022,retained
ACP000082,83,RO,Digital,2022-04-11,2023-09-26,,2022-10-11,2022,retained
ACP000083,84,BG,Finance,2024-12-30,,,2025-06-30,2024,retained
ACP000084,85,IT,Digital,2021-11-02,,,2022-05-02,2021,retained
ACP000085,86,BG,Supply Chain,2023-06-08,,,2023-12-08,2023,retained
ACP000086,87,IE,Digital,2025-08-30,,,2026-02-28,2025,pending_observation
ACP000087,88,IE,Supply Chain,2020-09-19,2021-05-13,,2021-03-19,2020,outside_objective_hire_period
ACP000088,89,PL,Finance,2021-08-10,,,2022-02-10,2021,retained
ACP000089,90,GR,Digital,2021-10-07,,synthetic_source_recovered,2022-04-07,2021,retained
ACP000090,91,PL,Digital,2023-07-06,,,2024-01-06,2023,retained
ACP000091,92,IT,Digital,2022-12-24,2024-06-18,,2023-06-24,2022,retained
ACP000092,93,IE,Finance,2021-06-03,,,2021-12-03,2021,retained
ACP000093,94,GR,Sales,2021-07-02,2022-01-28,,2022-01-02,2021,retained
ACP000094,95,IT,Supply Chain,2021-08-13,2024-06-18,,2022-02-13,2021,retained
ACP000095,96,IE,Digital,2025-04-08,,,2025-10-08,2025,retained
ACP000096,97,IE,Finance,2022-06-22,2022-08-03,,2022-12-22,2022,left_before_milestone
ACP000097,98,IT,Sales,2020-08-22,,,2021-02-22,2020,outside_objective_hire_period
ACP000098,99,RO,Digital,2024-08-30,2025-03-20,,2025-02-28,2024,retained
ACP000099,100,RO,Supply Chain,2024-08-09,2025-08-21,,2025-02-09,2024,retained
ACP000100,101,GR,Digital,2025-06-14,,,2025-12-14,2025,retained
ACP000101,102,PL,Digital,2023-09-17,,,2024-03-17,2023,retained
ACP000102,103,PL,Sales,2021-11-21,,synthetic_source_recovered,2022-05-21,2021,retained
ACP000103,104,PL,Digital,2025-04-19,,,2025-10-19,2025,retained
ACP000104,105,BG,Sales,2021-10-25,,,2022-04-25,2021,retained
ACP000105,106,RO,Sales,2024-06-16,,,2024-12-16,2024,retained
ACP000106,107,PL,Digital,2023-07-30,2025-04-28,,2024-01-30,2023,retained
ACP000107,108,GR,Sales,2020-08-25,,,2021-02-25,2020,outside_objective_hire_period
ACP000108,109,IT,Digital,2025-03-23,,,2025-09-23,2025,retained
ACP000109,110,GR,Sales,2020-03-14,,,2020-09-14,2020,outside_objective_hire_period
ACP000110,111,PL,Supply Chain,2025-06-14,,,2025-12-14,2025,retained
ACP000111,112,BG,Supply Chain,2022-09-21,,,2023-03-21,2022,retained
ACP000112,113,RO,Digital,2024-08-04,,,2025-02-04,2024,retained
ACP000113,114,RO,Digital,2024-01-07,,,2024-07-07,2024,retained
ACP000114,115,IT,Finance,2020-01-10,,,2020-07-10,2020,outside_objective_hire_period
ACP000115,116,IT,Finance,2020-03-21,,,2020-09-21,2020,outside_objective_hire_period
ACP000116,117,GR,Finance,2023-07-15,,,2024-01-15,2023,retained
ACP000117,118,BG,Sales,2020-01-02,,,2020-07-02,2020,outside_objective_hire_period
ACP000118,119,IE,Finance,2020-06-18,,,2020-12-18,2020,outside_objective_hire_period
ACP000119,120,IT,Sales,2024-05-08,2024-11-15,,2024-11-08,2024,retained
ACP000120,121,GR,Supply Chain,2021-12-02,,synthetic_source_recovered,2022-06-02,2021,retained
ACP000121,122,PL,Finance,2024-05-26,,,2024-11-26,2024,retained
ACP000122,123,RO,Finance,2022-11-18,2022-12-07,,2023-05-18,2022,left_before_milestone
ACP000123,124,RO,Sales,2023-08-19,,,2024-02-19,2023,retained
ACP000124,125,IE,Supply Chain,2024-11-22,,,2025-05-22,2024,retained
ACP000125,126,IT,Finance,2025-02-28,,,2025-08-28,2025,retained
ACP000126,127,IT,Supply Chain,2021-07-10,2021-09-26,,2022-01-10,2021,left_before_milestone
ACP000127,128,IE,Supply Chain,2023-05-26,,,2023-11-26,2023,retained
ACP000128,129,PL,Sales,2021-07-04,2024-05-09,,2022-01-04,2021,retained
ACP000129,130,GR,Digital,2020-06-24,,,2020-12-24,2020,outside_objective_hire_period
ACP000130,131,BG,Finance,2020-02-05,,,2020-08-05,2020,outside_objective_hire_period
ACP000131,132,PL,Digital,2022-11-25,,,2023-05-25,2022,retained
ACP000132,133,IE,Sales,2020-09-28,2021-02-21,,2021-03-28,2020,outside_objective_hire_period
ACP000133,134,IT,Supply Chain,2021-09-02,,,2022-03-02,2021,retained
ACP000134,135,RO,Finance,2024-08-15,2025-11-29,,2025-02-15,2024,retained
ACP000135,136,BG,Sales,2024-02-06,,,2024-08-06,2024,retained
ACP000136,137,RO,Sales,2023-04-19,2025-10-26,,2023-10-19,2023,retained
ACP000137,138,IE,Finance,2024-08-17,2025-10-21,,2025-02-17,2024,retained
ACP000138,139,RO,Finance,2022-12-02,,,2023-06-02,2022,retained
ACP000139,140,PL,Supply Chain,2021-02-20,2021-06-11,,2021-08-20,2021,left_before_milestone
ACP000140,141,IT,Finance,2023-07-21,,,2024-01-21,2023,retained
ACP000141,142,IE,Digital,2021-09-07,2022-05-06,,2022-03-07,2021,retained
ACP000142,143,GR,Finance,2020-09-28,,,2021-03-28,2020,outside_objective_hire_period
ACP000143,144,PL,Finance,2022-05-05,,,2022-11-05,2022,retained
ACP000144,145,RO,Digital,2020-07-17,,,2021-01-17,2020,outside_objective_hire_period
ACP000145,146,PL,Finance,2020-04-09,,,2020-10-09,2020,outside_objective_hire_period
ACP000146,147,BG,Digital,2023-03-05,,,2023-09-05,2023,retained
ACP000147,148,RO,Sales,2023-08-10,2024-07-08,,2024-02-10,2023,retained
ACP000148,149,IE,Supply Chain,2023-05-19,,,2023-11-19,2023,retained
ACP000149,150,BG,Sales,2025-03-29,,,2025-09-29,2025,retained
ACP000150,151,BG,Supply Chain,2024-04-10,2024-09-16,,2024-10-10,2024,left_before_milestone
ACP000151,152,IT,Sales,2021-11-20,2023-05-27,,2022-05-20,2021,retained
ACP000152,153,IE,Supply Chain,2025-04-21,,,2025-10-21,2025,retained
ACP000153,154,GR,Finance,2024-12-15,,,2025-06-15,2024,retained
ACP000154,155,GR,Digital,2023-08-04,,,2024-02-04,2023,retained
ACP000155,156,GR,Digital,2020-10-30,2024-02-07,,2021-04-30,2020,outside_objective_hire_period
ACP000156,157,BG,Supply Chain,2023-06-20,2025-01-28,,2023-12-20,2023,retained
ACP000157,158,IT,Finance,2024-04-20,2024-12-05,,2024-10-20,2024,retained
ACP000158,159,BG,Finance,2021-01-08,,,2021-07-08,2021,retained
ACP000159,160,BG,Digital,2025-01-18,,synthetic_source_recovered,2025-07-18,2025,retained
ACP000160,161,RO,Supply Chain,2025-05-03,2025-12-15,,2025-11-03,2025,retained
ACP000161,162,PL,Sales,2025-08-09,,,2026-02-09,2025,pending_observation
ACP000162,163,BG,Digital,2025-07-15,,,2026-01-15,2025,pending_observation
ACP000163,164,RO,Finance,2023-02-08,,,2023-08-08,2023,retained
ACP000164,165,BG,Digital,2021-09-18,2022-03-09,,2022-03-18,2021,left_before_milestone
ACP000165,166,PL,Digital,2021-12-11,,,2022-06-11,2021,retained
ACP000166,167,PL,Supply Chain,2021-09-19,,,2022-03-19,2021,retained
ACP000167,168,IE,Supply Chain,2020-11-21,,,2021-05-21,2020,outside_objective_hire_period
ACP000168,169,PL,Finance,2024-06-21,,,2024-12-21,2024,retained
ACP000169,170,RO,Sales,2023-10-03,2025-02-14,,2024-04-03,2023,retained
ACP000170,171,PL,Supply Chain,2021-02-03,,,2021-08-03,2021,retained
ACP000171,172,IE,Digital,2020-05-29,2024-01-03,,2020-11-29,2020,outside_objective_hire_period
ACP000172,173,RO,Sales,2025-01-04,,,2025-07-04,2025,retained
ACP000173,174,IE,Digital,2022-08-27,,,2023-02-27,2022,retained
ACP000174,175,RO,Supply Chain,2022-05-19,,,2022-11-19,2022,retained
ACP000175,176,IE,Digital,2021-02-21,2025-12-03,,2021-08-21,2021,retained
ACP000176,177,BG,Finance,2020-04-19,2024-07-11,,2020-10-19,2020,outside_objective_hire_period
ACP000177,178,IE,Digital,2024-11-02,2025-12-11,,2025-05-02,2024,retained
ACP000178,179,RO,Finance,2021-03-04,2023-03-22,,2021-09-04,2021,retained
ACP000179,180,IT,Sales,2025-05-17,,,2025-11-17,2025,retained
ACP000180,181,IE,Finance,2025-04-06,,,2025-10-06,2025,retained
ACP000181,182,IT,Finance,2025-10-14,2025-11-09,,2026-04-14,2025,pending_observation
ACP000182,183,IE,Sales,2022-12-12,,,2023-06-12,2022,retained
ACP000183,184,BG,Supply Chain,2022-07-23,,,2023-01-23,2022,retained
ACP000184,185,BG,Finance,2022-09-08,,,2023-03-08,2022,retained
ACP000185,186,IE,Digital,2023-02-06,2023-12-20,,2023-08-06,2023,retained
ACP000186,187,PL,Finance,2021-12-26,,,2022-06-26,2021,retained
ACP000187,188,PL,Supply Chain,2025-07-14,,,2026-01-14,2025,pending_observation
ACP000188,189,GR,Supply Chain,2022-08-15,,,2023-02-15,2022,retained
ACP000189,190,PL,Sales,2022-11-22,2024-10-08,,2023-05-22,2022,retained
ACP000190,191,GR,Supply Chain,2021-04-27,,,2021-10-27,2021,retained
ACP000191,192,GR,Digital,2024-07-09,,,2025-01-09,2024,retained
ACP000192,193,PL,Digital,2022-12-09,2025-11-13,,2023-06-09,2022,retained
ACP000193,194,BG,Supply Chain,2021-12-21,,,2022-06-21,2021,retained
ACP000194,195,GR,Digital,2023-08-11,,,2024-02-11,2023,retained
ACP000195,196,RO,Finance,2020-08-22,,,2021-02-22,2020,outside_objective_hire_period
ACP000196,197,IT,Sales,2020-12-19,,,2021-06-19,2020,outside_objective_hire_period
ACP000197,198,GR,Supply Chain,2021-02-07,,,2021-08-07,2021,retained
ACP000198,199,RO,Supply Chain,2025-09-30,,,2026-03-30,2025,pending_observation
ACP000199,200,IT,Finance,2020-05-22,,,2020-11-22,2020,outside_objective_hire_period
ACP000200,201,BG,Digital,2025-09-13,,,2026-03-13,2025,pending_observation
ACP000201,202,BG,Sales,2024-10-01,2025-11-05,,2025-04-01,2024,retained
ACP000202,203,BG,Finance,2020-09-26,,,2021-03-26,2020,outside_objective_hire_period
ACP000203,204,BG,Supply Chain,2024-09-16,,,2025-03-16,2024,retained
ACP000204,205,GR,Digital,2020-02-04,,,2020-08-04,2020,outside_objective_hire_period
ACP000205,206,GR,Finance,2024-04-15,,,2024-10-15,2024,retained
ACP000206,207,GR,Sales,2023-10-04,,synthetic_source_recovered,2024-04-04,2023,retained
ACP000207,208,IT,Finance,2023-03-27,,,2023-09-27,2023,retained
ACP000208,209,IE,Digital,2022-03-03,,,2022-09-03,2022,retained
ACP000209,210,IE,Supply Chain,2023-03-21,,,2023-09-21,2023,retained
ACP000210,211,IT,Supply Chain,2023-03-25,,,2023-09-25,2023,retained
ACP000211,212,IT,Finance,2025-01-16,2025-05-09,,2025-07-16,2025,left_before_milestone
ACP000212,213,RO,Digital,2025-08-16,2025-12-23,,2026-02-16,2025,pending_observation
ACP000213,214,IT,Sales,2021-08-07,2022-01-02,,2022-02-07,2021,left_before_milestone
ACP000214,215,BG,Sales,2022-01-27,,,2022-07-27,2022,retained
ACP000215,216,GR,Supply Chain,2021-02-13,,,2021-08-13,2021,retained
ACP000216,217,GR,Finance,2022-05-07,,,2022-11-07,2022,retained
ACP000217,218,GR,Sales,2023-11-01,2025-03-28,,2024-05-01,2023,retained
ACP000218,219,PL,Digital,2023-02-26,2023-12-30,,2023-08-26,2023,retained
ACP000219,220,PL,Sales,2023-11-18,,,2024-05-18,2023,retained
ACP000220,221,PL,Supply Chain,2020-07-10,,,2021-01-10,2020,outside_objective_hire_period
ACP000221,222,IE,Sales,2023-04-30,2023-12-17,,2023-10-30,2023,retained
ACP000222,223,BG,Finance,2025-06-07,2025-12-14,,2025-12-07,2025,retained
ACP000223,224,RO,Digital,2020-01-09,,,2020-07-09,2020,outside_objective_hire_period
ACP000224,225,GR,Sales,2021-12-18,,,2022-06-18,2021,retained
ACP000225,226,GR,Finance,2022-01-06,,,2022-07-06,2022,retained
ACP000226,227,BG,Supply Chain,2023-08-24,,,2024-02-24,2023,retained
ACP000227,228,GR,Digital,2020-05-30,2020-06-27,,2020-11-30,2020,outside_objective_hire_period
ACP000228,229,IT,Sales,2024-05-11,2025-12-13,,2024-11-11,2024,retained
ACP000229,230,GR,Supply Chain,2022-09-17,,,2023-03-17,2022,retained
ACP000230,231,GR,Supply Chain,2020-02-26,,,2020-08-26,2020,outside_objective_hire_period
ACP000231,232,PL,Finance,2024-12-28,,,2025-06-28,2024,retained
ACP000232,233,PL,Digital,2023-05-10,,,2023-11-10,2023,retained
ACP000233,234,IE,Sales,2024-03-06,,,2024-09-06,2024,retained
ACP000234,235,PL,Digital,2024-07-13,2024-12-19,,2025-01-13,2024,left_before_milestone
ACP000235,236,IT,Sales,2024-09-30,,,2025-03-30,2024,retained
ACP000236,237,BG,Supply Chain,2021-09-18,2021-12-16,,2022-03-18,2021,left_before_milestone
ACP000237,238,IE,Finance,2020-11-21,,,2021-05-21,2020,outside_objective_hire_period
ACP000238,239,GR,Sales,2022-04-05,,,2022-10-05,2022,retained
ACP000239,240,PL,Supply Chain,2022-05-25,,,2022-11-25,2022,retained
ACP000240,241,GR,Supply Chain,2024-02-11,,,2024-08-11,2024,retained
ACP000241,242,IT,Finance,2022-01-27,,,2022-07-27,2022,retained
ACP000242,243,GR,Supply Chain,2024-02-03,,,2024-08-03,2024,retained
ACP000243,244,BG,Supply Chain,2024-08-28,,,2025-02-28,2024,retained
ACP000244,245,IT,Supply Chain,2021-07-21,2024-03-12,,2022-01-21,2021,retained
ACP000245,246,BG,Finance,2024-05-25,2024-10-14,,2024-11-25,2024,left_before_milestone
ACP000246,247,GR,Supply Chain,2022-08-08,,,2023-02-08,2022,retained
ACP000247,248,BG,Sales,2024-08-06,,,2025-02-06,2024,retained
ACP000248,249,RO,Finance,2023-02-20,2023-10-22,,2023-08-20,2023,retained
ACP000249,250,BG,Supply Chain,2025-10-28,,,2026-04-28,2025,pending_observation
ACP000250,251,RO,Finance,2023-11-24,2024-03-29,,2024-05-24,2023,left_before_milestone
ACP000251,252,IE,Digital,2021-02-25,2021-04-30,,2021-08-25,2021,left_before_milestone
ACP000252,253,RO,Finance,2023-05-11,,,2023-11-11,2023,retained
ACP000253,254,RO,Supply Chain,2024-01-02,,,2024-07-02,2024,retained
ACP000254,255,PL,Finance,2022-07-12,,,2023-01-12,2022,retained
ACP000255,256,PL,Digital,2024-05-05,,,2024-11-05,2024,retained
ACP000256,257,IE,Supply Chain,2021-08-29,2022-01-24,,2022-02-28,2021,left_before_milestone
ACP000257,258,GR,Sales,2023-04-18,2023-04-30,,2023-10-18,2023,left_before_milestone
ACP000258,259,IT,Supply Chain,2023-09-05,2024-08-12,,2024-03-05,2023,retained
ACP000259,260,GR,Sales,2023-09-13,,,2024-03-13,2023,retained
ACP000260,261,PL,Finance,2021-11-11,,,2022-05-11,2021,retained
ACP000261,262,IT,Digital,2023-11-26,,,2024-05-26,2023,retained
ACP000262,263,PL,Finance,2021-12-19,,,2022-06-19,2021,retained
ACP000263,264,PL,Finance,2021-04-22,2025-01-05,,2021-10-22,2021,retained
ACP000264,265,BG,Supply Chain,2020-08-26,,,2021-02-26,2020,outside_objective_hire_period
ACP000265,266,PL,Sales,2023-08-29,,,2024-02-29,2023,retained
ACP000266,267,IE,Digital,2025-08-13,,,2026-02-13,2025,pending_observation
ACP000267,268,IE,Supply Chain,2023-08-28,,synthetic_source_recovered,2024-02-28,2023,retained
ACP000268,269,PL,Digital,2025-03-03,,,2025-09-03,2025,retained
ACP000269,270,BG,Sales,2023-04-18,,,2023-10-18,2023,retained
ACP000270,271,IE,Supply Chain,2025-02-22,,,2025-08-22,2025,retained
ACP000271,272,IT,Supply Chain,2024-11-06,,,2025-05-06,2024,retained
ACP000272,273,RO,Finance,2024-12-22,,,2025-06-22,2024,retained
ACP000273,274,BG,Digital,2022-06-02,,,2022-12-02,2022,retained
ACP000274,275,IT,Digital,2023-04-20,2023-12-26,,2023-10-20,2023,retained
ACP000275,276,RO,Supply Chain,2024-10-19,2024-12-31,,2025-04-19,2024,left_before_milestone
ACP000276,277,IT,Sales,2023-05-01,2023-06-10,,2023-11-01,2023,left_before_milestone
ACP000277,278,GR,Supply Chain,2020-07-31,2021-01-02,,2021-01-31,2020,outside_objective_hire_period
ACP000278,279,PL,Supply Chain,2021-05-25,,,2021-11-25,2021,retained
ACP000279,280,BG,Digital,2020-11-01,,,2021-05-01,2020,outside_objective_hire_period
ACP000280,281,GR,Sales,2022-12-08,2024-12-25,,2023-06-08,2022,retained
ACP000281,282,IE,Finance,2024-08-14,2025-03-13,,2025-02-14,2024,retained
ACP000282,283,BG,Supply Chain,2024-06-11,2024-09-02,,2024-12-11,2024,left_before_milestone
ACP000283,284,RO,Digital,2021-07-26,,,2022-01-26,2021,retained
ACP000284,285,IE,Finance,2025-03-31,,,2025-09-30,2025,retained
ACP000285,286,BG,Finance,2020-06-28,,,2020-12-28,2020,outside_objective_hire_period
ACP000286,287,PL,Finance,2020-06-18,,,2020-12-18,2020,outside_objective_hire_period
ACP000287,288,IT,Finance,2023-12-20,2024-11-16,,2024-06-20,2023,retained
ACP000288,289,IE,Finance,2024-02-11,,,2024-08-11,2024,retained
ACP000289,290,GR,Digital,2020-08-05,2024-03-28,,2021-02-05,2020,outside_objective_hire_period
ACP000290,291,IT,Supply Chain,2020-02-20,,,2020-08-20,2020,outside_objective_hire_period
ACP000291,292,BG,Finance,2020-08-13,,,2021-02-13,2020,outside_objective_hire_period
ACP000292,293,RO,Digital,2023-05-16,2025-07-27,,2023-11-16,2023,retained
ACP000293,294,BG,Sales,2021-09-18,,,2022-03-18,2021,retained
ACP000294,295,GR,Sales,2021-08-01,2021-11-05,,2022-02-01,2021,left_before_milestone
ACP000295,296,PL,Supply Chain,2020-01-11,2020-09-29,,2020-07-11,2020,outside_objective_hire_period
ACP000296,297,PL,Sales,2025-07-14,,,2026-01-14,2025,pending_observation
ACP000297,298,IE,Supply Chain,2022-02-11,,,2022-08-11,2022,retained
ACP000298,299,IT,Digital,2022-05-03,,,2022-11-03,2022,retained
ACP000299,300,GR,Sales,2023-09-15,2024-12-07,,2024-03-15,2023,retained
ACP000300,301,IE,Supply Chain,2020-09-27,2024-01-30,,2021-03-27,2020,outside_objective_hire_period
ACP000301,302,RO,Sales,2025-07-20,,,2026-01-20,2025,pending_observation
ACP000302,303,PL,Digital,2024-09-18,2025-01-28,,2025-03-18,2024,left_before_milestone
ACP000303,304,IT,Supply Chain,2022-10-21,2024-01-08,,2023-04-21,2022,retained
ACP000304,305,IT,Supply Chain,2023-04-04,2023-06-05,,2023-10-04,2023,left_before_milestone
ACP000305,306,IE,Sales,2023-11-25,,,2024-05-25,2023,retained
ACP000306,307,GR,Digital,2021-05-15,,,2021-11-15,2021,retained
ACP000307,308,PL,Finance,2021-07-06,,,2022-01-06,2021,retained
ACP000308,309,IT,Supply Chain,2021-11-04,2021-11-20,,2022-05-04,2021,left_before_milestone
ACP000309,310,GR,Sales,2020-12-16,,,2021-06-16,2020,outside_objective_hire_period
ACP000310,311,PL,Supply Chain,2022-06-11,2025-07-19,,2022-12-11,2022,retained
ACP000311,312,GR,Sales,2023-11-15,2024-12-10,,2024-05-15,2023,retained
ACP000312,313,GR,Digital,2022-12-04,,,2023-06-04,2022,retained
ACP000313,314,RO,Finance,2023-07-21,,,2024-01-21,2023,retained
ACP000314,315,RO,Digital,2025-10-05,,,2026-04-05,2025,pending_observation
ACP000315,316,GR,Supply Chain,2024-12-05,2025-05-23,,2025-06-05,2024,left_before_milestone
ACP000316,317,GR,Supply Chain,2022-09-29,,,2023-03-29,2022,retained
ACP000317,318,PL,Sales,2020-06-16,,,2020-12-16,2020,outside_objective_hire_period
ACP000318,319,PL,Finance,2022-06-03,2023-11-14,,2022-12-03,2022,retained
ACP000319,320,BG,Sales,2024-01-03,,,2024-07-03,2024,retained
ACP000320,321,IE,Finance,2020-12-01,,,2021-06-01,2020,outside_objective_hire_period
ACP000321,322,BG,Finance,2024-07-31,2024-11-13,,2025-01-31,2024,left_before_milestone
ACP000322,323,PL,Supply Chain,2024-09-06,2025-10-14,,2025-03-06,2024,retained
ACP000323,324,GR,Sales,2024-03-17,2024-06-29,,2024-09-17,2024,left_before_milestone
ACP000324,325,IT,Finance,2025-10-26,,,2026-04-26,2025,pending_observation
ACP000325,326,IT,Finance,2021-02-22,,,2021-08-22,2021,retained
ACP000326,327,GR,Sales,2022-08-01,,,2023-02-01,2022,retained
ACP000327,328,BG,Digital,2024-01-07,2025-01-19,,2024-07-07,2024,retained
ACP000328,329,PL,Supply Chain,2022-04-12,,,2022-10-12,2022,retained
ACP000329,330,IT,Finance,2023-12-14,,,2024-06-14,2023,retained
ACP000330,331,PL,Digital,2020-03-23,2024-05-28,,2020-09-23,2020,outside_objective_hire_period
ACP000331,332,RO,Digital,2021-12-29,,,2022-06-29,2021,retained
ACP000332,333,IE,Sales,2020-01-30,,,2020-07-30,2020,outside_objective_hire_period
ACP000333,334,GR,Finance,2020-11-21,2022-04-22,,2021-05-21,2020,outside_objective_hire_period
ACP000334,335,BG,Supply Chain,2024-05-26,,synthetic_source_recovered,2024-11-26,2024,retained
ACP000335,336,PL,Sales,2024-06-18,2024-11-19,,2024-12-18,2024,left_before_milestone
ACP000336,337,BG,Sales,2024-04-14,2025-06-03,,2024-10-14,2024,retained
ACP000337,338,IE,Sales,2022-05-06,,,2022-11-06,2022,retained
ACP000338,339,GR,Sales,2020-09-24,,,2021-03-24,2020,outside_objective_hire_period
ACP000339,340,PL,Supply Chain,2024-03-07,,,2024-09-07,2024,retained
ACP000340,341,BG,Digital,2021-04-07,,,2021-10-07,2021,retained
ACP000341,342,BG,Digital,2020-02-26,,,2020-08-26,2020,outside_objective_hire_period
ACP000342,343,BG,Supply Chain,2020-01-27,,,2020-07-27,2020,outside_objective_hire_period
ACP000343,344,PL,Finance,2025-09-20,,,2026-03-20,2025,pending_observation
ACP000344,345,PL,Finance,2025-10-29,,,2026-04-29,2025,pending_observation
ACP000345,346,PL,Sales,2023-05-17,,,2023-11-17,2023,retained
ACP000346,347,GR,Digital,2020-10-10,2021-09-02,,2021-04-10,2020,outside_objective_hire_period
ACP000347,348,BG,Sales,2021-07-14,,,2022-01-14,2021,retained
ACP000348,349,IE,Sales,2020-02-10,,,2020-08-10,2020,outside_objective_hire_period
ACP000349,350,PL,Finance,2024-12-04,,,2025-06-04,2024,retained
ACP000350,351,BG,Supply Chain,2022-02-05,,,2022-08-05,2022,retained
ACP000351,352,IT,Finance,2022-07-29,2024-03-29,,2023-01-29,2022,retained
ACP000352,353,IE,Sales,2025-04-28,,,2025-10-28,2025,retained
ACP000353,354,BG,Digital,2023-09-06,2025-01-10,,2024-03-06,2023,retained
ACP000354,355,RO,Finance,2024-01-27,,,2024-07-27,2024,retained
ACP000355,356,RO,Finance,2025-06-03,,,2025-12-03,2025,retained
ACP000356,357,PL,Finance,2020-04-12,2021-02-23,,2020-10-12,2020,outside_objective_hire_period
ACP000357,358,RO,Digital,2023-04-29,,,2023-10-29,2023,retained
ACP000358,359,IE,Finance,2020-05-11,2023-01-18,,2020-11-11,2020,outside_objective_hire_period
ACP000359,360,IT,Digital,2022-01-08,2022-04-27,,2022-07-08,2022,left_before_milestone
ACP000360,361,IT,Sales,2023-05-04,2025-10-05,,2023-11-04,2023,retained
ACP000361,362,GR,Finance,2021-12-05,,,2022-06-05,2021,retained
ACP000362,363,BG,Sales,2025-09-15,,,2026-03-15,2025,pending_observation
ACP000363,364,BG,Finance,2021-11-06,2023-08-27,,2022-05-06,2021,retained
ACP000364,365,IT,Digital,2025-01-15,,,2025-07-15,2025,retained
ACP000365,366,GR,Finance,2023-08-27,,,2024-02-27,2023,retained
ACP000366,367,BG,Supply Chain,2020-12-25,2025-09-11,,2021-06-25,2020,outside_objective_hire_period
ACP000367,368,PL,Finance,2022-11-10,,,2023-05-10,2022,retained
ACP000368,369,GR,Supply Chain,2025-05-24,2025-12-08,synthetic_source_recovered,2025-11-24,2025,retained
ACP000369,370,RO,Digital,2023-08-21,,,2024-02-21,2023,retained
ACP000370,371,RO,Sales,2020-06-24,2021-05-08,,2020-12-24,2020,outside_objective_hire_period
ACP000371,372,IT,Digital,2025-02-26,,,2025-08-26,2025,retained
ACP000372,373,IT,Finance,2023-12-28,,,2024-06-28,2023,retained
ACP000373,374,IE,Finance,2023-05-25,,,2023-11-25,2023,retained
ACP000374,375,IT,Sales,2024-08-05,2025-08-26,,2025-02-05,2024,retained
ACP000375,376,IE,Finance,2024-05-10,,,2024-11-10,2024,retained
ACP000376,377,GR,Finance,2023-05-26,,,2023-11-26,2023,retained
ACP000377,378,IT,Digital,2021-09-16,,,2022-03-16,2021,retained
ACP000378,379,PL,Finance,2023-11-16,,,2024-05-16,2023,retained
ACP000379,380,IE,Sales,2023-02-27,2023-05-25,,2023-08-27,2023,left_before_milestone
ACP000380,381,GR,Supply Chain,2023-01-15,2024-03-23,,2023-07-15,2023,retained
ACP000381,382,IE,Supply Chain,2020-03-07,,,2020-09-07,2020,outside_objective_hire_period
ACP000382,383,GR,Finance,2024-01-11,,,2024-07-11,2024,retained
ACP000383,384,BG,Digital,2024-09-28,,,2025-03-28,2024,retained
ACP000384,385,BG,Digital,2023-04-02,2025-04-18,,2023-10-02,2023,retained
ACP000385,386,PL,Sales,2023-06-02,,,2023-12-02,2023,retained
ACP000386,387,PL,Finance,2024-05-09,2025-03-21,,2024-11-09,2024,retained
ACP000387,388,IT,Sales,2020-05-11,,,2020-11-11,2020,outside_objective_hire_period
ACP000388,389,IE,Finance,2025-07-21,,,2026-01-21,2025,pending_observation
ACP000389,390,BG,Sales,2023-11-13,,,2024-05-13,2023,retained
ACP000390,391,GR,Digital,2020-08-14,2021-01-02,,2021-02-14,2020,outside_objective_hire_period
ACP000391,392,PL,Supply Chain,2022-10-25,,,2023-04-25,2022,retained
ACP000392,393,IT,Supply Chain,2024-09-08,,,2025-03-08,2024,retained
ACP000393,394,GR,Sales,2025-08-18,,,2026-02-18,2025,pending_observation
ACP000394,395,IT,Supply Chain,2025-04-05,,,2025-10-05,2025,retained
ACP000395,396,GR,Supply Chain,2021-04-08,,,2021-10-08,2021,retained
ACP000396,397,PL,Supply Chain,2021-02-24,2024-05-22,,2021-08-24,2021,retained
ACP000397,398,PL,Supply Chain,2022-10-31,,,2023-04-30,2022,retained
ACP000398,399,BG,Sales,2025-10-18,,,2026-04-18,2025,pending_observation
ACP000399,400,RO,Finance,2025-02-27,,,2025-08-27,2025,retained
ACP000400,401,BG,Supply Chain,2021-06-23,,,2021-12-23,2021,retained
ACP000401,402,IT,Supply Chain,2023-01-18,,,2023-07-18,2023,retained
ACP000402,403,PL,Sales,2025-01-04,,,2025-07-04,2025,retained
ACP000403,404,IT,Finance,2025-06-07,2025-08-07,,2025-12-07,2025,left_before_milestone
ACP000404,405,IT,Finance,2023-09-06,2025-11-22,,2024-03-06,2023,retained
ACP000405,406,IE,Digital,2021-01-17,,synthetic_source_recovered,2021-07-17,2021,retained
ACP000406,407,BG,Digital,2025-05-30,2025-12-01,,2025-11-30,2025,retained
ACP000407,408,RO,Supply Chain,2020-02-27,,,2020-08-27,2020,outside_objective_hire_period
ACP000408,409,BG,Digital,2022-10-09,,,2023-04-09,2022,retained
ACP000409,410,RO,Sales,2022-02-25,,,2022-08-25,2022,retained
ACP000410,411,GR,Supply Chain,2024-07-27,,,2025-01-27,2024,retained
ACP000411,412,BG,Supply Chain,2024-02-19,2025-12-01,,2024-08-19,2024,retained
ACP000412,413,PL,Finance,2025-11-24,,,2026-05-24,2025,pending_observation
ACP000413,414,IT,Sales,2023-02-27,2023-09-03,,2023-08-27,2023,retained
ACP000414,415,GR,Digital,2024-05-16,,,2024-11-16,2024,retained
ACP000415,416,PL,Digital,2020-02-20,,,2020-08-20,2020,outside_objective_hire_period
ACP000416,417,IT,Supply Chain,2025-05-30,,,2025-11-30,2025,retained
ACP000417,418,IE,Sales,2023-03-11,2025-03-17,,2023-09-11,2023,retained
ACP000418,419,GR,Sales,2021-06-19,,,2021-12-19,2021,retained
ACP000419,420,BG,Digital,2025-07-19,,,2026-01-19,2025,pending_observation
ACP000420,421,BG,Sales,2022-07-08,,,2023-01-08,2022,retained
ACP000421,422,PL,Digital,2024-10-13,,,2025-04-13,2024,retained
ACP000422,423,IE,Digital,2023-01-22,2024-12-29,,2023-07-22,2023,retained
ACP000423,424,IT,Finance,2023-11-24,,,2024-05-24,2023,retained
ACP000424,425,IT,Sales,2024-04-15,,,2024-10-15,2024,retained
ACP000425,426,RO,Sales,2025-04-20,,,2025-10-20,2025,retained
ACP000426,427,GR,Finance,2022-04-01,2022-06-02,,2022-10-01,2022,left_before_milestone
ACP000427,428,BG,Supply Chain,2022-09-22,,,2023-03-22,2022,retained
ACP000428,429,IT,Supply Chain,2024-06-09,2024-07-28,,2024-12-09,2024,left_before_milestone
ACP000429,430,GR,Sales,2023-12-30,,,2024-06-30,2023,retained
ACP000430,431,IT,Supply Chain,2022-02-09,2022-12-20,,2022-08-09,2022,retained
ACP000431,432,BG,Sales,2020-01-05,2023-08-04,,2020-07-05,2020,outside_objective_hire_period
ACP000432,433,IE,Finance,2021-12-13,,,2022-06-13,2021,retained
ACP000433,434,GR,Digital,2025-07-26,,,2026-01-26,2025,pending_observation
ACP000434,435,PL,Sales,2020-08-31,,,2021-02-28,2020,outside_objective_hire_period
ACP000435,436,RO,Sales,2020-01-09,,,2020-07-09,2020,outside_objective_hire_period
ACP000436,437,BG,Finance,2025-01-18,,,2025-07-18,2025,retained
ACP000437,438,RO,Digital,2024-02-10,,,2024-08-10,2024,retained
ACP000438,439,RO,Digital,2025-05-23,,,2025-11-23,2025,retained
ACP000439,440,IT,Digital,2023-04-28,,,2023-10-28,2023,retained
ACP000440,441,PL,Supply Chain,2023-12-29,,,2024-06-29,2023,retained
ACP000441,442,IE,Supply Chain,2021-09-16,,,2022-03-16,2021,retained
ACP000442,443,GR,Supply Chain,2025-05-22,,,2025-11-22,2025,retained
ACP000443,444,IT,Digital,2020-05-25,,,2020-11-25,2020,outside_objective_hire_period
ACP000444,445,IT,Sales,2022-05-23,2022-10-26,,2022-11-23,2022,left_before_milestone
ACP000445,446,IE,Finance,2022-03-02,,synthetic_source_recovered,2022-09-02,2022,retained
ACP000446,447,BG,Sales,2021-02-14,,,2021-08-14,2021,retained
ACP000447,448,IT,Sales,2023-01-25,,,2023-07-25,2023,retained
ACP000448,449,RO,Supply Chain,2020-08-22,,,2021-02-22,2020,outside_objective_hire_period
ACP000449,450,IT,Supply Chain,2025-04-14,,,2025-10-14,2025,retained
ACP000450,451,PL,Supply Chain,2021-09-05,,,2022-03-05,2021,retained
ACP000451,452,PL,Digital,2021-06-09,2025-09-24,,2021-12-09,2021,retained
ACP000452,453,BG,Finance,2025-05-28,,,2025-11-28,2025,retained
ACP000453,454,IT,Finance,2020-07-09,,,2021-01-09,2020,outside_objective_hire_period
ACP000454,455,IT,Finance,2021-07-01,,,2022-01-01,2021,retained
ACP000455,456,IE,Digital,2025-11-29,,,2026-05-29,2025,pending_observation
ACP000456,457,BG,Digital,2021-09-21,,,2022-03-21,2021,retained
ACP000457,458,IT,Digital,2021-04-27,,,2021-10-27,2021,retained
ACP000458,459,IT,Sales,2024-11-05,2025-12-29,,2025-05-05,2024,retained
ACP000459,460,IT,Supply Chain,2023-02-19,2023-06-10,,2023-08-19,2023,left_before_milestone
ACP000460,461,RO,Sales,2024-02-29,2024-10-27,,2024-08-29,2024,retained
ACP000461,462,BG,Digital,2023-10-16,,,2024-04-16,2023,retained
ACP000462,463,PL,Digital,2021-06-06,2022-04-15,,2021-12-06,2021,retained
ACP000463,464,BG,Digital,2024-07-06,,,2025-01-06,2024,retained
ACP000464,465,RO,Finance,2022-06-12,2024-11-10,,2022-12-12,2022,retained
ACP000465,466,IE,Finance,2022-12-10,2025-12-21,,2023-06-10,2022,retained
ACP000466,467,BG,Sales,2024-09-13,2025-10-04,,2025-03-13,2024,retained
ACP000467,468,BG,Digital,2022-05-26,2023-11-21,,2022-11-26,2022,retained
ACP000468,469,GR,Sales,2024-11-25,,,2025-05-25,2024,retained
ACP000469,470,RO,Sales,2025-01-03,,,2025-07-03,2025,retained
ACP000470,471,BG,Sales,2020-08-06,2025-06-05,,2021-02-06,2020,outside_objective_hire_period
ACP000471,472,PL,Sales,2021-08-03,,,2022-02-03,2021,retained
ACP000472,473,GR,Supply Chain,2022-11-09,,,2023-05-09,2022,retained
ACP000473,474,PL,Supply Chain,2023-11-06,,,2024-05-06,2023,retained
ACP000474,475,RO,Sales,2023-07-10,2025-12-08,,2024-01-10,2023,retained
ACP000475,476,PL,Finance,2023-12-29,2025-05-21,,2024-06-29,2023,retained
ACP000476,477,IT,Finance,2020-04-03,,,2020-10-03,2020,outside_objective_hire_period
ACP000477,478,BG,Supply Chain,2022-11-28,,,2023-05-28,2022,retained
ACP000478,479,RO,Sales,2022-06-19,2022-08-25,,2022-12-19,2022,left_before_milestone
ACP000479,480,BG,Finance,2022-03-06,,,2022-09-06,2022,retained
ACP000480,481,PL,Finance,2020-05-11,2020-08-18,,2020-11-11,2020,outside_objective_hire_period
ACP000481,482,IT,Sales,2023-07-23,2024-04-21,,2024-01-23,2023,retained
ACP000482,483,BG,Sales,2022-07-23,,,2023-01-23,2022,retained
ACP000483,484,RO,Digital,2025-07-11,,,2026-01-11,2025,pending_observation
ACP000484,485,IT,Digital,2023-01-01,,,2023-07-01,2023,retained
ACP000485,486,IT,Digital,2025-10-18,,,2026-04-18,2025,pending_observation
ACP000486,487,IE,Digital,2023-11-16,,,2024-05-16,2023,retained
ACP000487,488,IE,Digital,2023-08-07,,,2024-02-07,2023,retained
ACP000488,489,IT,Finance,2025-04-06,,,2025-10-06,2025,retained
ACP000489,490,RO,Digital,2020-11-14,2020-12-23,,2021-05-14,2020,outside_objective_hire_period
ACP000490,491,GR,Sales,2024-04-11,2024-07-16,,2024-10-11,2024,left_before_milestone
ACP000491,492,IT,Sales,2021-01-01,,,2021-07-01,2021,retained
ACP000492,493,IE,Supply Chain,2023-02-28,,,2023-08-28,2023,retained
ACP000493,494,BG,Supply Chain,2025-05-31,,,2025-11-30,2025,retained
ACP000494,495,BG,Supply Chain,2025-04-04,,,2025-10-04,2025,retained
ACP000495,496,GR,Digital,2020-12-20,,,2021-06-20,2020,outside_objective_hire_period
ACP000496,497,IE,Supply Chain,2024-08-23,,,2025-02-23,2024,retained
ACP000497,498,GR,Sales,2020-02-01,,,2020-08-01,2020,outside_objective_hire_period
ACP000498,499,IT,Finance,2023-10-18,2023-12-13,,2024-04-18,2023,left_before_milestone
ACP000499,500,GR,Sales,2024-12-29,2025-12-29,,2025-06-29,2024,retained
ACP000500,501,BG,Finance,2025-04-16,,,2025-10-16,2025,retained
ACP000501,502,GR,Sales,2025-04-19,,,2025-10-19,2025,retained
ACP000502,503,GR,Sales,2023-02-02,,,2023-08-02,2023,retained
ACP000503,504,PL,Finance,2022-08-28,2023-04-21,,2023-02-28,2022,retained
ACP000504,505,IE,Finance,2024-05-24,2025-12-21,,2024-11-24,2024,retained
ACP000505,506,GR,Supply Chain,2023-08-21,,,2024-02-21,2023,retained
ACP000506,507,PL,Supply Chain,2023-02-08,2025-12-27,,2023-08-08,2023,retained
ACP000507,508,PL,Supply Chain,2020-03-15,2022-07-16,,2020-09-15,2020,outside_objective_hire_period
ACP000508,509,GR,Sales,2021-04-24,2023-03-12,,2021-10-24,2021,retained
ACP000509,510,IE,Finance,2020-01-27,,,2020-07-27,2020,outside_objective_hire_period
ACP000510,511,RO,Finance,2023-12-22,,,2024-06-22,2023,retained
ACP000511,512,IE,Finance,2020-04-15,,,2020-10-15,2020,outside_objective_hire_period
ACP000512,513,RO,Finance,2020-06-04,,,2020-12-04,2020,outside_objective_hire_period
ACP000513,514,IT,Digital,2021-04-22,,,2021-10-22,2021,retained
ACP000514,515,BG,Supply Chain,2024-09-26,2024-12-28,,2025-03-26,2024,left_before_milestone
ACP000515,516,GR,Sales,2020-11-11,,,2021-05-11,2020,outside_objective_hire_period
ACP000516,517,IT,Finance,2020-12-21,2021-03-31,,2021-06-21,2020,outside_objective_hire_period
ACP000517,518,IE,Finance,2025-03-08,2025-05-06,,2025-09-08,2025,left_before_milestone
ACP000518,519,BG,Sales,2023-05-30,,,2023-11-30,2023,retained
ACP000519,520,IT,Finance,2021-12-04,,,2022-06-04,2021,retained
ACP000520,521,RO,Digital,2025-03-29,2025-12-25,,2025-09-29,2025,retained
ACP000521,522,IT,Finance,2023-05-03,2024-05-05,,2023-11-03,2023,retained
ACP000522,523,IE,Supply Chain,2020-01-24,2024-02-21,,2020-07-24,2020,outside_objective_hire_period
ACP000523,524,BG,Finance,2025-05-27,2025-12-19,,2025-11-27,2025,retained
ACP000524,525,GR,Digital,2024-04-08,,,2024-10-08,2024,retained
ACP000525,526,IE,Supply Chain,2024-03-14,2024-03-26,,2024-09-14,2024,left_before_milestone
ACP000526,527,GR,Sales,2023-07-22,,,2024-01-22,2023,retained
ACP000527,528,IT,Digital,2024-10-04,2025-12-17,,2025-04-04,2024,retained
ACP000528,529,IT,Digital,2021-05-01,,,2021-11-01,2021,retained
ACP000529,530,RO,Finance,2021-11-14,,,2022-05-14,2021,retained
ACP000530,531,GR,Supply Chain,2025-08-13,,,2026-02-13,2025,pending_observation
ACP000531,532,IT,Supply Chain,2022-12-29,,,2023-06-29,2022,retained
ACP000532,533,GR,Digital,2020-04-29,,,2020-10-29,2020,outside_objective_hire_period
ACP000533,534,BG,Supply Chain,2024-02-12,2025-01-23,,2024-08-12,2024,retained
ACP000534,535,BG,Supply Chain,2024-09-04,2024-11-26,synthetic_source_recovered,2025-03-04,2024,left_before_milestone
ACP000535,536,GR,Finance,2022-02-10,,,2022-08-10,2022,retained
ACP000536,537,IE,Digital,2024-11-05,,,2025-05-05,2024,retained
ACP000537,538,BG,Digital,2025-03-16,,,2025-09-16,2025,retained
ACP000538,539,IT,Supply Chain,2020-08-28,,,2021-02-28,2020,outside_objective_hire_period
ACP000539,540,BG,Supply Chain,2024-11-30,,,2025-05-30,2024,retained
ACP000540,541,BG,Finance,2023-02-22,2024-01-15,,2023-08-22,2023,retained
ACP000541,542,IT,Digital,2024-03-01,,,2024-09-01,2024,retained
ACP000542,543,RO,Supply Chain,2025-08-26,,,2026-02-26,2025,pending_observation
ACP000543,544,GR,Finance,2021-04-14,,,2021-10-14,2021,retained
ACP000544,545,GR,Finance,2021-09-03,,,2022-03-03,2021,retained
ACP000545,546,IT,Supply Chain,2021-04-18,,,2021-10-18,2021,retained
ACP000546,547,RO,Supply Chain,2022-06-03,,,2022-12-03,2022,retained
ACP000547,548,BG,Finance,2023-01-27,,,2023-07-27,2023,retained
ACP000548,549,GR,Supply Chain,2020-06-21,,,2020-12-21,2020,outside_objective_hire_period
ACP000549,550,BG,Digital,2020-06-30,2024-04-09,,2020-12-30,2020,outside_objective_hire_period
ACP000550,551,RO,Finance,2021-08-11,2025-08-04,,2022-02-11,2021,retained
ACP000551,552,IE,Digital,2023-03-04,,,2023-09-04,2023,retained
ACP000552,553,GR,Sales,2020-07-11,,,2021-01-11,2020,outside_objective_hire_period
ACP000553,554,IT,Finance,2023-02-25,2025-01-10,,2023-08-25,2023,retained
ACP000554,555,IE,Sales,2024-09-21,,,2025-03-21,2024,retained
ACP000555,556,IT,Finance,2020-03-20,2020-10-26,,2020-09-20,2020,outside_objective_hire_period
ACP000556,557,GR,Supply Chain,2021-05-22,2021-06-03,,2021-11-22,2021,left_before_milestone
ACP000557,558,IE,Supply Chain,2020-02-18,2025-05-15,,2020-08-18,2020,outside_objective_hire_period
ACP000558,559,IT,Finance,2023-02-08,,,2023-08-08,2023,retained
ACP000559,560,IT,Digital,2021-10-28,2023-04-19,,2022-04-28,2021,retained
ACP000560,561,RO,Supply Chain,2021-06-11,2024-04-27,synthetic_source_recovered,2021-12-11,2021,retained
ACP000561,562,BG,Sales,2022-06-06,,,2022-12-06,2022,retained
ACP000562,563,PL,Sales,2025-09-22,,,2026-03-22,2025,pending_observation
ACP000563,564,IE,Digital,2025-10-25,,,2026-04-25,2025,pending_observation
ACP000564,565,GR,Supply Chain,2023-09-03,,,2024-03-03,2023,retained
ACP000565,566,PL,Sales,2025-11-20,,,2026-05-20,2025,pending_observation
ACP000566,567,BG,Supply Chain,2021-04-07,,synthetic_source_recovered,2021-10-07,2021,retained
ACP000567,568,BG,Digital,2022-10-10,,,2023-04-10,2022,retained
ACP000568,569,IE,Digital,2020-08-12,2020-10-24,,2021-02-12,2020,outside_objective_hire_period
ACP000569,570,IE,Sales,2025-04-10,,,2025-10-10,2025,retained
ACP000570,571,IE,Supply Chain,2022-09-14,,,2023-03-14,2022,retained
ACP000571,572,BG,Digital,2021-07-27,,,2022-01-27,2021,retained
ACP000572,573,IT,Digital,2023-08-25,,,2024-02-25,2023,retained
ACP000573,574,RO,Finance,2022-12-16,,,2023-06-16,2022,retained
ACP000574,575,GR,Supply Chain,2025-06-05,2025-09-18,,2025-12-05,2025,left_before_milestone
ACP000575,576,RO,Supply Chain,2022-10-24,2024-09-25,,2023-04-24,2022,retained
ACP000576,577,PL,Supply Chain,2023-05-23,,,2023-11-23,2023,retained
ACP000577,578,RO,Digital,2021-10-26,,,2022-04-26,2021,retained
ACP000578,579,IE,Finance,2020-06-03,2023-05-04,,2020-12-03,2020,outside_objective_hire_period
ACP000579,580,IT,Supply Chain,2020-08-21,2020-11-19,,2021-02-21,2020,outside_objective_hire_period
ACP000580,581,IE,Finance,2023-11-30,2024-01-16,,2024-05-30,2023,left_before_milestone
ACP000581,582,IE,Finance,2025-04-17,2025-10-27,,2025-10-17,2025,retained
ACP000582,583,GR,Finance,2022-11-16,,,2023-05-16,2022,retained
ACP000583,584,PL,Sales,2020-10-01,,,2021-04-01,2020,outside_objective_hire_period
ACP000584,585,IT,Sales,2022-05-17,2022-06-30,,2022-11-17,2022,left_before_milestone
ACP000585,586,GR,Supply Chain,2023-12-09,2024-03-24,,2024-06-09,2023,left_before_milestone
ACP000586,587,RO,Sales,2024-04-06,,,2024-10-06,2024,retained
ACP000587,588,IE,Finance,2024-11-20,,,2025-05-20,2024,retained
ACP000588,589,BG,Finance,2024-08-03,2025-12-28,,2025-02-03,2024,retained
ACP000589,590,IT,Sales,2022-08-02,2023-02-15,,2023-02-02,2022,retained
ACP000590,591,BG,Supply Chain,2022-09-07,,,2023-03-07,2022,retained
ACP000591,592,PL,Finance,2021-01-25,2022-06-26,,2021-07-25,2021,retained
ACP000592,593,BG,Digital,2022-11-27,2023-05-22,,2023-05-27,2022,left_before_milestone
ACP000593,594,BG,Supply Chain,2024-01-09,2024-10-21,,2024-07-09,2024,retained
ACP000594,595,GR,Supply Chain,2024-10-23,,,2025-04-23,2024,retained
ACP000595,596,BG,Digital,2020-06-08,,,2020-12-08,2020,outside_objective_hire_period
ACP000596,597,BG,Finance,2023-01-02,,,2023-07-02,2023,retained
ACP000597,598,IT,Supply Chain,2025-01-12,,,2025-07-12,2025,retained
ACP000598,599,IE,Finance,2023-08-16,2023-12-21,,2024-02-16,2023,left_before_milestone
ACP000599,600,RO,Finance,2023-07-22,,,2024-01-22,2023,retained
ACP000600,601,IE,Sales,2022-07-07,,,2023-01-07,2022,retained
ACP000601,602,PL,Finance,2024-08-25,,,2025-02-25,2024,retained
ACP000602,603,RO,Digital,2021-11-29,2022-02-03,,2022-05-29,2021,left_before_milestone
ACP000603,604,GR,Digital,2024-04-11,,,2024-10-11,2024,retained
ACP000604,605,PL,Sales,2024-12-24,,,2025-06-24,2024,retained
ACP000605,606,PL,Sales,2022-08-11,,,2023-02-11,2022,retained
ACP000606,607,PL,Supply Chain,2023-04-14,2025-08-15,,2023-10-14,2023,retained
ACP000607,608,PL,Finance,2024-04-09,,synthetic_source_recovered,2024-10-09,2024,retained
ACP000608,609,IE,Supply Chain,2021-12-12,2022-03-30,,2022-06-12,2021,left_before_milestone
ACP000609,610,IE,Finance,2020-06-08,2020-09-12,,2020-12-08,2020,outside_objective_hire_period
ACP000610,611,IT,Digital,2021-03-27,,,2021-09-27,2021,retained
ACP000611,612,PL,Sales,2025-03-23,,,2025-09-23,2025,retained
ACP000612,613,BG,Finance,2021-05-07,,,2021-11-07,2021,retained
ACP000613,614,IE,Sales,2025-02-15,,,2025-08-15,2025,retained
ACP000614,615,PL,Supply Chain,2022-12-23,,,2023-06-23,2022,retained
ACP000615,616,IT,Sales,2022-01-24,,,2022-07-24,2022,retained
ACP000616,617,GR,Supply Chain,2023-08-06,2025-10-24,synthetic_source_recovered,2024-02-06,2023,retained
ACP000617,618,BG,Finance,2022-12-14,2023-08-29,,2023-06-14,2022,retained
ACP000618,619,RO,Sales,2023-02-12,,,2023-08-12,2023,retained
ACP000619,620,PL,Finance,2023-04-06,,,2023-10-06,2023,retained
ACP000620,621,BG,Sales,2021-11-10,,,2022-05-10,2021,retained
ACP000621,622,GR,Supply Chain,2024-02-19,,,2024-08-19,2024,retained
ACP000622,623,RO,Sales,2020-05-19,,,2020-11-19,2020,outside_objective_hire_period
ACP000623,624,IE,Finance,2025-09-05,,synthetic_source_recovered,2026-03-05,2025,pending_observation
ACP000624,625,IT,Finance,2021-01-11,,,2021-07-11,2021,retained
ACP000625,626,RO,Finance,2023-12-28,,,2024-06-28,2023,retained
ACP000626,627,IE,Sales,2025-11-13,,,2026-05-13,2025,pending_observation
ACP000627,628,RO,Finance,2024-02-17,,,2024-08-17,2024,retained
ACP000628,629,GR,Digital,2020-11-15,,,2021-05-15,2020,outside_objective_hire_period
ACP000629,630,RO,Finance,2020-08-29,,,2021-02-28,2020,outside_objective_hire_period
ACP000630,631,GR,Digital,2023-08-03,2023-09-28,,2024-02-03,2023,left_before_milestone
ACP000631,632,IT,Finance,2022-09-18,,,2023-03-18,2022,retained
ACP000632,633,BG,Supply Chain,2024-02-19,,,2024-08-19,2024,retained
ACP000633,634,BG,Supply Chain,2025-01-15,,,2025-07-15,2025,retained
ACP000634,635,IT,Supply Chain,2022-02-21,,,2022-08-21,2022,retained
ACP000635,636,IT,Digital,2020-07-01,,,2021-01-01,2020,outside_objective_hire_period
ACP000636,637,IT,Finance,2024-03-09,2025-05-11,,2024-09-09,2024,retained
ACP000637,638,GR,Finance,2021-04-22,,,2021-10-22,2021,retained
ACP000638,639,RO,Finance,2020-07-22,2020-10-22,,2021-01-22,2020,outside_objective_hire_period
ACP000639,640,GR,Supply Chain,2020-03-19,,,2020-09-19,2020,outside_objective_hire_period
ACP000640,641,IT,Sales,2025-01-31,,,2025-07-31,2025,retained
ACP000641,642,RO,Digital,2025-03-10,,,2025-09-10,2025,retained
ACP000642,643,BG,Supply Chain,2024-10-29,,,2025-04-29,2024,retained
ACP000643,644,PL,Sales,2024-08-18,,,2025-02-18,2024,retained
ACP000644,645,RO,Finance,2022-09-24,2022-12-02,,2023-03-24,2022,left_before_milestone
ACP000645,646,IE,Sales,2023-04-22,,,2023-10-22,2023,retained
ACP000646,647,RO,Digital,2020-05-13,2020-09-28,,2020-11-13,2020,outside_objective_hire_period
ACP000647,648,GR,Supply Chain,2022-05-21,,,2022-11-21,2022,retained
ACP000648,649,GR,Finance,2022-07-29,,,2023-01-29,2022,retained
ACP000649,650,RO,Supply Chain,2022-06-17,,,2022-12-17,2022,retained
ACP000650,651,GR,Sales,2025-05-06,,,2025-11-06,2025,retained
ACP000651,652,IT,Finance,2022-11-01,,,2023-05-01,2022,retained
ACP000652,653,PL,Finance,2022-07-31,,,2023-01-31,2022,retained
ACP000653,654,RO,Sales,2022-02-17,,,2022-08-17,2022,retained
ACP000654,655,IT,Finance,2021-08-07,2022-08-01,,2022-02-07,2021,retained
ACP000655,656,PL,Supply Chain,2022-10-09,2025-08-05,,2023-04-09,2022,retained
ACP000656,657,PL,Supply Chain,2023-11-27,,,2024-05-27,2023,retained
ACP000657,658,IE,Supply Chain,2022-03-12,,,2022-09-12,2022,retained
ACP000658,659,IT,Supply Chain,2021-09-18,2025-04-16,,2022-03-18,2021,retained
ACP000659,660,GR,Supply Chain,2023-08-24,,,2024-02-24,2023,retained
ACP000660,661,PL,Finance,2020-10-26,,,2021-04-26,2020,outside_objective_hire_period
ACP000661,662,GR,Digital,2021-10-09,,,2022-04-09,2021,retained
ACP000662,663,GR,Finance,2024-06-08,,,2024-12-08,2024,retained
ACP000663,664,BG,Sales,2025-04-27,,,2025-10-27,2025,retained
ACP000664,665,PL,Finance,2020-10-15,2022-09-15,,2021-04-15,2020,outside_objective_hire_period
ACP000665,666,IT,Finance,2022-07-03,,,2023-01-03,2022,retained
ACP000666,667,GR,Finance,2021-04-08,,,2021-10-08,2021,retained
ACP000667,668,RO,Sales,2024-09-28,,,2025-03-28,2024,retained
ACP000668,669,IE,Supply Chain,2022-11-04,,,2023-05-04,2022,retained
ACP000669,670,IT,Sales,2020-01-28,,,2020-07-28,2020,outside_objective_hire_period
ACP000670,671,GR,Supply Chain,2021-02-18,2023-12-23,,2021-08-18,2021,retained
ACP000671,672,BG,Supply Chain,2020-01-16,,,2020-07-16,2020,outside_objective_hire_period
ACP000672,673,BG,Supply Chain,2023-01-14,,,2023-07-14,2023,retained
ACP000673,674,IT,Supply Chain,2020-07-02,2021-10-22,,2021-01-02,2020,outside_objective_hire_period
ACP000674,675,RO,Supply Chain,2024-06-22,,,2024-12-22,2024,retained
ACP000675,676,GR,Supply Chain,2022-08-01,2023-05-12,,2023-02-01,2022,retained
ACP000676,677,IE,Supply Chain,2025-03-15,,,2025-09-15,2025,retained
ACP000677,678,BG,Digital,2025-10-07,,,2026-04-07,2025,pending_observation
ACP000678,679,IE,Sales,2021-10-29,,,2022-04-29,2021,retained
ACP000679,680,IE,Supply Chain,2022-08-28,,,2023-02-28,2022,retained
ACP000680,681,BG,Sales,2022-09-15,2023-01-17,,2023-03-15,2022,left_before_milestone
ACP000681,682,GR,Digital,2022-01-21,2025-05-12,,2022-07-21,2022,retained
ACP000682,683,BG,Finance,2025-01-09,,,2025-07-09,2025,retained
ACP000683,684,IT,Finance,2024-08-29,,,2025-02-28,2024,retained
ACP000684,685,RO,Sales,2020-07-25,2022-11-16,,2021-01-25,2020,outside_objective_hire_period
ACP000685,686,GR,Digital,2020-07-03,,,2021-01-03,2020,outside_objective_hire_period
ACP000686,687,PL,Digital,2024-07-24,2025-11-03,,2025-01-24,2024,retained
ACP000687,688,IT,Digital,2025-09-16,,,2026-03-16,2025,pending_observation
ACP000688,689,IE,Sales,2024-02-01,2024-12-11,,2024-08-01,2024,retained
ACP000689,690,IT,Supply Chain,2021-07-20,2021-08-31,,2022-01-20,2021,left_before_milestone
ACP000690,691,BG,Digital,2025-01-19,2025-05-05,,2025-07-19,2025,left_before_milestone
ACP000691,692,IE,Supply Chain,2022-12-13,2025-04-18,,2023-06-13,2022,retained
ACP000692,693,PL,Supply Chain,2025-06-24,,,2025-12-24,2025,retained
ACP000693,694,PL,Finance,2025-08-05,,,2026-02-05,2025,pending_observation
ACP000694,695,IT,Supply Chain,2025-09-03,,,2026-03-03,2025,pending_observation
ACP000695,696,BG,Supply Chain,2023-03-10,,,2023-09-10,2023,retained
ACP000696,697,IE,Digital,2020-10-23,,,2021-04-23,2020,outside_objective_hire_period
ACP000697,698,IT,Digital,2021-07-31,2024-02-12,,2022-01-31,2021,retained
ACP000698,699,PL,Sales,2020-06-28,,,2020-12-28,2020,outside_objective_hire_period
ACP000699,700,BG,Finance,2023-01-19,,,2023-07-19,2023,retained
ACP000700,701,IE,Supply Chain,2024-08-18,2025-01-15,,2025-02-18,2024,left_before_milestone
ACP000701,702,IT,Supply Chain,2024-04-21,,,2024-10-21,2024,retained
ACP000702,703,RO,Sales,2024-08-24,,,2025-02-24,2024,retained
ACP000703,704,BG,Sales,2023-04-20,2024-02-10,,2023-10-20,2023,retained
ACP000704,705,IT,Finance,2023-08-04,,,2024-02-04,2023,retained
ACP000705,706,BG,Sales,2020-12-10,2021-06-25,,2021-06-10,2020,outside_objective_hire_period
ACP000706,707,BG,Finance,2022-08-09,,,2023-02-09,2022,retained
ACP000707,708,RO,Digital,2025-08-15,,,2026-02-15,2025,pending_observation
ACP000708,709,RO,Digital,2023-10-17,2025-10-19,,2024-04-17,2023,retained
ACP000709,710,PL,Supply Chain,2020-01-10,,,2020-07-10,2020,outside_objective_hire_period
ACP000710,711,BG,Finance,2021-12-31,,,2022-06-30,2021,retained
ACP000711,712,GR,Sales,2024-09-14,,,2025-03-14,2024,retained
ACP000712,713,IT,Digital,2020-11-29,,,2021-05-29,2020,outside_objective_hire_period
ACP000713,714,GR,Finance,2024-07-09,,,2025-01-09,2024,retained
ACP000714,715,GR,Sales,2024-03-27,,,2024-09-27,2024,retained
ACP000715,716,IT,Sales,2020-12-01,2022-04-26,,2021-06-01,2020,outside_objective_hire_period
ACP000716,717,BG,Supply Chain,2023-03-11,,,2023-09-11,2023,retained
ACP000717,718,IE,Sales,2020-04-21,2023-05-25,,2020-10-21,2020,outside_objective_hire_period
ACP000718,719,IE,Supply Chain,2021-06-19,2022-04-22,,2021-12-19,2021,retained
ACP000719,720,BG,Sales,2024-03-10,,,2024-09-10,2024,retained
ACP000720,721,RO,Digital,2020-09-07,,,2021-03-07,2020,outside_objective_hire_period
ACP000721,722,BG,Sales,2025-04-01,,,2025-10-01,2025,retained
ACP000722,723,GR,Finance,2024-08-17,,,2025-02-17,2024,retained
ACP000723,724,RO,Digital,2021-07-05,,,2022-01-05,2021,retained
ACP000724,725,IT,Finance,2024-01-20,,,2024-07-20,2024,retained
ACP000725,726,PL,Finance,2022-09-05,,,2023-03-05,2022,retained
ACP000726,727,IT,Supply Chain,2025-07-15,,,2026-01-15,2025,pending_observation
ACP000727,728,BG,Sales,2024-01-27,,,2024-07-27,2024,retained
ACP000728,729,RO,Digital,2021-01-21,,,2021-07-21,2021,retained
ACP000729,730,PL,Sales,2022-11-11,,,2023-05-11,2022,retained
ACP000730,731,IT,Supply Chain,2022-09-05,2025-06-29,,2023-03-05,2022,retained
ACP000731,732,GR,Digital,2020-08-16,,,2021-02-16,2020,outside_objective_hire_period
ACP000732,733,RO,Supply Chain,2024-02-06,2025-03-15,,2024-08-06,2024,retained
ACP000733,734,RO,Finance,2020-06-19,,,2020-12-19,2020,outside_objective_hire_period
ACP000734,735,IE,Sales,2025-05-17,,,2025-11-17,2025,retained
ACP000735,736,BG,Digital,2023-11-25,,,2024-05-25,2023,retained
ACP000736,737,IT,Finance,2020-08-22,,,2021-02-22,2020,outside_objective_hire_period
ACP000737,738,IT,Digital,2021-01-09,,synthetic_source_recovered,2021-07-09,2021,retained
ACP000738,739,PL,Finance,2022-12-26,,,2023-06-26,2022,retained
ACP000739,740,BG,Sales,2020-06-12,2021-01-21,,2020-12-12,2020,outside_objective_hire_period
ACP000740,741,IE,Supply Chain,2022-11-19,2025-06-19,,2023-05-19,2022,retained
ACP000741,742,IT,Finance,2024-03-28,,,2024-09-28,2024,retained
ACP000742,743,RO,Digital,2023-06-24,2023-12-11,,2023-12-24,2023,left_before_milestone
ACP000743,744,PL,Sales,2024-02-09,2025-09-18,,2024-08-09,2024,retained
ACP000744,745,IE,Digital,2025-10-28,,,2026-04-28,2025,pending_observation
ACP000745,746,GR,Digital,2021-01-10,2025-02-08,,2021-07-10,2021,retained
ACP000746,747,GR,Sales,2021-10-05,2022-01-29,,2022-04-05,2021,left_before_milestone
ACP000747,748,PL,Finance,2020-06-25,,,2020-12-25,2020,outside_objective_hire_period
ACP000748,749,PL,Finance,2021-10-20,,,2022-04-20,2021,retained
ACP000749,750,PL,Supply Chain,2022-02-26,,,2022-08-26,2022,retained
ACP000750,751,IE,Digital,2024-09-10,,,2025-03-10,2024,retained
ACP000751,752,IT,Sales,2021-03-05,,,2021-09-05,2021,retained
ACP000752,753,PL,Digital,2023-09-01,2024-07-17,,2024-03-01,2023,retained
ACP000753,754,IE,Digital,2020-04-23,2020-09-21,,2020-10-23,2020,outside_objective_hire_period
ACP000754,755,PL,Finance,2024-06-16,,,2024-12-16,2024,retained
ACP000755,756,GR,Supply Chain,2024-01-02,,,2024-07-02,2024,retained
ACP000756,757,IT,Supply Chain,2020-10-13,,,2021-04-13,2020,outside_objective_hire_period
ACP000757,758,IT,Digital,2021-04-26,,,2021-10-26,2021,retained
ACP000758,759,RO,Finance,2021-07-17,,,2022-01-17,2021,retained
ACP000759,760,IT,Finance,2020-10-24,2023-04-17,,2021-04-24,2020,outside_objective_hire_period
ACP000760,761,PL,Finance,2025-08-27,,,2026-02-27,2025,pending_observation
ACP000761,762,RO,Digital,2023-05-09,,,2023-11-09,2023,retained
ACP000762,763,GR,Finance,2021-07-26,,,2022-01-26,2021,retained
ACP000763,764,IT,Supply Chain,2021-10-27,2022-01-02,,2022-04-27,2021,left_before_milestone
ACP000764,765,IT,Digital,2024-05-03,2025-12-24,,2024-11-03,2024,retained
ACP000765,766,GR,Sales,2023-02-20,,,2023-08-20,2023,retained
ACP000766,767,PL,Supply Chain,2021-06-03,,,2021-12-03,2021,retained
ACP000767,768,IE,Digital,2022-06-17,,,2022-12-17,2022,retained
ACP000768,769,IE,Digital,2025-03-02,,,2025-09-02,2025,retained
ACP000769,770,RO,Supply Chain,2024-09-11,2025-11-16,,2025-03-11,2024,retained
ACP000770,771,GR,Finance,2025-01-14,,,2025-07-14,2025,retained
ACP000771,772,BG,Supply Chain,2024-07-29,,,2025-01-29,2024,retained
ACP000772,773,RO,Sales,2024-08-03,2025-01-22,,2025-02-03,2024,left_before_milestone
ACP000773,774,BG,Supply Chain,2022-09-11,2025-09-11,,2023-03-11,2022,retained
ACP000774,775,PL,Digital,2024-08-30,,,2025-02-28,2024,retained
ACP000775,776,RO,Finance,2024-02-15,,,2024-08-15,2024,retained
ACP000776,777,GR,Digital,2023-07-15,2025-03-08,,2024-01-15,2023,retained
ACP000777,778,IE,Finance,2022-10-22,,,2023-04-22,2022,retained
ACP000778,779,IT,Sales,2025-07-17,,,2026-01-17,2025,pending_observation
ACP000779,780,RO,Supply Chain,2024-06-02,,,2024-12-02,2024,retained
ACP000780,781,IT,Supply Chain,2023-02-28,,,2023-08-28,2023,retained
ACP000781,782,IE,Supply Chain,2020-01-16,,,2020-07-16,2020,outside_objective_hire_period
ACP000782,783,PL,Finance,2021-10-22,,,2022-04-22,2021,retained
ACP000783,784,IT,Sales,2024-06-17,,,2024-12-17,2024,retained
ACP000784,785,PL,Digital,2022-09-20,2022-11-24,,2023-03-20,2022,left_before_milestone
ACP000785,786,BG,Finance,2023-01-28,2025-06-27,,2023-07-28,2023,retained
ACP000786,787,BG,Finance,2020-04-28,,,2020-10-28,2020,outside_objective_hire_period
ACP000787,788,IT,Supply Chain,2020-06-16,2020-07-15,,2020-12-16,2020,outside_objective_hire_period
ACP000788,789,BG,Supply Chain,2022-05-10,2025-06-01,,2022-11-10,2022,retained
ACP000789,790,IE,Sales,2020-12-21,2021-06-28,,2021-06-21,2020,outside_objective_hire_period
ACP000790,791,BG,Supply Chain,2024-06-06,,,2024-12-06,2024,retained
ACP000791,792,BG,Supply Chain,2023-10-23,,,2024-04-23,2023,retained
ACP000792,793,IE,Finance,2022-09-25,,,2023-03-25,2022,retained
ACP000793,794,IT,Digital,2024-03-18,2024-11-03,,2024-09-18,2024,retained
ACP000794,795,PL,Digital,2024-02-07,,,2024-08-07,2024,retained
ACP000795,796,IT,Supply Chain,2020-03-18,,,2020-09-18,2020,outside_objective_hire_period
ACP000796,797,IT,Digital,2024-11-19,,,2025-05-19,2024,retained
ACP000797,798,PL,Supply Chain,2022-10-16,,,2023-04-16,2022,retained
ACP000798,799,IE,Supply Chain,2024-12-28,,synthetic_source_recovered,2025-06-28,2024,retained
ACP000799,800,PL,Sales,2023-01-21,2023-05-24,,2023-07-21,2023,left_before_milestone
ACP000800,801,RO,Finance,2024-06-19,,,2024-12-19,2024,retained
ACP000801,802,PL,Finance,2025-01-24,,synthetic_source_recovered,2025-07-24,2025,retained
ACP000802,803,RO,Sales,2024-04-10,,,2024-10-10,2024,retained
ACP000803,804,IT,Digital,2022-05-17,,,2022-11-17,2022,retained
ACP000804,805,RO,Digital,2024-11-20,,,2025-05-20,2024,retained
ACP000805,806,GR,Sales,2022-01-22,2022-02-08,,2022-07-22,2022,left_before_milestone
ACP000806,807,IE,Supply Chain,2023-08-07,,,2024-02-07,2023,retained
ACP000807,808,BG,Finance,2022-06-16,,,2022-12-16,2022,retained
ACP000808,809,BG,Finance,2025-10-29,,,2026-04-29,2025,pending_observation
ACP000809,810,RO,Sales,2022-03-30,2023-01-22,,2022-09-30,2022,retained
ACP000810,811,IT,Sales,2024-08-02,,,2025-02-02,2024,retained
ACP000811,812,BG,Digital,2023-11-03,2025-07-26,,2024-05-03,2023,retained
ACP000812,813,IT,Sales,2020-06-30,,,2020-12-30,2020,outside_objective_hire_period
ACP000813,814,RO,Digital,2025-03-15,,,2025-09-15,2025,retained
ACP000814,815,BG,Supply Chain,2022-01-30,,,2022-07-30,2022,retained
ACP000815,816,IT,Sales,2021-08-12,2022-01-19,,2022-02-12,2021,left_before_milestone
ACP000816,817,PL,Supply Chain,2021-02-18,,,2021-08-18,2021,retained
ACP000817,818,IT,Finance,2022-11-28,,,2023-05-28,2022,retained
ACP000818,819,IE,Supply Chain,2024-05-24,,,2024-11-24,2024,retained
ACP000819,820,RO,Digital,2024-11-02,,,2025-05-02,2024,retained
ACP000820,821,BG,Sales,2023-06-14,2025-04-14,,2023-12-14,2023,retained
ACP000821,822,RO,Finance,2025-08-10,,,2026-02-10,2025,pending_observation
ACP000822,823,IT,Finance,2020-11-22,,,2021-05-22,2020,outside_objective_hire_period
ACP000823,824,IE,Finance,2021-08-25,,,2022-02-25,2021,retained
ACP000824,825,IE,Digital,2024-03-13,2024-04-15,,2024-09-13,2024,left_before_milestone
ACP000825,826,PL,Finance,2023-12-14,2024-12-14,,2024-06-14,2023,retained
ACP000826,827,IT,Digital,2022-01-28,,,2022-07-28,2022,retained
ACP000827,828,GR,Supply Chain,2024-02-14,2024-06-02,,2024-08-14,2024,left_before_milestone
ACP000828,829,BG,Finance,2021-11-29,,,2022-05-29,2021,retained
ACP000829,830,PL,Finance,2022-01-31,2022-09-22,,2022-07-31,2022,retained
ACP000830,831,GR,Sales,2021-11-16,,,2022-05-16,2021,retained
ACP000831,832,BG,Digital,2021-03-02,,,2021-09-02,2021,retained
ACP000832,833,IE,Finance,2023-12-29,2025-06-11,,2024-06-29,2023,retained
ACP000833,834,IT,Finance,2022-11-30,,,2023-05-30,2022,retained
ACP000834,835,IT,Sales,2021-06-13,2021-09-12,,2021-12-13,2021,left_before_milestone
ACP000835,836,IT,Sales,2023-06-29,2023-11-07,,2023-12-29,2023,left_before_milestone
ACP000836,837,GR,Supply Chain,2023-09-23,,,2024-03-23,2023,retained
ACP000837,838,IT,Digital,2024-12-31,,,2025-06-30,2024,retained
ACP000838,839,GR,Digital,2020-02-27,2023-04-09,,2020-08-27,2020,outside_objective_hire_period
ACP000839,840,GR,Finance,2020-10-31,,,2021-04-30,2020,outside_objective_hire_period
ACP000840,841,BG,Supply Chain,2020-07-24,,,2021-01-24,2020,outside_objective_hire_period
ACP000841,842,RO,Supply Chain,2020-02-18,,,2020-08-18,2020,outside_objective_hire_period
ACP000842,843,BG,Finance,2025-05-15,2025-08-17,,2025-11-15,2025,left_before_milestone
ACP000843,844,RO,Finance,2023-08-30,2023-12-10,,2024-02-29,2023,left_before_milestone
ACP000844,845,PL,Digital,2021-07-23,,,2022-01-23,2021,retained
ACP000845,846,IT,Digital,2021-10-12,,,2022-04-12,2021,retained
ACP000846,847,IE,Supply Chain,2021-08-06,,,2022-02-06,2021,retained
ACP000847,848,PL,Finance,2025-10-17,,,2026-04-17,2025,pending_observation
ACP000848,849,BG,Digital,2023-04-05,,,2023-10-05,2023,retained
ACP000849,850,RO,Sales,2025-04-28,,,2025-10-28,2025,retained
ACP000850,851,BG,Sales,2025-08-01,,,2026-02-01,2025,pending_observation
ACP000851,852,GR,Digital,2025-10-16,,,2026-04-16,2025,pending_observation
ACP000852,853,RO,Digital,2022-10-20,,,2023-04-20,2022,retained
ACP000853,854,BG,Supply Chain,2022-11-22,,,2023-05-22,2022,retained
ACP000854,855,RO,Sales,2020-03-12,2021-11-28,,2020-09-12,2020,outside_objective_hire_period
ACP000855,856,IE,Sales,2023-12-16,,,2024-06-16,2023,retained
ACP000856,857,GR,Sales,2020-10-29,2023-03-12,,2021-04-29,2020,outside_objective_hire_period
ACP000857,858,IT,Supply Chain,2025-02-28,,,2025-08-28,2025,retained
ACP000858,859,GR,Sales,2020-01-07,,,2020-07-07,2020,outside_objective_hire_period
ACP000859,860,GR,Sales,2020-02-20,2020-09-07,,2020-08-20,2020,outside_objective_hire_period
ACP000860,861,IT,Sales,2021-02-05,,,2021-08-05,2021,retained
ACP000861,862,IT,Finance,2022-12-26,,,2023-06-26,2022,retained
ACP000862,863,GR,Finance,2023-08-28,,,2024-02-28,2023,retained
ACP000863,864,BG,Digital,2021-01-19,,,2021-07-19,2021,retained
ACP000864,865,GR,Finance,2020-02-03,2024-01-22,synthetic_source_recovered,2020-08-03,2020,outside_objective_hire_period
ACP000865,866,RO,Sales,2023-06-10,,,2023-12-10,2023,retained
ACP000866,867,RO,Digital,2020-01-13,2023-02-10,,2020-07-13,2020,outside_objective_hire_period
ACP000867,868,RO,Finance,2021-11-20,2025-10-17,,2022-05-20,2021,retained
ACP000868,869,RO,Sales,2021-06-08,,,2021-12-08,2021,retained
ACP000869,870,PL,Digital,2024-12-05,,,2025-06-05,2024,retained
ACP000870,871,IE,Finance,2025-07-06,2025-08-06,,2026-01-06,2025,pending_observation
ACP000871,872,BG,Sales,2020-04-09,2022-04-29,,2020-10-09,2020,outside_objective_hire_period
ACP000872,873,IT,Sales,2021-04-03,2023-10-26,,2021-10-03,2021,retained
ACP000873,874,IT,Supply Chain,2020-07-09,,,2021-01-09,2020,outside_objective_hire_period
ACP000874,875,IE,Supply Chain,2022-03-04,,,2022-09-04,2022,retained
ACP000875,876,IE,Sales,2025-05-13,,,2025-11-13,2025,retained
ACP000876,877,IT,Sales,2024-06-07,2024-12-28,,2024-12-07,2024,retained
ACP000877,878,RO,Supply Chain,2023-09-14,,,2024-03-14,2023,retained
ACP000878,879,IE,Digital,2023-02-13,2023-04-01,,2023-08-13,2023,left_before_milestone
ACP000879,880,BG,Finance,2023-06-09,,,2023-12-09,2023,retained
ACP000880,881,IT,Sales,2022-07-27,,,2023-01-27,2022,retained
ACP000881,882,IE,Digital,2020-12-18,,,2021-06-18,2020,outside_objective_hire_period
ACP000882,883,IT,Digital,2021-04-29,,,2021-10-29,2021,retained
ACP000883,884,IE,Digital,2022-01-19,,,2022-07-19,2022,retained
ACP000884,885,IT,Finance,2024-05-20,,,2024-11-20,2024,retained
ACP000885,886,PL,Digital,2021-08-22,,,2022-02-22,2021,retained
ACP000886,887,IE,Digital,2024-07-18,2025-11-24,,2025-01-18,2024,retained
ACP000887,888,RO,Supply Chain,2022-06-21,2022-10-23,,2022-12-21,2022,left_before_milestone
ACP000888,889,RO,Sales,2024-03-07,,,2024-09-07,2024,retained
ACP000889,890,PL,Sales,2024-04-30,,,2024-10-30,2024,retained
ACP000890,891,PL,Finance,2024-04-05,2024-07-06,,2024-10-05,2024,left_before_milestone
ACP000891,892,PL,Finance,2020-07-21,,,2021-01-21,2020,outside_objective_hire_period
ACP000892,893,PL,Sales,2020-12-08,,,2021-06-08,2020,outside_objective_hire_period
ACP000893,894,PL,Digital,2020-03-10,2024-06-29,,2020-09-10,2020,outside_objective_hire_period
ACP000894,895,IT,Digital,2022-03-28,,,2022-09-28,2022,retained
ACP000895,896,IT,Finance,2020-07-06,,,2021-01-06,2020,outside_objective_hire_period
ACP000896,897,IE,Finance,2025-11-04,,,2026-05-04,2025,pending_observation
ACP000897,898,IE,Sales,2023-07-18,,,2024-01-18,2023,retained
ACP000898,899,PL,Sales,2020-04-25,2025-08-15,,2020-10-25,2020,outside_objective_hire_period
ACP000899,900,PL,Sales,2022-10-23,,,2023-04-23,2022,retained
ACP000900,901,BG,Digital,2020-09-28,,,2021-03-28,2020,outside_objective_hire_period
ACP000901,902,BG,Finance,2021-07-13,2022-01-14,,2022-01-13,2021,retained
ACP000902,903,IT,Finance,2021-02-05,2021-02-24,,2021-08-05,2021,left_before_milestone
ACP000903,904,RO,Sales,2020-05-20,2020-06-23,,2020-11-20,2020,outside_objective_hire_period
ACP000904,905,BG,Digital,2025-07-12,2025-11-04,,2026-01-12,2025,pending_observation
ACP000905,906,BG,Digital,2024-01-06,2025-06-03,,2024-07-06,2024,retained
ACP000906,907,IT,Sales,2021-11-03,,,2022-05-03,2021,retained
ACP000907,908,IT,Digital,2023-02-13,,,2023-08-13,2023,retained
ACP000908,909,IT,Sales,2021-11-05,,,2022-05-05,2021,retained
ACP000909,910,IT,Sales,2024-02-14,,,2024-08-14,2024,retained
ACP000910,911,RO,Finance,2022-08-31,2025-08-14,,2023-02-28,2022,retained
ACP000911,912,GR,Digital,2025-08-23,,,2026-02-23,2025,pending_observation
ACP000912,913,IT,Digital,2021-03-09,2024-06-30,,2021-09-09,2021,retained
ACP000913,914,GR,Sales,2025-01-29,,,2025-07-29,2025,retained
ACP000914,915,IT,Supply Chain,2021-02-01,,,2021-08-01,2021,retained
ACP000915,916,PL,Sales,2023-05-05,,,2023-11-05,2023,retained
ACP000916,917,RO,Supply Chain,2020-08-18,2022-10-25,,2021-02-18,2020,outside_objective_hire_period
ACP000917,918,RO,Finance,2025-01-01,,,2025-07-01,2025,retained
ACP000918,919,RO,Digital,2022-03-07,,,2022-09-07,2022,retained
ACP000919,920,PL,Supply Chain,2024-08-30,,,2025-02-28,2024,retained
ACP000920,921,IE,Supply Chain,2024-08-08,,,2025-02-08,2024,retained
ACP000921,922,RO,Digital,2021-12-30,2024-12-04,,2022-06-30,2021,retained
ACP000922,923,IT,Finance,2023-03-19,,,2023-09-19,2023,retained
ACP000923,924,RO,Supply Chain,2020-02-20,,,2020-08-20,2020,outside_objective_hire_period
ACP000924,925,PL,Finance,2022-12-27,,,2023-06-27,2022,retained
ACP000925,926,BG,Supply Chain,2022-05-31,,,2022-11-30,2022,retained
ACP000926,927,GR,Finance,2024-06-28,2024-08-16,,2024-12-28,2024,left_before_milestone
ACP000927,928,BG,Finance,2021-11-11,2022-01-17,,2022-05-11,2021,left_before_milestone
ACP000928,929,RO,Finance,2020-01-12,,,2020-07-12,2020,outside_objective_hire_period
ACP000929,930,RO,Digital,2020-08-02,2020-12-06,,2021-02-02,2020,outside_objective_hire_period
ACP000930,931,GR,Finance,2020-07-31,2020-12-29,,2021-01-31,2020,outside_objective_hire_period
ACP000931,932,RO,Sales,2020-09-14,,,2021-03-14,2020,outside_objective_hire_period
ACP000932,933,BG,Finance,2025-07-02,,,2026-01-02,2025,pending_observation
ACP000933,934,BG,Supply Chain,2024-05-18,,,2024-11-18,2024,retained
ACP000934,935,RO,Sales,2021-05-21,2021-07-23,,2021-11-21,2021,left_before_milestone
ACP000935,936,PL,Sales,2021-04-07,,,2021-10-07,2021,retained
ACP000936,937,RO,Finance,2024-02-27,,,2024-08-27,2024,retained
ACP000937,938,PL,Supply Chain,2022-10-15,,,2023-04-15,2022,retained
ACP000938,939,GR,Sales,2021-10-22,,,2022-04-22,2021,retained
ACP000939,940,BG,Digital,2024-12-24,2025-06-13,,2025-06-24,2024,left_before_milestone
ACP000940,941,IE,Sales,2023-02-03,,,2023-08-03,2023,retained
ACP000941,942,IT,Finance,2023-01-22,,,2023-07-22,2023,retained
ACP000942,943,PL,Supply Chain,2021-07-14,,,2022-01-14,2021,retained
ACP000943,944,IE,Sales,2025-06-28,,,2025-12-28,2025,retained
ACP000944,945,BG,Digital,2022-10-01,,,2023-04-01,2022,retained
ACP000945,946,IE,Finance,2021-04-13,2025-11-15,,2021-10-13,2021,retained
ACP000946,947,PL,Finance,2020-12-03,2021-11-05,,2021-06-03,2020,outside_objective_hire_period
ACP000947,948,GR,Supply Chain,2023-06-10,2024-04-12,,2023-12-10,2023,retained
ACP000948,949,IT,Digital,2025-10-04,,,2026-04-04,2025,pending_observation
ACP000949,950,RO,Sales,2020-06-11,2023-01-30,,2020-12-11,2020,outside_objective_hire_period
ACP000950,951,IE,Digital,2020-03-25,,,2020-09-25,2020,outside_objective_hire_period
ACP000951,952,IT,Sales,2023-03-02,,,2023-09-02,2023,retained
ACP000952,953,PL,Supply Chain,2024-11-12,2025-01-19,,2025-05-12,2024,left_before_milestone
ACP000953,954,BG,Finance,2022-11-22,,,2023-05-22,2022,retained
ACP000954,955,BG,Digital,2021-07-04,,,2022-01-04,2021,retained
ACP000955,956,RO,Digital,2025-02-16,,,2025-08-16,2025,retained
ACP000956,957,IE,Sales,2021-11-15,2022-11-23,,2022-05-15,2021,retained
ACP000957,958,PL,Finance,2022-08-11,,,2023-02-11,2022,retained
ACP000958,959,PL,Supply Chain,2024-01-16,,,2024-07-16,2024,retained
ACP000959,960,RO,Finance,2020-04-10,,,2020-10-10,2020,outside_objective_hire_period
ACP000960,961,IT,Finance,2023-11-07,2024-04-07,,2024-05-07,2023,left_before_milestone
ACP000961,962,BG,Finance,2020-11-14,,synthetic_source_recovered,2021-05-14,2020,outside_objective_hire_period
ACP000962,963,IE,Sales,2020-12-01,2024-04-07,,2021-06-01,2020,outside_objective_hire_period
ACP000963,964,PL,Supply Chain,2024-08-01,,,2025-02-01,2024,retained
ACP000964,965,PL,Supply Chain,2022-03-10,2022-08-16,,2022-09-10,2022,left_before_milestone
ACP000965,966,IE,Sales,2022-09-09,,,2023-03-09,2022,retained
ACP000966,967,BG,Finance,2021-07-19,,,2022-01-19,2021,retained
ACP000967,968,BG,Supply Chain,2022-01-16,,,2022-07-16,2022,retained
ACP000968,969,BG,Finance,2024-10-04,,,2025-04-04,2024,retained
ACP000969,970,BG,Finance,2021-04-15,,,2021-10-15,2021,retained
ACP000970,971,GR,Digital,2023-01-07,,,2023-07-07,2023,retained
ACP000971,972,IT,Finance,2024-10-15,,,2025-04-15,2024,retained
ACP000972,973,PL,Finance,2024-06-06,,,2024-12-06,2024,retained
ACP000973,974,BG,Sales,2023-05-30,,,2023-11-30,2023,retained
ACP000974,975,GR,Supply Chain,2025-10-06,,,2026-04-06,2025,pending_observation
ACP000975,976,RO,Sales,2025-11-04,,,2026-05-04,2025,pending_observation
ACP000976,977,IT,Sales,2020-10-29,,,2021-04-29,2020,outside_objective_hire_period
ACP000977,978,IE,Sales,2023-06-04,,,2023-12-04,2023,retained
ACP000978,979,RO,Digital,2020-09-19,2021-02-13,,2021-03-19,2020,outside_objective_hire_period
ACP000979,980,IT,Digital,2021-07-14,,synthetic_source_recovered,2022-01-14,2021,retained
ACP000980,981,GR,Sales,2020-03-02,,,2020-09-02,2020,outside_objective_hire_period
ACP000981,982,IE,Supply Chain,2024-06-14,,,2024-12-14,2024,retained
ACP000982,983,PL,Digital,2025-02-25,,,2025-08-25,2025,retained
ACP000983,984,IT,Digital,2021-10-24,,,2022-04-24,2021,retained
ACP000984,985,RO,Supply Chain,2024-01-13,2025-01-22,,2024-07-13,2024,retained
ACP000985,986,RO,Sales,2024-05-23,,,2024-11-23,2024,retained
ACP000986,987,GR,Supply Chain,2021-11-01,,,2022-05-01,2021,retained
ACP000987,988,IE,Sales,2020-06-26,2025-09-06,,2020-12-26,2020,outside_objective_hire_period
ACP000988,989,PL,Supply Chain,2022-05-07,,,2022-11-07,2022,retained
ACP000989,990,GR,Sales,2025-11-27,,,2026-05-27,2025,pending_observation
ACP000990,991,IT,Digital,2025-07-29,,,2026-01-29,2025,pending_observation
ACP000991,992,IE,Sales,2022-04-28,2022-09-28,,2022-10-28,2022,left_before_milestone
ACP000992,993,BG,Digital,2021-02-27,2023-10-03,,2021-08-27,2021,retained
ACP000993,994,RO,Sales,2024-08-05,,,2025-02-05,2024,retained
ACP000994,995,BG,Supply Chain,2024-12-21,2025-12-29,,2025-06-21,2024,retained
ACP000995,996,GR,Supply Chain,2024-07-29,,,2025-01-29,2024,retained
ACP000996,997,IT,Supply Chain,2023-11-21,,,2024-05-21,2023,retained
ACP000997,998,RO,Sales,2024-08-20,2025-12-03,,2025-02-20,2024,retained
ACP000998,999,GR,Supply Chain,2025-07-28,,,2026-01-28,2025,pending_observation
ACP000999,1000,RO,Digital,2020-01-19,2020-12-05,,2020-07-19,2020,outside_objective_hire_period
ACP001000,1001,IT,Digital,2020-11-05,2025-07-29,,2021-05-05,2020,outside_objective_hire_period
ACP001001,1002,PL,Digital,2020-05-02,2021-02-15,,2020-11-02,2020,outside_objective_hire_period
ACP001002,1003,GR,Digital,2023-05-19,,,2023-11-19,2023,retained
ACP001003,1004,RO,Supply Chain,2021-08-24,,,2022-02-24,2021,retained
ACP001004,1005,BG,Digital,2021-06-26,,,2021-12-26,2021,retained
ACP001005,1006,RO,Sales,2025-01-09,,,2025-07-09,2025,retained
ACP001006,1007,BG,Finance,2024-03-20,,,2024-09-20,2024,retained
ACP001007,1008,RO,Supply Chain,2024-11-25,,,2025-05-25,2024,retained
ACP001008,1009,IE,Digital,2023-09-22,2023-11-04,synthetic_source_recovered,2024-03-22,2023,left_before_milestone
ACP001009,1010,GR,Supply Chain,2020-09-06,,,2021-03-06,2020,outside_objective_hire_period
ACP001010,1011,BG,Sales,2023-06-05,2025-01-16,,2023-12-05,2023,retained
ACP001011,1012,BG,Sales,2025-10-06,,,2026-04-06,2025,pending_observation
ACP001012,1013,BG,Digital,2023-09-25,2023-12-05,,2024-03-25,2023,left_before_milestone
ACP001013,1014,BG,Digital,2020-06-19,2021-10-22,,2020-12-19,2020,outside_objective_hire_period
ACP001014,1015,IE,Sales,2025-04-28,,,2025-10-28,2025,retained
ACP001015,1016,RO,Digital,2022-01-15,,,2022-07-15,2022,retained
ACP001016,1017,RO,Sales,2022-05-09,,,2022-11-09,2022,retained
ACP001017,1018,IT,Sales,2022-03-23,,,2022-09-23,2022,retained
ACP001018,1019,PL,Finance,2020-02-20,,,2020-08-20,2020,outside_objective_hire_period
ACP001019,1020,BG,Supply Chain,2020-11-05,2020-11-30,,2021-05-05,2020,outside_objective_hire_period
ACP001020,1021,GR,Sales,2024-10-31,,,2025-04-30,2024,retained
ACP001021,1022,IE,Finance,2020-09-19,,,2021-03-19,2020,outside_objective_hire_period
ACP001022,1023,PL,Sales,2024-01-25,2024-06-13,,2024-07-25,2024,left_before_milestone
ACP001023,1024,GR,Supply Chain,2023-06-27,2024-05-26,,2023-12-27,2023,retained
ACP001024,1025,IE,Finance,2024-04-29,,,2024-10-29,2024,retained
ACP001025,1026,IE,Sales,2024-12-10,2024-12-29,,2025-06-10,2024,left_before_milestone
ACP001026,1027,BG,Supply Chain,2025-07-18,,,2026-01-18,2025,pending_observation
ACP001027,1028,GR,Digital,2021-09-14,,,2022-03-14,2021,retained
ACP001028,1029,BG,Sales,2024-06-30,,,2024-12-30,2024,retained
ACP001029,1030,RO,Supply Chain,2023-01-10,,,2023-07-10,2023,retained
ACP001030,1031,IT,Finance,2020-10-16,,synthetic_source_recovered,2021-04-16,2020,outside_objective_hire_period
ACP001031,1032,IT,Finance,2024-09-26,2025-06-18,,2025-03-26,2024,retained
ACP001032,1033,GR,Finance,2022-01-05,,,2022-07-05,2022,retained
ACP001033,1034,PL,Supply Chain,2020-11-02,,,2021-05-02,2020,outside_objective_hire_period
ACP001034,1035,PL,Supply Chain,2023-08-31,,,2024-02-29,2023,retained
ACP001035,1036,PL,Sales,2023-04-07,2023-08-12,,2023-10-07,2023,left_before_milestone
ACP001036,1037,IE,Digital,2024-03-31,2024-12-25,,2024-09-30,2024,retained
ACP001037,1038,BG,Supply Chain,2022-02-04,2022-07-21,,2022-08-04,2022,left_before_milestone
ACP001038,1039,RO,Supply Chain,2021-04-02,,,2021-10-02,2021,retained
ACP001039,1040,IE,Supply Chain,2025-07-11,,,2026-01-11,2025,pending_observation
ACP001040,1041,IT,Sales,2023-02-25,,,2023-08-25,2023,retained
ACP001041,1042,GR,Finance,2022-07-31,,,2023-01-31,2022,retained
ACP001042,1043,RO,Finance,2023-02-06,2023-02-25,,2023-08-06,2023,left_before_milestone
ACP001043,1044,BG,Finance,2023-11-10,,,2024-05-10,2023,retained
ACP001044,1045,GR,Sales,2021-08-15,,,2022-02-15,2021,retained
ACP001045,1046,BG,Digital,2022-03-19,,,2022-09-19,2022,retained
ACP001046,1047,GR,Supply Chain,2024-11-03,2025-02-25,,2025-05-03,2024,left_before_milestone
ACP001047,1048,IT,Digital,2025-11-09,,,2026-05-09,2025,pending_observation
ACP001048,1049,RO,Finance,2020-05-18,2020-10-25,,2020-11-18,2020,outside_objective_hire_period
ACP001049,1050,RO,Digital,2024-01-15,,,2024-07-15,2024,retained
ACP001050,1051,IE,Sales,2025-04-30,2025-11-14,,2025-10-30,2025,retained
ACP001051,1052,GR,Supply Chain,2024-03-24,,,2024-09-24,2024,retained
ACP001052,1053,BG,Sales,2024-09-12,,,2025-03-12,2024,retained
ACP001053,1054,IE,Supply Chain,2024-04-10,,,2024-10-10,2024,retained
ACP001054,1055,IT,Sales,2020-12-13,,,2021-06-13,2020,outside_objective_hire_period
ACP001055,1056,IT,Supply Chain,2023-03-13,2025-06-10,,2023-09-13,2023,retained
ACP001056,1057,BG,Supply Chain,2024-02-22,,,2024-08-22,2024,retained
ACP001057,1058,IE,Digital,2024-03-23,2025-07-14,,2024-09-23,2024,retained
ACP001058,1059,PL,Sales,2021-10-20,,,2022-04-20,2021,retained
ACP001059,1060,RO,Finance,2022-07-05,,,2023-01-05,2022,retained
ACP001060,1061,IE,Finance,2021-03-10,2021-07-03,,2021-09-10,2021,left_before_milestone
ACP001061,1062,GR,Finance,2025-02-23,,,2025-08-23,2025,retained
ACP001062,1063,RO,Supply Chain,2023-10-18,,,2024-04-18,2023,retained
ACP001063,1064,GR,Sales,2020-05-24,,,2020-11-24,2020,outside_objective_hire_period
ACP001064,1065,GR,Finance,2025-05-26,,,2025-11-26,2025,retained
ACP001065,1066,GR,Finance,2022-10-04,,,2023-04-04,2022,retained
ACP001066,1067,RO,Supply Chain,2023-03-01,,,2023-09-01,2023,retained
ACP001067,1068,BG,Finance,2020-08-02,2025-04-19,,2021-02-02,2020,outside_objective_hire_period
ACP001068,1069,IE,Supply Chain,2021-09-11,2022-01-02,synthetic_source_recovered,2022-03-11,2021,left_before_milestone
ACP001069,1070,IT,Digital,2025-05-21,,synthetic_source_recovered,2025-11-21,2025,retained
ACP001070,1071,IE,Digital,2022-09-05,,,2023-03-05,2022,retained
ACP001071,1072,PL,Finance,2022-12-25,2023-02-24,,2023-06-25,2022,left_before_milestone
ACP001072,1073,BG,Sales,2025-04-15,,,2025-10-15,2025,retained
ACP001073,1074,BG,Digital,2022-07-18,2022-12-10,,2023-01-18,2022,left_before_milestone
ACP001074,1075,GR,Sales,2022-11-08,,,2023-05-08,2022,retained
ACP001075,1076,IE,Digital,2022-04-16,2023-02-16,,2022-10-16,2022,retained
ACP001076,1077,GR,Sales,2025-04-22,,,2025-10-22,2025,retained
ACP001077,1078,IT,Supply Chain,2020-08-06,2025-10-30,,2021-02-06,2020,outside_objective_hire_period
ACP001078,1079,BG,Supply Chain,2020-10-23,2020-12-07,,2021-04-23,2020,outside_objective_hire_period
ACP001079,1080,RO,Finance,2020-11-11,2022-07-24,,2021-05-11,2020,outside_objective_hire_period
ACP001080,1081,GR,Supply Chain,2021-08-25,2022-02-06,,2022-02-25,2021,left_before_milestone
ACP001081,1082,IT,Finance,2021-07-24,,,2022-01-24,2021,retained
ACP001082,1083,PL,Digital,2025-05-30,,,2025-11-30,2025,retained
ACP001083,1084,BG,Sales,2023-04-17,,,2023-10-17,2023,retained
ACP001084,1085,GR,Finance,2023-02-12,,,2023-08-12,2023,retained
ACP001085,1086,IE,Supply Chain,2022-01-13,,,2022-07-13,2022,retained
ACP001086,1087,IE,Finance,2021-07-02,,,2022-01-02,2021,retained
ACP001087,1088,GR,Digital,2021-10-14,,,2022-04-14,2021,retained
ACP001088,1089,IT,Finance,2021-07-05,2021-09-20,,2022-01-05,2021,left_before_milestone
ACP001089,1090,GR,Sales,2021-10-09,,,2022-04-09,2021,retained
ACP001090,1091,GR,Digital,2025-02-18,,,2025-08-18,2025,retained
ACP001091,1092,IT,Digital,2025-09-30,,,2026-03-30,2025,pending_observation
ACP001092,1093,PL,Digital,2025-09-07,,,2026-03-07,2025,pending_observation
ACP001093,1094,PL,Sales,2022-03-25,2025-06-27,,2022-09-25,2022,retained
ACP001094,1095,RO,Sales,2021-10-02,,,2022-04-02,2021,retained
ACP001095,1096,BG,Finance,2020-11-07,2022-10-14,,2021-05-07,2020,outside_objective_hire_period
ACP001096,1097,IE,Digital,2023-05-02,,,2023-11-02,2023,retained
ACP001097,1098,RO,Digital,2023-03-08,2023-08-20,,2023-09-08,2023,left_before_milestone
ACP001098,1099,BG,Sales,2024-12-07,2025-12-10,,2025-06-07,2024,retained
ACP001099,1100,GR,Sales,2024-11-30,,,2025-05-30,2024,retained
ACP001100,1101,GR,Supply Chain,2020-07-13,2024-10-15,,2021-01-13,2020,outside_objective_hire_period
ACP001101,1102,BG,Supply Chain,2025-09-24,,,2026-03-24,2025,pending_observation
ACP001102,1103,IE,Sales,2020-06-23,2022-10-10,,2020-12-23,2020,outside_objective_hire_period
ACP001103,1104,PL,Digital,2024-06-26,2025-12-06,,2024-12-26,2024,retained
ACP001104,1105,GR,Finance,2021-11-19,,,2022-05-19,2021,retained
ACP001105,1106,IE,Supply Chain,2020-09-07,,,2021-03-07,2020,outside_objective_hire_period
ACP001106,1107,IT,Finance,2022-02-01,2022-03-29,,2022-08-01,2022,left_before_milestone
ACP001107,1108,BG,Sales,2024-03-20,2025-06-23,,2024-09-20,2024,retained
ACP001108,1109,IT,Finance,2020-05-03,,,2020-11-03,2020,outside_objective_hire_period
ACP001109,1110,PL,Supply Chain,2020-02-11,,,2020-08-11,2020,outside_objective_hire_period
ACP001110,1111,RO,Digital,2023-06-01,2024-09-12,,2023-12-01,2023,retained
ACP001111,1112,IT,Sales,2020-05-10,,,2020-11-10,2020,outside_objective_hire_period
ACP001112,1113,IE,Supply Chain,2023-05-04,,synthetic_source_recovered,2023-11-04,2023,retained
ACP001113,1114,RO,Finance,2020-01-29,,,2020-07-29,2020,outside_objective_hire_period
ACP001114,1115,GR,Sales,2023-05-04,2023-10-05,,2023-11-04,2023,left_before_milestone
ACP001115,1116,RO,Finance,2023-11-26,2024-03-10,,2024-05-26,2023,left_before_milestone
ACP001116,1117,BG,Supply Chain,2024-11-25,,,2025-05-25,2024,retained
ACP001117,1118,IT,Supply Chain,2024-09-03,2025-08-19,,2025-03-03,2024,retained
ACP001118,1119,GR,Sales,2023-05-02,2023-10-02,,2023-11-02,2023,left_before_milestone
ACP001119,1120,GR,Supply Chain,2020-01-16,2020-12-09,,2020-07-16,2020,outside_objective_hire_period
ACP001120,1121,IT,Supply Chain,2022-02-15,,,2022-08-15,2022,retained
ACP001121,1122,BG,Digital,2021-11-30,,,2022-05-30,2021,retained
ACP001122,1123,BG,Digital,2021-12-09,,,2022-06-09,2021,retained
ACP001123,1124,IE,Sales,2020-10-21,,,2021-04-21,2020,outside_objective_hire_period
ACP001124,1125,BG,Finance,2025-06-28,,,2025-12-28,2025,retained
ACP001125,1126,GR,Supply Chain,2022-07-05,,,2023-01-05,2022,retained
ACP001126,1127,IE,Digital,2022-07-30,,,2023-01-30,2022,retained
ACP001127,1128,BG,Sales,2020-08-05,2021-05-20,,2021-02-05,2020,outside_objective_hire_period
ACP001128,1129,PL,Supply Chain,2022-05-03,,,2022-11-03,2022,retained
ACP001129,1130,GR,Finance,2023-02-02,2024-11-06,,2023-08-02,2023,retained
ACP001130,1131,IE,Sales,2022-09-20,,,2023-03-20,2022,retained
ACP001131,1132,IT,Sales,2021-02-09,2021-06-29,,2021-08-09,2021,left_before_milestone
ACP001132,1133,IE,Sales,2023-09-02,2025-11-30,,2024-03-02,2023,retained
ACP001133,1134,IT,Digital,2021-12-04,,,2022-06-04,2021,retained
ACP001134,1135,PL,Supply Chain,2023-07-15,2023-09-21,,2024-01-15,2023,left_before_milestone
ACP001135,1136,IE,Digital,2020-06-03,,,2020-12-03,2020,outside_objective_hire_period
ACP001136,1137,PL,Sales,2020-02-04,2020-06-05,,2020-08-04,2020,outside_objective_hire_period
ACP001137,1138,BG,Finance,2025-07-09,2025-07-25,,2026-01-09,2025,pending_observation
ACP001138,1139,IT,Sales,2025-02-28,2025-10-13,,2025-08-28,2025,retained
ACP001139,1140,IE,Finance,2022-12-13,2025-04-01,,2023-06-13,2022,retained
ACP001140,1141,IT,Finance,2022-06-29,,,2022-12-29,2022,retained
ACP001141,1142,RO,Finance,2024-02-03,,,2024-08-03,2024,retained
ACP001142,1143,BG,Sales,2023-12-22,,,2024-06-22,2023,retained
ACP001143,1144,GR,Sales,2020-03-30,,,2020-09-30,2020,outside_objective_hire_period
ACP001144,1145,RO,Sales,2020-08-09,,,2021-02-09,2020,outside_objective_hire_period
ACP001145,1146,GR,Digital,2024-12-19,2025-12-26,,2025-06-19,2024,retained
ACP001146,1147,PL,Supply Chain,2024-03-23,,,2024-09-23,2024,retained
ACP001147,1148,RO,Supply Chain,2021-02-28,2021-08-25,,2021-08-28,2021,left_before_milestone
ACP001148,1149,GR,Digital,2023-08-16,,,2024-02-16,2023,retained
ACP001149,1150,PL,Finance,2025-09-06,,,2026-03-06,2025,pending_observation
ACP001150,1151,RO,Finance,2022-07-04,,,2023-01-04,2022,retained
ACP001151,1152,GR,Digital,2025-08-17,,,2026-02-17,2025,pending_observation
ACP001152,1153,GR,Finance,2023-08-29,,,2024-02-29,2023,retained
ACP001153,1154,RO,Digital,2024-07-21,,,2025-01-21,2024,retained
ACP001154,1155,BG,Sales,2024-02-03,,,2024-08-03,2024,retained
ACP001155,1156,IT,Supply Chain,2023-04-04,2025-01-11,,2023-10-04,2023,retained
ACP001156,1157,GR,Sales,2022-06-19,,,2022-12-19,2022,retained
ACP001157,1158,BG,Finance,2020-04-09,,synthetic_source_recovered,2020-10-09,2020,outside_objective_hire_period
ACP001158,1159,GR,Sales,2021-02-19,,,2021-08-19,2021,retained
ACP001159,1160,RO,Finance,2025-03-07,2025-05-13,,2025-09-07,2025,left_before_milestone
ACP001160,1161,BG,Digital,2024-03-21,,,2024-09-21,2024,retained
ACP001161,1162,RO,Finance,2023-09-11,,,2024-03-11,2023,retained
ACP001162,1163,BG,Finance,2020-10-30,,,2021-04-30,2020,outside_objective_hire_period
ACP001163,1164,IT,Digital,2025-11-23,,,2026-05-23,2025,pending_observation
ACP001164,1165,BG,Digital,2024-08-28,2024-11-25,,2025-02-28,2024,left_before_milestone
ACP001165,1166,PL,Finance,2020-06-19,,,2020-12-19,2020,outside_objective_hire_period
ACP001166,1167,IT,Sales,2020-11-10,,,2021-05-10,2020,outside_objective_hire_period
ACP001167,1168,GR,Finance,2024-07-13,2025-11-25,,2025-01-13,2024,retained
ACP001168,1169,PL,Supply Chain,2023-05-10,,,2023-11-10,2023,retained
ACP001169,1170,IE,Supply Chain,2020-03-21,,,2020-09-21,2020,outside_objective_hire_period
ACP001170,1171,PL,Supply Chain,2025-06-06,2025-08-20,,2025-12-06,2025,left_before_milestone
ACP001171,1172,PL,Finance,2021-01-16,,,2021-07-16,2021,retained
ACP001172,1173,GR,Sales,2024-12-21,,,2025-06-21,2024,retained
ACP001173,1174,RO,Sales,2024-10-07,2025-06-19,,2025-04-07,2024,retained
ACP001174,1175,IE,Digital,2023-03-17,,,2023-09-17,2023,retained
ACP001175,1176,IT,Supply Chain,2021-03-14,2022-01-04,,2021-09-14,2021,retained
ACP001176,1177,IE,Finance,2025-11-04,,,2026-05-04,2025,pending_observation
ACP001177,1178,BG,Supply Chain,2025-04-06,,,2025-10-06,2025,retained
ACP001178,1179,IT,Sales,2021-05-06,2024-05-31,,2021-11-06,2021,retained
ACP001179,1180,BG,Digital,2023-10-16,2024-01-24,,2024-04-16,2023,left_before_milestone
ACP001180,1181,PL,Digital,2020-05-29,2020-08-02,,2020-11-29,2020,outside_objective_hire_period
ACP001181,1182,RO,Finance,2022-04-13,,,2022-10-13,2022,retained
ACP001182,1183,RO,Finance,2020-04-07,2020-08-01,,2020-10-07,2020,outside_objective_hire_period
ACP001183,1184,GR,Digital,2024-04-05,2025-08-07,,2024-10-05,2024,retained
ACP001184,1185,PL,Digital,2022-11-09,,,2023-05-09,2022,retained
ACP001185,1186,BG,Supply Chain,2021-10-09,2021-10-23,,2022-04-09,2021,left_before_milestone
ACP001186,1187,BG,Digital,2024-04-14,2024-08-21,,2024-10-14,2024,left_before_milestone
ACP001187,1188,IT,Sales,2021-10-04,,,2022-04-04,2021,retained
ACP001188,1189,RO,Sales,2021-09-01,,,2022-03-01,2021,retained
ACP001189,1190,RO,Supply Chain,2023-08-23,,,2024-02-23,2023,retained
ACP001190,1191,GR,Digital,2020-12-20,2021-06-26,,2021-06-20,2020,outside_objective_hire_period
ACP001191,1192,GR,Digital,2020-01-14,,,2020-07-14,2020,outside_objective_hire_period
ACP001192,1193,IT,Sales,2021-11-25,,,2022-05-25,2021,retained
ACP001193,1194,BG,Digital,2024-07-05,,,2025-01-05,2024,retained
ACP001194,1195,BG,Supply Chain,2023-01-06,,,2023-07-06,2023,retained
ACP001195,1196,BG,Digital,2024-07-20,,,2025-01-20,2024,retained
ACP001196,1197,IE,Sales,2024-12-25,,,2025-06-25,2024,retained
ACP001197,1198,GR,Digital,2025-07-13,2025-10-23,,2026-01-13,2025,pending_observation
ACP001198,1199,GR,Sales,2020-08-06,,,2021-02-06,2020,outside_objective_hire_period
ACP001199,1200,BG,Digital,2020-02-28,2020-11-27,,2020-08-28,2020,outside_objective_hire_period
ACP001200,1201,RO,Supply Chain,2021-01-18,,,2021-07-18,2021,retained
ACP001201,1202,RO,Sales,2022-10-05,,,2023-04-05,2022,retained
ACP001202,1203,IT,Finance,2020-07-06,,,2021-01-06,2020,outside_objective_hire_period
ACP001203,1204,IT,Supply Chain,2022-05-18,,,2022-11-18,2022,retained
ACP001204,1205,RO,Sales,2021-08-13,,,2022-02-13,2021,retained
ACP001205,1206,RO,Digital,2021-01-07,,,2021-07-07,2021,retained
ACP001206,1207,PL,Supply Chain,2024-02-23,,,2024-08-23,2024,retained
ACP001207,1208,RO,Digital,2022-06-25,,,2022-12-25,2022,retained
ACP001208,1209,IT,Finance,2020-01-25,,,2020-07-25,2020,outside_objective_hire_period
ACP001209,1210,IT,Finance,2023-11-14,2025-06-12,,2024-05-14,2023,retained
ACP001210,1211,IE,Finance,2021-10-16,,,2022-04-16,2021,retained
ACP001211,1212,RO,Digital,2024-07-24,,,2025-01-24,2024,retained
ACP001212,1213,PL,Supply Chain,2023-05-01,2024-01-12,,2023-11-01,2023,retained
ACP001213,1214,BG,Digital,2025-02-18,,,2025-08-18,2025,retained
ACP001214,1215,RO,Digital,2024-03-30,2025-03-11,,2024-09-30,2024,retained
ACP001215,1216,BG,Sales,2022-05-14,,,2022-11-14,2022,retained
ACP001216,1217,GR,Finance,2025-11-27,,,2026-05-27,2025,pending_observation
ACP001217,1218,PL,Supply Chain,2022-01-31,2025-10-11,,2022-07-31,2022,retained
ACP001218,1219,PL,Finance,2024-07-11,2025-03-24,,2025-01-11,2024,retained
ACP001219,1220,BG,Supply Chain,2024-08-02,,,2025-02-02,2024,retained
ACP001220,1221,RO,Sales,2020-04-09,2025-05-11,,2020-10-09,2020,outside_objective_hire_period
ACP001221,1222,IT,Finance,2021-11-15,2025-04-27,,2022-05-15,2021,retained
ACP001222,1223,IE,Digital,2024-01-06,,,2024-07-06,2024,retained
ACP001223,1224,RO,Sales,2024-08-31,2024-10-27,,2025-02-28,2024,left_before_milestone
ACP001224,1225,RO,Supply Chain,2025-02-24,,,2025-08-24,2025,retained
ACP001225,1226,IT,Digital,2022-06-10,,,2022-12-10,2022,retained
ACP001226,1227,BG,Finance,2020-11-17,2022-04-15,,2021-05-17,2020,outside_objective_hire_period
ACP001227,1228,IE,Supply Chain,2023-08-06,,,2024-02-06,2023,retained
ACP001228,1229,GR,Digital,2024-01-23,,,2024-07-23,2024,retained
ACP001229,1230,IT,Supply Chain,2020-03-08,,,2020-09-08,2020,outside_objective_hire_period
ACP001230,1231,RO,Supply Chain,2022-10-12,,,2023-04-12,2022,retained
ACP001231,1232,BG,Supply Chain,2024-07-29,2025-08-20,,2025-01-29,2024,retained
ACP001232,1233,PL,Sales,2020-02-22,,,2020-08-22,2020,outside_objective_hire_period
ACP001233,1234,PL,Finance,2024-12-13,,,2025-06-13,2024,retained
ACP001234,1235,RO,Digital,2024-09-18,,,2025-03-18,2024,retained
ACP001235,1236,IT,Supply Chain,2022-12-14,,,2023-06-14,2022,retained
ACP001236,1237,IT,Sales,2023-03-14,,,2023-09-14,2023,retained
ACP001237,1238,PL,Digital,2024-05-07,,,2024-11-07,2024,retained
ACP001238,1239,RO,Finance,2022-03-22,,,2022-09-22,2022,retained
ACP001239,1240,PL,Finance,2022-12-31,,,2023-06-30,2022,retained
ACP001240,1241,RO,Finance,2024-06-13,2025-09-22,,2024-12-13,2024,retained
ACP001241,1242,IT,Digital,2022-07-01,2024-03-28,,2023-01-01,2022,retained
ACP001242,1243,IT,Supply Chain,2020-07-08,,,2021-01-08,2020,outside_objective_hire_period
ACP001243,1244,RO,Supply Chain,2023-08-09,,,2024-02-09,2023,retained
ACP001244,1245,BG,Sales,2025-10-21,,,2026-04-21,2025,pending_observation
ACP001245,1246,IE,Finance,2020-06-30,,,2020-12-30,2020,outside_objective_hire_period
ACP001246,1247,PL,Sales,2021-12-24,,,2022-06-24,2021,retained
ACP001247,1248,GR,Supply Chain,2024-10-24,,,2025-04-24,2024,retained
ACP001248,1249,PL,Sales,2024-09-05,2025-06-09,,2025-03-05,2024,retained
ACP001249,1250,IE,Sales,2022-02-11,2022-04-22,,2022-08-11,2022,left_before_milestone
ACP001250,1251,IT,Digital,2023-10-17,,,2024-04-17,2023,retained
ACP001251,1252,IT,Digital,2023-06-01,2024-01-02,,2023-12-01,2023,retained
ACP001252,1253,BG,Digital,2020-09-14,,,2021-03-14,2020,outside_objective_hire_period
ACP001253,1254,IT,Sales,2020-09-22,,,2021-03-22,2020,outside_objective_hire_period
ACP001254,1255,PL,Finance,2024-09-07,,,2025-03-07,2024,retained
ACP001255,1256,GR,Supply Chain,2024-12-03,,,2025-06-03,2024,retained
ACP001256,1257,GR,Supply Chain,2024-10-24,,,2025-04-24,2024,retained
ACP001257,1258,PL,Supply Chain,2025-10-13,,,2026-04-13,2025,pending_observation
ACP001258,1259,RO,Finance,2022-11-03,2025-02-02,,2023-05-03,2022,retained
ACP001259,1260,IT,Finance,2023-04-11,,,2023-10-11,2023,retained
ACP001260,1261,BG,Finance,2021-05-23,,,2021-11-23,2021,retained
ACP001261,1262,IT,Digital,2023-08-29,2024-02-03,,2024-02-29,2023,left_before_milestone
ACP001262,1263,IT,Supply Chain,2020-12-19,,synthetic_source_recovered,2021-06-19,2020,outside_objective_hire_period
ACP001263,1264,PL,Digital,2022-06-20,,,2022-12-20,2022,retained
ACP001264,1265,BG,Digital,2024-04-09,2024-08-23,,2024-10-09,2024,left_before_milestone
ACP001265,1266,PL,Sales,2021-08-19,,,2022-02-19,2021,retained
ACP001266,1267,IE,Supply Chain,2024-09-22,2025-11-09,,2025-03-22,2024,retained
ACP001267,1268,GR,Sales,2020-02-10,,,2020-08-10,2020,outside_objective_hire_period
ACP001268,1269,IE,Digital,2023-12-24,,,2024-06-24,2023,retained
ACP001269,1270,RO,Sales,2020-05-10,2023-03-14,,2020-11-10,2020,outside_objective_hire_period
ACP001270,1271,IE,Digital,2025-08-04,,,2026-02-04,2025,pending_observation
ACP001271,1272,GR,Finance,2024-07-10,,,2025-01-10,2024,retained
ACP001272,1273,IE,Supply Chain,2025-09-29,,,2026-03-29,2025,pending_observation
ACP001273,1274,RO,Digital,2022-04-11,,,2022-10-11,2022,retained
ACP001274,1275,GR,Sales,2021-03-26,,,2021-09-26,2021,retained
ACP001275,1276,IT,Digital,2025-07-28,,,2026-01-28,2025,pending_observation
ACP001276,1277,IE,Finance,2022-06-01,,,2022-12-01,2022,retained
ACP001277,1278,PL,Finance,2025-08-11,,,2026-02-11,2025,pending_observation
ACP001278,1279,GR,Digital,2021-10-19,,,2022-04-19,2021,retained
ACP001279,1280,IE,Digital,2021-07-27,2021-11-22,,2022-01-27,2021,left_before_milestone
ACP001280,1281,PL,Finance,2022-06-14,2022-11-30,,2022-12-14,2022,left_before_milestone
ACP001281,1282,BG,Digital,2025-11-27,,,2026-05-27,2025,pending_observation
ACP001282,1283,IE,Supply Chain,2023-04-01,2024-07-11,,2023-10-01,2023,retained
ACP001283,1284,PL,Finance,2022-10-11,2023-09-08,,2023-04-11,2022,retained
ACP001284,1285,RO,Finance,2023-01-18,,,2023-07-18,2023,retained
ACP001285,1286,PL,Supply Chain,2022-10-27,,,2023-04-27,2022,retained
ACP001286,1287,IE,Sales,2021-06-13,,,2021-12-13,2021,retained
ACP001287,1288,PL,Supply Chain,2023-04-27,,,2023-10-27,2023,retained
ACP001288,1289,BG,Sales,2023-06-05,,,2023-12-05,2023,retained
ACP001289,1290,IE,Supply Chain,2024-07-23,,,2025-01-23,2024,retained
ACP001290,1291,RO,Digital,2022-02-03,2022-07-26,,2022-08-03,2022,left_before_milestone
ACP001291,1292,IT,Digital,2022-10-25,2023-02-17,,2023-04-25,2022,left_before_milestone
ACP001292,1293,IT,Digital,2023-03-27,2023-08-17,,2023-09-27,2023,left_before_milestone
ACP001293,1294,IT,Sales,2022-01-01,,,2022-07-01,2022,retained
ACP001294,1295,BG,Sales,2023-12-25,,,2024-06-25,2023,retained
ACP001295,1296,IE,Supply Chain,2022-09-09,2022-12-02,,2023-03-09,2022,left_before_milestone
ACP001296,1297,RO,Sales,2022-06-14,,,2022-12-14,2022,retained
ACP001297,1298,IE,Digital,2021-07-19,,,2022-01-19,2021,retained
ACP001298,1299,IE,Digital,2025-10-30,,,2026-04-30,2025,pending_observation
ACP001299,1300,GR,Supply Chain,2021-03-16,,,2021-09-16,2021,retained
ACP001300,1301,PL,Supply Chain,2021-10-06,,,2022-04-06,2021,retained
ACP001301,1302,IE,Sales,2022-05-19,,,2022-11-19,2022,retained
ACP001302,1303,BG,Finance,2022-06-02,,,2022-12-02,2022,retained
ACP001303,1304,IE,Supply Chain,2025-10-22,,,2026-04-22,2025,pending_observation
ACP001304,1305,PL,Finance,2025-05-31,,,2025-11-30,2025,retained
ACP001305,1306,BG,Digital,2022-01-05,2022-03-12,,2022-07-05,2022,left_before_milestone
ACP001306,1307,BG,Supply Chain,2025-04-22,2025-12-16,,2025-10-22,2025,retained
ACP001307,1308,PL,Finance,2021-05-31,,,2021-11-30,2021,retained
ACP001308,1309,IT,Supply Chain,2025-05-23,,,2025-11-23,2025,retained
ACP001309,1310,GR,Sales,2022-06-18,2023-12-30,,2022-12-18,2022,retained
ACP001310,1311,GR,Sales,2021-12-26,,,2022-06-26,2021,retained
ACP001311,1312,GR,Finance,2023-04-30,,,2023-10-30,2023,retained
ACP001312,1313,GR,Finance,2023-09-16,,,2024-03-16,2023,retained
ACP001313,1314,IE,Supply Chain,2022-05-01,,,2022-11-01,2022,retained
ACP001314,1315,IE,Sales,2025-04-30,,,2025-10-30,2025,retained
ACP001315,1316,RO,Digital,2020-08-07,2020-10-26,,2021-02-07,2020,outside_objective_hire_period
ACP001316,1317,PL,Digital,2022-05-03,,,2022-11-03,2022,retained
ACP001317,1318,RO,Sales,2024-05-13,2024-09-08,,2024-11-13,2024,left_before_milestone
ACP001318,1319,IT,Digital,2023-07-18,2024-01-01,,2024-01-18,2023,left_before_milestone
ACP001319,1320,GR,Supply Chain,2025-07-27,2025-10-23,,2026-01-27,2025,pending_observation
ACP001320,1321,IE,Supply Chain,2025-01-07,,,2025-07-07,2025,retained
ACP001321,1322,RO,Sales,2020-03-17,,,2020-09-17,2020,outside_objective_hire_period
ACP001322,1323,IE,Sales,2025-09-14,,,2026-03-14,2025,pending_observation
ACP001323,1324,RO,Finance,2025-10-15,,,2026-04-15,2025,pending_observation
ACP001324,1325,GR,Finance,2024-03-17,2025-10-27,,2024-09-17,2024,retained
ACP001325,1326,BG,Finance,2020-08-18,2022-10-31,,2021-02-18,2020,outside_objective_hire_period
ACP001326,1327,BG,Sales,2023-07-13,,,2024-01-13,2023,retained
ACP001327,1328,IT,Finance,2022-07-17,2023-04-13,,2023-01-17,2022,retained
ACP001328,1329,IE,Digital,2020-11-12,2021-06-12,,2021-05-12,2020,outside_objective_hire_period
ACP001329,1330,IT,Supply Chain,2022-03-14,,,2022-09-14,2022,retained
ACP001330,1331,IE,Supply Chain,2020-05-25,,,2020-11-25,2020,outside_objective_hire_period
ACP001331,1332,PL,Supply Chain,2023-12-01,,,2024-06-01,2023,retained
ACP001332,1333,BG,Finance,2022-07-09,2023-04-27,,2023-01-09,2022,retained
ACP001333,1334,BG,Supply Chain,2024-12-30,,,2025-06-30,2024,retained
ACP001334,1335,PL,Supply Chain,2024-08-11,,,2025-02-11,2024,retained
ACP001335,1336,IE,Supply Chain,2024-01-27,,synthetic_source_recovered,2024-07-27,2024,retained
ACP001336,1337,IT,Supply Chain,2025-10-30,,,2026-04-30,2025,pending_observation
ACP001337,1338,GR,Sales,2021-01-30,,,2021-07-30,2021,retained
ACP001338,1339,PL,Digital,2025-07-23,,,2026-01-23,2025,pending_observation
ACP001339,1340,IE,Supply Chain,2024-12-19,,,2025-06-19,2024,retained
ACP001340,1341,RO,Finance,2022-12-13,,,2023-06-13,2022,retained
ACP001341,1342,IT,Digital,2023-12-11,2024-01-05,,2024-06-11,2023,left_before_milestone
ACP001342,1343,PL,Supply Chain,2021-10-01,,,2022-04-01,2021,retained
ACP001343,1344,PL,Sales,2020-01-20,,,2020-07-20,2020,outside_objective_hire_period
ACP001344,1345,BG,Supply Chain,2023-12-01,,,2024-06-01,2023,retained
ACP001345,1346,RO,Supply Chain,2022-06-05,,,2022-12-05,2022,retained
ACP001346,1347,IT,Digital,2023-05-05,2023-11-19,,2023-11-05,2023,retained
ACP001347,1348,GR,Digital,2024-01-09,,,2024-07-09,2024,retained
ACP001348,1349,IE,Sales,2021-09-10,,,2022-03-10,2021,retained
ACP001349,1350,IE,Finance,2024-04-21,2025-09-03,,2024-10-21,2024,retained
ACP001350,1351,RO,Supply Chain,2022-11-20,,,2023-05-20,2022,retained
ACP001351,1352,RO,Finance,2024-07-31,,,2025-01-31,2024,retained
ACP001352,1353,BG,Sales,2021-04-23,,,2021-10-23,2021,retained
ACP001353,1354,BG,Sales,2022-09-22,2022-12-09,,2023-03-22,2022,left_before_milestone
ACP001354,1355,IE,Supply Chain,2022-06-11,,,2022-12-11,2022,retained
ACP001355,1356,GR,Sales,2021-02-22,2022-01-01,,2021-08-22,2021,retained
ACP001356,1357,GR,Finance,2025-02-14,2025-04-25,,2025-08-14,2025,left_before_milestone
ACP001357,1358,BG,Supply Chain,2025-01-30,2025-10-29,,2025-07-30,2025,retained
ACP001358,1359,IT,Digital,2021-03-31,2021-10-13,,2021-09-30,2021,retained
ACP001359,1360,GR,Supply Chain,2024-04-03,,,2024-10-03,2024,retained
ACP001360,1361,RO,Digital,2025-11-05,,synthetic_source_recovered,2026-05-05,2025,pending_observation
ACP001361,1362,PL,Digital,2020-10-07,,,2021-04-07,2020,outside_objective_hire_period
ACP001362,1363,PL,Sales,2024-09-30,,synthetic_source_recovered,2025-03-30,2024,retained
ACP001363,1364,GR,Supply Chain,2020-10-29,,,2021-04-29,2020,outside_objective_hire_period
ACP001364,1365,IT,Supply Chain,2021-05-19,,,2021-11-19,2021,retained
ACP001365,1366,GR,Sales,2022-03-15,,,2022-09-15,2022,retained
ACP001366,1367,BG,Supply Chain,2021-08-18,2023-04-13,,2022-02-18,2021,retained
ACP001367,1368,RO,Digital,2024-11-17,,,2025-05-17,2024,retained
ACP001368,1369,IT,Finance,2020-10-08,,,2021-04-08,2020,outside_objective_hire_period
ACP001369,1370,GR,Digital,2021-11-24,,,2022-05-24,2021,retained
ACP001370,1371,PL,Digital,2020-12-02,,,2021-06-02,2020,outside_objective_hire_period
ACP001371,1372,IE,Digital,2021-04-12,2023-09-02,,2021-10-12,2021,retained
ACP001372,1373,GR,Digital,2020-01-27,,,2020-07-27,2020,outside_objective_hire_period
ACP001373,1374,PL,Digital,2024-10-27,,,2025-04-27,2024,retained
ACP001374,1375,RO,Digital,2020-12-13,,,2021-06-13,2020,outside_objective_hire_period
ACP001375,1376,GR,Supply Chain,2023-02-21,,,2023-08-21,2023,retained
ACP001376,1377,GR,Sales,2025-11-12,,,2026-05-12,2025,pending_observation
ACP001377,1378,PL,Finance,2024-01-01,,,2024-07-01,2024,retained
ACP001378,1379,BG,Digital,2023-05-30,2025-05-25,,2023-11-30,2023,retained
ACP001379,1380,IE,Digital,2022-08-22,,,2023-02-22,2022,retained
ACP001380,1381,IE,Sales,2023-12-24,,,2024-06-24,2023,retained
ACP001381,1382,PL,Finance,2025-10-30,,,2026-04-30,2025,pending_observation
ACP001382,1383,GR,Digital,2020-10-07,2024-04-30,,2021-04-07,2020,outside_objective_hire_period
ACP001383,1384,BG,Sales,2024-04-28,2024-06-18,,2024-10-28,2024,left_before_milestone
ACP001384,1385,IE,Supply Chain,2020-09-23,,,2021-03-23,2020,outside_objective_hire_period
ACP001385,1386,BG,Sales,2025-08-15,,,2026-02-15,2025,pending_observation
ACP001386,1387,BG,Sales,2024-07-29,,,2025-01-29,2024,retained
ACP001387,1388,RO,Finance,2020-12-11,,,2021-06-11,2020,outside_objective_hire_period
ACP001388,1389,RO,Digital,2025-01-14,,,2025-07-14,2025,retained
ACP001389,1390,IT,Supply Chain,2023-08-08,,,2024-02-08,2023,retained
ACP001390,1391,IE,Supply Chain,2024-04-13,,,2024-10-13,2024,retained
ACP001391,1392,PL,Sales,2023-09-15,,,2024-03-15,2023,retained
ACP001392,1393,RO,Supply Chain,2023-06-25,2024-03-27,,2023-12-25,2023,retained
ACP001393,1394,PL,Sales,2020-04-30,,,2020-10-30,2020,outside_objective_hire_period
ACP001394,1395,IT,Digital,2024-04-14,,,2024-10-14,2024,retained
ACP001395,1396,PL,Digital,2024-09-26,2025-12-21,,2025-03-26,2024,retained
ACP001396,1397,GR,Digital,2025-10-09,,,2026-04-09,2025,pending_observation
ACP001397,1398,BG,Digital,2023-01-03,,,2023-07-03,2023,retained
ACP001398,1399,IT,Sales,2020-08-08,2021-02-23,,2021-02-08,2020,outside_objective_hire_period
ACP001399,1400,BG,Sales,2023-12-10,,,2024-06-10,2023,retained
ACP001400,1401,RO,Finance,2020-02-20,2020-10-12,,2020-08-20,2020,outside_objective_hire_period
ACP001401,1402,BG,Supply Chain,2024-10-02,,synthetic_source_recovered,2025-04-02,2024,retained
ACP001402,1403,GR,Digital,2021-06-22,,,2021-12-22,2021,retained
ACP001403,1404,IE,Supply Chain,2022-11-12,,,2023-05-12,2022,retained
ACP001404,1405,IE,Supply Chain,2020-04-04,,,2020-10-04,2020,outside_objective_hire_period
ACP001405,1406,RO,Digital,2021-06-24,2021-08-27,,2021-12-24,2021,left_before_milestone
ACP001406,1407,PL,Digital,2020-03-05,,,2020-09-05,2020,outside_objective_hire_period
ACP001407,1408,IE,Finance,2024-07-12,2025-10-12,,2025-01-12,2024,retained
ACP001408,1409,BG,Sales,2020-06-20,,,2020-12-20,2020,outside_objective_hire_period
ACP001409,1410,GR,Supply Chain,2021-09-07,2022-01-19,synthetic_source_recovered,2022-03-07,2021,left_before_milestone
ACP001410,1411,IE,Supply Chain,2024-09-04,2025-10-07,,2025-03-04,2024,retained
ACP001411,1412,BG,Finance,2024-06-23,2025-09-29,,2024-12-23,2024,retained
ACP001412,1413,IT,Supply Chain,2020-12-11,,,2021-06-11,2020,outside_objective_hire_period
ACP001413,1414,BG,Finance,2024-12-24,,,2025-06-24,2024,retained
ACP001414,1415,PL,Sales,2021-05-03,,,2021-11-03,2021,retained
ACP001415,1416,GR,Digital,2020-07-20,2024-01-30,,2021-01-20,2020,outside_objective_hire_period
ACP001416,1417,GR,Sales,2021-02-18,,,2021-08-18,2021,retained
ACP001417,1418,IT,Digital,2023-04-06,,,2023-10-06,2023,retained
ACP001418,1419,IE,Digital,2025-02-11,,,2025-08-11,2025,retained
ACP001419,1420,IT,Sales,2022-07-27,,,2023-01-27,2022,retained
ACP001420,1421,RO,Sales,2020-10-15,,,2021-04-15,2020,outside_objective_hire_period
ACP001421,1422,IE,Sales,2021-10-14,,,2022-04-14,2021,retained
ACP001422,1423,GR,Supply Chain,2022-02-10,,,2022-08-10,2022,retained
ACP001423,1424,GR,Supply Chain,2021-10-11,,,2022-04-11,2021,retained
ACP001424,1425,IT,Finance,2020-08-11,,,2021-02-11,2020,outside_objective_hire_period
ACP001425,1426,GR,Sales,2021-09-05,,,2022-03-05,2021,retained
ACP001426,1427,GR,Digital,2023-08-31,,,2024-02-29,2023,retained
ACP001427,1428,BG,Supply Chain,2020-12-04,,,2021-06-04,2020,outside_objective_hire_period
ACP001428,1429,IE,Supply Chain,2024-11-12,,,2025-05-12,2024,retained
ACP001429,1430,RO,Digital,2024-04-18,,,2024-10-18,2024,retained
ACP001430,1431,BG,Finance,2021-12-30,,,2022-06-30,2021,retained
ACP001431,1432,PL,Finance,2020-05-30,2021-04-04,,2020-11-30,2020,outside_objective_hire_period
ACP001432,1433,GR,Digital,2020-05-20,,,2020-11-20,2020,outside_objective_hire_period
ACP001433,1434,GR,Supply Chain,2020-04-21,,,2020-10-21,2020,outside_objective_hire_period
ACP001434,1435,BG,Sales,2020-10-31,,,2021-04-30,2020,outside_objective_hire_period
ACP001435,1436,PL,Finance,2021-04-08,2024-07-25,,2021-10-08,2021,retained
ACP001436,1437,IT,Finance,2022-10-20,2022-12-12,,2023-04-20,2022,left_before_milestone
ACP001437,1438,IT,Digital,2022-01-13,2022-09-01,,2022-07-13,2022,retained
ACP001438,1439,IE,Finance,2023-12-02,,,2024-06-02,2023,retained
ACP001439,1440,PL,Supply Chain,2025-03-28,,,2025-09-28,2025,retained
ACP001440,1441,IE,Finance,2022-01-05,2023-10-23,,2022-07-05,2022,retained
ACP001441,1442,GR,Supply Chain,2021-05-17,2025-06-06,,2021-11-17,2021,retained
ACP001442,1443,IT,Finance,2022-01-22,,,2022-07-22,2022,retained
ACP001443,1444,IE,Supply Chain,2023-05-01,,,2023-11-01,2023,retained
ACP001444,1445,BG,Finance,2023-09-26,,,2024-03-26,2023,retained
ACP001445,1446,PL,Supply Chain,2020-01-31,,,2020-07-31,2020,outside_objective_hire_period
ACP001446,1447,IE,Sales,2023-03-02,,,2023-09-02,2023,retained
ACP001447,1448,GR,Supply Chain,2023-08-18,2024-03-22,,2024-02-18,2023,retained
ACP001448,1449,RO,Sales,2023-12-04,2024-03-02,,2024-06-04,2023,left_before_milestone
ACP001449,1450,IT,Sales,2020-11-09,,,2021-05-09,2020,outside_objective_hire_period
ACP001450,1451,IT,Digital,2021-12-03,2022-01-15,,2022-06-03,2021,left_before_milestone
ACP001451,1452,PL,Finance,2025-03-28,,,2025-09-28,2025,retained
ACP001452,1453,BG,Digital,2021-02-14,2023-02-16,,2021-08-14,2021,retained
ACP001453,1454,RO,Finance,2023-08-31,,,2024-02-29,2023,retained
ACP001454,1455,PL,Sales,2025-04-27,,,2025-10-27,2025,retained
ACP001455,1456,IT,Digital,2025-06-06,,,2025-12-06,2025,retained
ACP001456,1457,BG,Sales,2023-11-20,2024-11-09,,2024-05-20,2023,retained
ACP001457,1458,IT,Digital,2022-11-25,,,2023-05-25,2022,retained
ACP001458,1459,BG,Finance,2022-03-29,,,2022-09-29,2022,retained
ACP001459,1460,RO,Supply Chain,2024-05-27,,,2024-11-27,2024,retained
ACP001460,1461,IT,Digital,2025-09-29,,,2026-03-29,2025,pending_observation
ACP001461,1462,IT,Sales,2023-04-27,,,2023-10-27,2023,retained
ACP001462,1463,IE,Sales,2025-04-08,2025-11-21,,2025-10-08,2025,retained
ACP001463,1464,IE,Supply Chain,2021-03-16,2021-07-02,,2021-09-16,2021,left_before_milestone
ACP001464,1465,RO,Finance,2021-09-29,,,2022-03-29,2021,retained
ACP001465,1466,GR,Supply Chain,2025-06-04,2025-09-18,,2025-12-04,2025,left_before_milestone
ACP001466,1467,IE,Supply Chain,2022-09-01,,,2023-03-01,2022,retained
ACP001467,1468,PL,Digital,2024-05-30,,,2024-11-30,2024,retained
ACP001468,1469,IE,Supply Chain,2023-02-11,,,2023-08-11,2023,retained
ACP001469,1470,IE,Supply Chain,2022-06-22,,,2022-12-22,2022,retained
ACP001470,1471,IE,Sales,2020-05-29,2021-03-10,,2020-11-29,2020,outside_objective_hire_period
ACP001471,1472,GR,Finance,2022-05-18,,,2022-11-18,2022,retained
ACP001472,1473,IT,Sales,2020-11-05,,,2021-05-05,2020,outside_objective_hire_period
ACP001473,1474,IT,Digital,2024-06-28,,,2024-12-28,2024,retained
ACP001474,1475,PL,Sales,2022-06-24,,,2022-12-24,2022,retained
ACP001475,1476,IE,Sales,2022-06-07,,,2022-12-07,2022,retained
ACP001476,1477,RO,Digital,2024-03-21,,,2024-09-21,2024,retained
ACP001477,1478,PL,Finance,2024-12-15,2025-10-05,,2025-06-15,2024,retained
ACP001478,1479,RO,Sales,2024-08-28,,,2025-02-28,2024,retained
ACP001479,1480,RO,Sales,2021-03-06,,,2021-09-06,2021,retained
ACP001480,1481,IE,Supply Chain,2022-06-22,,,2022-12-22,2022,retained
ACP001481,1482,IT,Digital,2020-11-19,2021-05-12,,2021-05-19,2020,outside_objective_hire_period
ACP001482,1483,RO,Sales,2024-07-22,,,2025-01-22,2024,retained
ACP001483,1484,IE,Digital,2024-10-03,2025-08-24,,2025-04-03,2024,retained
ACP001484,1485,IT,Digital,2020-08-19,2020-09-12,,2021-02-19,2020,outside_objective_hire_period
ACP001485,1486,BG,Sales,2025-04-12,2025-12-07,,2025-10-12,2025,retained
ACP001486,1487,IT,Supply Chain,2020-01-29,2020-05-26,,2020-07-29,2020,outside_objective_hire_period
ACP001487,1488,IE,Finance,2020-05-23,,,2020-11-23,2020,outside_objective_hire_period
ACP001488,1489,RO,Finance,2023-09-09,,,2024-03-09,2023,retained
ACP001489,1490,IE,Supply Chain,2024-03-01,,,2024-09-01,2024,retained
ACP001490,1491,RO,Finance,2023-08-23,2023-12-22,,2024-02-23,2023,left_before_milestone
ACP001491,1492,BG,Digital,2024-05-15,,,2024-11-15,2024,retained
ACP001492,1493,IE,Sales,2021-08-09,,,2022-02-09,2021,retained
ACP001493,1494,IE,Sales,2021-07-21,2022-09-01,,2022-01-21,2021,retained
ACP001494,1495,IT,Sales,2023-08-16,2024-06-04,synthetic_source_recovered,2024-02-16,2023,retained
ACP001495,1496,RO,Digital,2023-07-21,2024-04-06,,2024-01-21,2023,retained
ACP001496,1497,GR,Sales,2021-02-05,,,2021-08-05,2021,retained
ACP001497,1498,RO,Supply Chain,2024-11-11,2025-11-19,,2025-05-11,2024,retained
ACP001498,1499,RO,Finance,2020-01-07,,,2020-07-07,2020,outside_objective_hire_period
ACP001499,1500,IE,Digital,2021-10-03,,,2022-04-03,2021,retained
ACP001500,1501,RO,Finance,2025-06-18,2025-12-27,,2025-12-18,2025,retained
ACP001501,1502,IE,Finance,2025-08-04,2025-12-02,,2026-02-04,2025,pending_observation
ACP001502,1503,GR,Finance,2023-10-13,,,2024-04-13,2023,retained
ACP001503,1504,RO,Sales,2022-09-28,,,2023-03-28,2022,retained
ACP001504,1505,BG,Digital,2022-04-12,2022-07-20,,2022-10-12,2022,left_before_milestone
ACP001505,1506,RO,Supply Chain,2024-10-03,,,2025-04-03,2024,retained
ACP001506,1507,PL,Digital,2020-02-08,,,2020-08-08,2020,outside_objective_hire_period
ACP001507,1508,PL,Supply Chain,2020-01-29,,,2020-07-29,2020,outside_objective_hire_period
ACP001508,1509,PL,Sales,2021-12-10,,,2022-06-10,2021,retained
ACP001509,1510,GR,Supply Chain,2021-09-30,2023-03-20,,2022-03-30,2021,retained
ACP001510,1511,RO,Digital,2020-07-06,,,2021-01-06,2020,outside_objective_hire_period
ACP001511,1512,BG,Finance,2020-05-30,,,2020-11-30,2020,outside_objective_hire_period
ACP001512,1513,GR,Sales,2021-12-08,,,2022-06-08,2021,retained
ACP001513,1514,PL,Digital,2021-10-04,,synthetic_source_recovered,2022-04-04,2021,retained
ACP001514,1515,GR,Sales,2024-11-01,2025-11-09,,2025-05-01,2024,retained
ACP001515,1516,BG,Supply Chain,2024-03-16,2024-11-29,,2024-09-16,2024,retained
ACP001516,1517,RO,Supply Chain,2025-04-17,,,2025-10-17,2025,retained
ACP001517,1518,BG,Digital,2022-04-06,2023-03-27,,2022-10-06,2022,retained
ACP001518,1519,BG,Digital,2024-10-05,,,2025-04-05,2024,retained
ACP001519,1520,RO,Digital,2023-04-22,,,2023-10-22,2023,retained
ACP001520,1521,IT,Finance,2020-05-24,2020-12-26,,2020-11-24,2020,outside_objective_hire_period
ACP001521,1522,BG,Sales,2021-07-20,,,2022-01-20,2021,retained
ACP001522,1523,BG,Finance,2021-05-23,,,2021-11-23,2021,retained
ACP001523,1524,IE,Digital,2023-12-17,,,2024-06-17,2023,retained
ACP001524,1525,RO,Finance,2025-02-26,,,2025-08-26,2025,retained
ACP001525,1526,RO,Finance,2024-02-28,2025-11-15,,2024-08-28,2024,retained
ACP001526,1527,BG,Finance,2021-03-18,,,2021-09-18,2021,retained
ACP001527,1528,GR,Finance,2023-01-17,,,2023-07-17,2023,retained
ACP001528,1529,IT,Sales,2021-05-08,,,2021-11-08,2021,retained
ACP001529,1530,IT,Supply Chain,2024-03-27,2025-01-06,,2024-09-27,2024,retained
ACP001530,1531,IE,Supply Chain,2021-11-15,,,2022-05-15,2021,retained
ACP001531,1532,BG,Sales,2025-04-03,,,2025-10-03,2025,retained
ACP001532,1533,RO,Sales,2022-04-04,,,2022-10-04,2022,retained
ACP001533,1534,GR,Digital,2021-09-06,,,2022-03-06,2021,retained
ACP001534,1535,RO,Finance,2023-10-31,,,2024-04-30,2023,retained
ACP001535,1536,IT,Finance,2023-02-23,,,2023-08-23,2023,retained
ACP001536,1537,IT,Sales,2025-10-07,,,2026-04-07,2025,pending_observation
ACP001537,1538,BG,Supply Chain,2024-10-06,,,2025-04-06,2024,retained
ACP001538,1539,IE,Supply Chain,2020-05-27,,,2020-11-27,2020,outside_objective_hire_period
ACP001539,1540,GR,Sales,2020-07-09,2024-02-15,,2021-01-09,2020,outside_objective_hire_period
ACP001540,1541,GR,Finance,2025-05-13,,,2025-11-13,2025,retained
ACP001541,1542,IE,Supply Chain,2023-03-02,,,2023-09-02,2023,retained
ACP001542,1543,IT,Supply Chain,2020-12-06,,,2021-06-06,2020,outside_objective_hire_period
ACP001543,1544,IE,Finance,2024-04-14,,,2024-10-14,2024,retained
ACP001544,1545,GR,Digital,2021-02-13,,,2021-08-13,2021,retained
ACP001545,1546,PL,Digital,2020-09-27,,,2021-03-27,2020,outside_objective_hire_period
ACP001546,1547,RO,Supply Chain,2024-04-14,2025-08-10,,2024-10-14,2024,retained
ACP001547,1548,IT,Finance,2024-01-21,2025-09-23,,2024-07-21,2024,retained
ACP001548,1549,BG,Supply Chain,2020-12-25,,,2021-06-25,2020,outside_objective_hire_period
ACP001549,1550,PL,Supply Chain,2022-07-30,,,2023-01-30,2022,retained
ACP001550,1551,RO,Supply Chain,2024-06-23,2025-12-10,,2024-12-23,2024,retained
ACP001551,1552,IT,Sales,2023-03-03,,,2023-09-03,2023,retained
ACP001552,1553,BG,Digital,2021-08-09,,,2022-02-09,2021,retained
ACP001553,1554,BG,Digital,2024-08-13,,,2025-02-13,2024,retained
ACP001554,1555,PL,Supply Chain,2022-08-24,2023-02-14,,2023-02-24,2022,left_before_milestone
ACP001555,1556,BG,Supply Chain,2023-03-02,,,2023-09-02,2023,retained
ACP001556,1557,GR,Digital,2020-10-08,,,2021-04-08,2020,outside_objective_hire_period
ACP001557,1558,IT,Sales,2022-07-02,,,2023-01-02,2022,retained
ACP001558,1559,IT,Supply Chain,2023-02-02,2024-11-03,,2023-08-02,2023,retained
ACP001559,1560,RO,Sales,2024-02-15,2025-07-29,,2024-08-15,2024,retained
ACP001560,1561,IE,Supply Chain,2022-05-02,,,2022-11-02,2022,retained
ACP001561,1562,IE,Supply Chain,2023-05-14,,,2023-11-14,2023,retained
ACP001562,1563,BG,Supply Chain,2023-10-14,2023-11-25,,2024-04-14,2023,left_before_milestone
ACP001563,1564,PL,Finance,2023-05-14,,,2023-11-14,2023,retained
ACP001564,1565,PL,Sales,2022-07-13,2022-08-14,,2023-01-13,2022,left_before_milestone
ACP001565,1566,GR,Sales,2020-12-30,2022-01-03,,2021-06-30,2020,outside_objective_hire_period
ACP001566,1567,RO,Digital,2025-10-02,2025-11-22,,2026-04-02,2025,pending_observation
ACP001567,1568,RO,Finance,2024-10-06,2025-01-23,,2025-04-06,2024,left_before_milestone
ACP001568,1569,IE,Digital,2025-01-07,,,2025-07-07,2025,retained
ACP001569,1570,IT,Sales,2025-10-15,2025-11-26,,2026-04-15,2025,pending_observation
ACP001570,1571,IE,Supply Chain,2021-09-05,,,2022-03-05,2021,retained
ACP001571,1572,BG,Digital,2020-09-15,2023-01-03,,2021-03-15,2020,outside_objective_hire_period
ACP001572,1573,IT,Digital,2023-09-21,,,2024-03-21,2023,retained
ACP001573,1574,IT,Supply Chain,2025-05-22,,,2025-11-22,2025,retained
ACP001574,1575,IE,Finance,2022-07-21,2023-03-31,,2023-01-21,2022,retained
ACP001575,1576,RO,Supply Chain,2024-02-08,,,2024-08-08,2024,retained
ACP001576,1577,IT,Finance,2020-04-21,2021-03-03,,2020-10-21,2020,outside_objective_hire_period
ACP001577,1578,PL,Supply Chain,2025-08-01,,,2026-02-01,2025,pending_observation
ACP001578,1579,PL,Finance,2022-05-14,,,2022-11-14,2022,retained
ACP001579,1580,BG,Supply Chain,2025-10-20,,,2026-04-20,2025,pending_observation
ACP001580,1581,BG,Supply Chain,2025-09-03,2025-09-23,,2026-03-03,2025,pending_observation
ACP001581,1582,IT,Sales,2021-03-09,,,2021-09-09,2021,retained
ACP001582,1583,IE,Sales,2025-06-06,,,2025-12-06,2025,retained
ACP001583,1584,BG,Digital,2020-04-29,,,2020-10-29,2020,outside_objective_hire_period
ACP001584,1585,GR,Digital,2021-09-05,2023-04-13,,2022-03-05,2021,retained
ACP001585,1586,PL,Finance,2021-05-26,,,2021-11-26,2021,retained
ACP001586,1587,RO,Sales,2020-11-28,,,2021-05-28,2020,outside_objective_hire_period
ACP001587,1588,PL,Sales,2021-05-23,,,2021-11-23,2021,retained
ACP001588,1589,BG,Finance,2022-03-13,,,2022-09-13,2022,retained
ACP001589,1590,IE,Supply Chain,2022-04-19,,,2022-10-19,2022,retained
ACP001590,1591,IE,Finance,2020-01-16,,,2020-07-16,2020,outside_objective_hire_period
ACP001591,1592,BG,Supply Chain,2021-09-30,2025-04-12,,2022-03-30,2021,retained
ACP001592,1593,IE,Finance,2021-01-14,,,2021-07-14,2021,retained
ACP001593,1594,PL,Finance,2023-08-15,,,2024-02-15,2023,retained
ACP001594,1595,GR,Supply Chain,2022-05-19,,,2022-11-19,2022,retained
ACP001595,1596,GR,Digital,2022-04-11,,,2022-10-11,2022,retained
ACP001596,1597,IT,Finance,2021-03-06,2021-10-27,,2021-09-06,2021,retained
ACP001597,1598,RO,Digital,2023-11-13,,,2024-05-13,2023,retained
ACP001598,1599,RO,Sales,2025-04-25,,,2025-10-25,2025,retained
ACP001599,1600,GR,Sales,2020-06-17,,,2020-12-17,2020,outside_objective_hire_period
ACP001600,1601,IE,Digital,2020-08-22,,,2021-02-22,2020,outside_objective_hire_period
ACP001601,1602,IT,Sales,2025-06-13,,,2025-12-13,2025,retained
ACP001602,1603,PL,Digital,2023-04-23,,,2023-10-23,2023,retained
ACP001603,1604,IE,Supply Chain,2020-01-12,,,2020-07-12,2020,outside_objective_hire_period
ACP001604,1605,IE,Supply Chain,2025-08-10,,,2026-02-10,2025,pending_observation
ACP001605,1606,BG,Sales,2021-02-27,,,2021-08-27,2021,retained
ACP001606,1607,IT,Supply Chain,2023-09-10,2024-04-30,,2024-03-10,2023,retained
ACP001607,1608,PL,Finance,2025-05-10,2025-12-27,,2025-11-10,2025,retained
ACP001608,1609,IE,Digital,2022-10-24,2022-12-08,synthetic_source_recovered,2023-04-24,2022,left_before_milestone
ACP001609,1610,PL,Digital,2022-12-23,,,2023-06-23,2022,retained
ACP001610,1611,IT,Sales,2023-04-29,,,2023-10-29,2023,retained
ACP001611,1612,IT,Digital,2020-09-01,,,2021-03-01,2020,outside_objective_hire_period
ACP001612,1613,BG,Supply Chain,2021-10-05,,,2022-04-05,2021,retained
ACP001613,1614,GR,Sales,2025-01-23,2025-04-19,,2025-07-23,2025,left_before_milestone
ACP001614,1615,IT,Sales,2020-02-24,2020-08-02,,2020-08-24,2020,outside_objective_hire_period
ACP001615,1616,PL,Supply Chain,2024-03-02,,,2024-09-02,2024,retained
ACP001616,1617,IE,Supply Chain,2020-09-23,2021-02-09,,2021-03-23,2020,outside_objective_hire_period
ACP001617,1618,BG,Sales,2024-11-18,2025-12-25,,2025-05-18,2024,retained
ACP001618,1619,RO,Sales,2021-08-15,,,2022-02-15,2021,retained
ACP001619,1620,IE,Finance,2021-11-28,2022-06-04,,2022-05-28,2021,retained
ACP001620,1621,GR,Sales,2021-06-02,,,2021-12-02,2021,retained
ACP001621,1622,IT,Sales,2021-10-24,,,2022-04-24,2021,retained
ACP001622,1623,BG,Sales,2021-06-23,2022-09-03,,2021-12-23,2021,retained
ACP001623,1624,GR,Finance,2022-11-10,2024-03-26,,2023-05-10,2022,retained
ACP001624,1625,PL,Finance,2025-08-20,,,2026-02-20,2025,pending_observation
ACP001625,1626,IT,Digital,2023-10-05,2024-02-22,,2024-04-05,2023,left_before_milestone
ACP001626,1627,RO,Digital,2024-03-04,2025-05-29,,2024-09-04,2024,retained
ACP001627,1628,GR,Finance,2020-03-27,2020-05-24,,2020-09-27,2020,outside_objective_hire_period
ACP001628,1629,PL,Finance,2024-01-17,,,2024-07-17,2024,retained
ACP001629,1630,RO,Digital,2023-03-03,2023-07-20,,2023-09-03,2023,left_before_milestone
ACP001630,1631,PL,Finance,2022-05-29,2025-01-11,,2022-11-29,2022,retained
ACP001631,1632,RO,Supply Chain,2023-04-03,,,2023-10-03,2023,retained
ACP001632,1633,GR,Finance,2024-08-19,,,2025-02-19,2024,retained
ACP001633,1634,IE,Sales,2025-02-03,2025-10-17,,2025-08-03,2025,retained
ACP001634,1635,IT,Finance,2025-10-04,2025-11-01,,2026-04-04,2025,pending_observation
ACP001635,1636,PL,Sales,2021-12-09,,,2022-06-09,2021,retained
ACP001636,1637,BG,Finance,2023-06-07,2023-08-10,,2023-12-07,2023,left_before_milestone
ACP001637,1638,RO,Finance,2021-02-14,,,2021-08-14,2021,retained
ACP001638,1639,IE,Sales,2025-08-02,,,2026-02-02,2025,pending_observation
ACP001639,1640,IT,Digital,2024-10-31,,,2025-04-30,2024,retained
ACP001640,1641,IT,Sales,2023-03-23,,,2023-09-23,2023,retained
ACP001641,1642,PL,Finance,2021-07-06,,,2022-01-06,2021,retained
ACP001642,1643,IE,Sales,2022-08-18,,,2023-02-18,2022,retained
ACP001643,1644,BG,Supply Chain,2020-04-23,2020-10-20,,2020-10-23,2020,outside_objective_hire_period
ACP001644,1645,BG,Supply Chain,2021-05-17,2023-11-13,,2021-11-17,2021,retained
ACP001645,1646,RO,Sales,2021-12-07,,,2022-06-07,2021,retained
ACP001646,1647,RO,Finance,2025-06-26,,,2025-12-26,2025,retained
ACP001647,1648,RO,Supply Chain,2021-05-07,2021-08-29,,2021-11-07,2021,left_before_milestone
ACP001648,1649,IT,Sales,2023-08-15,2023-08-31,,2024-02-15,2023,left_before_milestone
ACP001649,1650,BG,Sales,2021-11-05,,,2022-05-05,2021,retained
ACP001650,1651,IE,Supply Chain,2020-12-01,,,2021-06-01,2020,outside_objective_hire_period
ACP001651,1652,PL,Finance,2023-08-26,,,2024-02-26,2023,retained
ACP001652,1653,BG,Digital,2024-06-08,,,2024-12-08,2024,retained
ACP001653,1654,IE,Sales,2020-10-17,2021-01-02,,2021-04-17,2020,outside_objective_hire_period
ACP001654,1655,GR,Sales,2025-09-01,,,2026-03-01,2025,pending_observation
ACP001655,1656,BG,Digital,2023-08-14,,,2024-02-14,2023,retained
ACP001656,1657,IE,Finance,2021-11-29,2023-01-27,,2022-05-29,2021,retained
ACP001657,1658,IE,Supply Chain,2024-05-06,,,2024-11-06,2024,retained
ACP001658,1659,BG,Digital,2021-09-22,2023-03-03,,2022-03-22,2021,retained
ACP001659,1660,PL,Finance,2020-04-28,,,2020-10-28,2020,outside_objective_hire_period
ACP001660,1661,GR,Supply Chain,2022-05-10,,,2022-11-10,2022,retained
ACP001661,1662,GR,Digital,2024-05-28,,,2024-11-28,2024,retained
ACP001662,1663,GR,Supply Chain,2020-05-24,,,2020-11-24,2020,outside_objective_hire_period
ACP001663,1664,GR,Finance,2020-10-08,,,2021-04-08,2020,outside_objective_hire_period
ACP001664,1665,RO,Sales,2023-12-14,2025-08-24,,2024-06-14,2023,retained
ACP001665,1666,PL,Sales,2025-06-11,,,2025-12-11,2025,retained
ACP001666,1667,RO,Sales,2023-11-15,2024-11-04,,2024-05-15,2023,retained
ACP001667,1668,GR,Finance,2021-05-08,2021-07-26,,2021-11-08,2021,left_before_milestone
ACP001668,1669,GR,Supply Chain,2022-10-25,,,2023-04-25,2022,retained
ACP001669,1670,IE,Finance,2022-02-26,,,2022-08-26,2022,retained
ACP001670,1671,RO,Digital,2022-10-17,,,2023-04-17,2022,retained
ACP001671,1672,IE,Digital,2020-07-29,2020-12-20,,2021-01-29,2020,outside_objective_hire_period
ACP001672,1673,GR,Supply Chain,2021-02-05,,,2021-08-05,2021,retained
ACP001673,1674,IT,Digital,2022-07-11,,,2023-01-11,2022,retained
ACP001674,1675,PL,Sales,2021-03-17,,,2021-09-17,2021,retained
ACP001675,1676,BG,Finance,2025-05-08,,,2025-11-08,2025,retained
ACP001676,1677,RO,Digital,2024-07-30,,,2025-01-30,2024,retained
ACP001677,1678,GR,Digital,2022-01-03,2022-04-01,,2022-07-03,2022,left_before_milestone
ACP001678,1679,IT,Digital,2022-03-18,,,2022-09-18,2022,retained
ACP001679,1680,RO,Digital,2025-03-23,,,2025-09-23,2025,retained
ACP001680,1681,RO,Sales,2020-11-20,2024-07-18,,2021-05-20,2020,outside_objective_hire_period
ACP001681,1682,IE,Finance,2020-12-26,2021-11-16,,2021-06-26,2020,outside_objective_hire_period
ACP001682,1683,BG,Sales,2023-02-12,,,2023-08-12,2023,retained
ACP001683,1684,GR,Supply Chain,2021-05-20,,,2021-11-20,2021,retained
ACP001684,1685,PL,Sales,2020-05-02,,,2020-11-02,2020,outside_objective_hire_period
ACP001685,1686,RO,Digital,2020-07-07,2020-10-28,,2021-01-07,2020,outside_objective_hire_period
ACP001686,1687,GR,Sales,2023-03-15,,,2023-09-15,2023,retained
ACP001687,1688,BG,Digital,2023-09-17,,,2024-03-17,2023,retained
ACP001688,1689,PL,Supply Chain,2025-04-26,,,2025-10-26,2025,retained
ACP001689,1690,GR,Sales,2021-11-15,2022-05-27,,2022-05-15,2021,retained
ACP001690,1691,IT,Sales,2023-10-22,2025-06-24,,2024-04-22,2023,retained
ACP001691,1692,BG,Finance,2024-01-28,,synthetic_source_recovered,2024-07-28,2024,retained
ACP001692,1693,RO,Finance,2020-02-05,,,2020-08-05,2020,outside_objective_hire_period
ACP001693,1694,GR,Digital,2020-06-14,,,2020-12-14,2020,outside_objective_hire_period
ACP001694,1695,BG,Digital,2021-04-11,,,2021-10-11,2021,retained
ACP001695,1696,IT,Digital,2020-09-09,,,2021-03-09,2020,outside_objective_hire_period
ACP001696,1697,RO,Sales,2024-08-07,,,2025-02-07,2024,retained
ACP001697,1698,BG,Sales,2022-04-27,2023-03-20,,2022-10-27,2022,retained
ACP001698,1699,GR,Digital,2022-11-11,,,2023-05-11,2022,retained
ACP001699,1700,IT,Sales,2020-03-07,2023-12-21,,2020-09-07,2020,outside_objective_hire_period
ACP001700,1701,IT,Sales,2020-06-08,2020-07-01,,2020-12-08,2020,outside_objective_hire_period
ACP001701,1702,IE,Supply Chain,2020-05-21,2022-10-11,,2020-11-21,2020,outside_objective_hire_period
ACP001702,1703,GR,Digital,2022-07-08,,,2023-01-08,2022,retained
ACP001703,1704,RO,Finance,2024-02-21,,,2024-08-21,2024,retained
ACP001704,1705,PL,Supply Chain,2021-09-24,,,2022-03-24,2021,retained
ACP001705,1706,PL,Sales,2023-01-29,2023-08-23,,2023-07-29,2023,retained
ACP001706,1707,PL,Sales,2022-04-26,,,2022-10-26,2022,retained
ACP001707,1708,RO,Sales,2020-11-09,,,2021-05-09,2020,outside_objective_hire_period
ACP001708,1709,IE,Supply Chain,2021-02-03,2022-01-15,,2021-08-03,2021,retained
ACP001709,1710,PL,Digital,2021-10-20,2024-05-13,,2022-04-20,2021,retained
ACP001710,1711,GR,Finance,2024-04-18,,,2024-10-18,2024,retained
ACP001711,1712,BG,Digital,2024-09-16,2025-12-13,,2025-03-16,2024,retained
ACP001712,1713,BG,Sales,2024-08-22,2025-01-12,,2025-02-22,2024,left_before_milestone
ACP001713,1714,GR,Sales,2024-09-26,,,2025-03-26,2024,retained
ACP001714,1715,IT,Finance,2023-11-01,,,2024-05-01,2023,retained
ACP001715,1716,BG,Digital,2020-05-30,,,2020-11-30,2020,outside_objective_hire_period
ACP001716,1717,PL,Finance,2022-06-16,,,2022-12-16,2022,retained
ACP001717,1718,IT,Finance,2025-06-14,,,2025-12-14,2025,retained
ACP001718,1719,BG,Sales,2024-06-08,,,2024-12-08,2024,retained
ACP001719,1720,IE,Digital,2020-04-23,,,2020-10-23,2020,outside_objective_hire_period
ACP001720,1721,PL,Sales,2022-10-17,2023-10-15,,2023-04-17,2022,retained
ACP001721,1722,RO,Supply Chain,2022-07-25,,,2023-01-25,2022,retained
ACP001722,1723,IT,Finance,2020-03-31,2020-06-22,,2020-09-30,2020,outside_objective_hire_period
ACP001723,1724,IE,Digital,2020-06-03,,,2020-12-03,2020,outside_objective_hire_period
ACP001724,1725,GR,Digital,2025-10-13,,,2026-04-13,2025,pending_observation
ACP001725,1726,BG,Digital,2022-12-15,,,2023-06-15,2022,retained
ACP001726,1727,GR,Digital,2021-06-27,2023-05-21,synthetic_source_recovered,2021-12-27,2021,retained
ACP001727,1728,BG,Supply Chain,2024-12-05,2024-12-29,,2025-06-05,2024,left_before_milestone
ACP001728,1729,BG,Digital,2020-11-09,2021-07-21,,2021-05-09,2020,outside_objective_hire_period
ACP001729,1730,PL,Digital,2021-11-18,2025-06-25,,2022-05-18,2021,retained
ACP001730,1731,BG,Supply Chain,2025-02-20,,,2025-08-20,2025,retained
ACP001731,1732,PL,Digital,2025-11-13,,,2026-05-13,2025,pending_observation
ACP001732,1733,PL,Supply Chain,2024-01-31,,,2024-07-31,2024,retained
ACP001733,1734,GR,Finance,2024-09-17,2025-01-28,synthetic_source_recovered,2025-03-17,2024,left_before_milestone
ACP001734,1735,PL,Supply Chain,2020-09-13,,,2021-03-13,2020,outside_objective_hire_period
ACP001735,1736,IE,Digital,2021-03-28,,,2021-09-28,2021,retained
ACP001736,1737,PL,Finance,2025-05-26,,,2025-11-26,2025,retained
ACP001737,1738,IE,Digital,2024-04-04,2024-08-08,,2024-10-04,2024,left_before_milestone
ACP001738,1739,IT,Digital,2021-07-14,,,2022-01-14,2021,retained
ACP001739,1740,IE,Digital,2024-10-13,,,2025-04-13,2024,retained
ACP001740,1741,RO,Sales,2022-06-11,,,2022-12-11,2022,retained
ACP001741,1742,IT,Digital,2021-01-07,,,2021-07-07,2021,retained
ACP001742,1743,GR,Finance,2022-05-28,,,2022-11-28,2022,retained
ACP001743,1744,GR,Sales,2022-04-20,,,2022-10-20,2022,retained
ACP001744,1745,GR,Finance,2022-09-01,2023-12-08,,2023-03-01,2022,retained
ACP001745,1746,PL,Supply Chain,2023-11-17,,,2024-05-17,2023,retained
ACP001746,1747,GR,Supply Chain,2021-07-31,2021-12-29,,2022-01-31,2021,left_before_milestone
ACP001747,1748,IT,Supply Chain,2022-08-07,,,2023-02-07,2022,retained
ACP001748,1749,RO,Supply Chain,2023-02-13,,,2023-08-13,2023,retained
ACP001749,1750,PL,Supply Chain,2024-10-24,2025-08-20,,2025-04-24,2024,retained
ACP001750,1751,GR,Supply Chain,2023-01-14,,,2023-07-14,2023,retained
ACP001751,1752,IE,Sales,2022-03-16,,,2022-09-16,2022,retained
ACP001752,1753,IT,Digital,2021-09-08,,,2022-03-08,2021,retained
ACP001753,1754,BG,Finance,2020-08-19,,,2021-02-19,2020,outside_objective_hire_period
ACP001754,1755,PL,Finance,2023-04-07,2024-03-25,,2023-10-07,2023,retained
ACP001755,1756,GR,Supply Chain,2020-11-22,2021-08-26,,2021-05-22,2020,outside_objective_hire_period
ACP001756,1757,GR,Finance,2022-04-16,2024-08-17,,2022-10-16,2022,retained
ACP001757,1758,IE,Sales,2022-01-29,,,2022-07-29,2022,retained
ACP001758,1759,IE,Supply Chain,2023-04-06,2023-07-13,,2023-10-06,2023,left_before_milestone
ACP001759,1760,RO,Supply Chain,2025-08-08,,,2026-02-08,2025,pending_observation
ACP001760,1761,RO,Digital,2021-05-27,2025-08-29,,2021-11-27,2021,retained
ACP001761,1762,RO,Sales,2024-07-30,2024-08-14,,2025-01-30,2024,left_before_milestone
ACP001762,1763,RO,Finance,2020-03-30,,,2020-09-30,2020,outside_objective_hire_period
ACP001763,1764,IT,Supply Chain,2024-09-02,,synthetic_source_recovered,2025-03-02,2024,retained
ACP001764,1765,RO,Digital,2021-02-22,,,2021-08-22,2021,retained
ACP001765,1766,PL,Supply Chain,2023-03-09,,,2023-09-09,2023,retained
ACP001766,1767,BG,Finance,2022-08-22,,,2023-02-22,2022,retained
ACP001767,1768,IT,Digital,2024-03-01,2025-05-01,,2024-09-01,2024,retained
ACP001768,1769,BG,Sales,2021-08-06,2022-06-08,,2022-02-06,2021,retained
ACP001769,1770,RO,Finance,2024-08-17,,,2025-02-17,2024,retained
ACP001770,1771,IT,Finance,2025-04-20,,,2025-10-20,2025,retained
ACP001771,1772,IT,Supply Chain,2024-05-14,,,2024-11-14,2024,retained
ACP001772,1773,RO,Sales,2025-07-24,2025-08-06,,2026-01-24,2025,pending_observation
ACP001773,1774,RO,Supply Chain,2020-08-02,2023-06-21,,2021-02-02,2020,outside_objective_hire_period
ACP001774,1775,RO,Finance,2020-07-28,,,2021-01-28,2020,outside_objective_hire_period
ACP001775,1776,BG,Digital,2020-02-22,,,2020-08-22,2020,outside_objective_hire_period
ACP001776,1777,BG,Sales,2024-12-31,,,2025-06-30,2024,retained
ACP001777,1778,BG,Supply Chain,2020-03-12,,,2020-09-12,2020,outside_objective_hire_period
ACP001778,1779,PL,Supply Chain,2025-11-09,,,2026-05-09,2025,pending_observation
ACP001779,1780,PL,Sales,2022-03-10,,,2022-09-10,2022,retained
ACP001780,1781,RO,Sales,2022-01-21,2023-09-05,,2022-07-21,2022,retained
ACP001781,1782,RO,Sales,2022-05-16,2022-05-28,,2022-11-16,2022,left_before_milestone
ACP001782,1783,IE,Digital,2024-06-03,2025-07-22,,2024-12-03,2024,retained
ACP001783,1784,IT,Supply Chain,2021-04-25,2023-05-22,,2021-10-25,2021,retained
ACP001784,1785,IT,Sales,2024-09-13,,,2025-03-13,2024,retained
ACP001785,1786,IT,Sales,2020-09-26,,,2021-03-26,2020,outside_objective_hire_period
ACP001786,1787,GR,Digital,2024-10-31,,,2025-04-30,2024,retained
ACP001787,1788,IT,Finance,2021-09-18,2025-10-05,,2022-03-18,2021,retained
ACP001788,1789,IT,Finance,2025-07-01,,,2026-01-01,2025,pending_observation
ACP001789,1790,RO,Supply Chain,2024-10-20,2025-10-27,,2025-04-20,2024,retained
ACP001790,1791,GR,Digital,2025-06-12,,,2025-12-12,2025,retained
ACP001791,1792,PL,Supply Chain,2023-06-01,,,2023-12-01,2023,retained
ACP001792,1793,GR,Sales,2023-05-30,,,2023-11-30,2023,retained
ACP001793,1794,GR,Supply Chain,2022-05-20,2023-08-27,,2022-11-20,2022,retained
ACP001794,1795,IE,Sales,2024-03-20,2025-05-22,,2024-09-20,2024,retained
ACP001795,1796,IE,Digital,2022-05-27,,,2022-11-27,2022,retained
ACP001796,1797,IE,Sales,2023-12-20,2024-03-01,,2024-06-20,2023,left_before_milestone
ACP001797,1798,BG,Supply Chain,2023-05-28,,,2023-11-28,2023,retained
ACP001798,1799,GR,Supply Chain,2021-03-01,,,2021-09-01,2021,retained
ACP001799,1800,PL,Supply Chain,2021-01-14,2021-03-18,,2021-07-14,2021,left_before_milestone
ACP001800,1801,IE,Sales,2020-06-26,,,2020-12-26,2020,outside_objective_hire_period
ACP001801,1802,IT,Digital,2022-07-06,,,2023-01-06,2022,retained
ACP001802,1803,BG,Digital,2021-05-07,2021-10-03,,2021-11-07,2021,left_before_milestone
ACP001803,1804,IT,Sales,2022-12-02,2023-01-07,,2023-06-02,2022,left_before_milestone
ACP001804,1805,IE,Sales,2024-05-20,2024-11-14,,2024-11-20,2024,left_before_milestone
ACP001805,1806,RO,Finance,2022-03-12,2022-04-29,,2022-09-12,2022,left_before_milestone
ACP001806,1807,IE,Sales,2023-07-28,,,2024-01-28,2023,retained
ACP001807,1808,IT,Supply Chain,2023-11-15,,,2024-05-15,2023,retained
ACP001808,1809,GR,Digital,2022-07-08,,,2023-01-08,2022,retained
ACP001809,1810,IE,Digital,2024-01-13,,,2024-07-13,2024,retained
ACP001810,1811,BG,Supply Chain,2023-02-25,,synthetic_source_recovered,2023-08-25,2023,retained
ACP001811,1812,GR,Sales,2020-04-23,,,2020-10-23,2020,outside_objective_hire_period
ACP001812,1813,IT,Digital,2021-09-11,2022-08-25,,2022-03-11,2021,retained
ACP001813,1814,PL,Digital,2022-08-14,,,2023-02-14,2022,retained
ACP001814,1815,IT,Finance,2023-12-25,,,2024-06-25,2023,retained
ACP001815,1816,GR,Finance,2021-07-31,,,2022-01-31,2021,retained
ACP001816,1817,BG,Digital,2025-04-12,,,2025-10-12,2025,retained
ACP001817,1818,BG,Finance,2021-03-07,,,2021-09-07,2021,retained
ACP001818,1819,IT,Finance,2024-10-14,2025-04-12,,2025-04-14,2024,left_before_milestone
ACP001819,1820,IT,Finance,2022-10-28,2023-03-16,,2023-04-28,2022,left_before_milestone
ACP001820,1821,PL,Supply Chain,2021-05-01,,,2021-11-01,2021,retained
ACP001821,1822,PL,Supply Chain,2021-10-28,,,2022-04-28,2021,retained
ACP001822,1823,RO,Finance,2021-05-02,,,2021-11-02,2021,retained
ACP001823,1824,PL,Sales,2022-04-08,,,2022-10-08,2022,retained
ACP001824,1825,GR,Finance,2021-12-01,,,2022-06-01,2021,retained
ACP001825,1826,BG,Finance,2024-08-09,,,2025-02-09,2024,retained
ACP001826,1827,PL,Supply Chain,2021-01-30,2025-11-13,,2021-07-30,2021,retained
ACP001827,1828,PL,Supply Chain,2024-08-15,,,2025-02-15,2024,retained
ACP001828,1829,PL,Supply Chain,2021-11-27,2023-03-19,,2022-05-27,2021,retained
ACP001829,1830,RO,Finance,2024-11-23,2025-12-06,,2025-05-23,2024,retained
ACP001830,1831,IE,Digital,2021-10-09,,,2022-04-09,2021,retained
ACP001831,1832,IE,Sales,2024-11-09,2025-12-19,,2025-05-09,2024,retained
ACP001832,1833,IT,Sales,2022-12-14,2025-07-22,,2023-06-14,2022,retained
ACP001833,1834,BG,Digital,2025-07-28,,,2026-01-28,2025,pending_observation
ACP001834,1835,IT,Digital,2020-07-08,2021-02-13,,2021-01-08,2020,outside_objective_hire_period
ACP001835,1836,PL,Sales,2022-05-28,,,2022-11-28,2022,retained
ACP001836,1837,PL,Digital,2023-10-21,,,2024-04-21,2023,retained
ACP001837,1838,IT,Finance,2022-04-09,,,2022-10-09,2022,retained
ACP001838,1839,RO,Supply Chain,2024-03-15,,,2024-09-15,2024,retained
ACP001839,1840,PL,Supply Chain,2021-10-19,,,2022-04-19,2021,retained
ACP001840,1841,BG,Finance,2021-04-25,,,2021-10-25,2021,retained
ACP001841,1842,IE,Digital,2021-09-22,,,2022-03-22,2021,retained
ACP001842,1843,IE,Supply Chain,2021-11-22,,,2022-05-22,2021,retained
ACP001843,1844,RO,Finance,2023-02-17,2024-05-12,,2023-08-17,2023,retained
ACP001844,1845,IT,Digital,2021-05-24,,,2021-11-24,2021,retained
ACP001845,1846,RO,Digital,2020-09-18,,,2021-03-18,2020,outside_objective_hire_period
ACP001846,1847,IT,Digital,2025-06-18,,,2025-12-18,2025,retained
ACP001847,1848,BG,Digital,2021-09-24,2023-08-24,,2022-03-24,2021,retained
ACP001848,1849,RO,Digital,2023-07-31,,,2024-01-31,2023,retained
ACP001849,1850,PL,Supply Chain,2021-07-22,2022-04-16,,2022-01-22,2021,retained
ACP001850,1851,PL,Supply Chain,2022-10-26,,,2023-04-26,2022,retained
ACP001851,1852,GR,Digital,2024-03-26,,,2024-09-26,2024,retained
ACP001852,1853,GR,Digital,2022-10-09,2022-12-26,,2023-04-09,2022,left_before_milestone
ACP001853,1854,IT,Supply Chain,2021-09-19,2022-07-25,,2022-03-19,2021,retained
ACP001854,1855,RO,Supply Chain,2020-05-17,,,2020-11-17,2020,outside_objective_hire_period
ACP001855,1856,IT,Digital,2024-05-30,2025-07-02,,2024-11-30,2024,retained
ACP001856,1857,RO,Finance,2025-10-11,,synthetic_source_recovered,2026-04-11,2025,pending_observation
ACP001857,1858,IT,Supply Chain,2021-01-18,,,2021-07-18,2021,retained
ACP001858,1859,PL,Finance,2025-02-08,,,2025-08-08,2025,retained
ACP001859,1860,RO,Digital,2025-11-29,,,2026-05-29,2025,pending_observation
ACP001860,1861,BG,Finance,2025-11-12,2025-12-22,,2026-05-12,2025,pending_observation
ACP001861,1862,GR,Digital,2021-05-29,,,2021-11-29,2021,retained
ACP001862,1863,BG,Supply Chain,2024-01-09,2024-08-09,,2024-07-09,2024,retained
ACP001863,1864,IT,Finance,2023-08-26,2024-05-16,,2024-02-26,2023,retained
ACP001864,1865,PL,Finance,2021-04-01,2021-07-28,,2021-10-01,2021,left_before_milestone
ACP001865,1866,GR,Digital,2022-08-05,,,2023-02-05,2022,retained
ACP001866,1867,IT,Digital,2020-10-25,2021-09-25,,2021-04-25,2020,outside_objective_hire_period
ACP001867,1868,BG,Supply Chain,2024-05-09,,,2024-11-09,2024,retained
ACP001868,1869,BG,Finance,2022-12-01,,,2023-06-01,2022,retained
ACP001869,1870,IT,Finance,2020-10-05,,synthetic_source_recovered,2021-04-05,2020,outside_objective_hire_period
ACP001870,1871,IT,Digital,2025-09-08,,,2026-03-08,2025,pending_observation
ACP001871,1872,IE,Digital,2025-08-27,,,2026-02-27,2025,pending_observation
ACP001872,1873,PL,Sales,2020-04-30,,,2020-10-30,2020,outside_objective_hire_period
ACP001873,1874,PL,Supply Chain,2022-04-12,2025-06-04,,2022-10-12,2022,retained
ACP001874,1875,GR,Digital,2024-12-29,2025-12-29,,2025-06-29,2024,retained
ACP001875,1876,BG,Finance,2024-02-16,,,2024-08-16,2024,retained
ACP001876,1877,IT,Digital,2022-02-26,,,2022-08-26,2022,retained
ACP001877,1878,GR,Digital,2020-05-28,,,2020-11-28,2020,outside_objective_hire_period
ACP001878,1879,GR,Finance,2021-08-31,,,2022-02-28,2021,retained
ACP001879,1880,PL,Supply Chain,2020-08-09,,,2021-02-09,2020,outside_objective_hire_period
ACP001880,1881,RO,Sales,2025-06-14,,,2025-12-14,2025,retained
ACP001881,1882,RO,Finance,2022-06-29,2023-02-02,,2022-12-29,2022,retained
ACP001882,1883,BG,Finance,2021-11-19,,,2022-05-19,2021,retained
ACP001883,1884,IE,Finance,2020-10-01,,,2021-04-01,2020,outside_objective_hire_period
ACP001884,1885,RO,Digital,2024-05-17,,,2024-11-17,2024,retained
ACP001885,1886,RO,Finance,2024-02-01,,,2024-08-01,2024,retained
ACP001886,1887,IT,Sales,2024-10-19,,,2025-04-19,2024,retained
ACP001887,1888,IT,Finance,2024-05-08,,,2024-11-08,2024,retained
ACP001888,1889,BG,Supply Chain,2025-02-15,,,2025-08-15,2025,retained
ACP001889,1890,GR,Finance,2022-11-07,,,2023-05-07,2022,retained
ACP001890,1891,PL,Supply Chain,2024-10-27,,,2025-04-27,2024,retained
ACP001891,1892,IT,Sales,2022-12-02,,,2023-06-02,2022,retained
ACP001892,1893,IT,Supply Chain,2023-09-13,2024-08-17,,2024-03-13,2023,retained
ACP001893,1894,BG,Finance,2023-11-23,,,2024-05-23,2023,retained
ACP001894,1895,PL,Finance,2020-05-12,2021-01-29,,2020-11-12,2020,outside_objective_hire_period
ACP001895,1896,IT,Finance,2025-10-14,2025-11-05,,2026-04-14,2025,pending_observation
ACP001896,1897,IE,Finance,2021-11-24,2025-01-13,,2022-05-24,2021,retained
ACP001897,1898,GR,Sales,2022-06-30,,,2022-12-30,2022,retained
ACP001898,1899,PL,Supply Chain,2022-02-21,,,2022-08-21,2022,retained
ACP001899,1900,IE,Digital,2024-11-28,2025-01-05,,2025-05-28,2024,left_before_milestone
ACP001900,1901,BG,Finance,2021-09-18,,,2022-03-18,2021,retained
ACP001901,1902,GR,Finance,2021-07-07,,,2022-01-07,2021,retained
ACP001902,1903,RO,Finance,2021-06-07,2023-11-16,,2021-12-07,2021,retained
ACP001903,1904,BG,Supply Chain,2021-09-18,,,2022-03-18,2021,retained
ACP001904,1905,BG,Finance,2025-08-30,,,2026-02-28,2025,pending_observation
ACP001905,1906,RO,Supply Chain,2022-01-08,,,2022-07-08,2022,retained
ACP001906,1907,GR,Supply Chain,2022-05-08,,,2022-11-08,2022,retained
ACP001907,1908,IT,Supply Chain,2024-08-26,,,2025-02-26,2024,retained
ACP001908,1909,RO,Finance,2021-05-13,2022-10-19,,2021-11-13,2021,retained
ACP001909,1910,IE,Digital,2024-10-27,,,2025-04-27,2024,retained
ACP001910,1911,RO,Digital,2024-10-04,2025-01-07,,2025-04-04,2024,left_before_milestone
ACP001911,1912,GR,Finance,2020-07-05,,,2021-01-05,2020,outside_objective_hire_period
ACP001912,1913,GR,Digital,2021-10-05,2022-01-04,,2022-04-05,2021,left_before_milestone
ACP001913,1914,IE,Finance,2023-11-05,,,2024-05-05,2023,retained
ACP001914,1915,IE,Finance,2023-02-23,2023-12-15,,2023-08-23,2023,retained
ACP001915,1916,BG,Digital,2025-09-16,,,2026-03-16,2025,pending_observation
ACP001916,1917,IT,Finance,2022-02-16,,,2022-08-16,2022,retained
ACP001917,1918,IT,Finance,2021-03-27,2021-07-21,,2021-09-27,2021,left_before_milestone
ACP001918,1919,PL,Finance,2024-06-25,2025-08-18,,2024-12-25,2024,retained
ACP001919,1920,IT,Finance,2025-04-17,,,2025-10-17,2025,retained
ACP001920,1921,GR,Finance,2023-08-03,,,2024-02-03,2023,retained
ACP001921,1922,RO,Supply Chain,2020-11-23,,,2021-05-23,2020,outside_objective_hire_period
ACP001922,1923,BG,Sales,2021-11-09,2022-03-27,,2022-05-09,2021,left_before_milestone
ACP001923,1924,GR,Sales,2024-07-04,2024-11-27,,2025-01-04,2024,left_before_milestone
ACP001924,1925,IE,Finance,2025-03-25,,,2025-09-25,2025,retained
ACP001925,1926,IT,Digital,2024-04-27,,,2024-10-27,2024,retained
ACP001926,1927,RO,Supply Chain,2021-05-03,,,2021-11-03,2021,retained
ACP001927,1928,IT,Digital,2022-03-03,,,2022-09-03,2022,retained
ACP001928,1929,IT,Supply Chain,2022-02-03,,,2022-08-03,2022,retained
ACP001929,1930,PL,Supply Chain,2020-03-06,2020-11-06,,2020-09-06,2020,outside_objective_hire_period
ACP001930,1931,BG,Digital,2020-08-21,2025-06-19,,2021-02-21,2020,outside_objective_hire_period
ACP001931,1932,PL,Digital,2020-01-31,,,2020-07-31,2020,outside_objective_hire_period
ACP001932,1933,RO,Digital,2024-09-08,2025-10-06,,2025-03-08,2024,retained
ACP001933,1934,IT,Supply Chain,2022-10-02,2022-12-10,,2023-04-02,2022,left_before_milestone
ACP001934,1935,RO,Sales,2024-11-14,2024-12-30,,2025-05-14,2024,left_before_milestone
ACP001935,1936,IT,Finance,2022-09-07,,,2023-03-07,2022,retained
ACP001936,1937,PL,Digital,2023-08-22,,,2024-02-22,2023,retained
ACP001937,1938,RO,Sales,2022-04-03,,,2022-10-03,2022,retained
ACP001938,1939,RO,Sales,2024-10-14,,,2025-04-14,2024,retained
ACP001939,1940,RO,Finance,2024-06-10,2024-10-06,,2024-12-10,2024,left_before_milestone
ACP001940,1941,PL,Finance,2021-11-23,2022-08-18,,2022-05-23,2021,retained
ACP001941,1942,PL,Sales,2021-07-16,2023-03-03,,2022-01-16,2021,retained
ACP001942,1943,IE,Supply Chain,2020-09-27,,,2021-03-27,2020,outside_objective_hire_period
ACP001943,1944,PL,Sales,2023-05-31,2023-08-14,,2023-11-30,2023,left_before_milestone
ACP001944,1945,GR,Finance,2022-02-15,,,2022-08-15,2022,retained
ACP001945,1946,PL,Finance,2021-10-10,2025-06-06,,2022-04-10,2021,retained
ACP001946,1947,BG,Finance,2022-08-22,,,2023-02-22,2022,retained
ACP001947,1948,IT,Supply Chain,2024-08-05,,,2025-02-05,2024,retained
ACP001948,1949,RO,Sales,2020-06-27,2021-04-04,,2020-12-27,2020,outside_objective_hire_period
ACP001949,1950,GR,Sales,2024-07-20,,,2025-01-20,2024,retained
ACP001950,1951,IE,Supply Chain,2020-10-23,,,2021-04-23,2020,outside_objective_hire_period
ACP001951,1952,IE,Supply Chain,2021-04-01,,,2021-10-01,2021,retained
ACP001952,1953,PL,Finance,2020-09-19,,,2021-03-19,2020,outside_objective_hire_period
ACP001953,1954,BG,Sales,2024-07-12,2024-09-23,,2025-01-12,2024,left_before_milestone
ACP001954,1955,IE,Digital,2022-04-22,2023-06-23,,2022-10-22,2022,retained
ACP001955,1956,IE,Supply Chain,2023-03-25,,,2023-09-25,2023,retained
ACP001956,1957,BG,Finance,2025-05-06,,,2025-11-06,2025,retained
ACP001957,1958,PL,Supply Chain,2022-03-08,2022-09-02,,2022-09-08,2022,left_before_milestone
ACP001958,1959,BG,Sales,2020-10-14,,synthetic_source_recovered,2021-04-14,2020,outside_objective_hire_period
ACP001959,1960,RO,Sales,2025-05-03,2025-10-21,,2025-11-03,2025,left_before_milestone
ACP001960,1961,BG,Supply Chain,2021-06-08,2023-01-17,,2021-12-08,2021,retained
ACP001961,1962,BG,Digital,2022-02-19,,,2022-08-19,2022,retained
ACP001962,1963,PL,Sales,2020-01-26,,,2020-07-26,2020,outside_objective_hire_period
ACP001963,1964,IT,Sales,2024-04-11,,,2024-10-11,2024,retained
ACP001964,1965,GR,Supply Chain,2023-08-31,,,2024-02-29,2023,retained
ACP001965,1966,BG,Supply Chain,2024-02-25,2024-05-11,,2024-08-25,2024,left_before_milestone
ACP001966,1967,RO,Supply Chain,2023-05-12,,,2023-11-12,2023,retained
ACP001967,1968,GR,Sales,2024-06-28,,,2024-12-28,2024,retained
ACP001968,1969,BG,Sales,2023-03-18,2025-04-03,,2023-09-18,2023,retained
ACP001969,1970,GR,Supply Chain,2022-08-14,,,2023-02-14,2022,retained
ACP001970,1971,IE,Sales,2021-01-03,,,2021-07-03,2021,retained
ACP001971,1972,IE,Finance,2022-07-05,,,2023-01-05,2022,retained
ACP001972,1973,BG,Digital,2021-11-23,,,2022-05-23,2021,retained
ACP001973,1974,GR,Sales,2021-07-10,,,2022-01-10,2021,retained
ACP001974,1975,GR,Finance,2021-09-09,,,2022-03-09,2021,retained
ACP001975,1976,GR,Digital,2022-04-27,,,2022-10-27,2022,retained
ACP001976,1977,IE,Digital,2024-07-27,,,2025-01-27,2024,retained
ACP001977,1978,GR,Digital,2023-02-23,,,2023-08-23,2023,retained
ACP001978,1979,BG,Sales,2023-05-27,,,2023-11-27,2023,retained
ACP001979,1980,PL,Sales,2022-05-10,,,2022-11-10,2022,retained
ACP001980,1981,GR,Finance,2024-12-18,2025-10-29,,2025-06-18,2024,retained
ACP001981,1982,GR,Digital,2025-03-16,,,2025-09-16,2025,retained
ACP001982,1983,GR,Supply Chain,2022-08-01,,,2023-02-01,2022,retained
ACP001983,1984,IT,Digital,2021-02-23,,,2021-08-23,2021,retained
ACP001984,1985,IT,Digital,2020-05-24,,,2020-11-24,2020,outside_objective_hire_period
ACP001985,1986,PL,Digital,2021-12-14,,,2022-06-14,2021,retained
ACP001986,1987,RO,Finance,2025-01-08,,,2025-07-08,2025,retained
ACP001987,1988,IE,Sales,2022-07-26,,,2023-01-26,2022,retained
ACP001988,1989,PL,Digital,2025-06-17,,,2025-12-17,2025,retained
ACP001989,1990,RO,Finance,2022-10-13,2023-06-25,,2023-04-13,2022,retained
ACP001990,1991,GR,Supply Chain,2023-01-19,,,2023-07-19,2023,retained
ACP001991,1992,PL,Supply Chain,2023-03-08,2023-05-04,,2023-09-08,2023,left_before_milestone
ACP001992,1993,GR,Digital,2024-09-03,,,2025-03-03,2024,retained
ACP001993,1994,BG,Supply Chain,2020-06-12,,,2020-12-12,2020,outside_objective_hire_period
ACP001994,1995,IE,Supply Chain,2020-07-31,,,2021-01-31,2020,outside_objective_hire_period
ACP001995,1996,BG,Digital,2024-06-17,,,2024-12-17,2024,retained
ACP001996,1997,BG,Sales,2020-10-29,2020-12-29,,2021-04-29,2020,outside_objective_hire_period
ACP001997,1998,GR,Finance,2020-10-30,,,2021-04-30,2020,outside_objective_hire_period
ACP001998,1999,IE,Digital,2025-10-05,,,2026-04-05,2025,pending_observation
ACP001999,2000,PL,Finance,2022-10-06,,,2023-04-06,2022,retained
ACP002000,2001,IE,Finance,2024-12-09,,,2025-06-09,2024,retained
ACP002001,2002,GR,Finance,2025-03-02,,,2025-09-02,2025,retained
ACP002002,2003,IE,Digital,2025-07-22,,,2026-01-22,2025,pending_observation
ACP002003,2004,IE,Digital,2023-12-28,,,2024-06-28,2023,retained
ACP002004,2005,GR,Digital,2021-06-30,,,2021-12-30,2021,retained
ACP002005,2006,PL,Finance,2022-05-17,2022-07-01,,2022-11-17,2022,left_before_milestone
ACP002006,2007,IE,Digital,2024-12-18,,,2025-06-18,2024,retained
ACP002007,2008,IT,Sales,2023-05-29,2024-10-16,,2023-11-29,2023,retained
ACP002008,2009,IE,Sales,2021-06-10,2025-04-09,,2021-12-10,2021,retained
ACP002009,2010,PL,Supply Chain,2022-05-03,,,2022-11-03,2022,retained
ACP002010,2011,GR,Sales,2020-01-23,,,2020-07-23,2020,outside_objective_hire_period
ACP002011,2012,IT,Supply Chain,2024-02-23,,,2024-08-23,2024,retained
ACP002012,2013,IT,Digital,2020-04-23,2021-10-17,,2020-10-23,2020,outside_objective_hire_period
ACP002013,2014,PL,Digital,2020-08-31,,,2021-02-28,2020,outside_objective_hire_period
ACP002014,2015,IT,Finance,2025-02-16,,,2025-08-16,2025,retained
ACP002015,2016,BG,Digital,2020-11-12,,,2021-05-12,2020,outside_objective_hire_period
ACP002016,2017,IT,Supply Chain,2023-06-02,2023-10-23,,2023-12-02,2023,left_before_milestone
ACP002017,2018,PL,Finance,2020-07-25,,,2021-01-25,2020,outside_objective_hire_period
ACP002018,2019,PL,Supply Chain,2021-04-05,,,2021-10-05,2021,retained
ACP002019,2020,GR,Digital,2024-09-06,,,2025-03-06,2024,retained
ACP002020,2021,BG,Supply Chain,2024-05-18,2024-11-24,,2024-11-18,2024,retained
ACP002021,2022,BG,Digital,2022-09-28,,,2023-03-28,2022,retained
ACP002022,2023,IT,Supply Chain,2024-02-13,,,2024-08-13,2024,retained
ACP002023,2024,PL,Sales,2025-02-08,,,2025-08-08,2025,retained
ACP002024,2025,BG,Finance,2025-07-03,,,2026-01-03,2025,pending_observation
ACP002025,2026,RO,Digital,2021-11-04,2025-10-30,,2022-05-04,2021,retained
ACP002026,2027,IT,Finance,2021-01-25,,,2021-07-25,2021,retained
ACP002027,2028,IT,Supply Chain,2024-02-17,,,2024-08-17,2024,retained
ACP002028,2029,IE,Sales,2022-01-04,,,2022-07-04,2022,retained
ACP002029,2030,GR,Finance,2024-12-26,,,2025-06-26,2024,retained
ACP002030,2031,BG,Finance,2025-09-08,,,2026-03-08,2025,pending_observation
ACP002031,2032,GR,Finance,2021-11-30,,,2022-05-30,2021,retained
ACP002032,2033,PL,Digital,2025-08-19,,,2026-02-19,2025,pending_observation
ACP002033,2034,BG,Sales,2023-09-18,2025-06-19,,2024-03-18,2023,retained
ACP002034,2035,BG,Finance,2025-02-13,,,2025-08-13,2025,retained
ACP002035,2036,RO,Supply Chain,2021-07-27,,,2022-01-27,2021,retained
ACP002036,2037,IE,Supply Chain,2020-10-09,,,2021-04-09,2020,outside_objective_hire_period
ACP002037,2038,RO,Sales,2021-08-26,,,2022-02-26,2021,retained
ACP002038,2039,BG,Digital,2023-03-30,2024-12-22,,2023-09-30,2023,retained
ACP002039,2040,IT,Digital,2021-10-08,,,2022-04-08,2021,retained
ACP002040,2041,BG,Digital,2021-08-08,,,2022-02-08,2021,retained
ACP002041,2042,RO,Sales,2023-02-16,2023-07-27,,2023-08-16,2023,left_before_milestone
ACP002042,2043,RO,Digital,2025-11-03,,,2026-05-03,2025,pending_observation
ACP002043,2044,GR,Sales,2021-10-04,,,2022-04-04,2021,retained
ACP002044,2045,GR,Sales,2020-09-09,,,2021-03-09,2020,outside_objective_hire_period
ACP002045,2046,BG,Finance,2020-09-18,2021-03-23,,2021-03-18,2020,outside_objective_hire_period
ACP002046,2047,IE,Sales,2024-08-15,2025-11-28,,2025-02-15,2024,retained
ACP002047,2048,IE,Sales,2022-01-08,2024-08-08,synthetic_source_recovered,2022-07-08,2022,retained
ACP002048,2049,IT,Finance,2022-08-14,,,2023-02-14,2022,retained
ACP002049,2050,IT,Sales,2021-08-10,2022-01-03,,2022-02-10,2021,left_before_milestone
ACP002050,2051,RO,Supply Chain,2021-05-19,2022-01-18,,2021-11-19,2021,retained
ACP002051,2052,PL,Digital,2022-06-22,,,2022-12-22,2022,retained
ACP002052,2053,BG,Supply Chain,2022-12-12,,,2023-06-12,2022,retained
ACP002053,2054,GR,Supply Chain,2021-12-10,2022-05-31,,2022-06-10,2021,left_before_milestone
ACP002054,2055,IT,Finance,2022-12-30,,,2023-06-30,2022,retained
ACP002055,2056,PL,Finance,2020-03-01,,,2020-09-01,2020,outside_objective_hire_period
ACP002056,2057,IE,Finance,2021-12-01,2022-10-19,,2022-06-01,2021,retained
ACP002057,2058,RO,Finance,2024-10-24,,,2025-04-24,2024,retained
ACP002058,2059,PL,Digital,2023-05-03,,,2023-11-03,2023,retained
ACP002059,2060,PL,Sales,2025-01-27,2025-04-21,,2025-07-27,2025,left_before_milestone
ACP002060,2061,GR,Finance,2025-08-19,,,2026-02-19,2025,pending_observation
ACP002061,2062,IE,Sales,2025-05-11,,,2025-11-11,2025,retained
ACP002062,2063,BG,Digital,2020-05-06,,,2020-11-06,2020,outside_objective_hire_period
ACP002063,2064,IE,Finance,2020-02-15,2020-04-30,,2020-08-15,2020,outside_objective_hire_period
ACP002064,2065,BG,Finance,2024-05-17,,,2024-11-17,2024,retained
ACP002065,2066,GR,Finance,2023-10-22,,synthetic_source_recovered,2024-04-22,2023,retained
ACP002066,2067,BG,Sales,2025-09-14,,,2026-03-14,2025,pending_observation
ACP002067,2068,RO,Sales,2022-03-21,,,2022-09-21,2022,retained
ACP002068,2069,IT,Supply Chain,2020-10-03,,,2021-04-03,2020,outside_objective_hire_period
ACP002069,2070,IT,Digital,2021-12-13,2022-06-19,,2022-06-13,2021,retained
ACP002070,2071,GR,Digital,2021-05-17,2021-06-05,,2021-11-17,2021,left_before_milestone
ACP002071,2072,IT,Sales,2020-07-10,2020-10-27,,2021-01-10,2020,outside_objective_hire_period
ACP002072,2073,PL,Supply Chain,2025-04-04,,,2025-10-04,2025,retained
ACP002073,2074,RO,Supply Chain,2020-02-05,,,2020-08-05,2020,outside_objective_hire_period
ACP002074,2075,IT,Sales,2020-05-18,,,2020-11-18,2020,outside_objective_hire_period
ACP002075,2076,GR,Supply Chain,2025-08-26,2025-11-06,,2026-02-26,2025,pending_observation
ACP002076,2077,BG,Supply Chain,2023-04-04,2023-05-20,,2023-10-04,2023,left_before_milestone
ACP002077,2078,IT,Digital,2020-06-18,,,2020-12-18,2020,outside_objective_hire_period
ACP002078,2079,IE,Sales,2022-06-08,2023-03-15,,2022-12-08,2022,retained
ACP002079,2080,GR,Digital,2022-01-16,,,2022-07-16,2022,retained
ACP002080,2081,PL,Digital,2020-12-21,,,2021-06-21,2020,outside_objective_hire_period
ACP002081,2082,PL,Digital,2020-10-24,,,2021-04-24,2020,outside_objective_hire_period
ACP002082,2083,PL,Finance,2022-08-20,2023-06-11,,2023-02-20,2022,retained
ACP002083,2084,BG,Supply Chain,2024-07-23,2025-10-24,,2025-01-23,2024,retained
ACP002084,2085,GR,Digital,2025-07-29,,,2026-01-29,2025,pending_observation
ACP002085,2086,IT,Supply Chain,2022-02-09,,,2022-08-09,2022,retained
ACP002086,2087,BG,Sales,2022-08-08,,,2023-02-08,2022,retained
ACP002087,2088,IT,Sales,2020-09-24,,,2021-03-24,2020,outside_objective_hire_period
ACP002088,2089,IT,Supply Chain,2021-01-09,2024-03-01,,2021-07-09,2021,retained
ACP002089,2090,PL,Sales,2024-04-15,,,2024-10-15,2024,retained
ACP002090,2091,IE,Sales,2022-02-20,2022-07-26,,2022-08-20,2022,left_before_milestone
ACP002091,2092,IT,Supply Chain,2021-12-03,2024-03-26,,2022-06-03,2021,retained
ACP002092,2093,IE,Sales,2022-07-10,2024-11-04,,2023-01-10,2022,retained
ACP002093,2094,BG,Sales,2024-02-17,2024-04-17,,2024-08-17,2024,left_before_milestone
ACP002094,2095,IE,Digital,2024-07-11,,,2025-01-11,2024,retained
ACP002095,2096,RO,Supply Chain,2025-07-31,,,2026-01-31,2025,pending_observation
ACP002096,2097,PL,Supply Chain,2021-05-26,,,2021-11-26,2021,retained
ACP002097,2098,RO,Supply Chain,2024-07-03,2025-08-20,,2025-01-03,2024,retained
ACP002098,2099,GR,Finance,2021-04-19,,,2021-10-19,2021,retained
ACP002099,2100,PL,Supply Chain,2021-04-24,,,2021-10-24,2021,retained
ACP002100,2101,BG,Sales,2024-11-26,,,2025-05-26,2024,retained
ACP002101,2102,PL,Digital,2023-01-06,,,2023-07-06,2023,retained
ACP002102,2103,BG,Sales,2022-04-22,,,2022-10-22,2022,retained
ACP002103,2104,RO,Supply Chain,2021-06-10,,,2021-12-10,2021,retained
ACP002104,2105,GR,Digital,2020-06-20,,synthetic_source_recovered,2020-12-20,2020,outside_objective_hire_period
ACP002105,2106,BG,Digital,2020-12-21,,,2021-06-21,2020,outside_objective_hire_period
ACP002106,2107,GR,Digital,2023-05-14,,,2023-11-14,2023,retained
ACP002107,2108,BG,Digital,2020-10-18,2021-02-14,,2021-04-18,2020,outside_objective_hire_period
ACP002108,2109,RO,Digital,2024-07-23,,,2025-01-23,2024,retained
ACP002109,2110,GR,Digital,2024-10-26,,,2025-04-26,2024,retained
ACP002110,2111,IE,Digital,2020-10-05,,,2021-04-05,2020,outside_objective_hire_period
ACP002111,2112,RO,Digital,2023-08-05,2023-12-22,,2024-02-05,2023,left_before_milestone
ACP002112,2113,IT,Finance,2024-09-11,,,2025-03-11,2024,retained
ACP002113,2114,IT,Sales,2022-01-14,,,2022-07-14,2022,retained
ACP002114,2115,RO,Sales,2023-05-19,2024-10-06,,2023-11-19,2023,retained
ACP002115,2116,RO,Sales,2024-10-13,,,2025-04-13,2024,retained
ACP002116,2117,BG,Digital,2022-02-02,,,2022-08-02,2022,retained
ACP002117,2118,BG,Finance,2021-03-31,,,2021-09-30,2021,retained
ACP002118,2119,IE,Supply Chain,2020-10-30,,,2021-04-30,2020,outside_objective_hire_period
ACP002119,2120,RO,Sales,2024-04-23,2025-05-26,,2024-10-23,2024,retained
ACP002120,2121,PL,Finance,2024-10-01,2025-09-21,,2025-04-01,2024,retained
ACP002121,2122,BG,Finance,2024-01-25,2024-03-18,,2024-07-25,2024,left_before_milestone
ACP002122,2123,IT,Digital,2025-02-13,,,2025-08-13,2025,retained
ACP002123,2124,IE,Finance,2020-02-12,,,2020-08-12,2020,outside_objective_hire_period
ACP002124,2125,PL,Digital,2022-09-11,,,2023-03-11,2022,retained
ACP002125,2126,IT,Finance,2022-07-18,,,2023-01-18,2022,retained
ACP002126,2127,IE,Finance,2021-12-24,,,2022-06-24,2021,retained
ACP002127,2128,BG,Supply Chain,2020-04-06,,,2020-10-06,2020,outside_objective_hire_period
ACP002128,2129,RO,Sales,2024-01-02,2024-02-15,,2024-07-02,2024,left_before_milestone
ACP002129,2130,PL,Supply Chain,2025-01-21,,,2025-07-21,2025,retained
ACP002130,2131,GR,Digital,2024-12-27,,,2025-06-27,2024,retained
ACP002131,2132,GR,Finance,2025-11-04,,,2026-05-04,2025,pending_observation
ACP002132,2133,IT,Supply Chain,2021-03-08,,,2021-09-08,2021,retained
ACP002133,2134,RO,Supply Chain,2020-03-15,,,2020-09-15,2020,outside_objective_hire_period
ACP002134,2135,GR,Supply Chain,2022-04-04,,,2022-10-04,2022,retained
ACP002135,2136,RO,Digital,2023-05-19,2023-09-18,,2023-11-19,2023,left_before_milestone
ACP002136,2137,IT,Supply Chain,2021-10-10,,,2022-04-10,2021,retained
ACP002137,2138,IT,Finance,2025-08-24,,,2026-02-24,2025,pending_observation
ACP002138,2139,RO,Sales,2022-01-17,2023-01-31,,2022-07-17,2022,retained
ACP002139,2140,IT,Digital,2022-01-15,,,2022-07-15,2022,retained
ACP002140,2141,RO,Sales,2022-04-18,2022-12-15,,2022-10-18,2022,retained
ACP002141,2142,RO,Digital,2020-02-22,,,2020-08-22,2020,outside_objective_hire_period
ACP002142,2143,GR,Sales,2023-05-18,,,2023-11-18,2023,retained
ACP002143,2144,IT,Sales,2024-05-02,,,2024-11-02,2024,retained
ACP002144,2145,PL,Supply Chain,2021-10-23,,,2022-04-23,2021,retained
ACP002145,2146,IT,Sales,2023-04-22,,,2023-10-22,2023,retained
ACP002146,2147,IE,Sales,2023-11-15,,,2024-05-15,2023,retained
ACP002147,2148,BG,Finance,2025-07-30,,,2026-01-30,2025,pending_observation
ACP002148,2149,GR,Digital,2022-01-22,2022-03-10,,2022-07-22,2022,left_before_milestone
ACP002149,2150,PL,Digital,2024-10-06,,,2025-04-06,2024,retained
ACP002150,2151,PL,Sales,2025-04-06,,,2025-10-06,2025,retained
ACP002151,2152,GR,Digital,2021-05-24,,,2021-11-24,2021,retained
ACP002152,2153,BG,Supply Chain,2021-12-26,,,2022-06-26,2021,retained
ACP002153,2154,IT,Finance,2025-09-22,,,2026-03-22,2025,pending_observation
ACP002154,2155,PL,Sales,2023-06-26,,,2023-12-26,2023,retained
ACP002155,2156,IT,Sales,2023-12-21,2024-03-13,,2024-06-21,2023,left_before_milestone
ACP002156,2157,PL,Supply Chain,2021-01-25,,,2021-07-25,2021,retained
ACP002157,2158,GR,Digital,2021-09-02,2025-12-23,,2022-03-02,2021,retained
ACP002158,2159,IE,Finance,2023-01-31,,,2023-07-31,2023,retained
ACP002159,2160,PL,Finance,2021-02-02,,,2021-08-02,2021,retained
ACP002160,2161,GR,Digital,2022-10-14,,,2023-04-14,2022,retained
ACP002161,2162,GR,Sales,2023-08-20,2025-04-20,,2024-02-20,2023,retained
ACP002162,2163,BG,Finance,2025-06-08,,,2025-12-08,2025,retained
ACP002163,2164,IT,Supply Chain,2021-09-06,,,2022-03-06,2021,retained
ACP002164,2165,BG,Digital,2022-09-24,,,2023-03-24,2022,retained
ACP002165,2166,BG,Sales,2021-07-01,,,2022-01-01,2021,retained
ACP002166,2167,RO,Finance,2022-09-06,,,2023-03-06,2022,retained
ACP002167,2168,RO,Sales,2024-08-27,,,2025-02-27,2024,retained
ACP002168,2169,PL,Digital,2020-10-26,,,2021-04-26,2020,outside_objective_hire_period
ACP002169,2170,GR,Sales,2025-07-08,,,2026-01-08,2025,pending_observation
ACP002170,2171,IE,Digital,2021-02-23,,,2021-08-23,2021,retained
ACP002171,2172,IT,Digital,2020-04-19,,,2020-10-19,2020,outside_objective_hire_period
ACP002172,2173,RO,Digital,2022-08-10,,,2023-02-10,2022,retained
ACP002173,2174,BG,Digital,2021-10-27,,,2022-04-27,2021,retained
ACP002174,2175,IE,Supply Chain,2022-06-29,,,2022-12-29,2022,retained
ACP002175,2176,PL,Digital,2020-11-01,2020-12-26,,2021-05-01,2020,outside_objective_hire_period
ACP002176,2177,GR,Sales,2021-11-09,,,2022-05-09,2021,retained
ACP002177,2178,RO,Supply Chain,2021-09-12,,,2022-03-12,2021,retained
ACP002178,2179,IE,Supply Chain,2024-03-04,,,2024-09-04,2024,retained
ACP002179,2180,IT,Finance,2023-11-04,2025-05-22,,2024-05-04,2023,retained
ACP002180,2181,PL,Digital,2020-10-12,,,2021-04-12,2020,outside_objective_hire_period
ACP002181,2182,RO,Digital,2024-04-20,,,2024-10-20,2024,retained
ACP002182,2183,GR,Sales,2020-11-11,2020-12-18,,2021-05-11,2020,outside_objective_hire_period
ACP002183,2184,GR,Digital,2020-04-16,,,2020-10-16,2020,outside_objective_hire_period
ACP002184,2185,IE,Finance,2024-05-13,,,2024-11-13,2024,retained
ACP002185,2186,BG,Digital,2023-01-25,,,2023-07-25,2023,retained
ACP002186,2187,PL,Digital,2022-03-29,,,2022-09-29,2022,retained
ACP002187,2188,BG,Supply Chain,2024-11-01,,,2025-05-01,2024,retained
ACP002188,2189,RO,Sales,2023-07-27,,,2024-01-27,2023,retained
ACP002189,2190,RO,Digital,2021-08-10,2022-02-25,,2022-02-10,2021,retained
ACP002190,2191,BG,Supply Chain,2022-04-25,,synthetic_source_recovered,2022-10-25,2022,retained
ACP002191,2192,IT,Digital,2020-08-08,,,2021-02-08,2020,outside_objective_hire_period
ACP002192,2193,RO,Finance,2022-07-29,2022-11-08,,2023-01-29,2022,left_before_milestone
ACP002193,2194,IE,Finance,2022-07-26,2022-08-17,,2023-01-26,2022,left_before_milestone
ACP002194,2195,RO,Digital,2020-11-09,2021-06-02,,2021-05-09,2020,outside_objective_hire_period
ACP002195,2196,GR,Sales,2020-11-12,,,2021-05-12,2020,outside_objective_hire_period
ACP002196,2197,PL,Supply Chain,2021-11-13,,,2022-05-13,2021,retained
ACP002197,2198,GR,Finance,2020-01-29,,,2020-07-29,2020,outside_objective_hire_period
ACP002198,2199,GR,Sales,2023-06-01,2023-09-19,,2023-12-01,2023,left_before_milestone
ACP002199,2200,GR,Finance,2020-10-14,,,2021-04-14,2020,outside_objective_hire_period
ACP002200,2201,GR,Finance,2022-12-11,,,2023-06-11,2022,retained
ACP002201,2202,IT,Finance,2024-08-13,2024-10-13,,2025-02-13,2024,left_before_milestone
ACP002202,2203,GR,Finance,2025-02-17,2025-07-30,,2025-08-17,2025,left_before_milestone
ACP002203,2204,IT,Finance,2021-11-04,,,2022-05-04,2021,retained
ACP002204,2205,BG,Sales,2020-10-14,2024-02-03,,2021-04-14,2020,outside_objective_hire_period
ACP002205,2206,RO,Sales,2022-09-27,2025-02-19,,2023-03-27,2022,retained
ACP002206,2207,IT,Sales,2022-09-15,,,2023-03-15,2022,retained
ACP002207,2208,RO,Sales,2021-11-15,,,2022-05-15,2021,retained
ACP002208,2209,IT,Supply Chain,2022-11-09,,,2023-05-09,2022,retained
ACP002209,2210,RO,Sales,2023-11-29,2025-07-27,,2024-05-29,2023,retained
ACP002210,2211,BG,Digital,2020-08-23,,,2021-02-23,2020,outside_objective_hire_period
ACP002211,2212,IT,Finance,2023-07-03,2025-05-24,,2024-01-03,2023,retained
ACP002212,2213,IE,Supply Chain,2024-01-09,2024-10-24,,2024-07-09,2024,retained
ACP002213,2214,BG,Digital,2022-05-25,2022-08-12,,2022-11-25,2022,left_before_milestone
ACP002214,2215,IE,Digital,2021-02-17,,,2021-08-17,2021,retained
ACP002215,2216,RO,Finance,2020-01-21,,,2020-07-21,2020,outside_objective_hire_period
ACP002216,2217,PL,Supply Chain,2024-09-18,,,2025-03-18,2024,retained
ACP002217,2218,BG,Finance,2022-01-25,,,2022-07-25,2022,retained
ACP002218,2219,BG,Finance,2025-09-18,,,2026-03-18,2025,pending_observation
ACP002219,2220,IT,Supply Chain,2023-04-09,,,2023-10-09,2023,retained
ACP002220,2221,IE,Digital,2025-10-25,,,2026-04-25,2025,pending_observation
ACP002221,2222,IE,Digital,2021-12-02,2021-12-25,,2022-06-02,2021,left_before_milestone
ACP002222,2223,BG,Sales,2023-11-02,,,2024-05-02,2023,retained
ACP002223,2224,BG,Supply Chain,2022-02-04,,,2022-08-04,2022,retained
ACP002224,2225,IT,Finance,2020-04-15,,,2020-10-15,2020,outside_objective_hire_period
ACP002225,2226,IT,Supply Chain,2023-02-07,,synthetic_source_recovered,2023-08-07,2023,retained
ACP002226,2227,IE,Finance,2025-04-17,,,2025-10-17,2025,retained
ACP002227,2228,IT,Digital,2024-04-14,2025-04-15,,2024-10-14,2024,retained
ACP002228,2229,IT,Digital,2023-07-04,,,2024-01-04,2023,retained
ACP002229,2230,PL,Supply Chain,2021-12-06,2022-01-08,,2022-06-06,2021,left_before_milestone
ACP002230,2231,IT,Finance,2023-10-27,2024-04-29,,2024-04-27,2023,retained
ACP002231,2232,BG,Finance,2022-04-20,,,2022-10-20,2022,retained
ACP002232,2233,RO,Digital,2022-10-27,2024-05-23,,2023-04-27,2022,retained
ACP002233,2234,PL,Finance,2020-10-29,,,2021-04-29,2020,outside_objective_hire_period
ACP002234,2235,IT,Digital,2025-10-13,,,2026-04-13,2025,pending_observation
ACP002235,2236,IT,Digital,2022-08-25,,,2023-02-25,2022,retained
ACP002236,2237,BG,Finance,2020-10-23,,,2021-04-23,2020,outside_objective_hire_period
ACP002237,2238,RO,Digital,2020-01-12,,,2020-07-12,2020,outside_objective_hire_period
ACP002238,2239,RO,Finance,2023-01-15,2024-01-04,,2023-07-15,2023,retained
ACP002239,2240,GR,Sales,2023-09-28,,,2024-03-28,2023,retained
ACP002240,2241,GR,Digital,2023-08-12,,,2024-02-12,2023,retained
ACP002241,2242,IE,Supply Chain,2021-01-23,,,2021-07-23,2021,retained
ACP002242,2243,IE,Digital,2024-07-13,,,2025-01-13,2024,retained
ACP002243,2244,IE,Sales,2021-03-26,2021-05-30,,2021-09-26,2021,left_before_milestone
ACP002244,2245,GR,Digital,2022-04-20,,,2022-10-20,2022,retained
ACP002245,2246,RO,Finance,2024-12-17,,,2025-06-17,2024,retained
ACP002246,2247,RO,Finance,2023-05-14,,,2023-11-14,2023,retained
ACP002247,2248,IT,Supply Chain,2021-02-17,,,2021-08-17,2021,retained
ACP002248,2249,BG,Finance,2025-03-24,,,2025-09-24,2025,retained
ACP002249,2250,GR,Sales,2021-05-26,,,2021-11-26,2021,retained
ACP002250,2251,GR,Supply Chain,2023-09-01,,,2024-03-01,2023,retained
ACP002251,2252,GR,Finance,2025-07-29,,,2026-01-29,2025,pending_observation
ACP002252,2253,BG,Digital,2021-05-25,,,2021-11-25,2021,retained
ACP002253,2254,PL,Sales,2023-09-28,,,2024-03-28,2023,retained
ACP002254,2255,BG,Sales,2021-01-05,,,2021-07-05,2021,retained
ACP002255,2256,IT,Finance,2025-08-13,,,2026-02-13,2025,pending_observation
ACP002256,2257,GR,Finance,2023-11-07,,,2024-05-07,2023,retained
ACP002257,2258,RO,Digital,2021-03-15,,,2021-09-15,2021,retained
ACP002258,2259,BG,Sales,2024-12-14,2025-02-14,,2025-06-14,2024,left_before_milestone
ACP002259,2260,PL,Finance,2023-10-26,,,2024-04-26,2023,retained
ACP002260,2261,RO,Sales,2021-04-21,2021-05-31,,2021-10-21,2021,left_before_milestone
ACP002261,2262,IT,Supply Chain,2023-10-04,,,2024-04-04,2023,retained
ACP002262,2263,PL,Finance,2022-08-09,,,2023-02-09,2022,retained
ACP002263,2264,IT,Supply Chain,2025-07-16,,,2026-01-16,2025,pending_observation
ACP002264,2265,IT,Digital,2025-05-01,,,2025-11-01,2025,retained
ACP002265,2266,IT,Finance,2025-08-18,,,2026-02-18,2025,pending_observation
ACP002266,2267,BG,Sales,2024-09-18,2025-10-17,,2025-03-18,2024,retained
ACP002267,2268,PL,Finance,2021-07-27,,,2022-01-27,2021,retained
ACP002268,2269,IT,Finance,2023-09-25,,,2024-03-25,2023,retained
ACP002269,2270,BG,Digital,2024-04-01,,,2024-10-01,2024,retained
ACP002270,2271,GR,Digital,2022-12-24,,,2023-06-24,2022,retained
ACP002271,2272,IT,Finance,2023-05-13,,,2023-11-13,2023,retained
ACP002272,2273,GR,Finance,2023-04-20,,,2023-10-20,2023,retained
ACP002273,2274,IT,Sales,2021-08-16,,,2022-02-16,2021,retained
ACP002274,2275,BG,Supply Chain,2020-10-03,,,2021-04-03,2020,outside_objective_hire_period
ACP002275,2276,GR,Sales,2025-05-07,,,2025-11-07,2025,retained
ACP002276,2277,RO,Digital,2024-07-29,2024-12-24,,2025-01-29,2024,left_before_milestone
ACP002277,2278,RO,Digital,2024-07-17,2025-07-21,,2025-01-17,2024,retained
ACP002278,2279,GR,Digital,2023-04-29,2024-05-25,,2023-10-29,2023,retained
ACP002279,2280,PL,Supply Chain,2025-11-28,,,2026-05-28,2025,pending_observation
ACP002280,2281,IT,Digital,2025-03-21,,,2025-09-21,2025,retained
ACP002281,2282,BG,Sales,2023-04-14,2025-09-23,,2023-10-14,2023,retained
ACP002282,2283,IE,Sales,2024-05-30,,,2024-11-30,2024,retained
ACP002283,2284,RO,Supply Chain,2023-11-29,,,2024-05-29,2023,retained
ACP002284,2285,PL,Supply Chain,2024-03-19,,,2024-09-19,2024,retained
ACP002285,2286,PL,Supply Chain,2020-12-09,2021-04-24,,2021-06-09,2020,outside_objective_hire_period
ACP002286,2287,IT,Supply Chain,2025-10-24,,,2026-04-24,2025,pending_observation
ACP002287,2288,IT,Supply Chain,2025-10-01,,,2026-04-01,2025,pending_observation
ACP002288,2289,BG,Supply Chain,2023-09-07,2025-06-30,,2024-03-07,2023,retained
ACP002289,2290,GR,Finance,2022-06-20,,,2022-12-20,2022,retained
ACP002290,2291,GR,Digital,2025-09-05,,,2026-03-05,2025,pending_observation
ACP002291,2292,IE,Sales,2022-12-09,2024-03-22,,2023-06-09,2022,retained
ACP002292,2293,IE,Supply Chain,2023-11-30,,,2024-05-30,2023,retained
ACP002293,2294,PL,Supply Chain,2022-04-30,,,2022-10-30,2022,retained
ACP002294,2295,IT,Sales,2024-06-12,,,2024-12-12,2024,retained
ACP002295,2296,RO,Supply Chain,2022-05-08,2023-01-28,,2022-11-08,2022,retained
ACP002296,2297,RO,Finance,2024-03-20,,,2024-09-20,2024,retained
ACP002297,2298,BG,Sales,2023-06-03,2023-09-10,,2023-12-03,2023,left_before_milestone
ACP002298,2299,GR,Sales,2025-10-09,,,2026-04-09,2025,pending_observation
ACP002299,2300,PL,Finance,2024-12-29,,,2025-06-29,2024,retained
ACP002300,2301,IT,Finance,2021-08-08,,,2022-02-08,2021,retained
ACP002301,2302,IE,Sales,2025-05-16,2025-10-08,,2025-11-16,2025,left_before_milestone
ACP002302,2303,IE,Finance,2024-06-29,,,2024-12-29,2024,retained
ACP002303,2304,IE,Digital,2020-05-25,2024-10-19,,2020-11-25,2020,outside_objective_hire_period
ACP002304,2305,IE,Finance,2022-09-12,2023-01-16,,2023-03-12,2022,left_before_milestone
ACP002305,2306,GR,Finance,2022-04-24,,,2022-10-24,2022,retained
ACP002306,2307,PL,Digital,2023-02-19,,,2023-08-19,2023,retained
ACP002307,2308,PL,Finance,2021-04-09,2021-05-27,,2021-10-09,2021,left_before_milestone
ACP002308,2309,GR,Sales,2024-06-04,2025-02-10,,2024-12-04,2024,retained
ACP002309,2310,RO,Digital,2025-08-03,,,2026-02-03,2025,pending_observation
ACP002310,2311,BG,Supply Chain,2020-10-02,,,2021-04-02,2020,outside_objective_hire_period
ACP002311,2312,BG,Digital,2021-05-02,2024-09-20,,2021-11-02,2021,retained
ACP002312,2313,PL,Sales,2021-07-29,2024-06-16,,2022-01-29,2021,retained
ACP002313,2314,RO,Supply Chain,2022-10-31,,,2023-04-30,2022,retained
ACP002314,2315,BG,Sales,2024-06-26,,,2024-12-26,2024,retained
ACP002315,2316,RO,Finance,2023-02-18,,,2023-08-18,2023,retained
ACP002316,2317,PL,Digital,2022-05-25,2022-10-25,,2022-11-25,2022,left_before_milestone
ACP002317,2318,IE,Supply Chain,2023-08-01,2025-09-13,,2024-02-01,2023,retained
ACP002318,2319,PL,Digital,2024-05-01,,,2024-11-01,2024,retained
ACP002319,2320,IT,Finance,2022-08-10,,,2023-02-10,2022,retained
ACP002320,2321,IE,Supply Chain,2021-10-27,2022-04-28,,2022-04-27,2021,retained
ACP002321,2322,GR,Finance,2025-11-15,,synthetic_source_recovered,2026-05-15,2025,pending_observation
ACP002322,2323,BG,Digital,2023-12-10,,,2024-06-10,2023,retained
ACP002323,2324,PL,Digital,2020-07-08,,,2021-01-08,2020,outside_objective_hire_period
ACP002324,2325,RO,Supply Chain,2023-04-06,,,2023-10-06,2023,retained
ACP002325,2326,GR,Supply Chain,2023-06-15,,,2023-12-15,2023,retained
ACP002326,2327,GR,Digital,2024-10-20,,,2025-04-20,2024,retained
ACP002327,2328,RO,Supply Chain,2023-01-21,,,2023-07-21,2023,retained
ACP002328,2329,BG,Finance,2020-03-14,,,2020-09-14,2020,outside_objective_hire_period
ACP002329,2330,RO,Finance,2024-03-22,,,2024-09-22,2024,retained
ACP002330,2331,RO,Finance,2023-03-15,2023-04-18,,2023-09-15,2023,left_before_milestone
ACP002331,2332,IT,Digital,2021-09-28,2021-10-28,,2022-03-28,2021,left_before_milestone
ACP002332,2333,BG,Finance,2023-11-29,,,2024-05-29,2023,retained
ACP002333,2334,PL,Finance,2024-07-11,,,2025-01-11,2024,retained
ACP002334,2335,PL,Digital,2020-10-31,,,2021-04-30,2020,outside_objective_hire_period
ACP002335,2336,IT,Digital,2025-09-16,,,2026-03-16,2025,pending_observation
ACP002336,2337,IE,Supply Chain,2020-05-29,2020-11-10,,2020-11-29,2020,outside_objective_hire_period
ACP002337,2338,GR,Finance,2021-05-16,,,2021-11-16,2021,retained
ACP002338,2339,BG,Supply Chain,2022-10-02,2024-02-07,,2023-04-02,2022,retained
ACP002339,2340,IE,Supply Chain,2025-05-09,2025-11-17,,2025-11-09,2025,retained
ACP002340,2341,IE,Finance,2024-06-21,,,2024-12-21,2024,retained
ACP002341,2342,GR,Supply Chain,2020-04-23,,,2020-10-23,2020,outside_objective_hire_period
ACP002342,2343,PL,Finance,2022-05-08,2022-09-02,,2022-11-08,2022,left_before_milestone
ACP002343,2344,PL,Digital,2023-04-16,,,2023-10-16,2023,retained
ACP002344,2345,IT,Digital,2025-10-21,,,2026-04-21,2025,pending_observation
ACP002345,2346,BG,Finance,2020-11-04,,,2021-05-04,2020,outside_objective_hire_period
ACP002346,2347,GR,Digital,2022-09-24,,,2023-03-24,2022,retained
ACP002347,2348,GR,Sales,2020-07-21,2021-03-10,,2021-01-21,2020,outside_objective_hire_period
ACP002348,2349,RO,Digital,2023-05-11,2023-12-30,,2023-11-11,2023,retained
ACP002349,2350,RO,Sales,2022-10-18,,,2023-04-18,2022,retained
ACP002350,2351,IE,Supply Chain,2022-09-02,,,2023-03-02,2022,retained
ACP002351,2352,IE,Finance,2022-10-20,2023-08-07,,2023-04-20,2022,retained
ACP002352,2353,PL,Finance,2021-08-28,,,2022-02-28,2021,retained
ACP002353,2354,RO,Digital,2024-02-24,2024-08-27,,2024-08-24,2024,retained
ACP002354,2355,GR,Finance,2023-06-24,,,2023-12-24,2023,retained
ACP002355,2356,IT,Sales,2025-08-09,,,2026-02-09,2025,pending_observation
ACP002356,2357,RO,Digital,2022-01-26,,,2022-07-26,2022,retained
ACP002357,2358,IT,Sales,2023-04-09,,,2023-10-09,2023,retained
ACP002358,2359,RO,Sales,2024-01-31,,,2024-07-31,2024,retained
ACP002359,2360,PL,Finance,2025-03-02,,,2025-09-02,2025,retained
ACP002360,2361,PL,Sales,2022-11-08,,,2023-05-08,2022,retained
ACP002361,2362,IE,Finance,2022-08-31,,,2023-02-28,2022,retained
ACP002362,2363,GR,Supply Chain,2020-12-10,2025-03-18,,2021-06-10,2020,outside_objective_hire_period
ACP002363,2364,IT,Sales,2024-06-19,,,2024-12-19,2024,retained
ACP002364,2365,IT,Digital,2022-01-09,,,2022-07-09,2022,retained
ACP002365,2366,GR,Supply Chain,2021-06-09,2021-10-08,,2021-12-09,2021,left_before_milestone
ACP002366,2367,IT,Digital,2020-04-14,,,2020-10-14,2020,outside_objective_hire_period
ACP002367,2368,GR,Finance,2025-06-18,,,2025-12-18,2025,retained
ACP002368,2369,IT,Finance,2025-02-05,,,2025-08-05,2025,retained
ACP002369,2370,RO,Sales,2025-07-06,,,2026-01-06,2025,pending_observation
ACP002370,2371,GR,Supply Chain,2024-08-31,,,2025-02-28,2024,retained
ACP002371,2372,IT,Digital,2024-09-25,,,2025-03-25,2024,retained
ACP002372,2373,GR,Supply Chain,2024-08-26,,,2025-02-26,2024,retained
ACP002373,2374,BG,Supply Chain,2022-08-07,2023-02-03,,2023-02-07,2022,left_before_milestone
ACP002374,2375,BG,Supply Chain,2021-02-23,2025-04-08,,2021-08-23,2021,retained
ACP002375,2376,GR,Supply Chain,2022-12-09,2023-03-12,,2023-06-09,2022,left_before_milestone
ACP002376,2377,BG,Digital,2021-11-22,2023-10-10,,2022-05-22,2021,retained
ACP002377,2378,IE,Sales,2023-12-14,2025-08-28,,2024-06-14,2023,retained
ACP002378,2379,BG,Supply Chain,2024-03-08,2025-08-17,,2024-09-08,2024,retained
ACP002379,2380,PL,Finance,2020-04-01,,,2020-10-01,2020,outside_objective_hire_period
ACP002380,2381,GR,Supply Chain,2022-06-07,2023-09-08,,2022-12-07,2022,retained
ACP002381,2382,RO,Sales,2024-02-27,,,2024-08-27,2024,retained
ACP002382,2383,IE,Supply Chain,2020-02-14,2021-01-16,,2020-08-14,2020,outside_objective_hire_period
ACP002383,2384,IE,Sales,2022-12-16,,,2023-06-16,2022,retained
ACP002384,2385,GR,Supply Chain,2025-06-27,,,2025-12-27,2025,retained
ACP002385,2386,RO,Sales,2022-12-06,2023-01-21,,2023-06-06,2022,left_before_milestone
ACP002386,2387,PL,Finance,2021-07-07,,,2022-01-07,2021,retained
ACP002387,2388,IT,Sales,2025-04-05,,,2025-10-05,2025,retained
ACP002388,2389,IE,Finance,2021-09-04,,,2022-03-04,2021,retained
ACP002389,2390,IE,Sales,2022-08-03,,,2023-02-03,2022,retained
ACP002390,2391,IE,Digital,2025-05-20,,,2025-11-20,2025,retained
ACP002391,2392,GR,Finance,2024-09-11,,,2025-03-11,2024,retained
ACP002392,2393,IE,Digital,2023-06-17,,,2023-12-17,2023,retained
ACP002393,2394,IT,Supply Chain,2025-05-03,,,2025-11-03,2025,retained
ACP002394,2395,IT,Sales,2025-07-09,,,2026-01-09,2025,pending_observation
ACP002395,2396,IE,Finance,2022-06-14,,,2022-12-14,2022,retained
ACP002396,2397,RO,Supply Chain,2020-11-22,,,2021-05-22,2020,outside_objective_hire_period
ACP002397,2398,PL,Sales,2020-03-21,,,2020-09-21,2020,outside_objective_hire_period
ACP002398,2399,RO,Sales,2022-10-07,2023-01-30,,2023-04-07,2022,left_before_milestone
ACP002399,2400,PL,Sales,2023-11-17,2024-12-17,,2024-05-17,2023,retained
ACP002400,2401,BG,Supply Chain,2023-05-19,,,2023-11-19,2023,retained
