employee_id,country,cutoff,join_status,value,period_end,available_on,vintage_id,age_days
ACP000001,BG,2024-09-04,stale,,,,,217
ACP000002,BG,2022-11-24,no_verified_historical_match,,,,,
ACP000003,IE,2025-09-21,stale,,,,,599
ACP000004,IT,2020-05-29,no_verified_historical_match,,,,,
ACP000005,RO,2021-05-21,no_verified_historical_match,,,,,
ACP000006,BG,2023-06-21,no_verified_historical_match,,,,,
ACP000007,IT,2021-04-06,no_verified_historical_match,,,,,
ACP000008,BG,2023-12-02,no_verified_historical_match,,,,,
ACP000009,GR,2021-11-19,no_verified_historical_match,,,,,
ACP000010,GR,2025-05-29,stale,,,,,484
ACP000011,IT,2024-11-02,stale,,,,,276
ACP000012,IT,2020-04-14,no_verified_historical_match,,,,,
ACP000013,GR,2023-05-04,no_verified_historical_match,,,,,
ACP000014,IE,2021-01-31,no_verified_historical_match,,,,,
ACP000015,RO,2021-08-05,no_verified_historical_match,,,,,
ACP000016,IT,2021-02-26,no_verified_historical_match,,,,,
ACP000017,RO,2023-01-24,no_verified_historical_match,,,,,
ACP000018,IE,2023-02-24,no_verified_historical_match,,,,,
ACP000019,PL,2021-08-04,no_verified_historical_match,,,,,
ACP000020,PL,2023-07-18,no_verified_historical_match,,,,,
ACP000021,RO,2020-06-14,no_verified_historical_match,,,,,
ACP000022,RO,2023-10-26,no_verified_historical_match,,,,,
ACP000023,IE,2025-05-27,stale,,,,,482
ACP000024,RO,2025-06-27,stale,,,,,513
ACP000025,RO,2025-08-15,stale,,,,,562
ACP000026,RO,2021-07-01,no_verified_historical_match,,,,,
ACP000027,IE,2023-01-22,no_verified_historical_match,,,,,
ACP000028,BG,2022-02-03,no_verified_historical_match,,,,,
ACP000029,IE,2024-07-23,stale,,,,,174
ACP000030,BG,2020-05-23,no_verified_historical_match,,,,,
ACP000031,IE,2024-01-29,no_verified_historical_match,,,,,
ACP000032,BG,2025-06-18,stale,,,,,504
ACP000033,PL,2020-03-14,no_verified_historical_match,,,,,
ACP000034,PL,2023-09-23,no_verified_historical_match,,,,,
ACP000035,GR,2023-12-13,no_verified_historical_match,,,,,
ACP000036,GR,2024-06-26,stale,,,,,147
ACP000037,GR,2024-10-23,stale,,,,,266
ACP000038,IT,2021-08-12,no_verified_historical_match,,,,,
ACP000039,RO,2021-03-02,no_verified_historical_match,,,,,
ACP000040,GR,2024-12-25,stale,,,,,329
ACP000041,RO,2021-04-04,no_verified_historical_match,,,,,
ACP000042,RO,2024-03-30,matched,5.7,2024-01-31,2024-03-01,Eurostat-2024-03-01,59
ACP000043,RO,2020-09-21,no_verified_historical_match,,,,,
ACP000044,RO,2021-02-03,no_verified_historical_match,,,,,
ACP000045,BG,2020-12-27,no_verified_historical_match,,,,,
ACP000046,GR,2021-10-11,no_verified_historical_match,,,,,
ACP000047,BG,2024-01-17,no_verified_historical_match,,,,,
ACP000048,IT,2021-07-08,no_verified_historical_match,,,,,
ACP000049,PL,2025-10-21,stale,,,,,629
ACP000050,PL,2022-05-01,no_verified_historical_match,,,,,
ACP000051,BG,2021-12-04,no_verified_historical_match,,,,,
ACP000052,BG,2024-07-19,stale,,,,,170
ACP000053,IE,2025-08-04,stale,,,,,551
ACP000054,GR,2023-07-31,no_verified_historical_match,,,,,
ACP000055,IT,2020-09-19,no_verified_historical_match,,,,,
ACP000056,BG,2024-05-26,matched,4.4,2024-01-31,2024-03-01,Eurostat-2024-03-01,116
ACP000057,RO,2025-10-01,stale,,,,,609
ACP000058,IT,2024-07-14,stale,,,,,165
ACP000059,IE,2023-02-24,no_verified_historical_match,,,,,
ACP000060,IE,2025-03-12,stale,,,,,406
ACP000061,RO,2025-11-15,stale,,,,,654
ACP000062,RO,2021-04-04,no_verified_historical_match,,,,,
ACP000063,PL,2021-10-16,no_verified_historical_match,,,,,
ACP000064,IE,2023-04-02,no_verified_historical_match,,,,,
ACP000065,PL,2021-03-04,no_verified_historical_match,,,,,
ACP000066,IT,2023-05-07,no_verified_historical_match,,,,,
ACP000067,IT,2022-09-28,no_verified_historical_match,,,,,
ACP000068,PL,2023-03-27,no_verified_historical_match,,,,,
ACP000069,PL,2023-11-22,no_verified_historical_match,,,,,
ACP000070,IE,2023-04-28,no_verified_historical_match,,,,,
ACP000071,IE,2021-07-22,no_verified_historical_match,,,,,
ACP000072,IT,2021-04-10,no_verified_historical_match,,,,,
ACP000073,GR,2023-01-26,no_verified_historical_match,,,,,
ACP000074,RO,2024-11-06,stale,,,,,280
ACP000075,PL,2020-12-17,no_verified_historical_match,,,,,
ACP000076,PL,2025-11-15,stale,,,,,654
ACP000077,BG,2020-01-24,no_verified_historical_match,,,,,
ACP000078,IE,2023-03-18,no_verified_historical_match,,,,,
ACP000079,RO,2025-09-26,stale,,,,,604
ACP000080,IE,2025-07-03,stale,,,,,519
ACP000081,RO,2022-06-13,no_verified_historical_match,,,,,
ACP000082,RO,2022-04-11,no_verified_historical_match,,,,,
ACP000083,BG,2024-12-30,stale,,,,,334
ACP000084,IT,2021-11-02,no_verified_historical_match,,,,,
ACP000085,BG,2023-06-08,no_verified_historical_match,,,,,
ACP000086,IE,2025-08-30,stale,,,,,577
ACP000087,IE,2020-09-19,no_verified_historical_match,,,,,
ACP000088,PL,2021-08-10,no_verified_historical_match,,,,,
ACP000089,GR,2021-10-07,no_verified_historical_match,,,,,
ACP000090,PL,2023-07-06,no_verified_historical_match,,,,,
ACP000091,IT,2022-12-24,no_verified_historical_match,,,,,
ACP000092,IE,2021-06-03,no_verified_historical_match,,,,,
ACP000093,GR,2021-07-02,no_verified_historical_match,,,,,
ACP000094,IT,2021-08-13,no_verified_historical_match,,,,,
ACP000095,IE,2025-04-08,stale,,,,,433
ACP000096,IE,2022-06-22,no_verified_historical_match,,,,,
ACP000097,IT,2020-08-22,no_verified_historical_match,,,,,
ACP000098,RO,2024-08-30,stale,,,,,212
ACP000099,RO,2024-08-09,stale,,,,,191
ACP000100,GR,2025-06-14,stale,,,,,500
ACP000101,PL,2023-09-17,no_verified_historical_match,,,,,
ACP000102,PL,2021-11-21,no_verified_historical_match,,,,,
ACP000103,PL,2025-04-19,stale,,,,,444
ACP000104,BG,2021-10-25,no_verified_historical_match,,,,,
ACP000105,RO,2024-06-16,stale,,,,,137
ACP000106,PL,2023-07-30,no_verified_historical_match,,,,,
ACP000107,GR,2020-08-25,no_verified_historical_match,,,,,
ACP000108,IT,2025-03-23,stale,,,,,417
ACP000109,GR,2020-03-14,no_verified_historical_match,,,,,
ACP000110,PL,2025-06-14,stale,,,,,500
ACP000111,BG,2022-09-21,no_verified_historical_match,,,,,
ACP000112,RO,2024-08-04,stale,,,,,186
ACP000113,RO,2024-01-07,no_verified_historical_match,,,,,
ACP000114,IT,2020-01-10,no_verified_historical_match,,,,,
ACP000115,IT,2020-03-21,no_verified_historical_match,,,,,
ACP000116,GR,2023-07-15,no_verified_historical_match,,,,,
ACP000117,BG,2020-01-02,no_verified_historical_match,,,,,
ACP000118,IE,2020-06-18,no_verified_historical_match,,,,,
ACP000119,IT,2024-05-08,matched,7.2,2024-01-31,2024-03-01,Eurostat-2024-03-01,98
ACP000120,,2021-12-02,missing_country,,,,,
ACP000121,PL,2024-05-26,matched,2.9,2024-01-31,2024-03-01,Eurostat-2024-03-01,116
ACP000122,RO,2022-11-18,no_verified_historical_match,,,,,
ACP000123,RO,2023-08-19,no_verified_historical_match,,,,,
ACP000124,IE,2024-11-22,stale,,,,,296
ACP000125,IT,2025-02-28,stale,,,,,394
ACP000126,IT,2021-07-10,no_verified_historical_match,,,,,
ACP000127,IE,2023-05-26,no_verified_historical_match,,,,,
ACP000128,PL,2021-07-04,no_verified_historical_match,,,,,
ACP000129,GR,2020-06-24,no_verified_historical_match,,,,,
ACP000130,BG,2020-02-05,no_verified_historical_match,,,,,
ACP000131,PL,2022-11-25,no_verified_historical_match,,,,,
ACP000132,IE,2020-09-28,no_verified_historical_match,,,,,
ACP000133,IT,2021-09-02,no_verified_historical_match,,,,,
ACP000134,RO,2024-08-15,stale,,,,,197
ACP000135,BG,2024-02-06,no_verified_historical_match,,,,,
ACP000136,RO,2023-04-19,no_verified_historical_match,,,,,
ACP000137,IE,2024-08-17,stale,,,,,199
ACP000138,RO,2022-12-02,no_verified_historical_match,,,,,
ACP000139,PL,2021-02-20,no_verified_historical_match,,,,,
ACP000140,IT,2023-07-21,no_verified_historical_match,,,,,
ACP000141,IE,2021-09-07,no_verified_historical_match,,,,,
ACP000142,GR,2020-09-28,no_verified_historical_match,,,,,
ACP000143,PL,2022-05-05,no_verified_historical_match,,,,,
ACP000144,RO,2020-07-17,no_verified_historical_match,,,,,
ACP000145,PL,2020-04-09,no_verified_historical_match,,,,,
ACP000146,BG,2023-03-05,no_verified_historical_match,,,,,
ACP000147,RO,2023-08-10,no_verified_historical_match,,,,,
ACP000148,IE,2023-05-19,no_verified_historical_match,,,,,
ACP000149,BG,2025-03-29,stale,,,,,423
ACP000150,BG,2024-04-10,matched,4.4,2024-01-31,2024-03-01,Eurostat-2024-03-01,70
ACP000151,IT,2021-11-20,no_verified_historical_match,,,,,
ACP000152,IE,2025-04-21,stale,,,,,446
ACP000153,GR,2024-12-15,stale,,,,,319
ACP000154,GR,2023-08-04,no_verified_historical_match,,,,,
ACP000155,GR,2020-10-30,no_verified_historical_match,,,,,
ACP000156,BG,2023-06-20,no_verified_historical_match,,,,,
ACP000157,IT,2024-04-20,matched,7.2,2024-01-31,2024-03-01,Eurostat-2024-03-01,80
ACP000158,BG,2021-01-08,no_verified_historical_match,,,,,
ACP000159,BG,,invalid_or_excluded_employment,,,,,
ACP000160,RO,2025-05-03,stale,,,,,458
ACP000161,PL,2025-08-09,stale,,,,,556
ACP000162,BG,2025-07-15,stale,,,,,531
ACP000163,RO,2023-02-08,no_verified_historical_match,,,,,
ACP000164,BG,2021-09-18,no_verified_historical_match,,,,,
ACP000165,PL,2021-12-11,no_verified_historical_match,,,,,
ACP000166,PL,2021-09-19,no_verified_historical_match,,,,,
ACP000167,IE,2020-11-21,no_verified_historical_match,,,,,
ACP000168,PL,2024-06-21,stale,,,,,142
ACP000169,RO,2023-10-03,no_verified_historical_match,,,,,
ACP000170,PL,2021-02-03,no_verified_historical_match,,,,,
ACP000171,IE,2020-05-29,no_verified_historical_match,,,,,
ACP000172,RO,2025-01-04,stale,,,,,339
ACP000173,IE,2022-08-27,no_verified_historical_match,,,,,
ACP000174,RO,2022-05-19,no_verified_historical_match,,,,,
ACP000175,IE,2021-02-21,no_verified_historical_match,,,,,
ACP000176,BG,2020-04-19,no_verified_historical_match,,,,,
ACP000177,IE,2024-11-02,stale,,,,,276
ACP000178,RO,2021-03-04,no_verified_historical_match,,,,,
ACP000179,IT,2025-05-17,stale,,,,,472
ACP000180,IE,2025-04-06,stale,,,,,431
ACP000181,IT,2025-10-14,stale,,,,,622
ACP000182,IE,2022-12-12,no_verified_historical_match,,,,,
ACP000183,BG,2022-07-23,no_verified_historical_match,,,,,
ACP000184,BG,2022-09-08,no_verified_historical_match,,,,,
ACP000185,IE,2023-02-06,no_verified_historical_match,,,,,
ACP000186,PL,2021-12-26,no_verified_historical_match,,,,,
ACP000187,PL,2025-07-14,stale,,,,,530
ACP000188,GR,2022-08-15,no_verified_historical_match,,,,,
ACP000189,PL,2022-11-22,no_verified_historical_match,,,,,
ACP000190,GR,2021-04-27,no_verified_historical_match,,,,,
ACP000191,GR,2024-07-09,stale,,,,,160
ACP000192,PL,2022-12-09,no_verified_historical_match,,,,,
ACP000193,BG,2021-12-21,no_verified_historical_match,,,,,
ACP000194,GR,2023-08-11,no_verified_historical_match,,,,,
ACP000195,RO,2020-08-22,no_verified_historical_match,,,,,
ACP000196,IT,2020-12-19,no_verified_historical_match,,,,,
ACP000197,GR,2021-02-07,no_verified_historical_match,,,,,
ACP000198,RO,2025-09-30,stale,,,,,608
ACP000199,IT,2020-05-22,no_verified_historical_match,,,,,
ACP000200,BG,2025-09-13,stale,,,,,591
ACP000201,BG,2024-10-01,stale,,,,,244
ACP000202,BG,2020-09-26,no_verified_historical_match,,,,,
ACP000203,BG,2024-09-16,stale,,,,,229
ACP000204,GR,2020-02-04,no_verified_historical_match,,,,,
ACP000205,GR,2024-04-15,matched,10.4,2024-01-31,2024-03-01,Eurostat-2024-03-01,75
ACP000206,GR,2023-10-04,invalid_or_excluded_employment,,,,,
ACP000207,IT,2023-03-27,no_verified_historical_match,,,,,
ACP000208,IE,2022-03-03,no_verified_historical_match,,,,,
ACP000209,IE,2023-03-21,no_verified_historical_match,,,,,
ACP000210,IT,2023-03-25,no_verified_historical_match,,,,,
ACP000211,IT,2025-01-16,stale,,,,,351
ACP000212,RO,2025-08-16,stale,,,,,563
ACP000213,IT,2021-08-07,no_verified_historical_match,,,,,
ACP000214,BG,2022-01-27,no_verified_historical_match,,,,,
ACP000215,GR,2021-02-13,no_verified_historical_match,,,,,
ACP000216,GR,2022-05-07,no_verified_historical_match,,,,,
ACP000217,GR,2023-11-01,no_verified_historical_match,,,,,
ACP000218,PL,2023-02-26,no_verified_historical_match,,,,,
ACP000219,PL,2023-11-18,no_verified_historical_match,,,,,
ACP000220,PL,2020-07-10,no_verified_historical_match,,,,,
ACP000221,IE,2023-04-30,no_verified_historical_match,,,,,
ACP000222,BG,2025-06-07,stale,,,,,493
ACP000223,RO,2020-01-09,no_verified_historical_match,,,,,
ACP000224,GR,2021-12-18,no_verified_historical_match,,,,,
ACP000225,GR,2022-01-06,no_verified_historical_match,,,,,
ACP000226,BG,2023-08-24,no_verified_historical_match,,,,,
ACP000227,GR,2020-05-30,no_verified_historical_match,,,,,
ACP000228,IT,2024-05-11,matched,7.2,2024-01-31,2024-03-01,Eurostat-2024-03-01,101
ACP000229,GR,2022-09-17,no_verified_historical_match,,,,,
ACP000230,GR,2020-02-26,no_verified_historical_match,,,,,
ACP000231,PL,2024-12-28,stale,,,,,332
ACP000232,PL,2023-05-10,no_verified_historical_match,,,,,
ACP000233,IE,2024-03-06,matched,4.5,2024-01-31,2024-03-01,Eurostat-2024-03-01,35
ACP000234,PL,2024-07-13,stale,,,,,164
ACP000235,IT,2024-09-30,stale,,,,,243
ACP000236,BG,2021-09-18,no_verified_historical_match,,,,,
ACP000237,IE,2020-11-21,no_verified_historical_match,,,,,
ACP000238,GR,2022-04-05,no_verified_historical_match,,,,,
ACP000239,PL,2022-05-25,no_verified_historical_match,,,,,
ACP000240,GR,2024-02-11,no_verified_historical_match,,,,,
ACP000241,IT,2022-01-27,no_verified_historical_match,,,,,
ACP000242,GR,2024-02-03,no_verified_historical_match,,,,,
ACP000243,BG,2024-08-28,stale,,,,,210
ACP000244,IT,2021-07-21,no_verified_historical_match,,,,,
ACP000245,BG,2024-05-25,matched,4.4,2024-01-31,2024-03-01,Eurostat-2024-03-01,115
ACP000246,GR,2022-08-08,no_verified_historical_match,,,,,
ACP000247,BG,2024-08-06,stale,,,,,188
ACP000248,RO,2023-02-20,no_verified_historical_match,,,,,
ACP000249,BG,2025-10-28,stale,,,,,636
ACP000250,RO,2023-11-24,no_verified_historical_match,,,,,
ACP000251,IE,2021-02-25,no_verified_historical_match,,,,,
ACP000252,RO,2023-05-11,no_verified_historical_match,,,,,
ACP000253,RO,2024-01-02,no_verified_historical_match,,,,,
ACP000254,PL,2022-07-12,no_verified_historical_match,,,,,
ACP000255,PL,2024-05-05,matched,2.9,2024-01-31,2024-03-01,Eurostat-2024-03-01,95
ACP000256,IE,2021-08-29,no_verified_historical_match,,,,,
ACP000257,GR,2023-04-18,no_verified_historical_match,,,,,
ACP000258,IT,2023-09-05,no_verified_historical_match,,,,,
ACP000259,GR,2023-09-13,no_verified_historical_match,,,,,
ACP000260,PL,2021-11-11,no_verified_historical_match,,,,,
ACP000261,IT,2023-11-26,no_verified_historical_match,,,,,
ACP000262,PL,2021-12-19,no_verified_historical_match,,,,,
ACP000263,PL,2021-04-22,no_verified_historical_match,,,,,
ACP000264,BG,2020-08-26,no_verified_historical_match,,,,,
ACP000265,PL,2023-08-29,no_verified_historical_match,,,,,
ACP000266,IE,2025-08-13,stale,,,,,560
ACP000267,IE,2023-08-28,no_verified_historical_match,,,,,
ACP000268,PL,2025-03-03,stale,,,,,397
ACP000269,BG,2023-04-18,no_verified_historical_match,,,,,
ACP000270,IE,2025-02-22,stale,,,,,388
ACP000271,IT,2024-11-06,stale,,,,,280
ACP000272,RO,2024-12-22,stale,,,,,326
ACP000273,BG,2022-06-02,no_verified_historical_match,,,,,
ACP000274,IT,2023-04-20,no_verified_historical_match,,,,,
ACP000275,RO,2024-10-19,stale,,,,,262
ACP000276,IT,2023-05-01,no_verified_historical_match,,,,,
ACP000277,GR,2020-07-31,no_verified_historical_match,,,,,
ACP000278,PL,2021-05-25,no_verified_historical_match,,,,,
ACP000279,BG,2020-11-01,no_verified_historical_match,,,,,
ACP000280,GR,2022-12-08,no_verified_historical_match,,,,,
ACP000281,IE,2024-08-14,stale,,,,,196
ACP000282,BG,2024-06-11,stale,,,,,132
ACP000283,RO,2021-07-26,no_verified_historical_match,,,,,
ACP000284,IE,2025-03-31,stale,,,,,425
ACP000285,BG,2020-06-28,no_verified_historical_match,,,,,
ACP000286,PL,2020-06-18,no_verified_historical_match,,,,,
ACP000287,IT,2023-12-20,no_verified_historical_match,,,,,
ACP000288,IE,2024-02-11,no_verified_historical_match,,,,,
ACP000289,GR,2020-08-05,no_verified_historical_match,,,,,
ACP000290,IT,2020-02-20,no_verified_historical_match,,,,,
ACP000291,BG,2020-08-13,no_verified_historical_match,,,,,
ACP000292,RO,2023-05-16,no_verified_historical_match,,,,,
ACP000293,BG,2021-09-18,no_verified_historical_match,,,,,
ACP000294,GR,2021-08-01,no_verified_historical_match,,,,,
ACP000295,PL,2020-01-11,no_verified_historical_match,,,,,
ACP000296,PL,2025-07-14,stale,,,,,530
ACP000297,IE,2022-02-11,no_verified_historical_match,,,,,
ACP000298,IT,2022-05-03,no_verified_historical_match,,,,,
ACP000299,GR,2023-09-15,no_verified_historical_match,,,,,
ACP000300,IE,2020-09-27,no_verified_historical_match,,,,,
ACP000301,RO,2025-07-20,stale,,,,,536
ACP000302,PL,2024-09-18,stale,,,,,231
ACP000303,IT,2022-10-21,no_verified_historical_match,,,,,
ACP000304,IT,2023-04-04,no_verified_historical_match,,,,,
ACP000305,IE,2023-11-25,no_verified_historical_match,,,,,
ACP000306,GR,2021-05-15,no_verified_historical_match,,,,,
ACP000307,PL,2021-07-06,no_verified_historical_match,,,,,
ACP000308,IT,2021-11-04,no_verified_historical_match,,,,,
ACP000309,GR,2020-12-16,no_verified_historical_match,,,,,
ACP000310,PL,2022-06-11,no_verified_historical_match,,,,,
ACP000311,GR,2023-11-15,no_verified_historical_match,,,,,
ACP000312,GR,2022-12-04,no_verified_historical_match,,,,,
ACP000313,RO,2023-07-21,no_verified_historical_match,,,,,
ACP000314,RO,2025-10-05,stale,,,,,613
ACP000315,GR,2024-12-05,stale,,,,,309
ACP000316,GR,2022-09-29,no_verified_historical_match,,,,,
ACP000317,PL,2020-06-16,no_verified_historical_match,,,,,
ACP000318,PL,2022-06-03,no_verified_historical_match,,,,,
ACP000319,BG,2024-01-03,no_verified_historical_match,,,,,
ACP000320,IE,2020-12-01,no_verified_historical_match,,,,,
ACP000321,BG,2024-07-31,stale,,,,,182
ACP000322,PL,2024-09-06,stale,,,,,219
ACP000323,GR,2024-03-17,matched,10.4,2024-01-31,2024-03-01,Eurostat-2024-03-01,46
ACP000324,IT,2025-10-26,stale,,,,,634
ACP000325,IT,2021-02-22,no_verified_historical_match,,,,,
ACP000326,GR,2022-08-01,no_verified_historical_match,,,,,
ACP000327,BG,2024-01-07,no_verified_historical_match,,,,,
ACP000328,PL,2022-04-12,no_verified_historical_match,,,,,
ACP000329,IT,2023-12-14,no_verified_historical_match,,,,,
ACP000330,PL,2020-03-23,no_verified_historical_match,,,,,
ACP000331,RO,2021-12-29,no_verified_historical_match,,,,,
ACP000332,IE,2020-01-30,no_verified_historical_match,,,,,
ACP000333,GR,2020-11-21,no_verified_historical_match,,,,,
ACP000334,BG,2024-05-26,matched,4.4,2024-01-31,2024-03-01,Eurostat-2024-03-01,116
ACP000335,PL,2024-06-18,stale,,,,,139
ACP000336,BG,2024-04-14,matched,4.4,2024-01-31,2024-03-01,Eurostat-2024-03-01,74
ACP000337,IE,2022-05-06,no_verified_historical_match,,,,,
ACP000338,GR,2020-09-24,no_verified_historical_match,,,,,
ACP000339,PL,2024-03-07,matched,2.9,2024-01-31,2024-03-01,Eurostat-2024-03-01,36
ACP000340,BG,2021-04-07,no_verified_historical_match,,,,,
ACP000341,BG,2020-02-26,no_verified_historical_match,,,,,
ACP000342,BG,2020-01-27,no_verified_historical_match,,,,,
ACP000343,PL,2025-09-20,stale,,,,,598
ACP000344,PL,2025-10-29,stale,,,,,637
ACP000345,PL,2023-05-17,no_verified_historical_match,,,,,
ACP000346,GR,2020-10-10,no_verified_historical_match,,,,,
ACP000347,BG,2021-07-14,no_verified_historical_match,,,,,
ACP000348,IE,2020-02-10,no_verified_historical_match,,,,,
ACP000349,PL,2024-12-04,stale,,,,,308
ACP000350,BG,2022-02-05,no_verified_historical_match,,,,,
ACP000351,IT,2022-07-29,no_verified_historical_match,,,,,
ACP000352,IE,2025-04-28,stale,,,,,453
ACP000353,BG,2023-09-06,no_verified_historical_match,,,,,
ACP000354,RO,2024-01-27,no_verified_historical_match,,,,,
ACP000355,RO,2025-06-03,stale,,,,,489
ACP000356,PL,2020-04-12,no_verified_historical_match,,,,,
ACP000357,RO,2023-04-29,no_verified_historical_match,,,,,
ACP000358,IE,2020-05-11,no_verified_historical_match,,,,,
ACP000359,IT,2022-01-08,no_verified_historical_match,,,,,
ACP000360,IT,2023-05-04,no_verified_historical_match,,,,,
ACP000361,GR,2021-12-05,no_verified_historical_match,,,,,
ACP000362,BG,2025-09-15,stale,,,,,593
ACP000363,BG,2021-11-06,no_verified_historical_match,,,,,
ACP000364,IT,2025-01-15,stale,,,,,350
ACP000365,GR,2023-08-27,no_verified_historical_match,,,,,
ACP000366,BG,2020-12-25,no_verified_historical_match,,,,,
ACP000367,PL,2022-11-10,no_verified_historical_match,,,,,
ACP000368,,2025-05-24,missing_country,,,,,
ACP000369,RO,2023-08-21,no_verified_historical_match,,,,,
ACP000370,RO,2020-06-24,no_verified_historical_match,,,,,
ACP000371,IT,2025-02-26,stale,,,,,392
ACP000372,IT,2023-12-28,no_verified_historical_match,,,,,
ACP000373,IE,2023-05-25,no_verified_historical_match,,,,,
ACP000374,IT,2024-08-05,stale,,,,,187
ACP000375,IE,2024-05-10,matched,4.5,2024-01-31,2024-03-01,Eurostat-2024-03-01,100
ACP000376,GR,2023-05-26,no_verified_historical_match,,,,,
ACP000377,IT,2021-09-16,no_verified_historical_match,,,,,
ACP000378,PL,2023-11-16,no_verified_historical_match,,,,,
ACP000379,IE,2023-02-27,no_verified_historical_match,,,,,
ACP000380,GR,2023-01-15,no_verified_historical_match,,,,,
ACP000381,IE,2020-03-07,no_verified_historical_match,,,,,
ACP000382,GR,2024-01-11,no_verified_historical_match,,,,,
ACP000383,BG,2024-09-28,stale,,,,,241
ACP000384,BG,2023-04-02,no_verified_historical_match,,,,,
ACP000385,PL,2023-06-02,no_verified_historical_match,,,,,
ACP000386,PL,2024-05-09,matched,2.9,2024-01-31,2024-03-01,Eurostat-2024-03-01,99
ACP000387,IT,2020-05-11,no_verified_historical_match,,,,,
ACP000388,IE,2025-07-21,stale,,,,,537
ACP000389,BG,2023-11-13,no_verified_historical_match,,,,,
ACP000390,GR,2020-08-14,no_verified_historical_match,,,,,
ACP000391,PL,2022-10-25,no_verified_historical_match,,,,,
ACP000392,IT,2024-09-08,stale,,,,,221
ACP000393,GR,2025-08-18,stale,,,,,565
ACP000394,IT,2025-04-05,stale,,,,,430
ACP000395,GR,2021-04-08,no_verified_historical_match,,,,,
ACP000396,PL,2021-02-24,no_verified_historical_match,,,,,
ACP000397,PL,2022-10-31,no_verified_historical_match,,,,,
ACP000398,BG,2025-10-18,stale,,,,,626
ACP000399,RO,2025-02-27,stale,,,,,393
ACP000400,BG,2021-06-23,no_verified_historical_match,,,,,
ACP000401,IT,2023-01-18,no_verified_historical_match,,,,,
ACP000402,PL,2025-01-04,stale,,,,,339
ACP000403,IT,2025-06-07,stale,,,,,493
ACP000404,IT,2023-09-06,no_verified_historical_match,,,,,
ACP000405,RO,2021-01-17,no_verified_historical_match,,,,,
ACP000406,BG,2025-05-30,stale,,,,,485
ACP000407,RO,2020-02-27,no_verified_historical_match,,,,,
ACP000408,BG,2022-10-09,no_verified_historical_match,,,,,
ACP000409,RO,2022-02-25,no_verified_historical_match,,,,,
ACP000410,GR,2024-07-27,stale,,,,,178
ACP000411,BG,2024-02-19,no_verified_historical_match,,,,,
ACP000412,PL,2025-11-24,stale,,,,,663
ACP000413,IT,2023-02-27,no_verified_historical_match,,,,,
ACP000414,GR,2024-05-16,matched,10.4,2024-01-31,2024-03-01,Eurostat-2024-03-01,106
ACP000415,PL,2020-02-20,no_verified_historical_match,,,,,
ACP000416,IT,2025-05-30,stale,,,,,485
ACP000417,IE,2023-03-11,no_verified_historical_match,,,,,
ACP000418,GR,2021-06-19,no_verified_historical_match,,,,,
ACP000419,BG,2025-07-19,stale,,,,,535
ACP000420,BG,2022-07-08,no_verified_historical_match,,,,,
ACP000421,PL,2024-10-13,stale,,,,,256
ACP000422,IE,2023-01-22,no_verified_historical_match,,,,,
ACP000423,IT,2023-11-24,no_verified_historical_match,,,,,
ACP000424,IT,2024-04-15,matched,7.2,2024-01-31,2024-03-01,Eurostat-2024-03-01,75
ACP000425,RO,2025-04-20,stale,,,,,445
ACP000426,GR,2022-04-01,no_verified_historical_match,,,,,
ACP000427,BG,2022-09-22,no_verified_historical_match,,,,,
ACP000428,IT,2024-06-09,stale,,,,,130
ACP000429,GR,2023-12-30,no_verified_historical_match,,,,,
ACP000430,IT,2022-02-09,no_verified_historical_match,,,,,
ACP000431,BG,2020-01-05,no_verified_historical_match,,,,,
ACP000432,IE,2021-12-13,no_verified_historical_match,,,,,
ACP000433,GR,2025-07-26,stale,,,,,542
ACP000434,PL,2020-08-31,no_verified_historical_match,,,,,
ACP000435,RO,2020-01-09,no_verified_historical_match,,,,,
ACP000436,BG,2025-01-18,stale,,,,,353
ACP000437,RO,2024-02-10,no_verified_historical_match,,,,,
ACP000438,RO,2025-05-23,stale,,,,,478
ACP000439,IT,2023-04-28,no_verified_historical_match,,,,,
ACP000440,PL,2023-12-29,no_verified_historical_match,,,,,
ACP000441,IE,2021-09-16,no_verified_historical_match,,,,,
ACP000442,GR,2025-05-22,stale,,,,,477
ACP000443,IT,2020-05-25,no_verified_historical_match,,,,,
ACP000444,IT,2022-05-23,no_verified_historical_match,,,,,
ACP000445,IE,2022-03-02,no_verified_historical_match,,,,,
ACP000446,BG,2021-02-14,no_verified_historical_match,,,,,
ACP000447,IT,2023-01-25,no_verified_historical_match,,,,,
ACP000448,RO,2020-08-22,no_verified_historical_match,,,,,
ACP000449,IT,2025-04-14,stale,,,,,439
ACP000450,PL,2021-09-05,no_verified_historical_match,,,,,
ACP000451,PL,2021-06-09,no_verified_historical_match,,,,,
ACP000452,BG,2025-05-28,stale,,,,,483
ACP000453,IT,2020-07-09,no_verified_historical_match,,,,,
ACP000454,IT,2021-07-01,no_verified_historical_match,,,,,
ACP000455,IE,2025-11-29,stale,,,,,668
ACP000456,BG,2021-09-21,no_verified_historical_match,,,,,
ACP000457,IT,2021-04-27,no_verified_historical_match,,,,,
ACP000458,IT,2024-11-05,stale,,,,,279
ACP000459,IT,2023-02-19,no_verified_historical_match,,,,,
ACP000460,RO,2024-02-29,no_verified_historical_match,,,,,
ACP000461,BG,2023-10-16,no_verified_historical_match,,,,,
ACP000462,PL,2021-06-06,no_verified_historical_match,,,,,
ACP000463,BG,2024-07-06,stale,,,,,157
ACP000464,RO,2022-06-12,no_verified_historical_match,,,,,
ACP000465,IE,2022-12-10,no_verified_historical_match,,,,,
ACP000466,BG,2024-09-13,stale,,,,,226
ACP000467,BG,2022-05-26,no_verified_historical_match,,,,,
ACP000468,GR,2024-11-25,stale,,,,,299
ACP000469,RO,2025-01-03,stale,,,,,338
ACP000470,BG,2020-08-06,no_verified_historical_match,,,,,
ACP000471,PL,2021-08-03,no_verified_historical_match,,,,,
ACP000472,GR,2022-11-09,no_verified_historical_match,,,,,
ACP000473,PL,2023-11-06,no_verified_historical_match,,,,,
ACP000474,RO,2023-07-10,no_verified_historical_match,,,,,
ACP000475,PL,2023-12-29,no_verified_historical_match,,,,,
ACP000476,IT,2020-04-03,no_verified_historical_match,,,,,
ACP000477,BG,2022-11-28,no_verified_historical_match,,,,,
ACP000478,RO,2022-06-19,no_verified_historical_match,,,,,
ACP000479,BG,2022-03-06,no_verified_historical_match,,,,,
ACP000480,PL,2020-05-11,no_verified_historical_match,,,,,
ACP000481,IT,2023-07-23,no_verified_historical_match,,,,,
ACP000482,BG,2022-07-23,no_verified_historical_match,,,,,
ACP000483,RO,2025-07-11,stale,,,,,527
ACP000484,IT,2023-01-01,no_verified_historical_match,,,,,
ACP000485,IT,2025-10-18,stale,,,,,626
ACP000486,IE,2023-11-16,no_verified_historical_match,,,,,
ACP000487,IE,2023-08-07,no_verified_historical_match,,,,,
ACP000488,IT,2025-04-06,stale,,,,,431
ACP000489,RO,2020-11-14,no_verified_historical_match,,,,,
ACP000490,GR,2024-04-11,matched,10.4,2024-01-31,2024-03-01,Eurostat-2024-03-01,71
ACP000491,IT,2021-01-01,no_verified_historical_match,,,,,
ACP000492,IE,2023-02-28,no_verified_historical_match,,,,,
ACP000493,BG,2025-05-31,stale,,,,,486
ACP000494,BG,2025-04-04,stale,,,,,429
ACP000495,GR,2020-12-20,no_verified_historical_match,,,,,
ACP000496,IE,2024-08-23,stale,,,,,205
ACP000497,GR,2020-02-01,no_verified_historical_match,,,,,
ACP000498,IT,2023-10-18,no_verified_historical_match,,,,,
ACP000499,GR,2024-12-29,stale,,,,,333
ACP000500,BG,2025-04-16,stale,,,,,441
ACP000501,GR,2025-04-19,stale,,,,,444
ACP000502,GR,2023-02-02,no_verified_historical_match,,,,,
ACP000503,PL,2022-08-28,no_verified_historical_match,,,,,
ACP000504,IE,2024-05-24,matched,4.5,2024-01-31,2024-03-01,Eurostat-2024-03-01,114
ACP000505,GR,2023-08-21,no_verified_historical_match,,,,,
ACP000506,PL,2023-02-08,no_verified_historical_match,,,,,
ACP000507,PL,2020-03-15,no_verified_historical_match,,,,,
ACP000508,GR,2021-04-24,no_verified_historical_match,,,,,
ACP000509,IE,2020-01-27,no_verified_historical_match,,,,,
ACP000510,RO,2023-12-22,no_verified_historical_match,,,,,
ACP000511,IE,2020-04-15,no_verified_historical_match,,,,,
ACP000512,RO,2020-06-04,no_verified_historical_match,,,,,
ACP000513,IT,2021-04-22,no_verified_historical_match,,,,,
ACP000514,BG,2024-09-26,stale,,,,,239
ACP000515,GR,2020-11-11,no_verified_historical_match,,,,,
ACP000516,IT,2020-12-21,no_verified_historical_match,,,,,
ACP000517,IE,2025-03-08,stale,,,,,402
ACP000518,BG,2023-05-30,no_verified_historical_match,,,,,
ACP000519,IT,2021-12-04,no_verified_historical_match,,,,,
ACP000520,RO,2025-03-29,stale,,,,,423
ACP000521,IT,2023-05-03,no_verified_historical_match,,,,,
ACP000522,IE,2020-01-24,no_verified_historical_match,,,,,
ACP000523,BG,2025-05-27,stale,,,,,482
ACP000524,GR,2024-04-08,matched,10.4,2024-01-31,2024-03-01,Eurostat-2024-03-01,68
ACP000525,IE,2024-03-14,matched,4.5,2024-01-31,2024-03-01,Eurostat-2024-03-01,43
ACP000526,GR,2023-07-22,no_verified_historical_match,,,,,
ACP000527,IT,2024-10-04,stale,,,,,247
ACP000528,IT,2021-05-01,no_verified_historical_match,,,,,
ACP000529,RO,2021-11-14,no_verified_historical_match,,,,,
ACP000530,GR,2025-08-13,stale,,,,,560
ACP000531,IT,2022-12-29,no_verified_historical_match,,,,,
ACP000532,GR,2020-04-29,no_verified_historical_match,,,,,
ACP000533,BG,2024-02-12,no_verified_historical_match,,,,,
ACP000534,BG,2024-09-04,stale,,,,,217
ACP000535,GR,2022-02-10,no_verified_historical_match,,,,,
ACP000536,IE,2024-11-05,stale,,,,,279
ACP000537,BG,2025-03-16,stale,,,,,410
ACP000538,IT,2020-08-28,no_verified_historical_match,,,,,
ACP000539,BG,2024-11-30,stale,,,,,304
ACP000540,BG,2023-02-22,no_verified_historical_match,,,,,
ACP000541,IT,2024-03-01,no_verified_historical_match,,,,,
ACP000542,RO,2025-08-26,stale,,,,,573
ACP000543,GR,2021-04-14,no_verified_historical_match,,,,,
ACP000544,GR,2021-09-03,no_verified_historical_match,,,,,
ACP000545,IT,2021-04-18,no_verified_historical_match,,,,,
ACP000546,RO,2022-06-03,no_verified_historical_match,,,,,
ACP000547,BG,2023-01-27,no_verified_historical_match,,,,,
ACP000548,GR,2020-06-21,no_verified_historical_match,,,,,
ACP000549,BG,2020-06-30,no_verified_historical_match,,,,,
ACP000550,RO,2021-08-11,no_verified_historical_match,,,,,
ACP000551,IE,2023-03-04,no_verified_historical_match,,,,,
ACP000552,GR,2020-07-11,no_verified_historical_match,,,,,
ACP000553,IT,2023-02-25,no_verified_historical_match,,,,,
ACP000554,IE,2024-09-21,stale,,,,,234
ACP000555,IT,2020-03-20,no_verified_historical_match,,,,,
ACP000556,GR,2021-05-22,no_verified_historical_match,,,,,
ACP000557,IE,2020-02-18,no_verified_historical_match,,,,,
ACP000558,IT,2023-02-08,no_verified_historical_match,,,,,
ACP000559,IT,2021-10-28,no_verified_historical_match,,,,,
ACP000560,RO,,invalid_or_excluded_employment,,,,,
ACP000561,BG,2022-06-06,no_verified_historical_match,,,,,
ACP000562,PL,2025-09-22,stale,,,,,600
ACP000563,IE,2025-10-25,stale,,,,,633
ACP000564,GR,2023-09-03,no_verified_historical_match,,,,,
ACP000565,PL,2025-11-20,stale,,,,,659
ACP000566,BG,2021-04-07,no_verified_historical_match,,,,,
ACP000567,BG,2022-10-10,no_verified_historical_match,,,,,
ACP000568,IE,2020-08-12,no_verified_historical_match,,,,,
ACP000569,IE,2025-04-10,stale,,,,,435
ACP000570,IE,2022-09-14,no_verified_historical_match,,,,,
ACP000571,BG,2021-07-27,no_verified_historical_match,,,,,
ACP000572,IT,2023-08-25,no_verified_historical_match,,,,,
ACP000573,RO,2022-12-16,no_verified_historical_match,,,,,
ACP000574,GR,2025-06-05,stale,,,,,491
ACP000575,RO,2022-10-24,no_verified_historical_match,,,,,
ACP000576,PL,2023-05-23,no_verified_historical_match,,,,,
ACP000577,RO,2021-10-26,no_verified_historical_match,,,,,
ACP000578,IE,2020-06-03,no_verified_historical_match,,,,,
ACP000579,IT,2020-08-21,no_verified_historical_match,,,,,
ACP000580,IE,2023-11-30,no_verified_historical_match,,,,,
ACP000581,IE,2025-04-17,stale,,,,,442
ACP000582,GR,2022-11-16,no_verified_historical_match,,,,,
ACP000583,PL,2020-10-01,no_verified_historical_match,,,,,
ACP000584,IT,2022-05-17,no_verified_historical_match,,,,,
ACP000585,GR,2023-12-09,no_verified_historical_match,,,,,
ACP000586,RO,2024-04-06,matched,5.7,2024-01-31,2024-03-01,Eurostat-2024-03-01,66
ACP000587,IE,2024-11-20,stale,,,,,294
ACP000588,BG,2024-08-03,stale,,,,,185
ACP000589,IT,2022-08-02,no_verified_historical_match,,,,,
ACP000590,BG,2022-09-07,no_verified_historical_match,,,,,
ACP000591,PL,2021-01-25,no_verified_historical_match,,,,,
ACP000592,BG,2022-11-27,no_verified_historical_match,,,,,
ACP000593,BG,2024-01-09,no_verified_historical_match,,,,,
ACP000594,GR,2024-10-23,stale,,,,,266
ACP000595,BG,2020-06-08,no_verified_historical_match,,,,,
ACP000596,BG,2023-01-02,no_verified_historical_match,,,,,
ACP000597,IT,2025-01-12,stale,,,,,347
ACP000598,IE,2023-08-16,no_verified_historical_match,,,,,
ACP000599,RO,2023-07-22,no_verified_historical_match,,,,,
ACP000600,IE,2022-07-07,no_verified_historical_match,,,,,
ACP000601,PL,2024-08-25,stale,,,,,207
ACP000602,RO,2021-11-29,no_verified_historical_match,,,,,
ACP000603,GR,2024-04-11,matched,10.4,2024-01-31,2024-03-01,Eurostat-2024-03-01,71
ACP000604,PL,2024-12-24,stale,,,,,328
ACP000605,PL,2022-08-11,no_verified_historical_match,,,,,
ACP000606,PL,2023-04-14,no_verified_historical_match,,,,,
ACP000607,PL,2024-04-09,invalid_or_excluded_employment,,,,,
ACP000608,IE,2021-12-12,no_verified_historical_match,,,,,
ACP000609,IE,2020-06-08,no_verified_historical_match,,,,,
ACP000610,IT,2021-03-27,no_verified_historical_match,,,,,
ACP000611,PL,2025-03-23,stale,,,,,417
ACP000612,BG,2021-05-07,no_verified_historical_match,,,,,
ACP000613,IE,2025-02-15,stale,,,,,381
ACP000614,PL,2022-12-23,no_verified_historical_match,,,,,
ACP000615,IT,2022-01-24,no_verified_historical_match,,,,,
ACP000616,,2023-08-06,missing_country,,,,,
ACP000617,BG,2022-12-14,no_verified_historical_match,,,,,
ACP000618,RO,2023-02-12,no_verified_historical_match,,,,,
ACP000619,PL,2023-04-06,no_verified_historical_match,,,,,
ACP000620,BG,2021-11-10,no_verified_historical_match,,,,,
ACP000621,GR,2024-02-19,no_verified_historical_match,,,,,
ACP000622,RO,2020-05-19,no_verified_historical_match,,,,,
ACP000623,IE,2025-09-05,stale,,,,,583
ACP000624,IT,2021-01-11,no_verified_historical_match,,,,,
ACP000625,RO,2023-12-28,no_verified_historical_match,,,,,
ACP000626,IE,2025-11-13,stale,,,,,652
ACP000627,RO,2024-02-17,no_verified_historical_match,,,,,
ACP000628,GR,2020-11-15,no_verified_historical_match,,,,,
ACP000629,RO,2020-08-29,no_verified_historical_match,,,,,
ACP000630,GR,2023-08-03,no_verified_historical_match,,,,,
ACP000631,IT,2022-09-18,no_verified_historical_match,,,,,
ACP000632,BG,2024-02-19,no_verified_historical_match,,,,,
ACP000633,BG,2025-01-15,stale,,,,,350
ACP000634,IT,2022-02-21,no_verified_historical_match,,,,,
ACP000635,IT,2020-07-01,no_verified_historical_match,,,,,
ACP000636,IT,2024-03-09,matched,7.2,2024-01-31,2024-03-01,Eurostat-2024-03-01,38
ACP000637,GR,2021-04-22,no_verified_historical_match,,,,,
ACP000638,RO,2020-07-22,no_verified_historical_match,,,,,
ACP000639,GR,2020-03-19,no_verified_historical_match,,,,,
ACP000640,IT,2025-01-31,stale,,,,,366
ACP000641,RO,2025-03-10,stale,,,,,404
ACP000642,BG,2024-10-29,stale,,,,,272
ACP000643,PL,2024-08-18,stale,,,,,200
ACP000644,RO,2022-09-24,no_verified_historical_match,,,,,
ACP000645,IE,2023-04-22,no_verified_historical_match,,,,,
ACP000646,RO,2020-05-13,no_verified_historical_match,,,,,
ACP000647,GR,2022-05-21,no_verified_historical_match,,,,,
ACP000648,GR,2022-07-29,no_verified_historical_match,,,,,
ACP000649,RO,2022-06-17,no_verified_historical_match,,,,,
ACP000650,GR,2025-05-06,stale,,,,,461
ACP000651,IT,2022-11-01,no_verified_historical_match,,,,,
ACP000652,PL,2022-07-31,no_verified_historical_match,,,,,
ACP000653,RO,2022-02-17,no_verified_historical_match,,,,,
ACP000654,IT,2021-08-07,no_verified_historical_match,,,,,
ACP000655,PL,2022-10-09,no_verified_historical_match,,,,,
ACP000656,PL,2023-11-27,no_verified_historical_match,,,,,
ACP000657,IE,2022-03-12,no_verified_historical_match,,,,,
ACP000658,IT,2021-09-18,no_verified_historical_match,,,,,
ACP000659,GR,2023-08-24,no_verified_historical_match,,,,,
ACP000660,PL,2020-10-26,no_verified_historical_match,,,,,
ACP000661,GR,2021-10-09,no_verified_historical_match,,,,,
ACP000662,GR,2024-06-08,stale,,,,,129
ACP000663,BG,2025-04-27,stale,,,,,452
ACP000664,PL,2020-10-15,no_verified_historical_match,,,,,
ACP000665,IT,2022-07-03,no_verified_historical_match,,,,,
ACP000666,GR,2021-04-08,no_verified_historical_match,,,,,
ACP000667,RO,2024-09-28,stale,,,,,241
ACP000668,IE,2022-11-04,no_verified_historical_match,,,,,
ACP000669,IT,2020-01-28,no_verified_historical_match,,,,,
ACP000670,GR,2021-02-18,no_verified_historical_match,,,,,
ACP000671,BG,2020-01-16,no_verified_historical_match,,,,,
ACP000672,BG,2023-01-14,no_verified_historical_match,,,,,
ACP000673,IT,2020-07-02,no_verified_historical_match,,,,,
ACP000674,RO,2024-06-22,stale,,,,,143
ACP000675,GR,2022-08-01,no_verified_historical_match,,,,,
ACP000676,IE,2025-03-15,stale,,,,,409
ACP000677,BG,2025-10-07,stale,,,,,615
ACP000678,IE,2021-10-29,no_verified_historical_match,,,,,
ACP000679,IE,2022-08-28,no_verified_historical_match,,,,,
ACP000680,BG,2022-09-15,no_verified_historical_match,,,,,
ACP000681,GR,2022-01-21,no_verified_historical_match,,,,,
ACP000682,BG,2025-01-09,stale,,,,,344
ACP000683,IT,2024-08-29,stale,,,,,211
ACP000684,RO,2020-07-25,no_verified_historical_match,,,,,
ACP000685,GR,2020-07-03,no_verified_historical_match,,,,,
ACP000686,PL,2024-07-24,stale,,,,,175
ACP000687,IT,2025-09-16,stale,,,,,594
ACP000688,IE,2024-02-01,no_verified_historical_match,,,,,
ACP000689,IT,2021-07-20,no_verified_historical_match,,,,,
ACP000690,BG,2025-01-19,stale,,,,,354
ACP000691,IE,2022-12-13,no_verified_historical_match,,,,,
ACP000692,PL,2025-06-24,stale,,,,,510
ACP000693,PL,2025-08-05,stale,,,,,552
ACP000694,IT,2025-09-03,stale,,,,,581
ACP000695,BG,2023-03-10,no_verified_historical_match,,,,,
ACP000696,IE,2020-10-23,no_verified_historical_match,,,,,
ACP000697,IT,2021-07-31,no_verified_historical_match,,,,,
ACP000698,PL,2020-06-28,no_verified_historical_match,,,,,
ACP000699,BG,2023-01-19,no_verified_historical_match,,,,,
ACP000700,IE,2024-08-18,stale,,,,,200
ACP000701,IT,2024-04-21,matched,7.2,2024-01-31,2024-03-01,Eurostat-2024-03-01,81
ACP000702,RO,2024-08-24,stale,,,,,206
ACP000703,BG,2023-04-20,no_verified_historical_match,,,,,
ACP000704,IT,2023-08-04,no_verified_historical_match,,,,,
ACP000705,BG,2020-12-10,no_verified_historical_match,,,,,
ACP000706,BG,2022-08-09,no_verified_historical_match,,,,,
ACP000707,RO,2025-08-15,stale,,,,,562
ACP000708,RO,2023-10-17,no_verified_historical_match,,,,,
ACP000709,PL,2020-01-10,no_verified_historical_match,,,,,
ACP000710,BG,2021-12-31,no_verified_historical_match,,,,,
ACP000711,GR,2024-09-14,stale,,,,,227
ACP000712,IT,2020-11-29,no_verified_historical_match,,,,,
ACP000713,GR,2024-07-09,stale,,,,,160
ACP000714,GR,2024-03-27,matched,10.4,2024-01-31,2024-03-01,Eurostat-2024-03-01,56
ACP000715,IT,2020-12-01,no_verified_historical_match,,,,,
ACP000716,BG,2023-03-11,no_verified_historical_match,,,,,
ACP000717,IE,2020-04-21,no_verified_historical_match,,,,,
ACP000718,IE,2021-06-19,no_verified_historical_match,,,,,
ACP000719,BG,2024-03-10,matched,4.4,2024-01-31,2024-03-01,Eurostat-2024-03-01,39
ACP000720,RO,2020-09-07,no_verified_historical_match,,,,,
ACP000721,BG,2025-04-01,stale,,,,,426
ACP000722,GR,2024-08-17,stale,,,,,199
ACP000723,RO,2021-07-05,no_verified_historical_match,,,,,
ACP000724,IT,2024-01-20,no_verified_historical_match,,,,,
ACP000725,PL,2022-09-05,no_verified_historical_match,,,,,
ACP000726,IT,2025-07-15,stale,,,,,531
ACP000727,BG,2024-01-27,no_verified_historical_match,,,,,
ACP000728,RO,2021-01-21,no_verified_historical_match,,,,,
ACP000729,PL,2022-11-11,no_verified_historical_match,,,,,
ACP000730,IT,2022-09-05,no_verified_historical_match,,,,,
ACP000731,GR,2020-08-16,no_verified_historical_match,,,,,
ACP000732,RO,2024-02-06,no_verified_historical_match,,,,,
ACP000733,RO,2020-06-19,no_verified_historical_match,,,,,
ACP000734,IE,2025-05-17,stale,,,,,472
ACP000735,BG,2023-11-25,no_verified_historical_match,,,,,
ACP000736,IT,2020-08-22,no_verified_historical_match,,,,,
ACP000737,GR,2021-01-09,no_verified_historical_match,,,,,
ACP000738,PL,2022-12-26,no_verified_historical_match,,,,,
ACP000739,BG,2020-06-12,no_verified_historical_match,,,,,
ACP000740,IE,2022-11-19,no_verified_historical_match,,,,,
ACP000741,IT,2024-03-28,matched,7.2,2024-01-31,2024-03-01,Eurostat-2024-03-01,57
ACP000742,RO,2023-06-24,no_verified_historical_match,,,,,
ACP000743,PL,2024-02-09,no_verified_historical_match,,,,,
ACP000744,IE,2025-10-28,stale,,,,,636
ACP000745,GR,2021-01-10,no_verified_historical_match,,,,,
ACP000746,GR,2021-10-05,no_verified_historical_match,,,,,
ACP000747,PL,2020-06-25,no_verified_historical_match,,,,,
ACP000748,PL,2021-10-20,no_verified_historical_match,,,,,
ACP000749,PL,2022-02-26,no_verified_historical_match,,,,,
ACP000750,IE,2024-09-10,stale,,,,,223
ACP000751,IT,2021-03-05,no_verified_historical_match,,,,,
ACP000752,PL,2023-09-01,no_verified_historical_match,,,,,
ACP000753,IE,2020-04-23,no_verified_historical_match,,,,,
ACP000754,PL,2024-06-16,stale,,,,,137
ACP000755,GR,2024-01-02,no_verified_historical_match,,,,,
ACP000756,IT,2020-10-13,no_verified_historical_match,,,,,
ACP000757,IT,2021-04-26,no_verified_historical_match,,,,,
ACP000758,RO,2021-07-17,no_verified_historical_match,,,,,
ACP000759,IT,2020-10-24,no_verified_historical_match,,,,,
ACP000760,PL,2025-08-27,stale,,,,,574
ACP000761,RO,2023-05-09,no_verified_historical_match,,,,,
ACP000762,GR,2021-07-26,no_verified_historical_match,,,,,
ACP000763,IT,2021-10-27,no_verified_historical_match,,,,,
ACP000764,IT,2024-05-03,matched,7.2,2024-01-31,2024-03-01,Eurostat-2024-03-01,93
ACP000765,GR,2023-02-20,no_verified_historical_match,,,,,
ACP000766,PL,2021-06-03,no_verified_historical_match,,,,,
ACP000767,IE,2022-06-17,no_verified_historical_match,,,,,
ACP000768,IE,2025-03-02,stale,,,,,396
ACP000769,RO,2024-09-11,stale,,,,,224
ACP000770,GR,2025-01-14,stale,,,,,349
ACP000771,BG,2024-07-29,stale,,,,,180
ACP000772,RO,2024-08-03,stale,,,,,185
ACP000773,BG,2022-09-11,no_verified_historical_match,,,,,
ACP000774,PL,2024-08-30,stale,,,,,212
ACP000775,RO,2024-02-15,no_verified_historical_match,,,,,
ACP000776,GR,2023-07-15,no_verified_historical_match,,,,,
ACP000777,IE,2022-10-22,no_verified_historical_match,,,,,
ACP000778,IT,2025-07-17,stale,,,,,533
ACP000779,RO,2024-06-02,stale,,,,,123
ACP000780,IT,2023-02-28,no_verified_historical_match,,,,,
ACP000781,IE,2020-01-16,no_verified_historical_match,,,,,
ACP000782,PL,2021-10-22,no_verified_historical_match,,,,,
ACP000783,IT,2024-06-17,stale,,,,,138
ACP000784,PL,2022-09-20,no_verified_historical_match,,,,,
ACP000785,BG,2023-01-28,no_verified_historical_match,,,,,
ACP000786,BG,2020-04-28,no_verified_historical_match,,,,,
ACP000787,IT,2020-06-16,no_verified_historical_match,,,,,
ACP000788,BG,2022-05-10,no_verified_historical_match,,,,,
ACP000789,IE,2020-12-21,no_verified_historical_match,,,,,
ACP000790,BG,2024-06-06,stale,,,,,127
ACP000791,BG,2023-10-23,no_verified_historical_match,,,,,
ACP000792,IE,2022-09-25,no_verified_historical_match,,,,,
ACP000793,IT,2024-03-18,matched,7.2,2024-01-31,2024-03-01,Eurostat-2024-03-01,47
ACP000794,PL,2024-02-07,no_verified_historical_match,,,,,
ACP000795,IT,2020-03-18,no_verified_historical_match,,,,,
ACP000796,IT,2024-11-19,stale,,,,,293
ACP000797,PL,2022-10-16,no_verified_historical_match,,,,,
ACP000798,IE,2024-12-28,stale,,,,,332
ACP000799,PL,2023-01-21,no_verified_historical_match,,,,,
ACP000800,RO,2024-06-19,stale,,,,,140
ACP000801,PL,2025-01-24,stale,,,,,359
ACP000802,RO,2024-04-10,matched,5.7,2024-01-31,2024-03-01,Eurostat-2024-03-01,70
ACP000803,IT,2022-05-17,no_verified_historical_match,,,,,
ACP000804,RO,2024-11-20,stale,,,,,294
ACP000805,GR,2022-01-22,no_verified_historical_match,,,,,
ACP000806,IE,2023-08-07,no_verified_historical_match,,,,,
ACP000807,BG,2022-06-16,no_verified_historical_match,,,,,
ACP000808,BG,2025-10-29,stale,,,,,637
ACP000809,RO,2022-03-30,no_verified_historical_match,,,,,
ACP000810,IT,2024-08-02,stale,,,,,184
ACP000811,BG,2023-11-03,no_verified_historical_match,,,,,
ACP000812,IT,2020-06-30,no_verified_historical_match,,,,,
ACP000813,RO,2025-03-15,stale,,,,,409
ACP000814,BG,2022-01-30,no_verified_historical_match,,,,,
ACP000815,IT,2021-08-12,no_verified_historical_match,,,,,
ACP000816,PL,2021-02-18,no_verified_historical_match,,,,,
ACP000817,IT,2022-11-28,no_verified_historical_match,,,,,
ACP000818,IE,2024-05-24,matched,4.5,2024-01-31,2024-03-01,Eurostat-2024-03-01,114
ACP000819,RO,2024-11-02,stale,,,,,276
ACP000820,BG,2023-06-14,no_verified_historical_match,,,,,
ACP000821,RO,2025-08-10,stale,,,,,557
ACP000822,IT,2020-11-22,no_verified_historical_match,,,,,
ACP000823,IE,2021-08-25,no_verified_historical_match,,,,,
ACP000824,IE,2024-03-13,matched,4.5,2024-01-31,2024-03-01,Eurostat-2024-03-01,42
ACP000825,PL,2023-12-14,no_verified_historical_match,,,,,
ACP000826,IT,2022-01-28,no_verified_historical_match,,,,,
ACP000827,GR,2024-02-14,no_verified_historical_match,,,,,
ACP000828,BG,2021-11-29,no_verified_historical_match,,,,,
ACP000829,PL,2022-01-31,no_verified_historical_match,,,,,
ACP000830,GR,2021-11-16,no_verified_historical_match,,,,,
ACP000831,BG,2021-03-02,no_verified_historical_match,,,,,
ACP000832,IE,2023-12-29,no_verified_historical_match,,,,,
ACP000833,IT,2022-11-30,no_verified_historical_match,,,,,
ACP000834,IT,2021-06-13,no_verified_historical_match,,,,,
ACP000835,IT,2023-06-29,no_verified_historical_match,,,,,
ACP000836,GR,2023-09-23,no_verified_historical_match,,,,,
ACP000837,IT,2024-12-31,stale,,,,,335
ACP000838,GR,2020-02-27,no_verified_historical_match,,,,,
ACP000839,GR,2020-10-31,no_verified_historical_match,,,,,
ACP000840,BG,2020-07-24,no_verified_historical_match,,,,,
ACP000841,RO,2020-02-18,no_verified_historical_match,,,,,
ACP000842,BG,2025-05-15,stale,,,,,470
ACP000843,RO,2023-08-30,no_verified_historical_match,,,,,
ACP000844,PL,2021-07-23,no_verified_historical_match,,,,,
ACP000845,IT,2021-10-12,no_verified_historical_match,,,,,
ACP000846,IE,2021-08-06,no_verified_historical_match,,,,,
ACP000847,PL,2025-10-17,stale,,,,,625
ACP000848,BG,2023-04-05,no_verified_historical_match,,,,,
ACP000849,RO,2025-04-28,stale,,,,,453
ACP000850,BG,2025-08-01,stale,,,,,548
ACP000851,GR,2025-10-16,stale,,,,,624
ACP000852,RO,2022-10-20,no_verified_historical_match,,,,,
ACP000853,BG,2022-11-22,no_verified_historical_match,,,,,
ACP000854,RO,2020-03-12,no_verified_historical_match,,,,,
ACP000855,IE,2023-12-16,no_verified_historical_match,,,,,
ACP000856,GR,2020-10-29,no_verified_historical_match,,,,,
ACP000857,IT,2025-02-28,stale,,,,,394
ACP000858,GR,2020-01-07,no_verified_historical_match,,,,,
ACP000859,GR,2020-02-20,no_verified_historical_match,,,,,
ACP000860,IT,2021-02-05,no_verified_historical_match,,,,,
ACP000861,IT,2022-12-26,no_verified_historical_match,,,,,
ACP000862,GR,2023-08-28,no_verified_historical_match,,,,,
ACP000863,BG,2021-01-19,no_verified_historical_match,,,,,
ACP000864,,2020-02-03,missing_country,,,,,
ACP000865,RO,2023-06-10,no_verified_historical_match,,,,,
ACP000866,RO,2020-01-13,no_verified_historical_match,,,,,
ACP000867,RO,2021-11-20,no_verified_historical_match,,,,,
ACP000868,RO,2021-06-08,no_verified_historical_match,,,,,
ACP000869,PL,2024-12-05,stale,,,,,309
ACP000870,IE,2025-07-06,stale,,,,,522
ACP000871,BG,2020-04-09,no_verified_historical_match,,,,,
ACP000872,IT,2021-04-03,no_verified_historical_match,,,,,
ACP000873,IT,2020-07-09,no_verified_historical_match,,,,,
ACP000874,IE,2022-03-04,no_verified_historical_match,,,,,
ACP000875,IE,2025-05-13,stale,,,,,468
ACP000876,IT,2024-06-07,stale,,,,,128
ACP000877,RO,2023-09-14,no_verified_historical_match,,,,,
ACP000878,IE,2023-02-13,no_verified_historical_match,,,,,
ACP000879,BG,2023-06-09,no_verified_historical_match,,,,,
ACP000880,IT,2022-07-27,no_verified_historical_match,,,,,
ACP000881,IE,2020-12-18,no_verified_historical_match,,,,,
ACP000882,IT,2021-04-29,no_verified_historical_match,,,,,
ACP000883,IE,2022-01-19,no_verified_historical_match,,,,,
ACP000884,IT,2024-05-20,matched,7.2,2024-01-31,2024-03-01,Eurostat-2024-03-01,110
ACP000885,PL,2021-08-22,no_verified_historical_match,,,,,
ACP000886,IE,2024-07-18,stale,,,,,169
ACP000887,RO,2022-06-21,no_verified_historical_match,,,,,
ACP000888,RO,2024-03-07,matched,5.7,2024-01-31,2024-03-01,Eurostat-2024-03-01,36
ACP000889,PL,2024-04-30,matched,2.9,2024-01-31,2024-03-01,Eurostat-2024-03-01,90
ACP000890,PL,2024-04-05,matched,2.9,2024-01-31,2024-03-01,Eurostat-2024-03-01,65
ACP000891,PL,2020-07-21,no_verified_historical_match,,,,,
ACP000892,PL,2020-12-08,no_verified_historical_match,,,,,
ACP000893,PL,2020-03-10,no_verified_historical_match,,,,,
ACP000894,IT,2022-03-28,no_verified_historical_match,,,,,
ACP000895,IT,2020-07-06,no_verified_historical_match,,,,,
ACP000896,IE,2025-11-04,stale,,,,,643
ACP000897,IE,2023-07-18,no_verified_historical_match,,,,,
ACP000898,PL,2020-04-25,no_verified_historical_match,,,,,
ACP000899,PL,2022-10-23,no_verified_historical_match,,,,,
ACP000900,BG,2020-09-28,no_verified_historical_match,,,,,
ACP000901,BG,2021-07-13,no_verified_historical_match,,,,,
ACP000902,IT,2021-02-05,no_verified_historical_match,,,,,
ACP000903,RO,2020-05-20,no_verified_historical_match,,,,,
ACP000904,BG,2025-07-12,stale,,,,,528
ACP000905,BG,2024-01-06,no_verified_historical_match,,,,,
ACP000906,IT,2021-11-03,no_verified_historical_match,,,,,
ACP000907,IT,2023-02-13,no_verified_historical_match,,,,,
ACP000908,IT,2021-11-05,no_verified_historical_match,,,,,
ACP000909,IT,2024-02-14,no_verified_historical_match,,,,,
ACP000910,RO,2022-08-31,no_verified_historical_match,,,,,
ACP000911,GR,2025-08-23,stale,,,,,570
ACP000912,IT,2021-03-09,no_verified_historical_match,,,,,
ACP000913,GR,2025-01-29,stale,,,,,364
ACP000914,IT,2021-02-01,no_verified_historical_match,,,,,
ACP000915,PL,2023-05-05,no_verified_historical_match,,,,,
ACP000916,RO,2020-08-18,no_verified_historical_match,,,,,
ACP000917,RO,2025-01-01,stale,,,,,336
ACP000918,RO,2022-03-07,no_verified_historical_match,,,,,
ACP000919,PL,2024-08-30,stale,,,,,212
ACP000920,IE,2024-08-08,stale,,,,,190
ACP000921,RO,2021-12-30,no_verified_historical_match,,,,,
ACP000922,IT,2023-03-19,no_verified_historical_match,,,,,
ACP000923,RO,2020-02-20,no_verified_historical_match,,,,,
ACP000924,PL,2022-12-27,no_verified_historical_match,,,,,
ACP000925,BG,2022-05-31,no_verified_historical_match,,,,,
ACP000926,GR,2024-06-28,stale,,,,,149
ACP000927,BG,2021-11-11,no_verified_historical_match,,,,,
ACP000928,RO,2020-01-12,no_verified_historical_match,,,,,
ACP000929,RO,2020-08-02,no_verified_historical_match,,,,,
ACP000930,GR,2020-07-31,no_verified_historical_match,,,,,
ACP000931,RO,2020-09-14,no_verified_historical_match,,,,,
ACP000932,BG,2025-07-02,stale,,,,,518
ACP000933,BG,2024-05-18,matched,4.4,2024-01-31,2024-03-01,Eurostat-2024-03-01,108
ACP000934,RO,2021-05-21,no_verified_historical_match,,,,,
ACP000935,PL,2021-04-07,no_verified_historical_match,,,,,
ACP000936,RO,2024-02-27,no_verified_historical_match,,,,,
ACP000937,PL,2022-10-15,no_verified_historical_match,,,,,
ACP000938,GR,2021-10-22,no_verified_historical_match,,,,,
ACP000939,BG,2024-12-24,stale,,,,,328
ACP000940,IE,2023-02-03,no_verified_historical_match,,,,,
ACP000941,IT,2023-01-22,no_verified_historical_match,,,,,
ACP000942,PL,2021-07-14,no_verified_historical_match,,,,,
ACP000943,IE,2025-06-28,stale,,,,,514
ACP000944,BG,2022-10-01,no_verified_historical_match,,,,,
ACP000945,IE,2021-04-13,no_verified_historical_match,,,,,
ACP000946,PL,2020-12-03,no_verified_historical_match,,,,,
ACP000947,GR,2023-06-10,no_verified_historical_match,,,,,
ACP000948,IT,2025-10-04,stale,,,,,612
ACP000949,RO,2020-06-11,no_verified_historical_match,,,,,
ACP000950,IE,2020-03-25,no_verified_historical_match,,,,,
ACP000951,IT,2023-03-02,no_verified_historical_match,,,,,
ACP000952,PL,2024-11-12,stale,,,,,286
ACP000953,BG,2022-11-22,no_verified_historical_match,,,,,
ACP000954,BG,2021-07-04,no_verified_historical_match,,,,,
ACP000955,RO,2025-02-16,stale,,,,,382
ACP000956,IE,2021-11-15,no_verified_historical_match,,,,,
ACP000957,PL,2022-08-11,no_verified_historical_match,,,,,
ACP000958,PL,2024-01-16,no_verified_historical_match,,,,,
ACP000959,RO,2020-04-10,no_verified_historical_match,,,,,
ACP000960,IT,2023-11-07,no_verified_historical_match,,,,,
ACP000961,BG,,invalid_or_excluded_employment,,,,,
ACP000962,IE,2020-12-01,no_verified_historical_match,,,,,
ACP000963,PL,2024-08-01,stale,,,,,183
ACP000964,PL,2022-03-10,no_verified_historical_match,,,,,
ACP000965,IE,2022-09-09,no_verified_historical_match,,,,,
ACP000966,BG,2021-07-19,no_verified_historical_match,,,,,
ACP000967,BG,2022-01-16,no_verified_historical_match,,,,,
ACP000968,BG,2024-10-04,stale,,,,,247
ACP000969,BG,2021-04-15,no_verified_historical_match,,,,,
ACP000970,GR,2023-01-07,no_verified_historical_match,,,,,
ACP000971,IT,2024-10-15,stale,,,,,258
ACP000972,PL,2024-06-06,stale,,,,,127
ACP000973,BG,2023-05-30,no_verified_historical_match,,,,,
ACP000974,GR,2025-10-06,stale,,,,,614
ACP000975,RO,2025-11-04,stale,,,,,643
ACP000976,IT,2020-10-29,no_verified_historical_match,,,,,
ACP000977,IE,2023-06-04,no_verified_historical_match,,,,,
ACP000978,RO,2020-09-19,no_verified_historical_match,,,,,
ACP000979,IT,2021-07-14,no_verified_historical_match,,,,,
ACP000980,GR,2020-03-02,no_verified_historical_match,,,,,
ACP000981,IE,2024-06-14,stale,,,,,135
ACP000982,PL,2025-02-25,stale,,,,,391
ACP000983,IT,2021-10-24,no_verified_historical_match,,,,,
ACP000984,RO,2024-01-13,no_verified_historical_match,,,,,
ACP000985,RO,2024-05-23,matched,5.7,2024-01-31,2024-03-01,Eurostat-2024-03-01,113
ACP000986,GR,2021-11-01,no_verified_historical_match,,,,,
ACP000987,IE,2020-06-26,no_verified_historical_match,,,,,
ACP000988,PL,2022-05-07,no_verified_historical_match,,,,,
ACP000989,GR,2025-11-27,stale,,,,,666
ACP000990,IT,2025-07-29,stale,,,,,545
ACP000991,IE,2022-04-28,no_verified_historical_match,,,,,
ACP000992,BG,2021-02-27,no_verified_historical_match,,,,,
ACP000993,RO,2024-08-05,stale,,,,,187
ACP000994,BG,2024-12-21,stale,,,,,325
ACP000995,GR,2024-07-29,stale,,,,,180
ACP000996,IT,2023-11-21,no_verified_historical_match,,,,,
ACP000997,RO,2024-08-20,stale,,,,,202
ACP000998,GR,2025-07-28,stale,,,,,544
ACP000999,RO,2020-01-19,no_verified_historical_match,,,,,
ACP001000,IT,2020-11-05,no_verified_historical_match,,,,,
ACP001001,PL,2020-05-02,no_verified_historical_match,,,,,
ACP001002,GR,2023-05-19,no_verified_historical_match,,,,,
ACP001003,RO,2021-08-24,no_verified_historical_match,,,,,
ACP001004,BG,2021-06-26,no_verified_historical_match,,,,,
ACP001005,RO,2025-01-09,stale,,,,,344
ACP001006,BG,2024-03-20,matched,4.4,2024-01-31,2024-03-01,Eurostat-2024-03-01,49
ACP001007,RO,2024-11-25,stale,,,,,299
ACP001008,IE,2023-09-22,invalid_or_excluded_employment,,,,,
ACP001009,GR,2020-09-06,no_verified_historical_match,,,,,
ACP001010,BG,2023-06-05,no_verified_historical_match,,,,,
ACP001011,BG,2025-10-06,stale,,,,,614
ACP001012,BG,2023-09-25,no_verified_historical_match,,,,,
ACP001013,BG,2020-06-19,no_verified_historical_match,,,,,
ACP001014,IE,2025-04-28,stale,,,,,453
ACP001015,RO,2022-01-15,no_verified_historical_match,,,,,
ACP001016,RO,2022-05-09,no_verified_historical_match,,,,,
ACP001017,IT,2022-03-23,no_verified_historical_match,,,,,
ACP001018,PL,2020-02-20,no_verified_historical_match,,,,,
ACP001019,BG,2020-11-05,no_verified_historical_match,,,,,
ACP001020,GR,2024-10-31,stale,,,,,274
ACP001021,IE,2020-09-19,no_verified_historical_match,,,,,
ACP001022,PL,2024-01-25,no_verified_historical_match,,,,,
ACP001023,GR,2023-06-27,no_verified_historical_match,,,,,
ACP001024,IE,2024-04-29,matched,4.5,2024-01-31,2024-03-01,Eurostat-2024-03-01,89
ACP001025,IE,2024-12-10,stale,,,,,314
ACP001026,BG,2025-07-18,stale,,,,,534
ACP001027,GR,2021-09-14,no_verified_historical_match,,,,,
ACP001028,BG,2024-06-30,stale,,,,,151
ACP001029,RO,2023-01-10,no_verified_historical_match,,,,,
ACP001030,IT,2020-10-16,no_verified_historical_match,,,,,
ACP001031,IT,2024-09-26,stale,,,,,239
ACP001032,GR,2022-01-05,no_verified_historical_match,,,,,
ACP001033,PL,2020-11-02,no_verified_historical_match,,,,,
ACP001034,PL,2023-08-31,no_verified_historical_match,,,,,
ACP001035,PL,2023-04-07,no_verified_historical_match,,,,,
ACP001036,IE,2024-03-31,matched,4.5,2024-01-31,2024-03-01,Eurostat-2024-03-01,60
ACP001037,BG,2022-02-04,no_verified_historical_match,,,,,
ACP001038,RO,2021-04-02,no_verified_historical_match,,,,,
ACP001039,IE,2025-07-11,stale,,,,,527
ACP001040,IT,2023-02-25,no_verified_historical_match,,,,,
ACP001041,GR,2022-07-31,no_verified_historical_match,,,,,
ACP001042,RO,2023-02-06,no_verified_historical_match,,,,,
ACP001043,BG,2023-11-10,no_verified_historical_match,,,,,
ACP001044,GR,2021-08-15,no_verified_historical_match,,,,,
ACP001045,BG,2022-03-19,no_verified_historical_match,,,,,
ACP001046,GR,2024-11-03,stale,,,,,277
ACP001047,IT,2025-11-09,stale,,,,,648
ACP001048,RO,2020-05-18,no_verified_historical_match,,,,,
ACP001049,RO,2024-01-15,no_verified_historical_match,,,,,
ACP001050,IE,2025-04-30,stale,,,,,455
ACP001051,GR,2024-03-24,matched,10.4,2024-01-31,2024-03-01,Eurostat-2024-03-01,53
ACP001052,BG,2024-09-12,stale,,,,,225
ACP001053,IE,2024-04-10,matched,4.5,2024-01-31,2024-03-01,Eurostat-2024-03-01,70
ACP001054,IT,2020-12-13,no_verified_historical_match,,,,,
ACP001055,IT,2023-03-13,no_verified_historical_match,,,,,
ACP001056,BG,2024-02-22,no_verified_historical_match,,,,,
ACP001057,IE,2024-03-23,matched,4.5,2024-01-31,2024-03-01,Eurostat-2024-03-01,52
ACP001058,PL,2021-10-20,no_verified_historical_match,,,,,
ACP001059,RO,2022-07-05,no_verified_historical_match,,,,,
ACP001060,IE,2021-03-10,no_verified_historical_match,,,,,
ACP001061,GR,2025-02-23,stale,,,,,389
ACP001062,RO,2023-10-18,no_verified_historical_match,,,,,
ACP001063,GR,2020-05-24,no_verified_historical_match,,,,,
ACP001064,GR,2025-05-26,stale,,,,,481
ACP001065,GR,2022-10-04,no_verified_historical_match,,,,,
ACP001066,RO,2023-03-01,no_verified_historical_match,,,,,
ACP001067,BG,2020-08-02,no_verified_historical_match,,,,,
ACP001068,IE,2021-09-11,no_verified_historical_match,,,,,
ACP001069,RO,2025-05-21,stale,,,,,476
ACP001070,IE,2022-09-05,no_verified_historical_match,,,,,
ACP001071,PL,2022-12-25,no_verified_historical_match,,,,,
ACP001072,BG,2025-04-15,stale,,,,,440
ACP001073,BG,2022-07-18,no_verified_historical_match,,,,,
ACP001074,GR,2022-11-08,no_verified_historical_match,,,,,
ACP001075,IE,2022-04-16,no_verified_historical_match,,,,,
ACP001076,GR,2025-04-22,stale,,,,,447
ACP001077,IT,2020-08-06,no_verified_historical_match,,,,,
ACP001078,BG,2020-10-23,no_verified_historical_match,,,,,
ACP001079,RO,2020-11-11,no_verified_historical_match,,,,,
ACP001080,GR,2021-08-25,no_verified_historical_match,,,,,
ACP001081,IT,2021-07-24,no_verified_historical_match,,,,,
ACP001082,PL,2025-05-30,stale,,,,,485
ACP001083,BG,2023-04-17,no_verified_historical_match,,,,,
ACP001084,GR,2023-02-12,no_verified_historical_match,,,,,
ACP001085,IE,2022-01-13,no_verified_historical_match,,,,,
ACP001086,IE,2021-07-02,no_verified_historical_match,,,,,
ACP001087,GR,2021-10-14,no_verified_historical_match,,,,,
ACP001088,IT,2021-07-05,no_verified_historical_match,,,,,
ACP001089,GR,2021-10-09,no_verified_historical_match,,,,,
ACP001090,GR,2025-02-18,stale,,,,,384
ACP001091,IT,2025-09-30,stale,,,,,608
ACP001092,PL,2025-09-07,stale,,,,,585
ACP001093,PL,2022-03-25,no_verified_historical_match,,,,,
ACP001094,RO,2021-10-02,no_verified_historical_match,,,,,
ACP001095,BG,2020-11-07,no_verified_historical_match,,,,,
ACP001096,IE,2023-05-02,no_verified_historical_match,,,,,
ACP001097,RO,2023-03-08,no_verified_historical_match,,,,,
ACP001098,BG,2024-12-07,stale,,,,,311
ACP001099,GR,2024-11-30,stale,,,,,304
ACP001100,GR,2020-07-13,no_verified_historical_match,,,,,
ACP001101,BG,2025-09-24,stale,,,,,602
ACP001102,IE,2020-06-23,no_verified_historical_match,,,,,
ACP001103,PL,2024-06-26,stale,,,,,147
ACP001104,GR,2021-11-19,no_verified_historical_match,,,,,
ACP001105,IE,2020-09-07,no_verified_historical_match,,,,,
ACP001106,IT,2022-02-01,no_verified_historical_match,,,,,
ACP001107,BG,2024-03-20,matched,4.4,2024-01-31,2024-03-01,Eurostat-2024-03-01,49
ACP001108,IT,2020-05-03,no_verified_historical_match,,,,,
ACP001109,PL,2020-02-11,no_verified_historical_match,,,,,
ACP001110,RO,2023-06-01,no_verified_historical_match,,,,,
ACP001111,IT,2020-05-10,no_verified_historical_match,,,,,
ACP001112,,2023-05-04,missing_country,,,,,
ACP001113,RO,2020-01-29,no_verified_historical_match,,,,,
ACP001114,GR,2023-05-04,no_verified_historical_match,,,,,
ACP001115,RO,2023-11-26,no_verified_historical_match,,,,,
ACP001116,BG,2024-11-25,stale,,,,,299
ACP001117,IT,2024-09-03,stale,,,,,216
ACP001118,GR,2023-05-02,no_verified_historical_match,,,,,
ACP001119,GR,2020-01-16,no_verified_historical_match,,,,,
ACP001120,IT,2022-02-15,no_verified_historical_match,,,,,
ACP001121,BG,2021-11-30,no_verified_historical_match,,,,,
ACP001122,BG,2021-12-09,no_verified_historical_match,,,,,
ACP001123,IE,2020-10-21,no_verified_historical_match,,,,,
ACP001124,BG,2025-06-28,stale,,,,,514
ACP001125,GR,2022-07-05,no_verified_historical_match,,,,,
ACP001126,IE,2022-07-30,no_verified_historical_match,,,,,
ACP001127,BG,2020-08-05,no_verified_historical_match,,,,,
ACP001128,PL,2022-05-03,no_verified_historical_match,,,,,
ACP001129,GR,2023-02-02,no_verified_historical_match,,,,,
ACP001130,IE,2022-09-20,no_verified_historical_match,,,,,
ACP001131,IT,2021-02-09,no_verified_historical_match,,,,,
ACP001132,IE,2023-09-02,no_verified_historical_match,,,,,
ACP001133,IT,2021-12-04,no_verified_historical_match,,,,,
ACP001134,PL,2023-07-15,no_verified_historical_match,,,,,
ACP001135,IE,2020-06-03,no_verified_historical_match,,,,,
ACP001136,PL,2020-02-04,no_verified_historical_match,,,,,
ACP001137,BG,2025-07-09,stale,,,,,525
ACP001138,IT,2025-02-28,stale,,,,,394
ACP001139,IE,2022-12-13,no_verified_historical_match,,,,,
ACP001140,IT,2022-06-29,no_verified_historical_match,,,,,
ACP001141,RO,2024-02-03,no_verified_historical_match,,,,,
ACP001142,BG,2023-12-22,no_verified_historical_match,,,,,
ACP001143,GR,2020-03-30,no_verified_historical_match,,,,,
ACP001144,RO,2020-08-09,no_verified_historical_match,,,,,
ACP001145,GR,2024-12-19,stale,,,,,323
ACP001146,PL,2024-03-23,matched,2.9,2024-01-31,2024-03-01,Eurostat-2024-03-01,52
ACP001147,RO,2021-02-28,no_verified_historical_match,,,,,
ACP001148,GR,2023-08-16,no_verified_historical_match,,,,,
ACP001149,PL,2025-09-06,stale,,,,,584
ACP001150,RO,2022-07-04,no_verified_historical_match,,,,,
ACP001151,GR,2025-08-17,stale,,,,,564
ACP001152,GR,2023-08-29,no_verified_historical_match,,,,,
ACP001153,RO,2024-07-21,stale,,,,,172
ACP001154,BG,2024-02-03,no_verified_historical_match,,,,,
ACP001155,IT,2023-04-04,no_verified_historical_match,,,,,
ACP001156,GR,2022-06-19,no_verified_historical_match,,,,,
ACP001157,BG,2020-04-09,no_verified_historical_match,,,,,
ACP001158,GR,2021-02-19,no_verified_historical_match,,,,,
ACP001159,RO,2025-03-07,stale,,,,,401
ACP001160,BG,2024-03-21,matched,4.4,2024-01-31,2024-03-01,Eurostat-2024-03-01,50
ACP001161,RO,2023-09-11,no_verified_historical_match,,,,,
ACP001162,BG,2020-10-30,no_verified_historical_match,,,,,
ACP001163,IT,2025-11-23,stale,,,,,662
ACP001164,BG,2024-08-28,stale,,,,,210
ACP001165,PL,2020-06-19,no_verified_historical_match,,,,,
ACP001166,IT,2020-11-10,no_verified_historical_match,,,,,
ACP001167,GR,2024-07-13,stale,,,,,164
ACP001168,PL,2023-05-10,no_verified_historical_match,,,,,
ACP001169,IE,2020-03-21,no_verified_historical_match,,,,,
ACP001170,PL,2025-06-06,stale,,,,,492
ACP001171,PL,2021-01-16,no_verified_historical_match,,,,,
ACP001172,GR,2024-12-21,stale,,,,,325
ACP001173,RO,2024-10-07,stale,,,,,250
ACP001174,IE,2023-03-17,no_verified_historical_match,,,,,
ACP001175,IT,2021-03-14,no_verified_historical_match,,,,,
ACP001176,IE,2025-11-04,stale,,,,,643
ACP001177,BG,2025-04-06,stale,,,,,431
ACP001178,IT,2021-05-06,no_verified_historical_match,,,,,
ACP001179,BG,2023-10-16,no_verified_historical_match,,,,,
ACP001180,PL,2020-05-29,no_verified_historical_match,,,,,
ACP001181,RO,2022-04-13,no_verified_historical_match,,,,,
ACP001182,RO,2020-04-07,no_verified_historical_match,,,,,
ACP001183,GR,2024-04-05,matched,10.4,2024-01-31,2024-03-01,Eurostat-2024-03-01,65
ACP001184,PL,2022-11-09,no_verified_historical_match,,,,,
ACP001185,BG,2021-10-09,no_verified_historical_match,,,,,
ACP001186,BG,2024-04-14,matched,4.4,2024-01-31,2024-03-01,Eurostat-2024-03-01,74
ACP001187,IT,2021-10-04,no_verified_historical_match,,,,,
ACP001188,RO,2021-09-01,no_verified_historical_match,,,,,
ACP001189,RO,2023-08-23,no_verified_historical_match,,,,,
ACP001190,GR,2020-12-20,no_verified_historical_match,,,,,
ACP001191,GR,2020-01-14,no_verified_historical_match,,,,,
ACP001192,IT,2021-11-25,no_verified_historical_match,,,,,
ACP001193,BG,2024-07-05,stale,,,,,156
ACP001194,BG,2023-01-06,no_verified_historical_match,,,,,
ACP001195,BG,2024-07-20,stale,,,,,171
ACP001196,IE,2024-12-25,stale,,,,,329
ACP001197,GR,2025-07-13,stale,,,,,529
ACP001198,GR,2020-08-06,no_verified_historical_match,,,,,
ACP001199,BG,2020-02-28,no_verified_historical_match,,,,,
ACP001200,RO,2021-01-18,no_verified_historical_match,,,,,
ACP001201,RO,2022-10-05,no_verified_historical_match,,,,,
ACP001202,IT,2020-07-06,no_verified_historical_match,,,,,
ACP001203,IT,2022-05-18,no_verified_historical_match,,,,,
ACP001204,RO,2021-08-13,no_verified_historical_match,,,,,
ACP001205,RO,2021-01-07,no_verified_historical_match,,,,,
ACP001206,PL,2024-02-23,no_verified_historical_match,,,,,
ACP001207,RO,2022-06-25,no_verified_historical_match,,,,,
ACP001208,IT,2020-01-25,no_verified_historical_match,,,,,
ACP001209,IT,2023-11-14,no_verified_historical_match,,,,,
ACP001210,IE,2021-10-16,no_verified_historical_match,,,,,
ACP001211,RO,2024-07-24,stale,,,,,175
ACP001212,PL,2023-05-01,no_verified_historical_match,,,,,
ACP001213,BG,2025-02-18,stale,,,,,384
ACP001214,RO,2024-03-30,matched,5.7,2024-01-31,2024-03-01,Eurostat-2024-03-01,59
ACP001215,BG,2022-05-14,no_verified_historical_match,,,,,
ACP001216,GR,2025-11-27,stale,,,,,666
ACP001217,PL,2022-01-31,no_verified_historical_match,,,,,
ACP001218,PL,2024-07-11,stale,,,,,162
ACP001219,BG,2024-08-02,stale,,,,,184
ACP001220,RO,2020-04-09,no_verified_historical_match,,,,,
ACP001221,IT,2021-11-15,no_verified_historical_match,,,,,
ACP001222,IE,2024-01-06,no_verified_historical_match,,,,,
ACP001223,RO,2024-08-31,stale,,,,,213
ACP001224,RO,2025-02-24,stale,,,,,390
ACP001225,IT,2022-06-10,no_verified_historical_match,,,,,
ACP001226,BG,2020-11-17,no_verified_historical_match,,,,,
ACP001227,IE,2023-08-06,no_verified_historical_match,,,,,
ACP001228,GR,2024-01-23,no_verified_historical_match,,,,,
ACP001229,IT,2020-03-08,no_verified_historical_match,,,,,
ACP001230,RO,2022-10-12,no_verified_historical_match,,,,,
ACP001231,BG,2024-07-29,stale,,,,,180
ACP001232,PL,2020-02-22,no_verified_historical_match,,,,,
ACP001233,PL,2024-12-13,stale,,,,,317
ACP001234,RO,2024-09-18,stale,,,,,231
ACP001235,IT,2022-12-14,no_verified_historical_match,,,,,
ACP001236,IT,2023-03-14,no_verified_historical_match,,,,,
ACP001237,PL,2024-05-07,matched,2.9,2024-01-31,2024-03-01,Eurostat-2024-03-01,97
ACP001238,RO,2022-03-22,no_verified_historical_match,,,,,
ACP001239,PL,2022-12-31,no_verified_historical_match,,,,,
ACP001240,RO,2024-06-13,stale,,,,,134
ACP001241,IT,2022-07-01,no_verified_historical_match,,,,,
ACP001242,IT,2020-07-08,no_verified_historical_match,,,,,
ACP001243,RO,2023-08-09,no_verified_historical_match,,,,,
ACP001244,BG,2025-10-21,stale,,,,,629
ACP001245,IE,2020-06-30,no_verified_historical_match,,,,,
ACP001246,PL,2021-12-24,no_verified_historical_match,,,,,
ACP001247,GR,2024-10-24,stale,,,,,267
ACP001248,PL,2024-09-05,stale,,,,,218
ACP001249,IE,2022-02-11,no_verified_historical_match,,,,,
ACP001250,IT,2023-10-17,no_verified_historical_match,,,,,
ACP001251,IT,2023-06-01,no_verified_historical_match,,,,,
ACP001252,BG,2020-09-14,no_verified_historical_match,,,,,
ACP001253,IT,2020-09-22,no_verified_historical_match,,,,,
ACP001254,PL,2024-09-07,stale,,,,,220
ACP001255,GR,2024-12-03,stale,,,,,307
ACP001256,GR,2024-10-24,stale,,,,,267
ACP001257,PL,2025-10-13,stale,,,,,621
ACP001258,RO,2022-11-03,no_verified_historical_match,,,,,
ACP001259,IT,2023-04-11,no_verified_historical_match,,,,,
ACP001260,BG,2021-05-23,no_verified_historical_match,,,,,
ACP001261,IT,2023-08-29,no_verified_historical_match,,,,,
ACP001262,IT,2020-12-19,no_verified_historical_match,,,,,
ACP001263,PL,2022-06-20,no_verified_historical_match,,,,,
ACP001264,BG,2024-04-09,matched,4.4,2024-01-31,2024-03-01,Eurostat-2024-03-01,69
ACP001265,PL,2021-08-19,no_verified_historical_match,,,,,
ACP001266,IE,2024-09-22,stale,,,,,235
ACP001267,GR,2020-02-10,no_verified_historical_match,,,,,
ACP001268,IE,2023-12-24,no_verified_historical_match,,,,,
ACP001269,RO,2020-05-10,no_verified_historical_match,,,,,
ACP001270,IE,2025-08-04,stale,,,,,551
ACP001271,GR,2024-07-10,stale,,,,,161
ACP001272,IE,2025-09-29,stale,,,,,607
ACP001273,RO,2022-04-11,no_verified_historical_match,,,,,
ACP001274,GR,2021-03-26,no_verified_historical_match,,,,,
ACP001275,IT,2025-07-28,stale,,,,,544
ACP001276,IE,2022-06-01,no_verified_historical_match,,,,,
ACP001277,PL,2025-08-11,stale,,,,,558
ACP001278,GR,2021-10-19,no_verified_historical_match,,,,,
ACP001279,IE,2021-07-27,no_verified_historical_match,,,,,
ACP001280,PL,2022-06-14,no_verified_historical_match,,,,,
ACP001281,BG,2025-11-27,stale,,,,,666
ACP001282,IE,2023-04-01,no_verified_historical_match,,,,,
ACP001283,PL,2022-10-11,no_verified_historical_match,,,,,
ACP001284,RO,2023-01-18,no_verified_historical_match,,,,,
ACP001285,PL,2022-10-27,no_verified_historical_match,,,,,
ACP001286,IE,2021-06-13,no_verified_historical_match,,,,,
ACP001287,PL,2023-04-27,no_verified_historical_match,,,,,
ACP001288,BG,2023-06-05,no_verified_historical_match,,,,,
ACP001289,IE,2024-07-23,stale,,,,,174
ACP001290,RO,2022-02-03,no_verified_historical_match,,,,,
ACP001291,IT,2022-10-25,no_verified_historical_match,,,,,
ACP001292,IT,2023-03-27,no_verified_historical_match,,,,,
ACP001293,IT,2022-01-01,no_verified_historical_match,,,,,
ACP001294,BG,2023-12-25,no_verified_historical_match,,,,,
ACP001295,IE,2022-09-09,no_verified_historical_match,,,,,
ACP001296,RO,2022-06-14,no_verified_historical_match,,,,,
ACP001297,IE,2021-07-19,no_verified_historical_match,,,,,
ACP001298,IE,2025-10-30,stale,,,,,638
ACP001299,GR,2021-03-16,no_verified_historical_match,,,,,
ACP001300,PL,2021-10-06,no_verified_historical_match,,,,,
ACP001301,IE,2022-05-19,no_verified_historical_match,,,,,
ACP001302,BG,2022-06-02,no_verified_historical_match,,,,,
ACP001303,IE,2025-10-22,stale,,,,,630
ACP001304,PL,2025-05-31,stale,,,,,486
ACP001305,BG,2022-01-05,no_verified_historical_match,,,,,
ACP001306,BG,2025-04-22,stale,,,,,447
ACP001307,PL,2021-05-31,no_verified_historical_match,,,,,
ACP001308,IT,2025-05-23,stale,,,,,478
ACP001309,GR,2022-06-18,no_verified_historical_match,,,,,
ACP001310,GR,2021-12-26,no_verified_historical_match,,,,,
ACP001311,GR,2023-04-30,no_verified_historical_match,,,,,
ACP001312,GR,2023-09-16,no_verified_historical_match,,,,,
ACP001313,IE,2022-05-01,no_verified_historical_match,,,,,
ACP001314,IE,2025-04-30,stale,,,,,455
ACP001315,RO,2020-08-07,no_verified_historical_match,,,,,
ACP001316,PL,2022-05-03,no_verified_historical_match,,,,,
ACP001317,RO,2024-05-13,matched,5.7,2024-01-31,2024-03-01,Eurostat-2024-03-01,103
ACP001318,IT,2023-07-18,no_verified_historical_match,,,,,
ACP001319,GR,2025-07-27,stale,,,,,543
ACP001320,IE,2025-01-07,stale,,,,,342
ACP001321,RO,2020-03-17,no_verified_historical_match,,,,,
ACP001322,IE,2025-09-14,stale,,,,,592
ACP001323,RO,2025-10-15,stale,,,,,623
ACP001324,GR,2024-03-17,matched,10.4,2024-01-31,2024-03-01,Eurostat-2024-03-01,46
ACP001325,BG,2020-08-18,no_verified_historical_match,,,,,
ACP001326,BG,2023-07-13,no_verified_historical_match,,,,,
ACP001327,IT,2022-07-17,no_verified_historical_match,,,,,
ACP001328,IE,2020-11-12,no_verified_historical_match,,,,,
ACP001329,IT,2022-03-14,no_verified_historical_match,,,,,
ACP001330,IE,2020-05-25,no_verified_historical_match,,,,,
ACP001331,PL,2023-12-01,no_verified_historical_match,,,,,
ACP001332,BG,2022-07-09,no_verified_historical_match,,,,,
ACP001333,BG,2024-12-30,stale,,,,,334
ACP001334,PL,2024-08-11,stale,,,,,193
ACP001335,IE,2024-01-27,no_verified_historical_match,,,,,
ACP001336,IT,2025-10-30,stale,,,,,638
ACP001337,GR,2021-01-30,no_verified_historical_match,,,,,
ACP001338,PL,2025-07-23,stale,,,,,539
ACP001339,IE,2024-12-19,stale,,,,,323
ACP001340,RO,2022-12-13,no_verified_historical_match,,,,,
ACP001341,IT,2023-12-11,no_verified_historical_match,,,,,
ACP001342,PL,2021-10-01,no_verified_historical_match,,,,,
ACP001343,PL,2020-01-20,no_verified_historical_match,,,,,
ACP001344,BG,2023-12-01,no_verified_historical_match,,,,,
ACP001345,RO,2022-06-05,no_verified_historical_match,,,,,
ACP001346,IT,2023-05-05,no_verified_historical_match,,,,,
ACP001347,GR,2024-01-09,no_verified_historical_match,,,,,
ACP001348,IE,2021-09-10,no_verified_historical_match,,,,,
ACP001349,IE,2024-04-21,matched,4.5,2024-01-31,2024-03-01,Eurostat-2024-03-01,81
ACP001350,RO,2022-11-20,no_verified_historical_match,,,,,
ACP001351,RO,2024-07-31,stale,,,,,182
ACP001352,BG,2021-04-23,no_verified_historical_match,,,,,
ACP001353,BG,2022-09-22,no_verified_historical_match,,,,,
ACP001354,IE,2022-06-11,no_verified_historical_match,,,,,
ACP001355,GR,2021-02-22,no_verified_historical_match,,,,,
ACP001356,GR,2025-02-14,stale,,,,,380
ACP001357,BG,2025-01-30,stale,,,,,365
ACP001358,IT,2021-03-31,no_verified_historical_match,,,,,
ACP001359,GR,2024-04-03,matched,10.4,2024-01-31,2024-03-01,Eurostat-2024-03-01,63
ACP001360,,2025-11-05,missing_country,,,,,
ACP001361,PL,2020-10-07,no_verified_historical_match,,,,,
ACP001362,PL,,invalid_or_excluded_employment,,,,,
ACP001363,GR,2020-10-29,no_verified_historical_match,,,,,
ACP001364,IT,2021-05-19,no_verified_historical_match,,,,,
ACP001365,GR,2022-03-15,no_verified_historical_match,,,,,
ACP001366,BG,2021-08-18,no_verified_historical_match,,,,,
ACP001367,RO,2024-11-17,stale,,,,,291
ACP001368,IT,2020-10-08,no_verified_historical_match,,,,,
ACP001369,GR,2021-11-24,no_verified_historical_match,,,,,
ACP001370,PL,2020-12-02,no_verified_historical_match,,,,,
ACP001371,IE,2021-04-12,no_verified_historical_match,,,,,
ACP001372,GR,2020-01-27,no_verified_historical_match,,,,,
ACP001373,PL,2024-10-27,stale,,,,,270
ACP001374,RO,2020-12-13,no_verified_historical_match,,,,,
ACP001375,GR,2023-02-21,no_verified_historical_match,,,,,
ACP001376,GR,2025-11-12,stale,,,,,651
ACP001377,PL,2024-01-01,no_verified_historical_match,,,,,
ACP001378,BG,2023-05-30,no_verified_historical_match,,,,,
ACP001379,IE,2022-08-22,no_verified_historical_match,,,,,
ACP001380,IE,2023-12-24,no_verified_historical_match,,,,,
ACP001381,PL,2025-10-30,stale,,,,,638
ACP001382,GR,2020-10-07,no_verified_historical_match,,,,,
ACP001383,BG,2024-04-28,matched,4.4,2024-01-31,2024-03-01,Eurostat-2024-03-01,88
ACP001384,IE,2020-09-23,no_verified_historical_match,,,,,
ACP001385,BG,2025-08-15,stale,,,,,562
ACP001386,BG,2024-07-29,stale,,,,,180
ACP001387,RO,2020-12-11,no_verified_historical_match,,,,,
ACP001388,RO,2025-01-14,stale,,,,,349
ACP001389,IT,2023-08-08,no_verified_historical_match,,,,,
ACP001390,IE,2024-04-13,matched,4.5,2024-01-31,2024-03-01,Eurostat-2024-03-01,73
ACP001391,PL,2023-09-15,no_verified_historical_match,,,,,
ACP001392,RO,2023-06-25,no_verified_historical_match,,,,,
ACP001393,PL,2020-04-30,no_verified_historical_match,,,,,
ACP001394,IT,2024-04-14,matched,7.2,2024-01-31,2024-03-01,Eurostat-2024-03-01,74
ACP001395,PL,2024-09-26,stale,,,,,239
ACP001396,GR,2025-10-09,stale,,,,,617
ACP001397,BG,2023-01-03,no_verified_historical_match,,,,,
ACP001398,IT,2020-08-08,no_verified_historical_match,,,,,
ACP001399,BG,2023-12-10,no_verified_historical_match,,,,,
ACP001400,RO,2020-02-20,no_verified_historical_match,,,,,
ACP001401,GR,2024-10-02,stale,,,,,245
ACP001402,GR,2021-06-22,no_verified_historical_match,,,,,
ACP001403,IE,2022-11-12,no_verified_historical_match,,,,,
ACP001404,IE,2020-04-04,no_verified_historical_match,,,,,
ACP001405,RO,2021-06-24,no_verified_historical_match,,,,,
ACP001406,PL,2020-03-05,no_verified_historical_match,,,,,
ACP001407,IE,2024-07-12,stale,,,,,163
ACP001408,BG,2020-06-20,no_verified_historical_match,,,,,
ACP001409,GR,2021-09-07,invalid_or_excluded_employment,,,,,
ACP001410,IE,2024-09-04,stale,,,,,217
ACP001411,BG,2024-06-23,stale,,,,,144
ACP001412,IT,2020-12-11,no_verified_historical_match,,,,,
ACP001413,BG,2024-12-24,stale,,,,,328
ACP001414,PL,2021-05-03,no_verified_historical_match,,,,,
ACP001415,GR,2020-07-20,no_verified_historical_match,,,,,
ACP001416,GR,2021-02-18,no_verified_historical_match,,,,,
ACP001417,IT,2023-04-06,no_verified_historical_match,,,,,
ACP001418,IE,2025-02-11,stale,,,,,377
ACP001419,IT,2022-07-27,no_verified_historical_match,,,,,
ACP001420,RO,2020-10-15,no_verified_historical_match,,,,,
ACP001421,IE,2021-10-14,no_verified_historical_match,,,,,
ACP001422,GR,2022-02-10,no_verified_historical_match,,,,,
ACP001423,GR,2021-10-11,no_verified_historical_match,,,,,
ACP001424,IT,2020-08-11,no_verified_historical_match,,,,,
ACP001425,GR,2021-09-05,no_verified_historical_match,,,,,
ACP001426,GR,2023-08-31,no_verified_historical_match,,,,,
ACP001427,BG,2020-12-04,no_verified_historical_match,,,,,
ACP001428,IE,2024-11-12,stale,,,,,286
ACP001429,RO,2024-04-18,matched,5.7,2024-01-31,2024-03-01,Eurostat-2024-03-01,78
ACP001430,BG,2021-12-30,no_verified_historical_match,,,,,
ACP001431,PL,2020-05-30,no_verified_historical_match,,,,,
ACP001432,GR,2020-05-20,no_verified_historical_match,,,,,
ACP001433,GR,2020-04-21,no_verified_historical_match,,,,,
ACP001434,BG,2020-10-31,no_verified_historical_match,,,,,
ACP001435,PL,2021-04-08,no_verified_historical_match,,,,,
ACP001436,IT,2022-10-20,no_verified_historical_match,,,,,
ACP001437,IT,2022-01-13,no_verified_historical_match,,,,,
ACP001438,IE,2023-12-02,no_verified_historical_match,,,,,
ACP001439,PL,2025-03-28,stale,,,,,422
ACP001440,IE,2022-01-05,no_verified_historical_match,,,,,
ACP001441,GR,2021-05-17,no_verified_historical_match,,,,,
ACP001442,IT,2022-01-22,no_verified_historical_match,,,,,
ACP001443,IE,2023-05-01,no_verified_historical_match,,,,,
ACP001444,BG,2023-09-26,no_verified_historical_match,,,,,
ACP001445,PL,2020-01-31,no_verified_historical_match,,,,,
ACP001446,IE,2023-03-02,no_verified_historical_match,,,,,
ACP001447,GR,2023-08-18,no_verified_historical_match,,,,,
ACP001448,RO,2023-12-04,no_verified_historical_match,,,,,
ACP001449,IT,2020-11-09,no_verified_historical_match,,,,,
ACP001450,IT,2021-12-03,no_verified_historical_match,,,,,
ACP001451,PL,2025-03-28,stale,,,,,422
ACP001452,BG,2021-02-14,no_verified_historical_match,,,,,
ACP001453,RO,2023-08-31,no_verified_historical_match,,,,,
ACP001454,PL,2025-04-27,stale,,,,,452
ACP001455,IT,2025-06-06,stale,,,,,492
ACP001456,BG,2023-11-20,no_verified_historical_match,,,,,
ACP001457,IT,2022-11-25,no_verified_historical_match,,,,,
ACP001458,BG,2022-03-29,no_verified_historical_match,,,,,
ACP001459,RO,2024-05-27,matched,5.7,2024-01-31,2024-03-01,Eurostat-2024-03-01,117
ACP001460,IT,2025-09-29,stale,,,,,607
ACP001461,IT,2023-04-27,no_verified_historical_match,,,,,
ACP001462,IE,2025-04-08,stale,,,,,433
ACP001463,IE,2021-03-16,no_verified_historical_match,,,,,
ACP001464,RO,2021-09-29,no_verified_historical_match,,,,,
ACP001465,GR,2025-06-04,stale,,,,,490
ACP001466,IE,2022-09-01,no_verified_historical_match,,,,,
ACP001467,PL,2024-05-30,matched,2.9,2024-01-31,2024-03-01,Eurostat-2024-03-01,120
ACP001468,IE,2023-02-11,no_verified_historical_match,,,,,
ACP001469,IE,2022-06-22,no_verified_historical_match,,,,,
ACP001470,IE,2020-05-29,no_verified_historical_match,,,,,
ACP001471,GR,2022-05-18,no_verified_historical_match,,,,,
ACP001472,IT,2020-11-05,no_verified_historical_match,,,,,
ACP001473,IT,2024-06-28,stale,,,,,149
ACP001474,PL,2022-06-24,no_verified_historical_match,,,,,
ACP001475,IE,2022-06-07,no_verified_historical_match,,,,,
ACP001476,RO,2024-03-21,matched,5.7,2024-01-31,2024-03-01,Eurostat-2024-03-01,50
ACP001477,PL,2024-12-15,stale,,,,,319
ACP001478,RO,2024-08-28,stale,,,,,210
ACP001479,RO,2021-03-06,no_verified_historical_match,,,,,
ACP001480,IE,2022-06-22,no_verified_historical_match,,,,,
ACP001481,IT,2020-11-19,no_verified_historical_match,,,,,
ACP001482,RO,2024-07-22,stale,,,,,173
ACP001483,IE,2024-10-03,stale,,,,,246
ACP001484,IT,2020-08-19,no_verified_historical_match,,,,,
ACP001485,BG,2025-04-12,stale,,,,,437
ACP001486,IT,2020-01-29,no_verified_historical_match,,,,,
ACP001487,IE,2020-05-23,no_verified_historical_match,,,,,
ACP001488,RO,2023-09-09,no_verified_historical_match,,,,,
ACP001489,IE,2024-03-01,no_verified_historical_match,,,,,
ACP001490,RO,2023-08-23,no_verified_historical_match,,,,,
ACP001491,BG,2024-05-15,matched,4.4,2024-01-31,2024-03-01,Eurostat-2024-03-01,105
ACP001492,IE,2021-08-09,no_verified_historical_match,,,,,
ACP001493,IE,2021-07-21,no_verified_historical_match,,,,,
ACP001494,IT,2023-08-16,no_verified_historical_match,,,,,
ACP001495,RO,2023-07-21,no_verified_historical_match,,,,,
ACP001496,GR,2021-02-05,no_verified_historical_match,,,,,
ACP001497,RO,2024-11-11,stale,,,,,285
ACP001498,RO,2020-01-07,no_verified_historical_match,,,,,
ACP001499,IE,2021-10-03,no_verified_historical_match,,,,,
ACP001500,RO,2025-06-18,stale,,,,,504
ACP001501,IE,2025-08-04,stale,,,,,551
ACP001502,GR,2023-10-13,no_verified_historical_match,,,,,
ACP001503,RO,2022-09-28,no_verified_historical_match,,,,,
ACP001504,BG,2022-04-12,no_verified_historical_match,,,,,
ACP001505,RO,2024-10-03,stale,,,,,246
ACP001506,PL,2020-02-08,no_verified_historical_match,,,,,
ACP001507,PL,2020-01-29,no_verified_historical_match,,,,,
ACP001508,PL,2021-12-10,no_verified_historical_match,,,,,
ACP001509,GR,2021-09-30,no_verified_historical_match,,,,,
ACP001510,RO,2020-07-06,no_verified_historical_match,,,,,
ACP001511,BG,2020-05-30,no_verified_historical_match,,,,,
ACP001512,GR,2021-12-08,no_verified_historical_match,,,,,
ACP001513,PL,2021-10-04,no_verified_historical_match,,,,,
ACP001514,GR,2024-11-01,stale,,,,,275
ACP001515,BG,2024-03-16,matched,4.4,2024-01-31,2024-03-01,Eurostat-2024-03-01,45
ACP001516,RO,2025-04-17,stale,,,,,442
ACP001517,BG,2022-04-06,no_verified_historical_match,,,,,
ACP001518,BG,2024-10-05,stale,,,,,248
ACP001519,RO,2023-04-22,no_verified_historical_match,,,,,
ACP001520,IT,2020-05-24,no_verified_historical_match,,,,,
ACP001521,BG,2021-07-20,no_verified_historical_match,,,,,
ACP001522,BG,2021-05-23,no_verified_historical_match,,,,,
ACP001523,IE,2023-12-17,no_verified_historical_match,,,,,
ACP001524,RO,2025-02-26,stale,,,,,392
ACP001525,RO,2024-02-28,no_verified_historical_match,,,,,
ACP001526,BG,2021-03-18,no_verified_historical_match,,,,,
ACP001527,GR,2023-01-17,no_verified_historical_match,,,,,
ACP001528,IT,2021-05-08,no_verified_historical_match,,,,,
ACP001529,IT,2024-03-27,matched,7.2,2024-01-31,2024-03-01,Eurostat-2024-03-01,56
ACP001530,IE,2021-11-15,no_verified_historical_match,,,,,
ACP001531,BG,2025-04-03,stale,,,,,428
ACP001532,RO,2022-04-04,no_verified_historical_match,,,,,
ACP001533,GR,2021-09-06,no_verified_historical_match,,,,,
ACP001534,RO,2023-10-31,no_verified_historical_match,,,,,
ACP001535,IT,2023-02-23,no_verified_historical_match,,,,,
ACP001536,IT,2025-10-07,stale,,,,,615
ACP001537,BG,2024-10-06,stale,,,,,249
ACP001538,IE,2020-05-27,no_verified_historical_match,,,,,
ACP001539,GR,2020-07-09,no_verified_historical_match,,,,,
ACP001540,GR,2025-05-13,stale,,,,,468
ACP001541,IE,2023-03-02,no_verified_historical_match,,,,,
ACP001542,IT,2020-12-06,no_verified_historical_match,,,,,
ACP001543,IE,2024-04-14,matched,4.5,2024-01-31,2024-03-01,Eurostat-2024-03-01,74
ACP001544,GR,2021-02-13,no_verified_historical_match,,,,,
ACP001545,PL,2020-09-27,no_verified_historical_match,,,,,
ACP001546,RO,2024-04-14,matched,5.7,2024-01-31,2024-03-01,Eurostat-2024-03-01,74
ACP001547,IT,2024-01-21,no_verified_historical_match,,,,,
ACP001548,BG,2020-12-25,no_verified_historical_match,,,,,
ACP001549,PL,2022-07-30,no_verified_historical_match,,,,,
ACP001550,RO,2024-06-23,stale,,,,,144
ACP001551,IT,2023-03-03,no_verified_historical_match,,,,,
ACP001552,BG,2021-08-09,no_verified_historical_match,,,,,
ACP001553,BG,2024-08-13,stale,,,,,195
ACP001554,PL,2022-08-24,no_verified_historical_match,,,,,
ACP001555,BG,2023-03-02,no_verified_historical_match,,,,,
ACP001556,GR,2020-10-08,no_verified_historical_match,,,,,
ACP001557,IT,2022-07-02,no_verified_historical_match,,,,,
ACP001558,IT,2023-02-02,no_verified_historical_match,,,,,
ACP001559,RO,2024-02-15,no_verified_historical_match,,,,,
ACP001560,IE,2022-05-02,no_verified_historical_match,,,,,
ACP001561,IE,2023-05-14,no_verified_historical_match,,,,,
ACP001562,BG,2023-10-14,no_verified_historical_match,,,,,
ACP001563,PL,2023-05-14,no_verified_historical_match,,,,,
ACP001564,PL,2022-07-13,no_verified_historical_match,,,,,
ACP001565,GR,2020-12-30,no_verified_historical_match,,,,,
ACP001566,RO,2025-10-02,stale,,,,,610
ACP001567,RO,2024-10-06,stale,,,,,249
ACP001568,IE,2025-01-07,stale,,,,,342
ACP001569,IT,2025-10-15,stale,,,,,623
ACP001570,IE,2021-09-05,no_verified_historical_match,,,,,
ACP001571,BG,2020-09-15,no_verified_historical_match,,,,,
ACP001572,IT,2023-09-21,no_verified_historical_match,,,,,
ACP001573,IT,2025-05-22,stale,,,,,477
ACP001574,IE,2022-07-21,no_verified_historical_match,,,,,
ACP001575,RO,2024-02-08,no_verified_historical_match,,,,,
ACP001576,IT,2020-04-21,no_verified_historical_match,,,,,
ACP001577,PL,2025-08-01,stale,,,,,548
ACP001578,PL,2022-05-14,no_verified_historical_match,,,,,
ACP001579,BG,2025-10-20,stale,,,,,628
ACP001580,BG,2025-09-03,stale,,,,,581
ACP001581,IT,2021-03-09,no_verified_historical_match,,,,,
ACP001582,IE,2025-06-06,stale,,,,,492
ACP001583,BG,2020-04-29,no_verified_historical_match,,,,,
ACP001584,GR,2021-09-05,no_verified_historical_match,,,,,
ACP001585,PL,2021-05-26,no_verified_historical_match,,,,,
ACP001586,RO,2020-11-28,no_verified_historical_match,,,,,
ACP001587,PL,2021-05-23,no_verified_historical_match,,,,,
ACP001588,BG,2022-03-13,no_verified_historical_match,,,,,
ACP001589,IE,2022-04-19,no_verified_historical_match,,,,,
ACP001590,IE,2020-01-16,no_verified_historical_match,,,,,
ACP001591,BG,2021-09-30,no_verified_historical_match,,,,,
ACP001592,IE,2021-01-14,no_verified_historical_match,,,,,
ACP001593,PL,2023-08-15,no_verified_historical_match,,,,,
ACP001594,GR,2022-05-19,no_verified_historical_match,,,,,
ACP001595,GR,2022-04-11,no_verified_historical_match,,,,,
ACP001596,IT,2021-03-06,no_verified_historical_match,,,,,
ACP001597,RO,2023-11-13,no_verified_historical_match,,,,,
ACP001598,RO,2025-04-25,stale,,,,,450
ACP001599,GR,2020-06-17,no_verified_historical_match,,,,,
ACP001600,IE,2020-08-22,no_verified_historical_match,,,,,
ACP001601,IT,2025-06-13,stale,,,,,499
ACP001602,PL,2023-04-23,no_verified_historical_match,,,,,
ACP001603,IE,2020-01-12,no_verified_historical_match,,,,,
ACP001604,IE,2025-08-10,stale,,,,,557
ACP001605,BG,2021-02-27,no_verified_historical_match,,,,,
ACP001606,IT,2023-09-10,no_verified_historical_match,,,,,
ACP001607,PL,2025-05-10,stale,,,,,465
ACP001608,,2022-10-24,missing_country,,,,,
ACP001609,PL,2022-12-23,no_verified_historical_match,,,,,
ACP001610,IT,2023-04-29,no_verified_historical_match,,,,,
ACP001611,IT,2020-09-01,no_verified_historical_match,,,,,
ACP001612,BG,2021-10-05,no_verified_historical_match,,,,,
ACP001613,GR,2025-01-23,stale,,,,,358
ACP001614,IT,2020-02-24,no_verified_historical_match,,,,,
ACP001615,PL,2024-03-02,matched,2.9,2024-01-31,2024-03-01,Eurostat-2024-03-01,31
ACP001616,IE,2020-09-23,no_verified_historical_match,,,,,
ACP001617,BG,2024-11-18,stale,,,,,292
ACP001618,RO,2021-08-15,no_verified_historical_match,,,,,
ACP001619,IE,2021-11-28,no_verified_historical_match,,,,,
ACP001620,GR,2021-06-02,no_verified_historical_match,,,,,
ACP001621,IT,2021-10-24,no_verified_historical_match,,,,,
ACP001622,BG,2021-06-23,no_verified_historical_match,,,,,
ACP001623,GR,2022-11-10,no_verified_historical_match,,,,,
ACP001624,PL,2025-08-20,stale,,,,,567
ACP001625,IT,2023-10-05,no_verified_historical_match,,,,,
ACP001626,RO,2024-03-04,matched,5.7,2024-01-31,2024-03-01,Eurostat-2024-03-01,33
ACP001627,GR,2020-03-27,no_verified_historical_match,,,,,
ACP001628,PL,2024-01-17,no_verified_historical_match,,,,,
ACP001629,RO,2023-03-03,no_verified_historical_match,,,,,
ACP001630,PL,2022-05-29,no_verified_historical_match,,,,,
ACP001631,RO,2023-04-03,no_verified_historical_match,,,,,
ACP001632,GR,2024-08-19,stale,,,,,201
ACP001633,IE,2025-02-03,stale,,,,,369
ACP001634,IT,2025-10-04,stale,,,,,612
ACP001635,PL,2021-12-09,no_verified_historical_match,,,,,
ACP001636,BG,2023-06-07,no_verified_historical_match,,,,,
ACP001637,RO,2021-02-14,no_verified_historical_match,,,,,
ACP001638,IE,2025-08-02,stale,,,,,549
ACP001639,IT,2024-10-31,stale,,,,,274
ACP001640,IT,2023-03-23,no_verified_historical_match,,,,,
ACP001641,PL,2021-07-06,no_verified_historical_match,,,,,
ACP001642,IE,2022-08-18,no_verified_historical_match,,,,,
ACP001643,BG,2020-04-23,no_verified_historical_match,,,,,
ACP001644,BG,2021-05-17,no_verified_historical_match,,,,,
ACP001645,RO,2021-12-07,no_verified_historical_match,,,,,
ACP001646,RO,2025-06-26,stale,,,,,512
ACP001647,RO,2021-05-07,no_verified_historical_match,,,,,
ACP001648,IT,2023-08-15,no_verified_historical_match,,,,,
ACP001649,BG,2021-11-05,no_verified_historical_match,,,,,
ACP001650,IE,2020-12-01,no_verified_historical_match,,,,,
ACP001651,PL,2023-08-26,no_verified_historical_match,,,,,
ACP001652,BG,2024-06-08,stale,,,,,129
ACP001653,IE,2020-10-17,no_verified_historical_match,,,,,
ACP001654,GR,2025-09-01,stale,,,,,579
ACP001655,BG,2023-08-14,no_verified_historical_match,,,,,
ACP001656,IE,2021-11-29,no_verified_historical_match,,,,,
ACP001657,IE,2024-05-06,matched,4.5,2024-01-31,2024-03-01,Eurostat-2024-03-01,96
ACP001658,BG,2021-09-22,no_verified_historical_match,,,,,
ACP001659,PL,2020-04-28,no_verified_historical_match,,,,,
ACP001660,GR,2022-05-10,no_verified_historical_match,,,,,
ACP001661,GR,2024-05-28,matched,10.4,2024-01-31,2024-03-01,Eurostat-2024-03-01,118
ACP001662,GR,2020-05-24,no_verified_historical_match,,,,,
ACP001663,GR,2020-10-08,no_verified_historical_match,,,,,
ACP001664,RO,2023-12-14,no_verified_historical_match,,,,,
ACP001665,PL,2025-06-11,stale,,,,,497
ACP001666,RO,2023-11-15,no_verified_historical_match,,,,,
ACP001667,GR,2021-05-08,no_verified_historical_match,,,,,
ACP001668,GR,2022-10-25,no_verified_historical_match,,,,,
ACP001669,IE,2022-02-26,no_verified_historical_match,,,,,
ACP001670,RO,2022-10-17,no_verified_historical_match,,,,,
ACP001671,IE,2020-07-29,no_verified_historical_match,,,,,
ACP001672,GR,2021-02-05,no_verified_historical_match,,,,,
ACP001673,IT,2022-07-11,no_verified_historical_match,,,,,
ACP001674,PL,2021-03-17,no_verified_historical_match,,,,,
ACP001675,BG,2025-05-08,stale,,,,,463
ACP001676,RO,2024-07-30,stale,,,,,181
ACP001677,GR,2022-01-03,no_verified_historical_match,,,,,
ACP001678,IT,2022-03-18,no_verified_historical_match,,,,,
ACP001679,RO,2025-03-23,stale,,,,,417
ACP001680,RO,2020-11-20,no_verified_historical_match,,,,,
ACP001681,IE,2020-12-26,no_verified_historical_match,,,,,
ACP001682,BG,2023-02-12,no_verified_historical_match,,,,,
ACP001683,GR,2021-05-20,no_verified_historical_match,,,,,
ACP001684,PL,2020-05-02,no_verified_historical_match,,,,,
ACP001685,RO,2020-07-07,no_verified_historical_match,,,,,
ACP001686,GR,2023-03-15,no_verified_historical_match,,,,,
ACP001687,BG,2023-09-17,no_verified_historical_match,,,,,
ACP001688,PL,2025-04-26,stale,,,,,451
ACP001689,GR,2021-11-15,no_verified_historical_match,,,,,
ACP001690,IT,2023-10-22,no_verified_historical_match,,,,,
ACP001691,BG,2024-01-28,no_verified_historical_match,,,,,
ACP001692,RO,2020-02-05,no_verified_historical_match,,,,,
ACP001693,GR,2020-06-14,no_verified_historical_match,,,,,
ACP001694,BG,2021-04-11,no_verified_historical_match,,,,,
ACP001695,IT,2020-09-09,no_verified_historical_match,,,,,
ACP001696,RO,2024-08-07,stale,,,,,189
ACP001697,BG,2022-04-27,no_verified_historical_match,,,,,
ACP001698,GR,2022-11-11,no_verified_historical_match,,,,,
ACP001699,IT,2020-03-07,no_verified_historical_match,,,,,
ACP001700,IT,2020-06-08,no_verified_historical_match,,,,,
ACP001701,IE,2020-05-21,no_verified_historical_match,,,,,
ACP001702,GR,2022-07-08,no_verified_historical_match,,,,,
ACP001703,RO,2024-02-21,no_verified_historical_match,,,,,
ACP001704,PL,2021-09-24,no_verified_historical_match,,,,,
ACP001705,PL,2023-01-29,no_verified_historical_match,,,,,
ACP001706,PL,2022-04-26,no_verified_historical_match,,,,,
ACP001707,RO,2020-11-09,no_verified_historical_match,,,,,
ACP001708,IE,2021-02-03,no_verified_historical_match,,,,,
ACP001709,PL,2021-10-20,no_verified_historical_match,,,,,
ACP001710,GR,2024-04-18,matched,10.4,2024-01-31,2024-03-01,Eurostat-2024-03-01,78
ACP001711,BG,2024-09-16,stale,,,,,229
ACP001712,BG,2024-08-22,stale,,,,,204
ACP001713,GR,2024-09-26,stale,,,,,239
ACP001714,IT,2023-11-01,no_verified_historical_match,,,,,
ACP001715,BG,2020-05-30,no_verified_historical_match,,,,,
ACP001716,PL,2022-06-16,no_verified_historical_match,,,,,
ACP001717,IT,2025-06-14,stale,,,,,500
ACP001718,BG,2024-06-08,stale,,,,,129
ACP001719,IE,2020-04-23,no_verified_historical_match,,,,,
ACP001720,PL,2022-10-17,no_verified_historical_match,,,,,
ACP001721,RO,2022-07-25,no_verified_historical_match,,,,,
ACP001722,IT,2020-03-31,no_verified_historical_match,,,,,
ACP001723,IE,2020-06-03,no_verified_historical_match,,,,,
ACP001724,GR,2025-10-13,stale,,,,,621
ACP001725,BG,2022-12-15,no_verified_historical_match,,,,,
ACP001726,GR,2021-06-27,no_verified_historical_match,,,,,
ACP001727,BG,2024-12-05,stale,,,,,309
ACP001728,BG,2020-11-09,no_verified_historical_match,,,,,
ACP001729,PL,2021-11-18,no_verified_historical_match,,,,,
ACP001730,BG,2025-02-20,stale,,,,,386
ACP001731,PL,2025-11-13,stale,,,,,652
ACP001732,PL,2024-01-31,no_verified_historical_match,,,,,
ACP001733,RO,2024-09-17,stale,,,,,230
ACP001734,PL,2020-09-13,no_verified_historical_match,,,,,
ACP001735,IE,2021-03-28,no_verified_historical_match,,,,,
ACP001736,PL,2025-05-26,stale,,,,,481
ACP001737,IE,2024-04-04,matched,4.5,2024-01-31,2024-03-01,Eurostat-2024-03-01,64
ACP001738,IT,2021-07-14,no_verified_historical_match,,,,,
ACP001739,IE,2024-10-13,stale,,,,,256
ACP001740,RO,2022-06-11,no_verified_historical_match,,,,,
ACP001741,IT,2021-01-07,no_verified_historical_match,,,,,
ACP001742,GR,2022-05-28,no_verified_historical_match,,,,,
ACP001743,GR,2022-04-20,no_verified_historical_match,,,,,
ACP001744,GR,2022-09-01,no_verified_historical_match,,,,,
ACP001745,PL,2023-11-17,no_verified_historical_match,,,,,
ACP001746,GR,2021-07-31,no_verified_historical_match,,,,,
ACP001747,IT,2022-08-07,no_verified_historical_match,,,,,
ACP001748,RO,2023-02-13,no_verified_historical_match,,,,,
ACP001749,PL,2024-10-24,stale,,,,,267
ACP001750,GR,2023-01-14,no_verified_historical_match,,,,,
ACP001751,IE,2022-03-16,no_verified_historical_match,,,,,
ACP001752,IT,2021-09-08,no_verified_historical_match,,,,,
ACP001753,BG,2020-08-19,no_verified_historical_match,,,,,
ACP001754,PL,2023-04-07,no_verified_historical_match,,,,,
ACP001755,GR,2020-11-22,no_verified_historical_match,,,,,
ACP001756,GR,2022-04-16,no_verified_historical_match,,,,,
ACP001757,IE,2022-01-29,no_verified_historical_match,,,,,
ACP001758,IE,2023-04-06,no_verified_historical_match,,,,,
ACP001759,RO,2025-08-08,stale,,,,,555
ACP001760,RO,2021-05-27,no_verified_historical_match,,,,,
ACP001761,RO,2024-07-30,stale,,,,,181
ACP001762,RO,2020-03-30,no_verified_historical_match,,,,,
ACP001763,IT,,invalid_or_excluded_employment,,,,,
ACP001764,RO,2021-02-22,no_verified_historical_match,,,,,
ACP001765,PL,2023-03-09,no_verified_historical_match,,,,,
ACP001766,BG,2022-08-22,no_verified_historical_match,,,,,
ACP001767,IT,2024-03-01,no_verified_historical_match,,,,,
ACP001768,BG,2021-08-06,no_verified_historical_match,,,,,
ACP001769,RO,2024-08-17,stale,,,,,199
ACP001770,IT,2025-04-20,stale,,,,,445
ACP001771,IT,2024-05-14,matched,7.2,2024-01-31,2024-03-01,Eurostat-2024-03-01,104
ACP001772,RO,2025-07-24,stale,,,,,540
ACP001773,RO,2020-08-02,no_verified_historical_match,,,,,
ACP001774,RO,2020-07-28,no_verified_historical_match,,,,,
ACP001775,BG,2020-02-22,no_verified_historical_match,,,,,
ACP001776,BG,2024-12-31,stale,,,,,335
ACP001777,BG,2020-03-12,no_verified_historical_match,,,,,
ACP001778,PL,2025-11-09,stale,,,,,648
ACP001779,PL,2022-03-10,no_verified_historical_match,,,,,
ACP001780,RO,2022-01-21,no_verified_historical_match,,,,,
ACP001781,RO,2022-05-16,no_verified_historical_match,,,,,
ACP001782,IE,2024-06-03,stale,,,,,124
ACP001783,IT,2021-04-25,no_verified_historical_match,,,,,
ACP001784,IT,2024-09-13,stale,,,,,226
ACP001785,IT,2020-09-26,no_verified_historical_match,,,,,
ACP001786,GR,2024-10-31,stale,,,,,274
ACP001787,IT,2021-09-18,no_verified_historical_match,,,,,
ACP001788,IT,2025-07-01,stale,,,,,517
ACP001789,RO,2024-10-20,stale,,,,,263
ACP001790,GR,2025-06-12,stale,,,,,498
ACP001791,PL,2023-06-01,no_verified_historical_match,,,,,
ACP001792,GR,2023-05-30,no_verified_historical_match,,,,,
ACP001793,GR,2022-05-20,no_verified_historical_match,,,,,
ACP001794,IE,2024-03-20,matched,4.5,2024-01-31,2024-03-01,Eurostat-2024-03-01,49
ACP001795,IE,2022-05-27,no_verified_historical_match,,,,,
ACP001796,IE,2023-12-20,no_verified_historical_match,,,,,
ACP001797,BG,2023-05-28,no_verified_historical_match,,,,,
ACP001798,GR,2021-03-01,no_verified_historical_match,,,,,
ACP001799,PL,2021-01-14,no_verified_historical_match,,,,,
ACP001800,IE,2020-06-26,no_verified_historical_match,,,,,
ACP001801,IT,2022-07-06,no_verified_historical_match,,,,,
ACP001802,BG,2021-05-07,no_verified_historical_match,,,,,
ACP001803,IT,2022-12-02,no_verified_historical_match,,,,,
ACP001804,IE,2024-05-20,matched,4.5,2024-01-31,2024-03-01,Eurostat-2024-03-01,110
ACP001805,RO,2022-03-12,no_verified_historical_match,,,,,
ACP001806,IE,2023-07-28,no_verified_historical_match,,,,,
ACP001807,IT,2023-11-15,no_verified_historical_match,,,,,
ACP001808,GR,2022-07-08,no_verified_historical_match,,,,,
ACP001809,IE,2024-01-13,no_verified_historical_match,,,,,
ACP001810,BG,2023-02-25,invalid_or_excluded_employment,,,,,
ACP001811,GR,2020-04-23,no_verified_historical_match,,,,,
ACP001812,IT,2021-09-11,no_verified_historical_match,,,,,
ACP001813,PL,2022-08-14,no_verified_historical_match,,,,,
ACP001814,IT,2023-12-25,no_verified_historical_match,,,,,
ACP001815,GR,2021-07-31,no_verified_historical_match,,,,,
ACP001816,BG,2025-04-12,stale,,,,,437
ACP001817,BG,2021-03-07,no_verified_historical_match,,,,,
ACP001818,IT,2024-10-14,stale,,,,,257
ACP001819,IT,2022-10-28,no_verified_historical_match,,,,,
ACP001820,PL,2021-05-01,no_verified_historical_match,,,,,
ACP001821,PL,2021-10-28,no_verified_historical_match,,,,,
ACP001822,RO,2021-05-02,no_verified_historical_match,,,,,
ACP001823,PL,2022-04-08,no_verified_historical_match,,,,,
ACP001824,GR,2021-12-01,no_verified_historical_match,,,,,
ACP001825,BG,2024-08-09,stale,,,,,191
ACP001826,PL,2021-01-30,no_verified_historical_match,,,,,
ACP001827,PL,2024-08-15,stale,,,,,197
ACP001828,PL,2021-11-27,no_verified_historical_match,,,,,
ACP001829,RO,2024-11-23,stale,,,,,297
ACP001830,IE,2021-10-09,no_verified_historical_match,,,,,
ACP001831,IE,2024-11-09,stale,,,,,283
ACP001832,IT,2022-12-14,no_verified_historical_match,,,,,
ACP001833,BG,2025-07-28,stale,,,,,544
ACP001834,IT,2020-07-08,no_verified_historical_match,,,,,
ACP001835,PL,2022-05-28,no_verified_historical_match,,,,,
ACP001836,PL,2023-10-21,no_verified_historical_match,,,,,
ACP001837,IT,2022-04-09,no_verified_historical_match,,,,,
ACP001838,RO,2024-03-15,matched,5.7,2024-01-31,2024-03-01,Eurostat-2024-03-01,44
ACP001839,PL,2021-10-19,no_verified_historical_match,,,,,
ACP001840,BG,2021-04-25,no_verified_historical_match,,,,,
ACP001841,IE,2021-09-22,no_verified_historical_match,,,,,
ACP001842,IE,2021-11-22,no_verified_historical_match,,,,,
ACP001843,RO,2023-02-17,no_verified_historical_match,,,,,
ACP001844,IT,2021-05-24,no_verified_historical_match,,,,,
ACP001845,RO,2020-09-18,no_verified_historical_match,,,,,
ACP001846,IT,2025-06-18,stale,,,,,504
ACP001847,BG,2021-09-24,no_verified_historical_match,,,,,
ACP001848,RO,2023-07-31,no_verified_historical_match,,,,,
ACP001849,PL,2021-07-22,no_verified_historical_match,,,,,
ACP001850,PL,2022-10-26,no_verified_historical_match,,,,,
ACP001851,GR,2024-03-26,matched,10.4,2024-01-31,2024-03-01,Eurostat-2024-03-01,55
ACP001852,GR,2022-10-09,no_verified_historical_match,,,,,
ACP001853,IT,2021-09-19,no_verified_historical_match,,,,,
ACP001854,RO,2020-05-17,no_verified_historical_match,,,,,
ACP001855,IT,2024-05-30,matched,7.2,2024-01-31,2024-03-01,Eurostat-2024-03-01,120
ACP001856,,2025-10-11,missing_country,,,,,
ACP001857,IT,2021-01-18,no_verified_historical_match,,,,,
ACP001858,PL,2025-02-08,stale,,,,,374
ACP001859,RO,2025-11-29,stale,,,,,668
ACP001860,BG,2025-11-12,stale,,,,,651
ACP001861,GR,2021-05-29,no_verified_historical_match,,,,,
ACP001862,BG,2024-01-09,no_verified_historical_match,,,,,
ACP001863,IT,2023-08-26,no_verified_historical_match,,,,,
ACP001864,PL,2021-04-01,no_verified_historical_match,,,,,
ACP001865,GR,2022-08-05,no_verified_historical_match,,,,,
ACP001866,IT,2020-10-25,no_verified_historical_match,,,,,
ACP001867,BG,2024-05-09,matched,4.4,2024-01-31,2024-03-01,Eurostat-2024-03-01,99
ACP001868,BG,2022-12-01,no_verified_historical_match,,,,,
ACP001869,IT,2020-10-05,no_verified_historical_match,,,,,
ACP001870,IT,2025-09-08,stale,,,,,586
ACP001871,IE,2025-08-27,stale,,,,,574
ACP001872,PL,2020-04-30,no_verified_historical_match,,,,,
ACP001873,PL,2022-04-12,no_verified_historical_match,,,,,
ACP001874,GR,2024-12-29,stale,,,,,333
ACP001875,BG,2024-02-16,no_verified_historical_match,,,,,
ACP001876,IT,2022-02-26,no_verified_historical_match,,,,,
ACP001877,GR,2020-05-28,no_verified_historical_match,,,,,
ACP001878,GR,2021-08-31,no_verified_historical_match,,,,,
ACP001879,PL,2020-08-09,no_verified_historical_match,,,,,
ACP001880,RO,2025-06-14,stale,,,,,500
ACP001881,RO,2022-06-29,no_verified_historical_match,,,,,
ACP001882,BG,2021-11-19,no_verified_historical_match,,,,,
ACP001883,IE,2020-10-01,no_verified_historical_match,,,,,
ACP001884,RO,2024-05-17,matched,5.7,2024-01-31,2024-03-01,Eurostat-2024-03-01,107
ACP001885,RO,2024-02-01,no_verified_historical_match,,,,,
ACP001886,IT,2024-10-19,stale,,,,,262
ACP001887,IT,2024-05-08,matched,7.2,2024-01-31,2024-03-01,Eurostat-2024-03-01,98
ACP001888,BG,2025-02-15,stale,,,,,381
ACP001889,GR,2022-11-07,no_verified_historical_match,,,,,
ACP001890,PL,2024-10-27,stale,,,,,270
ACP001891,IT,2022-12-02,no_verified_historical_match,,,,,
ACP001892,IT,2023-09-13,no_verified_historical_match,,,,,
ACP001893,BG,2023-11-23,no_verified_historical_match,,,,,
ACP001894,PL,2020-05-12,no_verified_historical_match,,,,,
ACP001895,IT,2025-10-14,stale,,,,,622
ACP001896,IE,2021-11-24,no_verified_historical_match,,,,,
ACP001897,GR,2022-06-30,no_verified_historical_match,,,,,
ACP001898,PL,2022-02-21,no_verified_historical_match,,,,,
ACP001899,IE,2024-11-28,stale,,,,,302
ACP001900,BG,2021-09-18,no_verified_historical_match,,,,,
ACP001901,GR,2021-07-07,no_verified_historical_match,,,,,
ACP001902,RO,2021-06-07,no_verified_historical_match,,,,,
ACP001903,BG,2021-09-18,no_verified_historical_match,,,,,
ACP001904,BG,2025-08-30,stale,,,,,577
ACP001905,RO,2022-01-08,no_verified_historical_match,,,,,
ACP001906,GR,2022-05-08,no_verified_historical_match,,,,,
ACP001907,IT,2024-08-26,stale,,,,,208
ACP001908,RO,2021-05-13,no_verified_historical_match,,,,,
ACP001909,IE,2024-10-27,stale,,,,,270
ACP001910,RO,2024-10-04,stale,,,,,247
ACP001911,GR,2020-07-05,no_verified_historical_match,,,,,
ACP001912,GR,2021-10-05,no_verified_historical_match,,,,,
ACP001913,IE,2023-11-05,no_verified_historical_match,,,,,
ACP001914,IE,2023-02-23,no_verified_historical_match,,,,,
ACP001915,BG,2025-09-16,stale,,,,,594
ACP001916,IT,2022-02-16,no_verified_historical_match,,,,,
ACP001917,IT,2021-03-27,no_verified_historical_match,,,,,
ACP001918,PL,2024-06-25,stale,,,,,146
ACP001919,IT,2025-04-17,stale,,,,,442
ACP001920,GR,2023-08-03,no_verified_historical_match,,,,,
ACP001921,RO,2020-11-23,no_verified_historical_match,,,,,
ACP001922,BG,2021-11-09,no_verified_historical_match,,,,,
ACP001923,GR,2024-07-04,stale,,,,,155
ACP001924,IE,2025-03-25,stale,,,,,419
ACP001925,IT,2024-04-27,matched,7.2,2024-01-31,2024-03-01,Eurostat-2024-03-01,87
ACP001926,RO,2021-05-03,no_verified_historical_match,,,,,
ACP001927,IT,2022-03-03,no_verified_historical_match,,,,,
ACP001928,IT,2022-02-03,no_verified_historical_match,,,,,
ACP001929,PL,2020-03-06,no_verified_historical_match,,,,,
ACP001930,BG,2020-08-21,no_verified_historical_match,,,,,
ACP001931,PL,2020-01-31,no_verified_historical_match,,,,,
ACP001932,RO,2024-09-08,stale,,,,,221
ACP001933,IT,2022-10-02,no_verified_historical_match,,,,,
ACP001934,RO,2024-11-14,stale,,,,,288
ACP001935,IT,2022-09-07,no_verified_historical_match,,,,,
ACP001936,PL,2023-08-22,no_verified_historical_match,,,,,
ACP001937,RO,2022-04-03,no_verified_historical_match,,,,,
ACP001938,RO,2024-10-14,stale,,,,,257
ACP001939,RO,2024-06-10,stale,,,,,131
ACP001940,PL,2021-11-23,no_verified_historical_match,,,,,
ACP001941,PL,2021-07-16,no_verified_historical_match,,,,,
ACP001942,IE,2020-09-27,no_verified_historical_match,,,,,
ACP001943,PL,2023-05-31,no_verified_historical_match,,,,,
ACP001944,GR,2022-02-15,no_verified_historical_match,,,,,
ACP001945,PL,2021-10-10,no_verified_historical_match,,,,,
ACP001946,BG,2022-08-22,no_verified_historical_match,,,,,
ACP001947,IT,2024-08-05,stale,,,,,187
ACP001948,RO,2020-06-27,no_verified_historical_match,,,,,
ACP001949,GR,2024-07-20,stale,,,,,171
ACP001950,IE,2020-10-23,no_verified_historical_match,,,,,
ACP001951,IE,2021-04-01,no_verified_historical_match,,,,,
ACP001952,PL,2020-09-19,no_verified_historical_match,,,,,
ACP001953,BG,2024-07-12,stale,,,,,163
ACP001954,IE,2022-04-22,no_verified_historical_match,,,,,
ACP001955,IE,2023-03-25,no_verified_historical_match,,,,,
ACP001956,BG,2025-05-06,stale,,,,,461
ACP001957,PL,2022-03-08,no_verified_historical_match,,,,,
ACP001958,BG,2020-10-14,no_verified_historical_match,,,,,
ACP001959,RO,2025-05-03,stale,,,,,458
ACP001960,BG,2021-06-08,no_verified_historical_match,,,,,
ACP001961,BG,2022-02-19,no_verified_historical_match,,,,,
ACP001962,PL,2020-01-26,no_verified_historical_match,,,,,
ACP001963,IT,2024-04-11,matched,7.2,2024-01-31,2024-03-01,Eurostat-2024-03-01,71
ACP001964,GR,2023-08-31,no_verified_historical_match,,,,,
ACP001965,BG,2024-02-25,no_verified_historical_match,,,,,
ACP001966,RO,2023-05-12,no_verified_historical_match,,,,,
ACP001967,GR,2024-06-28,stale,,,,,149
ACP001968,BG,2023-03-18,no_verified_historical_match,,,,,
ACP001969,GR,2022-08-14,no_verified_historical_match,,,,,
ACP001970,IE,2021-01-03,no_verified_historical_match,,,,,
ACP001971,IE,2022-07-05,no_verified_historical_match,,,,,
ACP001972,BG,2021-11-23,no_verified_historical_match,,,,,
ACP001973,GR,2021-07-10,no_verified_historical_match,,,,,
ACP001974,GR,2021-09-09,no_verified_historical_match,,,,,
ACP001975,GR,2022-04-27,no_verified_historical_match,,,,,
ACP001976,IE,2024-07-27,stale,,,,,178
ACP001977,GR,2023-02-23,no_verified_historical_match,,,,,
ACP001978,BG,2023-05-27,no_verified_historical_match,,,,,
ACP001979,PL,2022-05-10,no_verified_historical_match,,,,,
ACP001980,GR,2024-12-18,stale,,,,,322
ACP001981,GR,2025-03-16,stale,,,,,410
ACP001982,GR,2022-08-01,no_verified_historical_match,,,,,
ACP001983,IT,2021-02-23,no_verified_historical_match,,,,,
ACP001984,IT,2020-05-24,no_verified_historical_match,,,,,
ACP001985,PL,2021-12-14,no_verified_historical_match,,,,,
ACP001986,RO,2025-01-08,stale,,,,,343
ACP001987,IE,2022-07-26,no_verified_historical_match,,,,,
ACP001988,PL,2025-06-17,stale,,,,,503
ACP001989,RO,2022-10-13,no_verified_historical_match,,,,,
ACP001990,GR,2023-01-19,no_verified_historical_match,,,,,
ACP001991,PL,2023-03-08,no_verified_historical_match,,,,,
ACP001992,GR,2024-09-03,stale,,,,,216
ACP001993,BG,2020-06-12,no_verified_historical_match,,,,,
ACP001994,IE,2020-07-31,no_verified_historical_match,,,,,
ACP001995,BG,2024-06-17,stale,,,,,138
ACP001996,BG,2020-10-29,no_verified_historical_match,,,,,
ACP001997,GR,2020-10-30,no_verified_historical_match,,,,,
ACP001998,IE,2025-10-05,stale,,,,,613
ACP001999,PL,2022-10-06,no_verified_historical_match,,,,,
ACP002000,IE,2024-12-09,stale,,,,,313
ACP002001,GR,2025-03-02,stale,,,,,396
ACP002002,IE,2025-07-22,stale,,,,,538
ACP002003,IE,2023-12-28,no_verified_historical_match,,,,,
ACP002004,GR,2021-06-30,no_verified_historical_match,,,,,
ACP002005,PL,2022-05-17,no_verified_historical_match,,,,,
ACP002006,IE,2024-12-18,stale,,,,,322
ACP002007,IT,2023-05-29,no_verified_historical_match,,,,,
ACP002008,IE,2021-06-10,no_verified_historical_match,,,,,
ACP002009,PL,2022-05-03,no_verified_historical_match,,,,,
ACP002010,GR,2020-01-23,no_verified_historical_match,,,,,
ACP002011,IT,2024-02-23,no_verified_historical_match,,,,,
ACP002012,IT,2020-04-23,no_verified_historical_match,,,,,
ACP002013,PL,2020-08-31,no_verified_historical_match,,,,,
ACP002014,IT,2025-02-16,stale,,,,,382
ACP002015,BG,2020-11-12,no_verified_historical_match,,,,,
ACP002016,IT,2023-06-02,no_verified_historical_match,,,,,
ACP002017,PL,2020-07-25,no_verified_historical_match,,,,,
ACP002018,PL,2021-04-05,no_verified_historical_match,,,,,
ACP002019,GR,2024-09-06,stale,,,,,219
ACP002020,BG,2024-05-18,matched,4.4,2024-01-31,2024-03-01,Eurostat-2024-03-01,108
ACP002021,BG,2022-09-28,no_verified_historical_match,,,,,
ACP002022,IT,2024-02-13,no_verified_historical_match,,,,,
ACP002023,PL,2025-02-08,stale,,,,,374
ACP002024,BG,2025-07-03,stale,,,,,519
ACP002025,RO,2021-11-04,no_verified_historical_match,,,,,
ACP002026,IT,2021-01-25,no_verified_historical_match,,,,,
ACP002027,IT,2024-02-17,no_verified_historical_match,,,,,
ACP002028,IE,2022-01-04,no_verified_historical_match,,,,,
ACP002029,GR,2024-12-26,stale,,,,,330
ACP002030,BG,2025-09-08,stale,,,,,586
ACP002031,GR,2021-11-30,no_verified_historical_match,,,,,
ACP002032,PL,2025-08-19,stale,,,,,566
ACP002033,BG,2023-09-18,no_verified_historical_match,,,,,
ACP002034,BG,2025-02-13,stale,,,,,379
ACP002035,RO,2021-07-27,no_verified_historical_match,,,,,
ACP002036,IE,2020-10-09,no_verified_historical_match,,,,,
ACP002037,RO,2021-08-26,no_verified_historical_match,,,,,
ACP002038,BG,2023-03-30,no_verified_historical_match,,,,,
ACP002039,IT,2021-10-08,no_verified_historical_match,,,,,
ACP002040,BG,2021-08-08,no_verified_historical_match,,,,,
ACP002041,RO,2023-02-16,no_verified_historical_match,,,,,
ACP002042,RO,2025-11-03,stale,,,,,642
ACP002043,GR,2021-10-04,no_verified_historical_match,,,,,
ACP002044,GR,2020-09-09,no_verified_historical_match,,,,,
ACP002045,BG,2020-09-18,no_verified_historical_match,,,,,
ACP002046,IE,2024-08-15,stale,,,,,197
ACP002047,IE,2022-01-08,no_verified_historical_match,,,,,
ACP002048,IT,2022-08-14,no_verified_historical_match,,,,,
ACP002049,IT,2021-08-10,no_verified_historical_match,,,,,
ACP002050,RO,2021-05-19,no_verified_historical_match,,,,,
ACP002051,PL,2022-06-22,no_verified_historical_match,,,,,
ACP002052,BG,2022-12-12,no_verified_historical_match,,,,,
ACP002053,GR,2021-12-10,no_verified_historical_match,,,,,
ACP002054,IT,2022-12-30,no_verified_historical_match,,,,,
ACP002055,PL,2020-03-01,no_verified_historical_match,,,,,
ACP002056,IE,2021-12-01,no_verified_historical_match,,,,,
ACP002057,RO,2024-10-24,stale,,,,,267
ACP002058,PL,2023-05-03,no_verified_historical_match,,,,,
ACP002059,PL,2025-01-27,stale,,,,,362
ACP002060,GR,2025-08-19,stale,,,,,566
ACP002061,IE,2025-05-11,stale,,,,,466
ACP002062,BG,2020-05-06,no_verified_historical_match,,,,,
ACP002063,IE,2020-02-15,no_verified_historical_match,,,,,
ACP002064,BG,2024-05-17,matched,4.4,2024-01-31,2024-03-01,Eurostat-2024-03-01,107
ACP002065,GR,2023-10-22,no_verified_historical_match,,,,,
ACP002066,BG,2025-09-14,stale,,,,,592
ACP002067,RO,2022-03-21,no_verified_historical_match,,,,,
ACP002068,IT,2020-10-03,no_verified_historical_match,,,,,
ACP002069,IT,2021-12-13,no_verified_historical_match,,,,,
ACP002070,GR,2021-05-17,no_verified_historical_match,,,,,
ACP002071,IT,2020-07-10,no_verified_historical_match,,,,,
ACP002072,PL,2025-04-04,stale,,,,,429
ACP002073,RO,2020-02-05,no_verified_historical_match,,,,,
ACP002074,IT,2020-05-18,no_verified_historical_match,,,,,
ACP002075,GR,2025-08-26,stale,,,,,573
ACP002076,BG,2023-04-04,no_verified_historical_match,,,,,
ACP002077,IT,2020-06-18,no_verified_historical_match,,,,,
ACP002078,IE,2022-06-08,no_verified_historical_match,,,,,
ACP002079,GR,2022-01-16,no_verified_historical_match,,,,,
ACP002080,PL,2020-12-21,no_verified_historical_match,,,,,
ACP002081,PL,2020-10-24,no_verified_historical_match,,,,,
ACP002082,PL,2022-08-20,no_verified_historical_match,,,,,
ACP002083,BG,2024-07-23,stale,,,,,174
ACP002084,GR,2025-07-29,stale,,,,,545
ACP002085,IT,2022-02-09,no_verified_historical_match,,,,,
ACP002086,BG,2022-08-08,no_verified_historical_match,,,,,
ACP002087,IT,2020-09-24,no_verified_historical_match,,,,,
ACP002088,IT,2021-01-09,no_verified_historical_match,,,,,
ACP002089,PL,2024-04-15,matched,2.9,2024-01-31,2024-03-01,Eurostat-2024-03-01,75
ACP002090,IE,2022-02-20,no_verified_historical_match,,,,,
ACP002091,IT,2021-12-03,no_verified_historical_match,,,,,
ACP002092,IE,2022-07-10,no_verified_historical_match,,,,,
ACP002093,BG,2024-02-17,no_verified_historical_match,,,,,
ACP002094,IE,2024-07-11,stale,,,,,162
ACP002095,RO,2025-07-31,stale,,,,,547
ACP002096,PL,2021-05-26,no_verified_historical_match,,,,,
ACP002097,RO,2024-07-03,stale,,,,,154
ACP002098,GR,2021-04-19,no_verified_historical_match,,,,,
ACP002099,PL,2021-04-24,no_verified_historical_match,,,,,
ACP002100,BG,2024-11-26,stale,,,,,300
ACP002101,PL,2023-01-06,no_verified_historical_match,,,,,
ACP002102,BG,2022-04-22,no_verified_historical_match,,,,,
ACP002103,RO,2021-06-10,no_verified_historical_match,,,,,
ACP002104,,2020-06-20,missing_country,,,,,
ACP002105,BG,2020-12-21,no_verified_historical_match,,,,,
ACP002106,GR,2023-05-14,no_verified_historical_match,,,,,
ACP002107,BG,2020-10-18,no_verified_historical_match,,,,,
ACP002108,RO,2024-07-23,stale,,,,,174
ACP002109,GR,2024-10-26,stale,,,,,269
ACP002110,IE,2020-10-05,no_verified_historical_match,,,,,
ACP002111,RO,2023-08-05,no_verified_historical_match,,,,,
ACP002112,IT,2024-09-11,stale,,,,,224
ACP002113,IT,2022-01-14,no_verified_historical_match,,,,,
ACP002114,RO,2023-05-19,no_verified_historical_match,,,,,
ACP002115,RO,2024-10-13,stale,,,,,256
ACP002116,BG,2022-02-02,no_verified_historical_match,,,,,
ACP002117,BG,2021-03-31,no_verified_historical_match,,,,,
ACP002118,IE,2020-10-30,no_verified_historical_match,,,,,
ACP002119,RO,2024-04-23,matched,5.7,2024-01-31,2024-03-01,Eurostat-2024-03-01,83
ACP002120,PL,2024-10-01,stale,,,,,244
ACP002121,BG,2024-01-25,no_verified_historical_match,,,,,
ACP002122,IT,2025-02-13,stale,,,,,379
ACP002123,IE,2020-02-12,no_verified_historical_match,,,,,
ACP002124,PL,2022-09-11,no_verified_historical_match,,,,,
ACP002125,IT,2022-07-18,no_verified_historical_match,,,,,
ACP002126,IE,2021-12-24,no_verified_historical_match,,,,,
ACP002127,BG,2020-04-06,no_verified_historical_match,,,,,
ACP002128,RO,2024-01-02,no_verified_historical_match,,,,,
ACP002129,PL,2025-01-21,stale,,,,,356
ACP002130,GR,2024-12-27,stale,,,,,331
ACP002131,GR,2025-11-04,stale,,,,,643
ACP002132,IT,2021-03-08,no_verified_historical_match,,,,,
ACP002133,RO,2020-03-15,no_verified_historical_match,,,,,
ACP002134,GR,2022-04-04,no_verified_historical_match,,,,,
ACP002135,RO,2023-05-19,no_verified_historical_match,,,,,
ACP002136,IT,2021-10-10,no_verified_historical_match,,,,,
ACP002137,IT,2025-08-24,stale,,,,,571
ACP002138,RO,2022-01-17,no_verified_historical_match,,,,,
ACP002139,IT,2022-01-15,no_verified_historical_match,,,,,
ACP002140,RO,2022-04-18,no_verified_historical_match,,,,,
ACP002141,RO,2020-02-22,no_verified_historical_match,,,,,
ACP002142,GR,2023-05-18,no_verified_historical_match,,,,,
ACP002143,IT,2024-05-02,matched,7.2,2024-01-31,2024-03-01,Eurostat-2024-03-01,92
ACP002144,PL,2021-10-23,no_verified_historical_match,,,,,
ACP002145,IT,2023-04-22,no_verified_historical_match,,,,,
ACP002146,IE,2023-11-15,no_verified_historical_match,,,,,
ACP002147,BG,2025-07-30,stale,,,,,546
ACP002148,GR,2022-01-22,no_verified_historical_match,,,,,
ACP002149,PL,2024-10-06,stale,,,,,249
ACP002150,PL,2025-04-06,stale,,,,,431
ACP002151,GR,2021-05-24,no_verified_historical_match,,,,,
ACP002152,BG,2021-12-26,no_verified_historical_match,,,,,
ACP002153,IT,2025-09-22,stale,,,,,600
ACP002154,PL,2023-06-26,no_verified_historical_match,,,,,
ACP002155,IT,2023-12-21,no_verified_historical_match,,,,,
ACP002156,PL,2021-01-25,no_verified_historical_match,,,,,
ACP002157,GR,2021-09-02,no_verified_historical_match,,,,,
ACP002158,IE,2023-01-31,no_verified_historical_match,,,,,
ACP002159,PL,2021-02-02,no_verified_historical_match,,,,,
ACP002160,GR,2022-10-14,no_verified_historical_match,,,,,
ACP002161,GR,2023-08-20,no_verified_historical_match,,,,,
ACP002162,BG,2025-06-08,stale,,,,,494
ACP002163,IT,2021-09-06,no_verified_historical_match,,,,,
ACP002164,BG,2022-09-24,no_verified_historical_match,,,,,
ACP002165,BG,2021-07-01,no_verified_historical_match,,,,,
ACP002166,RO,2022-09-06,no_verified_historical_match,,,,,
ACP002167,RO,2024-08-27,stale,,,,,209
ACP002168,PL,2020-10-26,no_verified_historical_match,,,,,
ACP002169,GR,2025-07-08,stale,,,,,524
ACP002170,IE,2021-02-23,no_verified_historical_match,,,,,
ACP002171,IT,2020-04-19,no_verified_historical_match,,,,,
ACP002172,RO,2022-08-10,no_verified_historical_match,,,,,
ACP002173,BG,2021-10-27,no_verified_historical_match,,,,,
ACP002174,IE,2022-06-29,no_verified_historical_match,,,,,
ACP002175,PL,2020-11-01,no_verified_historical_match,,,,,
ACP002176,GR,2021-11-09,no_verified_historical_match,,,,,
ACP002177,RO,2021-09-12,no_verified_historical_match,,,,,
ACP002178,IE,2024-03-04,matched,4.5,2024-01-31,2024-03-01,Eurostat-2024-03-01,33
ACP002179,IT,2023-11-04,no_verified_historical_match,,,,,
ACP002180,PL,2020-10-12,no_verified_historical_match,,,,,
ACP002181,RO,2024-04-20,matched,5.7,2024-01-31,2024-03-01,Eurostat-2024-03-01,80
ACP002182,GR,2020-11-11,no_verified_historical_match,,,,,
ACP002183,GR,2020-04-16,no_verified_historical_match,,,,,
ACP002184,IE,2024-05-13,matched,4.5,2024-01-31,2024-03-01,Eurostat-2024-03-01,103
ACP002185,BG,2023-01-25,no_verified_historical_match,,,,,
ACP002186,PL,2022-03-29,no_verified_historical_match,,,,,
ACP002187,BG,2024-11-01,stale,,,,,275
ACP002188,RO,2023-07-27,no_verified_historical_match,,,,,
ACP002189,RO,2021-08-10,no_verified_historical_match,,,,,
ACP002190,BG,2022-04-25,no_verified_historical_match,,,,,
ACP002191,IT,2020-08-08,no_verified_historical_match,,,,,
ACP002192,RO,2022-07-29,no_verified_historical_match,,,,,
ACP002193,IE,2022-07-26,no_verified_historical_match,,,,,
ACP002194,RO,2020-11-09,no_verified_historical_match,,,,,
ACP002195,GR,2020-11-12,no_verified_historical_match,,,,,
ACP002196,PL,2021-11-13,no_verified_historical_match,,,,,
ACP002197,GR,2020-01-29,no_verified_historical_match,,,,,
ACP002198,GR,2023-06-01,no_verified_historical_match,,,,,
ACP002199,GR,2020-10-14,no_verified_historical_match,,,,,
ACP002200,GR,2022-12-11,no_verified_historical_match,,,,,
ACP002201,IT,2024-08-13,stale,,,,,195
ACP002202,GR,2025-02-17,stale,,,,,383
ACP002203,IT,2021-11-04,no_verified_historical_match,,,,,
ACP002204,BG,2020-10-14,no_verified_historical_match,,,,,
ACP002205,RO,2022-09-27,no_verified_historical_match,,,,,
ACP002206,IT,2022-09-15,no_verified_historical_match,,,,,
ACP002207,RO,2021-11-15,no_verified_historical_match,,,,,
ACP002208,IT,2022-11-09,no_verified_historical_match,,,,,
ACP002209,RO,2023-11-29,no_verified_historical_match,,,,,
ACP002210,BG,2020-08-23,no_verified_historical_match,,,,,
ACP002211,IT,2023-07-03,no_verified_historical_match,,,,,
ACP002212,IE,2024-01-09,no_verified_historical_match,,,,,
ACP002213,BG,2022-05-25,no_verified_historical_match,,,,,
ACP002214,IE,2021-02-17,no_verified_historical_match,,,,,
ACP002215,RO,2020-01-21,no_verified_historical_match,,,,,
ACP002216,PL,2024-09-18,stale,,,,,231
ACP002217,BG,2022-01-25,no_verified_historical_match,,,,,
ACP002218,BG,2025-09-18,stale,,,,,596
ACP002219,IT,2023-04-09,no_verified_historical_match,,,,,
ACP002220,IE,2025-10-25,stale,,,,,633
ACP002221,IE,2021-12-02,no_verified_historical_match,,,,,
ACP002222,BG,2023-11-02,no_verified_historical_match,,,,,
ACP002223,BG,2022-02-04,no_verified_historical_match,,,,,
ACP002224,IT,2020-04-15,no_verified_historical_match,,,,,
ACP002225,IT,2023-02-07,no_verified_historical_match,,,,,
ACP002226,IE,2025-04-17,stale,,,,,442
ACP002227,IT,2024-04-14,matched,7.2,2024-01-31,2024-03-01,Eurostat-2024-03-01,74
ACP002228,IT,2023-07-04,no_verified_historical_match,,,,,
ACP002229,PL,2021-12-06,no_verified_historical_match,,,,,
ACP002230,IT,2023-10-27,no_verified_historical_match,,,,,
ACP002231,BG,2022-04-20,no_verified_historical_match,,,,,
ACP002232,RO,2022-10-27,no_verified_historical_match,,,,,
ACP002233,PL,2020-10-29,no_verified_historical_match,,,,,
ACP002234,IT,2025-10-13,stale,,,,,621
ACP002235,IT,2022-08-25,no_verified_historical_match,,,,,
ACP002236,BG,2020-10-23,no_verified_historical_match,,,,,
ACP002237,RO,2020-01-12,no_verified_historical_match,,,,,
ACP002238,RO,2023-01-15,no_verified_historical_match,,,,,
ACP002239,GR,2023-09-28,no_verified_historical_match,,,,,
ACP002240,GR,2023-08-12,no_verified_historical_match,,,,,
ACP002241,IE,2021-01-23,no_verified_historical_match,,,,,
ACP002242,IE,2024-07-13,stale,,,,,164
ACP002243,IE,2021-03-26,no_verified_historical_match,,,,,
ACP002244,GR,2022-04-20,no_verified_historical_match,,,,,
ACP002245,RO,2024-12-17,stale,,,,,321
ACP002246,RO,2023-05-14,no_verified_historical_match,,,,,
ACP002247,IT,2021-02-17,no_verified_historical_match,,,,,
ACP002248,BG,2025-03-24,stale,,,,,418
ACP002249,GR,2021-05-26,no_verified_historical_match,,,,,
ACP002250,GR,2023-09-01,no_verified_historical_match,,,,,
ACP002251,GR,2025-07-29,stale,,,,,545
ACP002252,BG,2021-05-25,no_verified_historical_match,,,,,
ACP002253,PL,2023-09-28,no_verified_historical_match,,,,,
ACP002254,BG,2021-01-05,no_verified_historical_match,,,,,
ACP002255,IT,2025-08-13,stale,,,,,560
ACP002256,GR,2023-11-07,no_verified_historical_match,,,,,
ACP002257,RO,2021-03-15,no_verified_historical_match,,,,,
ACP002258,BG,2024-12-14,stale,,,,,318
ACP002259,PL,2023-10-26,no_verified_historical_match,,,,,
ACP002260,RO,2021-04-21,no_verified_historical_match,,,,,
ACP002261,IT,2023-10-04,no_verified_historical_match,,,,,
ACP002262,PL,2022-08-09,no_verified_historical_match,,,,,
ACP002263,IT,2025-07-16,stale,,,,,532
ACP002264,IT,2025-05-01,stale,,,,,456
ACP002265,IT,2025-08-18,stale,,,,,565
ACP002266,BG,2024-09-18,stale,,,,,231
ACP002267,PL,2021-07-27,no_verified_historical_match,,,,,
ACP002268,IT,2023-09-25,no_verified_historical_match,,,,,
ACP002269,BG,2024-04-01,matched,4.4,2024-01-31,2024-03-01,Eurostat-2024-03-01,61
ACP002270,GR,2022-12-24,no_verified_historical_match,,,,,
ACP002271,IT,2023-05-13,no_verified_historical_match,,,,,
ACP002272,GR,2023-04-20,no_verified_historical_match,,,,,
ACP002273,IT,2021-08-16,no_verified_historical_match,,,,,
ACP002274,BG,2020-10-03,no_verified_historical_match,,,,,
ACP002275,GR,2025-05-07,stale,,,,,462
ACP002276,RO,2024-07-29,stale,,,,,180
ACP002277,RO,2024-07-17,stale,,,,,168
ACP002278,GR,2023-04-29,no_verified_historical_match,,,,,
ACP002279,PL,2025-11-28,stale,,,,,667
ACP002280,IT,2025-03-21,stale,,,,,415
ACP002281,BG,2023-04-14,no_verified_historical_match,,,,,
ACP002282,IE,2024-05-30,matched,4.5,2024-01-31,2024-03-01,Eurostat-2024-03-01,120
ACP002283,RO,2023-11-29,no_verified_historical_match,,,,,
ACP002284,PL,2024-03-19,matched,2.9,2024-01-31,2024-03-01,Eurostat-2024-03-01,48
ACP002285,PL,2020-12-09,no_verified_historical_match,,,,,
ACP002286,IT,2025-10-24,stale,,,,,632
ACP002287,IT,2025-10-01,stale,,,,,609
ACP002288,BG,2023-09-07,no_verified_historical_match,,,,,
ACP002289,GR,2022-06-20,no_verified_historical_match,,,,,
ACP002290,GR,2025-09-05,stale,,,,,583
ACP002291,IE,2022-12-09,no_verified_historical_match,,,,,
ACP002292,IE,2023-11-30,no_verified_historical_match,,,,,
ACP002293,PL,2022-04-30,no_verified_historical_match,,,,,
ACP002294,IT,2024-06-12,stale,,,,,133
ACP002295,RO,2022-05-08,no_verified_historical_match,,,,,
ACP002296,RO,2024-03-20,matched,5.7,2024-01-31,2024-03-01,Eurostat-2024-03-01,49
ACP002297,BG,2023-06-03,no_verified_historical_match,,,,,
ACP002298,GR,2025-10-09,stale,,,,,617
ACP002299,PL,2024-12-29,stale,,,,,333
ACP002300,IT,2021-08-08,no_verified_historical_match,,,,,
ACP002301,IE,2025-05-16,stale,,,,,471
ACP002302,IE,2024-06-29,stale,,,,,150
ACP002303,IE,2020-05-25,no_verified_historical_match,,,,,
ACP002304,IE,2022-09-12,no_verified_historical_match,,,,,
ACP002305,GR,2022-04-24,no_verified_historical_match,,,,,
ACP002306,PL,2023-02-19,no_verified_historical_match,,,,,
ACP002307,PL,2021-04-09,no_verified_historical_match,,,,,
ACP002308,GR,2024-06-04,stale,,,,,125
ACP002309,RO,2025-08-03,stale,,,,,550
ACP002310,BG,2020-10-02,no_verified_historical_match,,,,,
ACP002311,BG,2021-05-02,no_verified_historical_match,,,,,
ACP002312,PL,2021-07-29,no_verified_historical_match,,,,,
ACP002313,RO,2022-10-31,no_verified_historical_match,,,,,
ACP002314,BG,2024-06-26,stale,,,,,147
ACP002315,RO,2023-02-18,no_verified_historical_match,,,,,
ACP002316,PL,2022-05-25,no_verified_historical_match,,,,,
ACP002317,IE,2023-08-01,no_verified_historical_match,,,,,
ACP002318,PL,2024-05-01,matched,2.9,2024-01-31,2024-03-01,Eurostat-2024-03-01,91
ACP002319,IT,2022-08-10,no_verified_historical_match,,,,,
ACP002320,IE,2021-10-27,no_verified_historical_match,,,,,
ACP002321,RO,2025-11-15,stale,,,,,654
ACP002322,BG,2023-12-10,no_verified_historical_match,,,,,
ACP002323,PL,2020-07-08,no_verified_historical_match,,,,,
ACP002324,RO,2023-04-06,no_verified_historical_match,,,,,
ACP002325,GR,2023-06-15,no_verified_historical_match,,,,,
ACP002326,GR,2024-10-20,stale,,,,,263
ACP002327,RO,2023-01-21,no_verified_historical_match,,,,,
ACP002328,BG,2020-03-14,no_verified_historical_match,,,,,
ACP002329,RO,2024-03-22,matched,5.7,2024-01-31,2024-03-01,Eurostat-2024-03-01,51
ACP002330,RO,2023-03-15,no_verified_historical_match,,,,,
ACP002331,IT,2021-09-28,no_verified_historical_match,,,,,
ACP002332,BG,2023-11-29,no_verified_historical_match,,,,,
ACP002333,PL,2024-07-11,stale,,,,,162
ACP002334,PL,2020-10-31,no_verified_historical_match,,,,,
ACP002335,IT,2025-09-16,stale,,,,,594
ACP002336,IE,2020-05-29,no_verified_historical_match,,,,,
ACP002337,GR,2021-05-16,no_verified_historical_match,,,,,
ACP002338,BG,2022-10-02,no_verified_historical_match,,,,,
ACP002339,IE,2025-05-09,stale,,,,,464
ACP002340,IE,2024-06-21,stale,,,,,142
ACP002341,GR,2020-04-23,no_verified_historical_match,,,,,
ACP002342,PL,2022-05-08,no_verified_historical_match,,,,,
ACP002343,PL,2023-04-16,no_verified_historical_match,,,,,
ACP002344,IT,2025-10-21,stale,,,,,629
ACP002345,BG,2020-11-04,no_verified_historical_match,,,,,
ACP002346,GR,2022-09-24,no_verified_historical_match,,,,,
ACP002347,GR,2020-07-21,no_verified_historical_match,,,,,
ACP002348,RO,2023-05-11,no_verified_historical_match,,,,,
ACP002349,RO,2022-10-18,no_verified_historical_match,,,,,
ACP002350,IE,2022-09-02,no_verified_historical_match,,,,,
ACP002351,IE,2022-10-20,no_verified_historical_match,,,,,
ACP002352,PL,2021-08-28,no_verified_historical_match,,,,,
ACP002353,RO,2024-02-24,no_verified_historical_match,,,,,
ACP002354,GR,2023-06-24,no_verified_historical_match,,,,,
ACP002355,IT,2025-08-09,stale,,,,,556
ACP002356,RO,2022-01-26,no_verified_historical_match,,,,,
ACP002357,IT,2023-04-09,no_verified_historical_match,,,,,
ACP002358,RO,2024-01-31,no_verified_historical_match,,,,,
ACP002359,PL,2025-03-02,stale,,,,,396
ACP002360,PL,2022-11-08,no_verified_historical_match,,,,,
ACP002361,IE,2022-08-31,no_verified_historical_match,,,,,
ACP002362,GR,2020-12-10,no_verified_historical_match,,,,,
ACP002363,IT,2024-06-19,stale,,,,,140
ACP002364,IT,2022-01-09,no_verified_historical_match,,,,,
ACP002365,GR,2021-06-09,no_verified_historical_match,,,,,
ACP002366,IT,2020-04-14,no_verified_historical_match,,,,,
ACP002367,GR,2025-06-18,stale,,,,,504
ACP002368,IT,2025-02-05,stale,,,,,371
ACP002369,RO,2025-07-06,stale,,,,,522
ACP002370,GR,2024-08-31,stale,,,,,213
ACP002371,IT,2024-09-25,stale,,,,,238
ACP002372,GR,2024-08-26,stale,,,,,208
ACP002373,BG,2022-08-07,no_verified_historical_match,,,,,
ACP002374,BG,2021-02-23,no_verified_historical_match,,,,,
ACP002375,GR,2022-12-09,no_verified_historical_match,,,,,
ACP002376,BG,2021-11-22,no_verified_historical_match,,,,,
ACP002377,IE,2023-12-14,no_verified_historical_match,,,,,
ACP002378,BG,2024-03-08,matched,4.4,2024-01-31,2024-03-01,Eurostat-2024-03-01,37
ACP002379,PL,2020-04-01,no_verified_historical_match,,,,,
ACP002380,GR,2022-06-07,no_verified_historical_match,,,,,
ACP002381,RO,2024-02-27,no_verified_historical_match,,,,,
ACP002382,IE,2020-02-14,no_verified_historical_match,,,,,
ACP002383,IE,2022-12-16,no_verified_historical_match,,,,,
ACP002384,GR,2025-06-27,stale,,,,,513
ACP002385,RO,2022-12-06,no_verified_historical_match,,,,,
ACP002386,PL,2021-07-07,no_verified_historical_match,,,,,
ACP002387,IT,2025-04-05,stale,,,,,430
ACP002388,IE,2021-09-04,no_verified_historical_match,,,,,
ACP002389,IE,2022-08-03,no_verified_historical_match,,,,,
ACP002390,IE,2025-05-20,stale,,,,,475
ACP002391,GR,2024-09-11,stale,,,,,224
ACP002392,IE,2023-06-17,no_verified_historical_match,,,,,
ACP002393,IT,2025-05-03,stale,,,,,458
ACP002394,IT,2025-07-09,stale,,,,,525
ACP002395,IE,2022-06-14,no_verified_historical_match,,,,,
ACP002396,RO,2020-11-22,no_verified_historical_match,,,,,
ACP002397,PL,2020-03-21,no_verified_historical_match,,,,,
ACP002398,RO,2022-10-07,no_verified_historical_match,,,,,
ACP002399,PL,2023-11-17,no_verified_historical_match,,,,,
ACP002400,BG,2023-05-19,no_verified_historical_match,,,,,
