employee_id,source_csv_line,hire_date,termination_date,termination_type,regretted_exit,quality_flags,employee_days,status
ACP000001,2,2024-09-04,,,,,365,no_departure_in_window
ACP000002,3,2022-11-24,,,,,365,no_departure_in_window
ACP000003,4,2025-09-21,,,,,102,no_departure_in_window
ACP000004,5,2020-05-29,,,,,365,no_departure_in_window
ACP000005,6,2021-05-21,,,,,365,no_departure_in_window
ACP000006,7,2023-06-21,2024-10-13,Voluntary,false,,0,no_departure_in_window
ACP000007,8,2021-04-06,,,,,365,no_departure_in_window
ACP000008,9,2023-12-02,,,,,365,no_departure_in_window
ACP000009,10,2021-11-19,,,,,365,no_departure_in_window
ACP000010,11,2025-05-29,,,,,217,no_departure_in_window
ACP000011,12,2024-11-02,2025-12-08,Voluntary,true,,342,confirmed_regretted_departure
ACP000012,13,2020-04-14,,,,,365,no_departure_in_window
ACP000013,14,2023-05-04,,,,,365,no_departure_in_window
ACP000014,15,2021-01-31,,,,,365,no_departure_in_window
ACP000015,16,2021-08-05,2022-03-02,Voluntary,true,,0,no_departure_in_window
ACP000016,17,2021-02-26,2024-01-11,End of Contract,false,,0,no_departure_in_window
ACP000017,18,2023-01-24,2023-05-30,Involuntary,false,,0,no_departure_in_window
ACP000018,19,2023-02-24,2023-12-11,Voluntary,false,,0,no_departure_in_window
ACP000019,20,2021-08-04,2022-01-26,End of Contract,false,,0,no_departure_in_window
ACP000020,21,2023-07-18,2024-01-09,Involuntary,false,,0,no_departure_in_window
ACP000021,22,2020-06-14,2020-07-11,Voluntary,false,,0,no_departure_in_window
ACP000022,23,2023-10-26,,,,,365,no_departure_in_window
ACP000023,24,2025-05-27,,,,,219,no_departure_in_window
ACP000024,25,2025-06-27,2025-12-27,Voluntary,false,,184,other_departure
ACP000025,26,2025-08-15,,,,,139,no_departure_in_window
ACP000026,27,2021-07-01,,,,,365,no_departure_in_window
ACP000027,28,2023-01-22,,,,,365,no_departure_in_window
ACP000028,29,2022-02-03,,,,,365,no_departure_in_window
ACP000029,30,2024-07-23,,,,,365,no_departure_in_window
ACP000030,31,2020-05-23,,,,,365,no_departure_in_window
ACP000031,32,2024-01-29,,,,,365,no_departure_in_window
ACP000032,33,2025-06-18,,,,,197,no_departure_in_window
ACP000033,34,2020-03-14,,,,,365,no_departure_in_window
ACP000034,35,2023-09-23,,,,,365,no_departure_in_window
ACP000035,36,2023-12-13,,,,,365,no_departure_in_window
ACP000036,37,2024-06-26,,,,,365,no_departure_in_window
ACP000037,38,2024-10-23,,,,,365,no_departure_in_window
ACP000038,39,2021-08-12,,,,,365,no_departure_in_window
ACP000039,40,2021-03-02,,,,,365,no_departure_in_window
ACP000040,41,2024-12-25,,,,,365,no_departure_in_window
ACP000041,42,2021-04-04,,,,,365,no_departure_in_window
ACP000042,43,2024-03-30,,,,,365,no_departure_in_window
ACP000043,44,2020-09-21,,,,,365,no_departure_in_window
ACP000044,45,2021-02-03,2025-07-24,Voluntary,false,,205,other_departure
ACP000045,46,2020-12-27,,,,,365,no_departure_in_window
ACP000046,47,2021-10-11,,,,,365,no_departure_in_window
ACP000047,48,2024-01-17,,,,,365,no_departure_in_window
ACP000048,49,2021-07-08,,,,,365,no_departure_in_window
ACP000049,50,2025-10-21,,,,,72,no_departure_in_window
ACP000050,51,2022-05-01,,,,,365,no_departure_in_window
ACP000051,52,2021-12-04,2022-08-04,Voluntary,true,,0,no_departure_in_window
ACP000052,53,2024-07-19,,,,,365,no_departure_in_window
ACP000053,54,2025-08-04,2025-12-28,End of Contract,false,,147,other_departure
ACP000054,55,2023-07-31,,,,,365,no_departure_in_window
ACP000055,56,2020-09-19,,,,,365,no_departure_in_window
ACP000056,57,2024-05-26,,,,,365,no_departure_in_window
ACP000057,58,2025-10-01,2025-11-01,End of Contract,false,,32,other_departure
ACP000058,59,2024-07-14,2025-12-22,Involuntary,false,,356,other_departure
ACP000059,60,2023-02-24,,,,,365,no_departure_in_window
ACP000060,61,2025-03-12,,,,,295,no_departure_in_window
ACP000061,62,2025-11-15,,,,,47,no_departure_in_window
ACP000062,63,2021-04-04,,,,,365,no_departure_in_window
ACP000063,64,2021-10-16,,,,,365,no_departure_in_window
ACP000064,65,2023-04-02,,,,,365,no_departure_in_window
ACP000065,66,2021-03-04,,,,,365,no_departure_in_window
ACP000066,67,2023-05-07,,,,,365,no_departure_in_window
ACP000067,68,2022-09-28,,,,,365,no_departure_in_window
ACP000068,69,2023-03-27,2023-12-26,Voluntary,true,,0,no_departure_in_window
ACP000069,70,2023-11-22,2024-11-26,Involuntary,false,,0,no_departure_in_window
ACP000070,71,2023-04-28,2023-06-05,End of Contract,false,,0,no_departure_in_window
ACP000071,72,2021-07-22,2023-06-09,End of Contract,false,,0,no_departure_in_window
ACP000072,73,2021-04-10,,,,,365,no_departure_in_window
ACP000073,74,2023-01-26,,,,country_alias_mapped,365,no_departure_in_window
ACP000074,75,2024-11-06,,,,,365,no_departure_in_window
ACP000075,76,2020-12-17,,,,,365,no_departure_in_window
ACP000076,77,2025-11-15,,,,,47,no_departure_in_window
ACP000077,78,2020-01-24,,,,,365,no_departure_in_window
ACP000078,79,2023-03-18,2024-09-02,Voluntary,false,,0,no_departure_in_window
ACP000079,80,2025-09-26,,,,,97,no_departure_in_window
ACP000080,81,2025-07-03,,,,,182,no_departure_in_window
ACP000081,82,2022-06-13,,,,,365,no_departure_in_window
ACP000082,83,2022-04-11,2023-09-26,Voluntary,true,,0,no_departure_in_window
ACP000083,84,2024-12-30,,,,,365,no_departure_in_window
ACP000084,85,2021-11-02,,,,,365,no_departure_in_window
ACP000085,86,2023-06-08,,,,,365,no_departure_in_window
ACP000086,87,2025-08-30,,,,,124,no_departure_in_window
ACP000087,88,2020-09-19,2021-05-13,Voluntary,false,,0,no_departure_in_window
ACP000088,89,2021-08-10,,,,,365,no_departure_in_window
ACP000089,90,2021-10-07,2022-01-05,,,termination_type_unknown|regretted_classification_unknown,0,no_departure_in_window
ACP000090,91,2023-07-06,,,,,365,no_departure_in_window
ACP000091,92,2022-12-24,2024-06-18,End of Contract,false,,0,no_departure_in_window
ACP000092,93,2021-06-03,,,,,365,no_departure_in_window
ACP000093,94,2021-07-02,2022-01-28,Voluntary,true,,0,no_departure_in_window
ACP000094,95,2021-08-13,2024-06-18,End of Contract,false,,0,no_departure_in_window
ACP000095,96,2025-04-08,,,,,268,no_departure_in_window
ACP000096,97,2022-06-22,2022-08-03,Involuntary,false,,0,no_departure_in_window
ACP000097,98,2020-08-22,,,,,365,no_departure_in_window
ACP000098,99,2024-08-30,2025-03-20,End of Contract,false,,79,other_departure
ACP000099,100,2024-08-09,2025-08-21,Voluntary,false,,233,other_departure
ACP000100,101,2025-06-14,,,,,201,no_departure_in_window
ACP000101,102,2023-09-17,,,,,365,no_departure_in_window
ACP000102,103,2021-11-21,,,,seniority_mapping_assumed,365,no_departure_in_window
ACP000103,104,2025-04-19,,,,,257,no_departure_in_window
ACP000104,105,2021-10-25,,,,,365,no_departure_in_window
ACP000105,106,2024-06-16,,,,,365,no_departure_in_window
ACP000106,107,2023-07-30,2025-04-28,Involuntary,false,,118,other_departure
ACP000107,108,2020-08-25,,,,,365,no_departure_in_window
ACP000108,109,2025-03-23,,,,,284,no_departure_in_window
ACP000109,110,2020-03-14,,,,,365,no_departure_in_window
ACP000110,111,2025-06-14,,,,,201,no_departure_in_window
ACP000111,112,2022-09-21,,,,,365,no_departure_in_window
ACP000112,113,2024-08-04,,,,,365,no_departure_in_window
ACP000113,114,2024-01-07,,,,,365,no_departure_in_window
ACP000114,115,2020-01-10,,,,,365,no_departure_in_window
ACP000115,116,2020-03-21,,,,,365,no_departure_in_window
ACP000116,117,2023-07-15,,,,,365,no_departure_in_window
ACP000117,118,2020-01-02,,,,,365,no_departure_in_window
ACP000118,119,2020-06-18,,,,,365,no_departure_in_window
ACP000119,120,2024-05-08,2024-11-15,Voluntary,false,,0,no_departure_in_window
ACP000120,121,2021-12-02,,,,missing_or_unknown_country,365,no_departure_in_window
ACP000121,122,2024-05-26,,,,,365,no_departure_in_window
ACP000122,123,2022-11-18,2022-12-07,Involuntary,false,,0,no_departure_in_window
ACP000123,124,2023-08-19,,,,,365,no_departure_in_window
ACP000124,125,2024-11-22,,,,,365,no_departure_in_window
ACP000125,126,2025-02-28,,,,,307,no_departure_in_window
ACP000126,127,2021-07-10,2021-09-26,Voluntary,false,,0,no_departure_in_window
ACP000127,128,2023-05-26,,,,,365,no_departure_in_window
ACP000128,129,2021-07-04,2024-05-09,Voluntary,true,,0,no_departure_in_window
ACP000129,130,2020-06-24,,,,,365,no_departure_in_window
ACP000130,131,2020-02-05,,,,,365,no_departure_in_window
ACP000131,132,2022-11-25,,,,,365,no_departure_in_window
ACP000132,133,2020-09-28,2021-02-21,Voluntary,false,,0,no_departure_in_window
ACP000133,134,2021-09-02,,,,,365,no_departure_in_window
ACP000134,135,2024-08-15,2025-11-29,Voluntary,true,,333,confirmed_regretted_departure
ACP000135,136,2024-02-06,,,,,365,no_departure_in_window
ACP000136,137,2023-04-19,2025-10-26,Involuntary,false,,299,other_departure
ACP000137,138,2024-08-17,2025-10-21,End of Contract,false,,294,other_departure
ACP000138,139,2022-12-02,,,,,365,no_departure_in_window
ACP000139,140,2021-02-20,2021-06-11,Involuntary,false,,0,no_departure_in_window
ACP000140,141,2023-07-21,,,,,365,no_departure_in_window
ACP000141,142,2021-09-07,2022-05-06,Voluntary,true,,0,no_departure_in_window
ACP000142,143,2020-09-28,,,,,365,no_departure_in_window
ACP000143,144,2022-05-05,,,,,365,no_departure_in_window
ACP000144,145,2020-07-17,,,,,365,no_departure_in_window
ACP000145,146,2020-04-09,,,,,365,no_departure_in_window
ACP000146,147,2023-03-05,,,,,365,no_departure_in_window
ACP000147,148,2023-08-10,2024-07-08,End of Contract,false,,0,no_departure_in_window
ACP000148,149,2023-05-19,,,,,365,no_departure_in_window
ACP000149,150,2025-03-29,,,,,278,no_departure_in_window
ACP000150,151,2024-04-10,2024-09-16,End of Contract,false,,0,no_departure_in_window
ACP000151,152,2021-11-20,2023-05-27,Voluntary,true,,0,no_departure_in_window
ACP000152,153,2025-04-21,,,,,255,no_departure_in_window
ACP000153,154,2024-12-15,,,,,365,no_departure_in_window
ACP000154,155,2023-08-04,,,,,365,no_departure_in_window
ACP000155,156,2020-10-30,2024-02-07,Voluntary,true,,0,no_departure_in_window
ACP000156,157,2023-06-20,2025-01-28,Voluntary,true,,28,confirmed_regretted_departure
ACP000157,158,2024-04-20,2024-12-05,Voluntary,false,,0,no_departure_in_window
ACP000158,159,2021-01-08,,,,,365,no_departure_in_window
ACP000159,160,,,,,missing_hire_date,0,excluded_invalid_dates
ACP000160,161,2025-05-03,2025-12-15,Voluntary,false,,227,other_departure
ACP000161,162,2025-08-09,,,,,145,no_departure_in_window
ACP000162,163,2025-07-15,,,,,170,no_departure_in_window
ACP000163,164,2023-02-08,,,,,365,no_departure_in_window
ACP000164,165,2021-09-18,2022-03-09,Voluntary,true,,0,no_departure_in_window
ACP000165,166,2021-12-11,,,,,365,no_departure_in_window
ACP000166,167,2021-09-19,,,,,365,no_departure_in_window
ACP000167,168,2020-11-21,,,,,365,no_departure_in_window
ACP000168,169,2024-06-21,,,,,365,no_departure_in_window
ACP000169,170,2023-10-03,2025-02-14,Voluntary,true,,45,confirmed_regretted_departure
ACP000170,171,2021-02-03,,,,,365,no_departure_in_window
ACP000171,172,2020-05-29,2024-01-03,Voluntary,true,,0,no_departure_in_window
ACP000172,173,2025-01-04,,,,,362,no_departure_in_window
ACP000173,174,2022-08-27,,,,,365,no_departure_in_window
ACP000174,175,2022-05-19,,,,,365,no_departure_in_window
ACP000175,176,2021-02-21,2025-12-03,Voluntary,false,,337,other_departure
ACP000176,177,2020-04-19,2024-07-11,Voluntary,true,,0,no_departure_in_window
ACP000177,178,2024-11-02,2025-12-11,End of Contract,false,,345,other_departure
ACP000178,179,2021-03-04,2023-03-22,Involuntary,false,,0,no_departure_in_window
ACP000179,180,2025-05-17,,,,,229,no_departure_in_window
ACP000180,181,2025-04-06,,,,,270,no_departure_in_window
ACP000181,182,2025-10-14,2025-11-09,End of Contract,false,,27,other_departure
ACP000182,183,2022-12-12,,,,,365,no_departure_in_window
ACP000183,184,2022-07-23,,,,,365,no_departure_in_window
ACP000184,185,2022-09-08,,,,,365,no_departure_in_window
ACP000185,186,2023-02-06,2023-12-20,End of Contract,false,,0,no_departure_in_window
ACP000186,187,2021-12-26,,,,,365,no_departure_in_window
ACP000187,188,2025-07-14,,,,,171,no_departure_in_window
ACP000188,189,2022-08-15,,,,,365,no_departure_in_window
ACP000189,190,2022-11-22,2024-10-08,End of Contract,false,,0,no_departure_in_window
ACP000190,191,2021-04-27,,,,,365,no_departure_in_window
ACP000191,192,2024-07-09,,,,,365,no_departure_in_window
ACP000192,193,2022-12-09,2025-11-13,Voluntary,false,,317,other_departure
ACP000193,194,2021-12-21,,,,,365,no_departure_in_window
ACP000194,195,2023-08-11,,,,,365,no_departure_in_window
ACP000195,196,2020-08-22,,,,,365,no_departure_in_window
ACP000196,197,2020-12-19,,,,,365,no_departure_in_window
ACP000197,198,2021-02-07,,,,,365,no_departure_in_window
ACP000198,199,2025-09-30,,,,,93,no_departure_in_window
ACP000199,200,2020-05-22,,,,,365,no_departure_in_window
ACP000200,201,2025-09-13,,,,,110,no_departure_in_window
ACP000201,202,2024-10-01,2025-11-05,Voluntary,true,,309,confirmed_regretted_departure
ACP000202,203,2020-09-26,,,,,365,no_departure_in_window
ACP000203,204,2024-09-16,,,,,365,no_departure_in_window
ACP000204,205,2020-02-04,,,,,365,no_departure_in_window
ACP000205,206,2024-04-15,,,,,365,no_departure_in_window
ACP000206,207,2023-10-04,2023-09-24,Voluntary,true,termination_before_hire,0,excluded_invalid_dates
ACP000207,208,2023-03-27,,,,,365,no_departure_in_window
ACP000208,209,2022-03-03,,,,,365,no_departure_in_window
ACP000209,210,2023-03-21,,,,,365,no_departure_in_window
ACP000210,211,2023-03-25,,,,,365,no_departure_in_window
ACP000211,212,2025-01-16,2025-05-09,Voluntary,true,,114,confirmed_regretted_departure
ACP000212,213,2025-08-16,2025-12-23,End of Contract,false,,130,other_departure
ACP000213,214,2021-08-07,2022-01-02,Involuntary,false,,0,no_departure_in_window
ACP000214,215,2022-01-27,,,,,365,no_departure_in_window
ACP000215,216,2021-02-13,,,,,365,no_departure_in_window
ACP000216,217,2022-05-07,,,,,365,no_departure_in_window
ACP000217,218,2023-11-01,2025-03-28,Voluntary,false,,87,other_departure
ACP000218,219,2023-02-26,2023-12-30,Voluntary,true,,0,no_departure_in_window
ACP000219,220,2023-11-18,,,,,365,no_departure_in_window
ACP000220,221,2020-07-10,,,,,365,no_departure_in_window
ACP000221,222,2023-04-30,2023-12-17,Voluntary,false,,0,no_departure_in_window
ACP000222,223,2025-06-07,2025-12-14,Voluntary,true,,191,confirmed_regretted_departure
ACP000223,224,2020-01-09,,,,,365,no_departure_in_window
ACP000224,225,2021-12-18,,,,,365,no_departure_in_window
ACP000225,226,2022-01-06,,,,,365,no_departure_in_window
ACP000226,227,2023-08-24,,,,,365,no_departure_in_window
ACP000227,228,2020-05-30,2020-06-27,End of Contract,false,,0,no_departure_in_window
ACP000228,229,2024-05-11,2025-12-13,Voluntary,false,,347,other_departure
ACP000229,230,2022-09-17,,,,,365,no_departure_in_window
ACP000230,231,2020-02-26,,,,,365,no_departure_in_window
ACP000231,232,2024-12-28,,,,,365,no_departure_in_window
ACP000232,233,2023-05-10,,,,,365,no_departure_in_window
ACP000233,234,2024-03-06,,,,,365,no_departure_in_window
ACP000234,235,2024-07-13,2024-12-19,Voluntary,true,,0,no_departure_in_window
ACP000235,236,2024-09-30,,,,,365,no_departure_in_window
ACP000236,237,2021-09-18,2021-12-16,End of Contract,false,,0,no_departure_in_window
ACP000237,238,2020-11-21,,,,,365,no_departure_in_window
ACP000238,239,2022-04-05,,,,,365,no_departure_in_window
ACP000239,240,2022-05-25,,,,,365,no_departure_in_window
ACP000240,241,2024-02-11,,,,,365,no_departure_in_window
ACP000241,242,2022-01-27,,,,,365,no_departure_in_window
ACP000242,243,2024-02-03,,,,,365,no_departure_in_window
ACP000243,244,2024-08-28,,,,,365,no_departure_in_window
ACP000244,245,2021-07-21,2024-03-12,Involuntary,false,,0,no_departure_in_window
ACP000245,246,2024-05-25,2024-10-14,Involuntary,false,,0,no_departure_in_window
ACP000246,247,2022-08-08,,,,,365,no_departure_in_window
ACP000247,248,2024-08-06,,,,,365,no_departure_in_window
ACP000248,249,2023-02-20,2023-10-22,End of Contract,false,,0,no_departure_in_window
ACP000249,250,2025-10-28,,,,,65,no_departure_in_window
ACP000250,251,2023-11-24,2024-03-29,Voluntary,false,,0,no_departure_in_window
ACP000251,252,2021-02-25,2021-04-30,Voluntary,true,,0,no_departure_in_window
ACP000252,253,2023-05-11,,,,,365,no_departure_in_window
ACP000253,254,2024-01-02,,,,,365,no_departure_in_window
ACP000254,255,2022-07-12,,,,,365,no_departure_in_window
ACP000255,256,2024-05-05,,,,,365,no_departure_in_window
ACP000256,257,2021-08-29,2022-01-24,Voluntary,false,,0,no_departure_in_window
ACP000257,258,2023-04-18,2023-04-30,End of Contract,false,,0,no_departure_in_window
ACP000258,259,2023-09-05,2024-08-12,Voluntary,true,,0,no_departure_in_window
ACP000259,260,2023-09-13,,,,,365,no_departure_in_window
ACP000260,261,2021-11-11,,,,,365,no_departure_in_window
ACP000261,262,2023-11-26,,,,,365,no_departure_in_window
ACP000262,263,2021-12-19,,,,,365,no_departure_in_window
ACP000263,264,2021-04-22,2025-01-05,End of Contract,false,,5,other_departure
ACP000264,265,2020-08-26,,,,,365,no_departure_in_window
ACP000265,266,2023-08-29,,,,,365,no_departure_in_window
ACP000266,267,2025-08-13,,,,,141,no_departure_in_window
ACP000267,268,2023-08-28,2023-11-26,,,termination_type_unknown|regretted_classification_unknown,0,no_departure_in_window
ACP000268,269,2025-03-03,,,,,304,no_departure_in_window
ACP000269,270,2023-04-18,,,,,365,no_departure_in_window
ACP000270,271,2025-02-22,,,,,313,no_departure_in_window
ACP000271,272,2024-11-06,,,,,365,no_departure_in_window
ACP000272,273,2024-12-22,,,,,365,no_departure_in_window
ACP000273,274,2022-06-02,,,,,365,no_departure_in_window
ACP000274,275,2023-04-20,2023-12-26,Voluntary,false,,0,no_departure_in_window
ACP000275,276,2024-10-19,2024-12-31,Voluntary,true,,0,no_departure_in_window
ACP000276,277,2023-05-01,2023-06-10,Voluntary,true,,0,no_departure_in_window
ACP000277,278,2020-07-31,2021-01-02,Voluntary,true,,0,no_departure_in_window
ACP000278,279,2021-05-25,,,,,365,no_departure_in_window
ACP000279,280,2020-11-01,,,,,365,no_departure_in_window
ACP000280,281,2022-12-08,2024-12-25,Voluntary,true,,0,no_departure_in_window
ACP000281,282,2024-08-14,2025-03-13,Voluntary,true,,72,confirmed_regretted_departure
ACP000282,283,2024-06-11,2024-09-02,Voluntary,true,,0,no_departure_in_window
ACP000283,284,2021-07-26,,,,,365,no_departure_in_window
ACP000284,285,2025-03-31,,,,,276,no_departure_in_window
ACP000285,286,2020-06-28,,,,,365,no_departure_in_window
ACP000286,287,2020-06-18,,,,,365,no_departure_in_window
ACP000287,288,2023-12-20,2024-11-16,Involuntary,false,,0,no_departure_in_window
ACP000288,289,2024-02-11,,,,,365,no_departure_in_window
ACP000289,290,2020-08-05,2024-03-28,Voluntary,false,,0,no_departure_in_window
ACP000290,291,2020-02-20,,,,,365,no_departure_in_window
ACP000291,292,2020-08-13,,,,,365,no_departure_in_window
ACP000292,293,2023-05-16,2025-07-27,Voluntary,true,,208,confirmed_regretted_departure
ACP000293,294,2021-09-18,,,,,365,no_departure_in_window
ACP000294,295,2021-08-01,2021-11-05,Involuntary,false,,0,no_departure_in_window
ACP000295,296,2020-01-11,2020-09-29,Voluntary,true,,0,no_departure_in_window
ACP000296,297,2025-07-14,,,,,171,no_departure_in_window
ACP000297,298,2022-02-11,,,,,365,no_departure_in_window
ACP000298,299,2022-05-03,,,,,365,no_departure_in_window
ACP000299,300,2023-09-15,2024-12-07,Voluntary,true,,0,no_departure_in_window
ACP000300,301,2020-09-27,2024-01-30,Voluntary,false,,0,no_departure_in_window
ACP000301,302,2025-07-20,,,,,165,no_departure_in_window
ACP000302,303,2024-09-18,2025-01-28,Voluntary,true,,28,confirmed_regretted_departure
ACP000303,304,2022-10-21,2024-01-08,Voluntary,true,,0,no_departure_in_window
ACP000304,305,2023-04-04,2023-06-05,Involuntary,false,,0,no_departure_in_window
ACP000305,306,2023-11-25,,,,,365,no_departure_in_window
ACP000306,307,2021-05-15,,,,,365,no_departure_in_window
ACP000307,308,2021-07-06,,,,,365,no_departure_in_window
ACP000308,309,2021-11-04,2021-11-20,Involuntary,false,,0,no_departure_in_window
ACP000309,310,2020-12-16,,,,,365,no_departure_in_window
ACP000310,311,2022-06-11,2025-07-19,Involuntary,false,,200,other_departure
ACP000311,312,2023-11-15,2024-12-10,Voluntary,true,,0,no_departure_in_window
ACP000312,313,2022-12-04,,,,,365,no_departure_in_window
ACP000313,314,2023-07-21,,,,,365,no_departure_in_window
ACP000314,315,2025-10-05,,,,,88,no_departure_in_window
ACP000315,316,2024-12-05,2025-05-23,Involuntary,false,,143,other_departure
ACP000316,317,2022-09-29,,,,,365,no_departure_in_window
ACP000317,318,2020-06-16,,,,,365,no_departure_in_window
ACP000318,319,2022-06-03,2023-11-14,Voluntary,false,,0,no_departure_in_window
ACP000319,320,2024-01-03,,,,,365,no_departure_in_window
ACP000320,321,2020-12-01,,,,,365,no_departure_in_window
ACP000321,322,2024-07-31,2024-11-13,Voluntary,true,,0,no_departure_in_window
ACP000322,323,2024-09-06,2025-10-14,End of Contract,false,,287,other_departure
ACP000323,324,2024-03-17,2024-06-29,Involuntary,false,,0,no_departure_in_window
ACP000324,325,2025-10-26,,,,,67,no_departure_in_window
ACP000325,326,2021-02-22,,,,,365,no_departure_in_window
ACP000326,327,2022-08-01,,,,,365,no_departure_in_window
ACP000327,328,2024-01-07,2025-01-19,Involuntary,false,,19,other_departure
ACP000328,329,2022-04-12,,,,,365,no_departure_in_window
ACP000329,330,2023-12-14,,,,,365,no_departure_in_window
ACP000330,331,2020-03-23,2024-05-28,End of Contract,false,,0,no_departure_in_window
ACP000331,332,2021-12-29,,,,,365,no_departure_in_window
ACP000332,333,2020-01-30,,,,,365,no_departure_in_window
ACP000333,334,2020-11-21,2022-04-22,Involuntary,false,,0,no_departure_in_window
ACP000334,335,2024-05-26,,,,seniority_mapping_assumed,365,no_departure_in_window
ACP000335,336,2024-06-18,2024-11-19,Voluntary,false,,0,no_departure_in_window
ACP000336,337,2024-04-14,2025-06-03,Voluntary,false,,154,other_departure
ACP000337,338,2022-05-06,,,,,365,no_departure_in_window
ACP000338,339,2020-09-24,,,,,365,no_departure_in_window
ACP000339,340,2024-03-07,,,,,365,no_departure_in_window
ACP000340,341,2021-04-07,,,,,365,no_departure_in_window
ACP000341,342,2020-02-26,,,,,365,no_departure_in_window
ACP000342,343,2020-01-27,,,,,365,no_departure_in_window
ACP000343,344,2025-09-20,,,,,103,no_departure_in_window
ACP000344,345,2025-10-29,,,,,64,no_departure_in_window
ACP000345,346,2023-05-17,,,,,365,no_departure_in_window
ACP000346,347,2020-10-10,2021-09-02,Voluntary,true,,0,no_departure_in_window
ACP000347,348,2021-07-14,,,,,365,no_departure_in_window
ACP000348,349,2020-02-10,,,,,365,no_departure_in_window
ACP000349,350,2024-12-04,,,,,365,no_departure_in_window
ACP000350,351,2022-02-05,,,,,365,no_departure_in_window
ACP000351,352,2022-07-29,2024-03-29,End of Contract,false,,0,no_departure_in_window
ACP000352,353,2025-04-28,,,,,248,no_departure_in_window
ACP000353,354,2023-09-06,2025-01-10,Voluntary,false,,10,other_departure
ACP000354,355,2024-01-27,,,,,365,no_departure_in_window
ACP000355,356,2025-06-03,,,,,212,no_departure_in_window
ACP000356,357,2020-04-12,2021-02-23,End of Contract,false,,0,no_departure_in_window
ACP000357,358,2023-04-29,,,,,365,no_departure_in_window
ACP000358,359,2020-05-11,2023-01-18,Involuntary,false,,0,no_departure_in_window
ACP000359,360,2022-01-08,2022-04-27,Voluntary,true,,0,no_departure_in_window
ACP000360,361,2023-05-04,2025-10-05,Voluntary,true,,278,confirmed_regretted_departure
ACP000361,362,2021-12-05,,,,,365,no_departure_in_window
ACP000362,363,2025-09-15,,,,,108,no_departure_in_window
ACP000363,364,2021-11-06,2023-08-27,Involuntary,false,,0,no_departure_in_window
ACP000364,365,2025-01-15,,,,,351,no_departure_in_window
ACP000365,366,2023-08-27,,,,,365,no_departure_in_window
ACP000366,367,2020-12-25,2025-09-11,Involuntary,false,,254,other_departure
ACP000367,368,2022-11-10,,,,,365,no_departure_in_window
ACP000368,369,2025-05-24,2025-12-08,Voluntary,true,missing_or_unknown_country,199,confirmed_regretted_departure
ACP000369,370,2023-08-21,,,,,365,no_departure_in_window
ACP000370,371,2020-06-24,2021-05-08,Voluntary,false,,0,no_departure_in_window
ACP000371,372,2025-02-26,,,,,309,no_departure_in_window
ACP000372,373,2023-12-28,,,,,365,no_departure_in_window
ACP000373,374,2023-05-25,,,,,365,no_departure_in_window
ACP000374,375,2024-08-05,2025-08-26,Voluntary,true,,238,confirmed_regretted_departure
ACP000375,376,2024-05-10,,,,,365,no_departure_in_window
ACP000376,377,2023-05-26,,,,,365,no_departure_in_window
ACP000377,378,2021-09-16,,,,,365,no_departure_in_window
ACP000378,379,2023-11-16,,,,,365,no_departure_in_window
ACP000379,380,2023-02-27,2023-05-25,Involuntary,false,,0,no_departure_in_window
ACP000380,381,2023-01-15,2024-03-23,Voluntary,true,,0,no_departure_in_window
ACP000381,382,2020-03-07,,,,,365,no_departure_in_window
ACP000382,383,2024-01-11,,,,,365,no_departure_in_window
ACP000383,384,2024-09-28,,,,,365,no_departure_in_window
ACP000384,385,2023-04-02,2025-04-18,Involuntary,false,,108,other_departure
ACP000385,386,2023-06-02,,,,,365,no_departure_in_window
ACP000386,387,2024-05-09,2025-03-21,Voluntary,true,,80,confirmed_regretted_departure
ACP000387,388,2020-05-11,,,,,365,no_departure_in_window
ACP000388,389,2025-07-21,,,,,164,no_departure_in_window
ACP000389,390,2023-11-13,,,,,365,no_departure_in_window
ACP000390,391,2020-08-14,2021-01-02,Voluntary,true,,0,no_departure_in_window
ACP000391,392,2022-10-25,,,,,365,no_departure_in_window
ACP000392,393,2024-09-08,,,,,365,no_departure_in_window
ACP000393,394,2025-08-18,,,,,136,no_departure_in_window
ACP000394,395,2025-04-05,,,,,271,no_departure_in_window
ACP000395,396,2021-04-08,,,,,365,no_departure_in_window
ACP000396,397,2021-02-24,2024-05-22,Voluntary,false,,0,no_departure_in_window
ACP000397,398,2022-10-31,,,,,365,no_departure_in_window
ACP000398,399,2025-10-18,,,,,75,no_departure_in_window
ACP000399,400,2025-02-27,,,,,308,no_departure_in_window
ACP000400,401,2021-06-23,,,,,365,no_departure_in_window
ACP000401,402,2023-01-18,,,,,365,no_departure_in_window
ACP000402,403,2025-01-04,,,,,362,no_departure_in_window
ACP000403,404,2025-06-07,2025-08-07,Voluntary,false,,62,other_departure
ACP000404,405,2023-09-06,2025-11-22,Voluntary,true,,326,confirmed_regretted_departure
ACP000405,406,2021-01-17,,,,country_alias_mapped,365,no_departure_in_window
ACP000406,407,2025-05-30,2025-12-01,Voluntary,false,,186,other_departure
ACP000407,408,2020-02-27,,,,,365,no_departure_in_window
ACP000408,409,2022-10-09,,,,,365,no_departure_in_window
ACP000409,410,2022-02-25,,,,,365,no_departure_in_window
ACP000410,411,2024-07-27,,,,,365,no_departure_in_window
ACP000411,412,2024-02-19,2025-12-01,Voluntary,true,,335,confirmed_regretted_departure
ACP000412,413,2025-11-24,,,,,38,no_departure_in_window
ACP000413,414,2023-02-27,2023-09-03,Voluntary,true,,0,no_departure_in_window
ACP000414,415,2024-05-16,,,,,365,no_departure_in_window
ACP000415,416,2020-02-20,,,,,365,no_departure_in_window
ACP000416,417,2025-05-30,,,,,216,no_departure_in_window
ACP000417,418,2023-03-11,2025-03-17,Voluntary,false,,76,other_departure
ACP000418,419,2021-06-19,,,,,365,no_departure_in_window
ACP000419,420,2025-07-19,,,,,166,no_departure_in_window
ACP000420,421,2022-07-08,,,,,365,no_departure_in_window
ACP000421,422,2024-10-13,,,,,365,no_departure_in_window
ACP000422,423,2023-01-22,2024-12-29,Involuntary,false,,0,no_departure_in_window
ACP000423,424,2023-11-24,,,,,365,no_departure_in_window
ACP000424,425,2024-04-15,,,,,365,no_departure_in_window
ACP000425,426,2025-04-20,,,,,256,no_departure_in_window
ACP000426,427,2022-04-01,2022-06-02,Voluntary,false,,0,no_departure_in_window
ACP000427,428,2022-09-22,,,,,365,no_departure_in_window
ACP000428,429,2024-06-09,2024-07-28,Involuntary,false,,0,no_departure_in_window
ACP000429,430,2023-12-30,,,,,365,no_departure_in_window
ACP000430,431,2022-02-09,2022-12-20,Voluntary,true,,0,no_departure_in_window
ACP000431,432,2020-01-05,2023-08-04,Voluntary,false,,0,no_departure_in_window
ACP000432,433,2021-12-13,,,,,365,no_departure_in_window
ACP000433,434,2025-07-26,,,,,159,no_departure_in_window
ACP000434,435,2020-08-31,,,,,365,no_departure_in_window
ACP000435,436,2020-01-09,,,,,365,no_departure_in_window
ACP000436,437,2025-01-18,,,,,348,no_departure_in_window
ACP000437,438,2024-02-10,,,,,365,no_departure_in_window
ACP000438,439,2025-05-23,,,,,223,no_departure_in_window
ACP000439,440,2023-04-28,,,,,365,no_departure_in_window
ACP000440,441,2023-12-29,,,,,365,no_departure_in_window
ACP000441,442,2021-09-16,,,,,365,no_departure_in_window
ACP000442,443,2025-05-22,,,,,224,no_departure_in_window
ACP000443,444,2020-05-25,,,,,365,no_departure_in_window
ACP000444,445,2022-05-23,2022-10-26,Voluntary,false,,0,no_departure_in_window
ACP000445,446,2022-03-02,2022-05-31,,,termination_type_unknown|regretted_classification_unknown,0,no_departure_in_window
ACP000446,447,2021-02-14,,,,,365,no_departure_in_window
ACP000447,448,2023-01-25,,,,,365,no_departure_in_window
ACP000448,449,2020-08-22,,,,,365,no_departure_in_window
ACP000449,450,2025-04-14,,,,,262,no_departure_in_window
ACP000450,451,2021-09-05,,,,,365,no_departure_in_window
ACP000451,452,2021-06-09,2025-09-24,Involuntary,false,,267,other_departure
ACP000452,453,2025-05-28,,,,,218,no_departure_in_window
ACP000453,454,2020-07-09,,,,,365,no_departure_in_window
ACP000454,455,2021-07-01,,,,,365,no_departure_in_window
ACP000455,456,2025-11-29,,,,,33,no_departure_in_window
ACP000456,457,2021-09-21,,,,,365,no_departure_in_window
ACP000457,458,2021-04-27,,,,,365,no_departure_in_window
ACP000458,459,2024-11-05,2025-12-29,Voluntary,false,,363,other_departure
ACP000459,460,2023-02-19,2023-06-10,End of Contract,false,,0,no_departure_in_window
ACP000460,461,2024-02-29,2024-10-27,Involuntary,false,,0,no_departure_in_window
ACP000461,462,2023-10-16,,,,,365,no_departure_in_window
ACP000462,463,2021-06-06,2022-04-15,Voluntary,true,,0,no_departure_in_window
ACP000463,464,2024-07-06,,,,,365,no_departure_in_window
ACP000464,465,2022-06-12,2024-11-10,Involuntary,false,,0,no_departure_in_window
ACP000465,466,2022-12-10,2025-12-21,Involuntary,false,,355,other_departure
ACP000466,467,2024-09-13,2025-10-04,Voluntary,false,,277,other_departure
ACP000467,468,2022-05-26,2023-11-21,End of Contract,false,,0,no_departure_in_window
ACP000468,469,2024-11-25,,,,,365,no_departure_in_window
ACP000469,470,2025-01-03,,,,,363,no_departure_in_window
ACP000470,471,2020-08-06,2025-06-05,Voluntary,false,,156,other_departure
ACP000471,472,2021-08-03,,,,,365,no_departure_in_window
ACP000472,473,2022-11-09,,,,,365,no_departure_in_window
ACP000473,474,2023-11-06,,,,,365,no_departure_in_window
ACP000474,475,2023-07-10,2025-12-08,Voluntary,true,,342,confirmed_regretted_departure
ACP000475,476,2023-12-29,2025-05-21,End of Contract,false,,141,other_departure
ACP000476,477,2020-04-03,,,,,365,no_departure_in_window
ACP000477,478,2022-11-28,,,,,365,no_departure_in_window
ACP000478,479,2022-06-19,2022-08-25,Voluntary,true,,0,no_departure_in_window
ACP000479,480,2022-03-06,,,,,365,no_departure_in_window
ACP000480,481,2020-05-11,2020-08-18,End of Contract,false,,0,no_departure_in_window
ACP000481,482,2023-07-23,2024-04-21,Voluntary,true,,0,no_departure_in_window
ACP000482,483,2022-07-23,,,,,365,no_departure_in_window
ACP000483,484,2025-07-11,,,,,174,no_departure_in_window
ACP000484,485,2023-01-01,,,,,365,no_departure_in_window
ACP000485,486,2025-10-18,,,,,75,no_departure_in_window
ACP000486,487,2023-11-16,,,,,365,no_departure_in_window
ACP000487,488,2023-08-07,,,,,365,no_departure_in_window
ACP000488,489,2025-04-06,,,,,270,no_departure_in_window
ACP000489,490,2020-11-14,2020-12-23,Involuntary,false,,0,no_departure_in_window
ACP000490,491,2024-04-11,2024-07-16,Voluntary,false,,0,no_departure_in_window
ACP000491,492,2021-01-01,,,,,365,no_departure_in_window
ACP000492,493,2023-02-28,,,,,365,no_departure_in_window
ACP000493,494,2025-05-31,,,,,215,no_departure_in_window
ACP000494,495,2025-04-04,,,,,272,no_departure_in_window
ACP000495,496,2020-12-20,,,,,365,no_departure_in_window
ACP000496,497,2024-08-23,,,,,365,no_departure_in_window
ACP000497,498,2020-02-01,,,,,365,no_departure_in_window
ACP000498,499,2023-10-18,2023-12-13,Voluntary,true,,0,no_departure_in_window
ACP000499,500,2024-12-29,2025-12-29,Voluntary,false,,363,other_departure
ACP000500,501,2025-04-16,,,,,260,no_departure_in_window
ACP000501,502,2025-04-19,,,,,257,no_departure_in_window
ACP000502,503,2023-02-02,,,,,365,no_departure_in_window
ACP000503,504,2022-08-28,2023-04-21,Involuntary,false,,0,no_departure_in_window
ACP000504,505,2024-05-24,2025-12-21,Voluntary,true,,355,confirmed_regretted_departure
ACP000505,506,2023-08-21,,,,,365,no_departure_in_window
ACP000506,507,2023-02-08,2025-12-27,Voluntary,false,,361,other_departure
ACP000507,508,2020-03-15,2022-07-16,Voluntary,true,,0,no_departure_in_window
ACP000508,509,2021-04-24,2023-03-12,Voluntary,false,,0,no_departure_in_window
ACP000509,510,2020-01-27,,,,,365,no_departure_in_window
ACP000510,511,2023-12-22,,,,,365,no_departure_in_window
ACP000511,512,2020-04-15,,,,,365,no_departure_in_window
ACP000512,513,2020-06-04,,,,,365,no_departure_in_window
ACP000513,514,2021-04-22,,,,,365,no_departure_in_window
ACP000514,515,2024-09-26,2024-12-28,Involuntary,false,,0,no_departure_in_window
ACP000515,516,2020-11-11,,,,,365,no_departure_in_window
ACP000516,517,2020-12-21,2021-03-31,End of Contract,false,,0,no_departure_in_window
ACP000517,518,2025-03-08,2025-05-06,Voluntary,true,,60,confirmed_regretted_departure
ACP000518,519,2023-05-30,,,,,365,no_departure_in_window
ACP000519,520,2021-12-04,,,,,365,no_departure_in_window
ACP000520,521,2025-03-29,2025-12-25,Voluntary,true,,272,confirmed_regretted_departure
ACP000521,522,2023-05-03,2024-05-05,Involuntary,false,,0,no_departure_in_window
ACP000522,523,2020-01-24,2024-02-21,Voluntary,false,,0,no_departure_in_window
ACP000523,524,2025-05-27,2025-12-19,Voluntary,false,,207,other_departure
ACP000524,525,2024-04-08,,,,,365,no_departure_in_window
ACP000525,526,2024-03-14,2024-03-26,Voluntary,false,,0,no_departure_in_window
ACP000526,527,2023-07-22,,,,,365,no_departure_in_window
ACP000527,528,2024-10-04,2025-12-17,Voluntary,false,,351,other_departure
ACP000528,529,2021-05-01,,,,,365,no_departure_in_window
ACP000529,530,2021-11-14,,,,,365,no_departure_in_window
ACP000530,531,2025-08-13,,,,,141,no_departure_in_window
ACP000531,532,2022-12-29,,,,,365,no_departure_in_window
ACP000532,533,2020-04-29,,,,,365,no_departure_in_window
ACP000533,534,2024-02-12,2025-01-23,Voluntary,true,,23,confirmed_regretted_departure
ACP000534,535,2024-09-04,2024-11-26,Voluntary,,regretted_classification_unknown,0,no_departure_in_window
ACP000535,536,2022-02-10,,,,,365,no_departure_in_window
ACP000536,537,2024-11-05,,,,,365,no_departure_in_window
ACP000537,538,2025-03-16,,,,,291,no_departure_in_window
ACP000538,539,2020-08-28,,,,,365,no_departure_in_window
ACP000539,540,2024-11-30,,,,,365,no_departure_in_window
ACP000540,541,2023-02-22,2024-01-15,End of Contract,false,,0,no_departure_in_window
ACP000541,542,2024-03-01,,,,,365,no_departure_in_window
ACP000542,543,2025-08-26,,,,,128,no_departure_in_window
ACP000543,544,2021-04-14,,,,,365,no_departure_in_window
ACP000544,545,2021-09-03,,,,,365,no_departure_in_window
ACP000545,546,2021-04-18,,,,,365,no_departure_in_window
ACP000546,547,2022-06-03,,,,,365,no_departure_in_window
ACP000547,548,2023-01-27,,,,,365,no_departure_in_window
ACP000548,549,2020-06-21,,,,,365,no_departure_in_window
ACP000549,550,2020-06-30,2024-04-09,Involuntary,false,,0,no_departure_in_window
ACP000550,551,2021-08-11,2025-08-04,Voluntary,false,,216,other_departure
ACP000551,552,2023-03-04,,,,,365,no_departure_in_window
ACP000552,553,2020-07-11,,,,,365,no_departure_in_window
ACP000553,554,2023-02-25,2025-01-10,Voluntary,true,,10,confirmed_regretted_departure
ACP000554,555,2024-09-21,,,,,365,no_departure_in_window
ACP000555,556,2020-03-20,2020-10-26,Voluntary,true,,0,no_departure_in_window
ACP000556,557,2021-05-22,2021-06-03,Voluntary,false,,0,no_departure_in_window
ACP000557,558,2020-02-18,2025-05-15,Involuntary,false,,135,other_departure
ACP000558,559,2023-02-08,,,,,365,no_departure_in_window
ACP000559,560,2021-10-28,2023-04-19,End of Contract,false,,0,no_departure_in_window
ACP000560,561,,2024-04-27,Voluntary,false,missing_hire_date,0,excluded_invalid_dates
ACP000561,562,2022-06-06,,,,,365,no_departure_in_window
ACP000562,563,2025-09-22,,,,,101,no_departure_in_window
ACP000563,564,2025-10-25,,,,,68,no_departure_in_window
ACP000564,565,2023-09-03,,,,,365,no_departure_in_window
ACP000565,566,2025-11-20,,,,,42,no_departure_in_window
ACP000566,567,2021-04-07,,,,seniority_mapping_assumed,365,no_departure_in_window
ACP000567,568,2022-10-10,,,,,365,no_departure_in_window
ACP000568,569,2020-08-12,2020-10-24,Voluntary,false,,0,no_departure_in_window
ACP000569,570,2025-04-10,,,,,266,no_departure_in_window
ACP000570,571,2022-09-14,,,,,365,no_departure_in_window
ACP000571,572,2021-07-27,,,,,365,no_departure_in_window
ACP000572,573,2023-08-25,,,,,365,no_departure_in_window
ACP000573,574,2022-12-16,,,,,365,no_departure_in_window
ACP000574,575,2025-06-05,2025-09-18,Voluntary,true,,106,confirmed_regretted_departure
ACP000575,576,2022-10-24,2024-09-25,End of Contract,false,,0,no_departure_in_window
ACP000576,577,2023-05-23,,,,,365,no_departure_in_window
ACP000577,578,2021-10-26,,,,,365,no_departure_in_window
ACP000578,579,2020-06-03,2023-05-04,Voluntary,false,,0,no_departure_in_window
ACP000579,580,2020-08-21,2020-11-19,End of Contract,false,,0,no_departure_in_window
ACP000580,581,2023-11-30,2024-01-16,Voluntary,false,,0,no_departure_in_window
ACP000581,582,2025-04-17,2025-10-27,Involuntary,false,,194,other_departure
ACP000582,583,2022-11-16,,,,,365,no_departure_in_window
ACP000583,584,2020-10-01,,,,,365,no_departure_in_window
ACP000584,585,2022-05-17,2022-06-30,Involuntary,false,,0,no_departure_in_window
ACP000585,586,2023-12-09,2024-03-24,Voluntary,true,,0,no_departure_in_window
ACP000586,587,2024-04-06,,,,,365,no_departure_in_window
ACP000587,588,2024-11-20,,,,,365,no_departure_in_window
ACP000588,589,2024-08-03,2025-12-28,Voluntary,true,,362,confirmed_regretted_departure
ACP000589,590,2022-08-02,2023-02-15,Voluntary,false,,0,no_departure_in_window
ACP000590,591,2022-09-07,,,,,365,no_departure_in_window
ACP000591,592,2021-01-25,2022-06-26,Voluntary,false,,0,no_departure_in_window
ACP000592,593,2022-11-27,2023-05-22,Involuntary,false,,0,no_departure_in_window
ACP000593,594,2024-01-09,2024-10-21,Voluntary,false,,0,no_departure_in_window
ACP000594,595,2024-10-23,,,,,365,no_departure_in_window
ACP000595,596,2020-06-08,,,,,365,no_departure_in_window
ACP000596,597,2023-01-02,,,,,365,no_departure_in_window
ACP000597,598,2025-01-12,,,,,354,no_departure_in_window
ACP000598,599,2023-08-16,2023-12-21,Voluntary,true,,0,no_departure_in_window
ACP000599,600,2023-07-22,,,,,365,no_departure_in_window
ACP000600,601,2022-07-07,,,,,365,no_departure_in_window
ACP000601,602,2024-08-25,,,,,365,no_departure_in_window
ACP000602,603,2021-11-29,2022-02-03,Involuntary,false,,0,no_departure_in_window
ACP000603,604,2024-04-11,,,,,365,no_departure_in_window
ACP000604,605,2024-12-24,,,,,365,no_departure_in_window
ACP000605,606,2022-08-11,,,,,365,no_departure_in_window
ACP000606,607,2023-04-14,2025-08-15,Voluntary,false,,227,other_departure
ACP000607,608,2024-04-09,2024-03-24,Voluntary,false,termination_before_hire,0,excluded_invalid_dates
ACP000608,609,2021-12-12,2022-03-30,Voluntary,false,,0,no_departure_in_window
ACP000609,610,2020-06-08,2020-09-12,End of Contract,false,,0,no_departure_in_window
ACP000610,611,2021-03-27,,,,,365,no_departure_in_window
ACP000611,612,2025-03-23,,,,,284,no_departure_in_window
ACP000612,613,2021-05-07,,,,,365,no_departure_in_window
ACP000613,614,2025-02-15,,,,,320,no_departure_in_window
ACP000614,615,2022-12-23,,,,,365,no_departure_in_window
ACP000615,616,2022-01-24,,,,,365,no_departure_in_window
ACP000616,617,2023-08-06,2025-10-24,Voluntary,true,missing_or_unknown_country,297,confirmed_regretted_departure
ACP000617,618,2022-12-14,2023-08-29,Voluntary,false,,0,no_departure_in_window
ACP000618,619,2023-02-12,,,,,365,no_departure_in_window
ACP000619,620,2023-04-06,,,,,365,no_departure_in_window
ACP000620,621,2021-11-10,,,,,365,no_departure_in_window
ACP000621,622,2024-02-19,,,,,365,no_departure_in_window
ACP000622,623,2020-05-19,,,,,365,no_departure_in_window
ACP000623,624,2025-09-05,2025-12-04,,,termination_type_unknown|regretted_classification_unknown,91,potentially_regretted_unknown
ACP000624,625,2021-01-11,,,,,365,no_departure_in_window
ACP000625,626,2023-12-28,,,,,365,no_departure_in_window
ACP000626,627,2025-11-13,,,,,49,no_departure_in_window
ACP000627,628,2024-02-17,,,,,365,no_departure_in_window
ACP000628,629,2020-11-15,,,,,365,no_departure_in_window
ACP000629,630,2020-08-29,,,,,365,no_departure_in_window
ACP000630,631,2023-08-03,2023-09-28,Voluntary,true,,0,no_departure_in_window
ACP000631,632,2022-09-18,,,,,365,no_departure_in_window
ACP000632,633,2024-02-19,,,,,365,no_departure_in_window
ACP000633,634,2025-01-15,,,,,351,no_departure_in_window
ACP000634,635,2022-02-21,,,,,365,no_departure_in_window
ACP000635,636,2020-07-01,,,,,365,no_departure_in_window
ACP000636,637,2024-03-09,2025-05-11,Voluntary,true,,131,confirmed_regretted_departure
ACP000637,638,2021-04-22,,,,,365,no_departure_in_window
ACP000638,639,2020-07-22,2020-10-22,End of Contract,false,,0,no_departure_in_window
ACP000639,640,2020-03-19,,,,,365,no_departure_in_window
ACP000640,641,2025-01-31,,,,,335,no_departure_in_window
ACP000641,642,2025-03-10,,,,,297,no_departure_in_window
ACP000642,643,2024-10-29,,,,,365,no_departure_in_window
ACP000643,644,2024-08-18,,,,,365,no_departure_in_window
ACP000644,645,2022-09-24,2022-12-02,Voluntary,true,,0,no_departure_in_window
ACP000645,646,2023-04-22,,,,,365,no_departure_in_window
ACP000646,647,2020-05-13,2020-09-28,Voluntary,true,,0,no_departure_in_window
ACP000647,648,2022-05-21,,,,,365,no_departure_in_window
ACP000648,649,2022-07-29,,,,,365,no_departure_in_window
ACP000649,650,2022-06-17,,,,,365,no_departure_in_window
ACP000650,651,2025-05-06,,,,,240,no_departure_in_window
ACP000651,652,2022-11-01,,,,,365,no_departure_in_window
ACP000652,653,2022-07-31,,,,,365,no_departure_in_window
ACP000653,654,2022-02-17,,,,,365,no_departure_in_window
ACP000654,655,2021-08-07,2022-08-01,Involuntary,false,,0,no_departure_in_window
ACP000655,656,2022-10-09,2025-08-05,Voluntary,true,,217,confirmed_regretted_departure
ACP000656,657,2023-11-27,,,,,365,no_departure_in_window
ACP000657,658,2022-03-12,,,,,365,no_departure_in_window
ACP000658,659,2021-09-18,2025-04-16,Involuntary,false,,106,other_departure
ACP000659,660,2023-08-24,,,,,365,no_departure_in_window
ACP000660,661,2020-10-26,,,,,365,no_departure_in_window
ACP000661,662,2021-10-09,,,,,365,no_departure_in_window
ACP000662,663,2024-06-08,,,,,365,no_departure_in_window
ACP000663,664,2025-04-27,,,,,249,no_departure_in_window
ACP000664,665,2020-10-15,2022-09-15,Voluntary,false,,0,no_departure_in_window
ACP000665,666,2022-07-03,,,,,365,no_departure_in_window
ACP000666,667,2021-04-08,,,,,365,no_departure_in_window
ACP000667,668,2024-09-28,,,,,365,no_departure_in_window
ACP000668,669,2022-11-04,,,,,365,no_departure_in_window
ACP000669,670,2020-01-28,,,,,365,no_departure_in_window
ACP000670,671,2021-02-18,2023-12-23,Involuntary,false,,0,no_departure_in_window
ACP000671,672,2020-01-16,,,,,365,no_departure_in_window
ACP000672,673,2023-01-14,,,,,365,no_departure_in_window
ACP000673,674,2020-07-02,2021-10-22,End of Contract,false,,0,no_departure_in_window
ACP000674,675,2024-06-22,,,,,365,no_departure_in_window
ACP000675,676,2022-08-01,2023-05-12,Voluntary,false,,0,no_departure_in_window
ACP000676,677,2025-03-15,,,,,292,no_departure_in_window
ACP000677,678,2025-10-07,,,,,86,no_departure_in_window
ACP000678,679,2021-10-29,,,,,365,no_departure_in_window
ACP000679,680,2022-08-28,,,,,365,no_departure_in_window
ACP000680,681,2022-09-15,2023-01-17,Voluntary,false,,0,no_departure_in_window
ACP000681,682,2022-01-21,2025-05-12,End of Contract,false,,132,other_departure
ACP000682,683,2025-01-09,,,,,357,no_departure_in_window
ACP000683,684,2024-08-29,,,,,365,no_departure_in_window
ACP000684,685,2020-07-25,2022-11-16,Voluntary,true,,0,no_departure_in_window
ACP000685,686,2020-07-03,,,,,365,no_departure_in_window
ACP000686,687,2024-07-24,2025-11-03,Voluntary,true,,307,confirmed_regretted_departure
ACP000687,688,2025-09-16,,,,,107,no_departure_in_window
ACP000688,689,2024-02-01,2024-12-11,Voluntary,true,,0,no_departure_in_window
ACP000689,690,2021-07-20,2021-08-31,Involuntary,false,,0,no_departure_in_window
ACP000690,691,2025-01-19,2025-05-05,Voluntary,true,,107,confirmed_regretted_departure
ACP000691,692,2022-12-13,2025-04-18,Voluntary,false,,108,other_departure
ACP000692,693,2025-06-24,,,,,191,no_departure_in_window
ACP000693,694,2025-08-05,,,,,149,no_departure_in_window
ACP000694,695,2025-09-03,,,,,120,no_departure_in_window
ACP000695,696,2023-03-10,,,,,365,no_departure_in_window
ACP000696,697,2020-10-23,,,,,365,no_departure_in_window
ACP000697,698,2021-07-31,2024-02-12,End of Contract,false,,0,no_departure_in_window
ACP000698,699,2020-06-28,,,,,365,no_departure_in_window
ACP000699,700,2023-01-19,,,,,365,no_departure_in_window
ACP000700,701,2024-08-18,2025-01-15,Involuntary,false,,15,other_departure
ACP000701,702,2024-04-21,,,,,365,no_departure_in_window
ACP000702,703,2024-08-24,,,,,365,no_departure_in_window
ACP000703,704,2023-04-20,2024-02-10,Involuntary,false,,0,no_departure_in_window
ACP000704,705,2023-08-04,,,,,365,no_departure_in_window
ACP000705,706,2020-12-10,2021-06-25,Voluntary,true,,0,no_departure_in_window
ACP000706,707,2022-08-09,,,,,365,no_departure_in_window
ACP000707,708,2025-08-15,,,,,139,no_departure_in_window
ACP000708,709,2023-10-17,2025-10-19,Involuntary,false,,292,other_departure
ACP000709,710,2020-01-10,,,,,365,no_departure_in_window
ACP000710,711,2021-12-31,,,,,365,no_departure_in_window
ACP000711,712,2024-09-14,,,,,365,no_departure_in_window
ACP000712,713,2020-11-29,,,,,365,no_departure_in_window
ACP000713,714,2024-07-09,,,,,365,no_departure_in_window
ACP000714,715,2024-03-27,,,,,365,no_departure_in_window
ACP000715,716,2020-12-01,2022-04-26,Involuntary,false,,0,no_departure_in_window
ACP000716,717,2023-03-11,,,,,365,no_departure_in_window
ACP000717,718,2020-04-21,2023-05-25,Involuntary,false,,0,no_departure_in_window
ACP000718,719,2021-06-19,2022-04-22,Voluntary,false,,0,no_departure_in_window
ACP000719,720,2024-03-10,,,,,365,no_departure_in_window
ACP000720,721,2020-09-07,,,,,365,no_departure_in_window
ACP000721,722,2025-04-01,,,,,275,no_departure_in_window
ACP000722,723,2024-08-17,,,,,365,no_departure_in_window
ACP000723,724,2021-07-05,,,,,365,no_departure_in_window
ACP000724,725,2024-01-20,,,,,365,no_departure_in_window
ACP000725,726,2022-09-05,,,,,365,no_departure_in_window
ACP000726,727,2025-07-15,,,,,170,no_departure_in_window
ACP000727,728,2024-01-27,,,,,365,no_departure_in_window
ACP000728,729,2021-01-21,,,,,365,no_departure_in_window
ACP000729,730,2022-11-11,,,,,365,no_departure_in_window
ACP000730,731,2022-09-05,2025-06-29,Involuntary,false,,180,other_departure
ACP000731,732,2020-08-16,,,,,365,no_departure_in_window
ACP000732,733,2024-02-06,2025-03-15,Voluntary,false,,74,other_departure
ACP000733,734,2020-06-19,,,,,365,no_departure_in_window
ACP000734,735,2025-05-17,,,,,229,no_departure_in_window
ACP000735,736,2023-11-25,,,,,365,no_departure_in_window
ACP000736,737,2020-08-22,,,,,365,no_departure_in_window
ACP000737,738,2021-01-09,,,,country_alias_mapped,365,no_departure_in_window
ACP000738,739,2022-12-26,,,,,365,no_departure_in_window
ACP000739,740,2020-06-12,2021-01-21,End of Contract,false,,0,no_departure_in_window
ACP000740,741,2022-11-19,2025-06-19,Voluntary,true,,170,confirmed_regretted_departure
ACP000741,742,2024-03-28,,,,,365,no_departure_in_window
ACP000742,743,2023-06-24,2023-12-11,Voluntary,false,,0,no_departure_in_window
ACP000743,744,2024-02-09,2025-09-18,Voluntary,false,,261,other_departure
ACP000744,745,2025-10-28,,,,,65,no_departure_in_window
ACP000745,746,2021-01-10,2025-02-08,Involuntary,false,,39,other_departure
ACP000746,747,2021-10-05,2022-01-29,Voluntary,true,,0,no_departure_in_window
ACP000747,748,2020-06-25,,,,,365,no_departure_in_window
ACP000748,749,2021-10-20,,,,,365,no_departure_in_window
ACP000749,750,2022-02-26,,,,,365,no_departure_in_window
ACP000750,751,2024-09-10,,,,,365,no_departure_in_window
ACP000751,752,2021-03-05,,,,,365,no_departure_in_window
ACP000752,753,2023-09-01,2024-07-17,Voluntary,false,,0,no_departure_in_window
ACP000753,754,2020-04-23,2020-09-21,Involuntary,false,,0,no_departure_in_window
ACP000754,755,2024-06-16,,,,,365,no_departure_in_window
ACP000755,756,2024-01-02,,,,,365,no_departure_in_window
ACP000756,757,2020-10-13,,,,,365,no_departure_in_window
ACP000757,758,2021-04-26,,,,,365,no_departure_in_window
ACP000758,759,2021-07-17,,,,,365,no_departure_in_window
ACP000759,760,2020-10-24,2023-04-17,Involuntary,false,,0,no_departure_in_window
ACP000760,761,2025-08-27,,,,,127,no_departure_in_window
ACP000761,762,2023-05-09,,,,,365,no_departure_in_window
ACP000762,763,2021-07-26,,,,,365,no_departure_in_window
ACP000763,764,2021-10-27,2022-01-02,Voluntary,false,,0,no_departure_in_window
ACP000764,765,2024-05-03,2025-12-24,Voluntary,true,,358,confirmed_regretted_departure
ACP000765,766,2023-02-20,,,,,365,no_departure_in_window
ACP000766,767,2021-06-03,,,,,365,no_departure_in_window
ACP000767,768,2022-06-17,,,,,365,no_departure_in_window
ACP000768,769,2025-03-02,,,,,305,no_departure_in_window
ACP000769,770,2024-09-11,2025-11-16,Voluntary,true,,320,confirmed_regretted_departure
ACP000770,771,2025-01-14,,,,,352,no_departure_in_window
ACP000771,772,2024-07-29,,,,,365,no_departure_in_window
ACP000772,773,2024-08-03,2025-01-22,Voluntary,false,,22,other_departure
ACP000773,774,2022-09-11,2025-09-11,Voluntary,true,,254,confirmed_regretted_departure
ACP000774,775,2024-08-30,,,,,365,no_departure_in_window
ACP000775,776,2024-02-15,,,,,365,no_departure_in_window
ACP000776,777,2023-07-15,2025-03-08,Voluntary,true,,67,confirmed_regretted_departure
ACP000777,778,2022-10-22,,,,,365,no_departure_in_window
ACP000778,779,2025-07-17,,,,,168,no_departure_in_window
ACP000779,780,2024-06-02,,,,,365,no_departure_in_window
ACP000780,781,2023-02-28,,,,,365,no_departure_in_window
ACP000781,782,2020-01-16,,,,,365,no_departure_in_window
ACP000782,783,2021-10-22,,,,,365,no_departure_in_window
ACP000783,784,2024-06-17,,,,,365,no_departure_in_window
ACP000784,785,2022-09-20,2022-11-24,Voluntary,true,,0,no_departure_in_window
ACP000785,786,2023-01-28,2025-06-27,Voluntary,false,,178,other_departure
ACP000786,787,2020-04-28,,,,,365,no_departure_in_window
ACP000787,788,2020-06-16,2020-07-15,End of Contract,false,,0,no_departure_in_window
ACP000788,789,2022-05-10,2025-06-01,Involuntary,false,,152,other_departure
ACP000789,790,2020-12-21,2021-06-28,End of Contract,false,,0,no_departure_in_window
ACP000790,791,2024-06-06,,,,,365,no_departure_in_window
ACP000791,792,2023-10-23,,,,,365,no_departure_in_window
ACP000792,793,2022-09-25,,,,,365,no_departure_in_window
ACP000793,794,2024-03-18,2024-11-03,Voluntary,true,,0,no_departure_in_window
ACP000794,795,2024-02-07,,,,,365,no_departure_in_window
ACP000795,796,2020-03-18,,,,,365,no_departure_in_window
ACP000796,797,2024-11-19,,,,,365,no_departure_in_window
ACP000797,798,2022-10-16,,,,,365,no_departure_in_window
ACP000798,799,2024-12-28,,,,seniority_mapping_assumed,365,no_departure_in_window
ACP000799,800,2023-01-21,2023-05-24,Voluntary,false,,0,no_departure_in_window
ACP000800,801,2024-06-19,,,,,365,no_departure_in_window
ACP000801,802,2025-01-24,2025-04-24,,,termination_type_unknown|regretted_classification_unknown,91,potentially_regretted_unknown
ACP000802,803,2024-04-10,,,,,365,no_departure_in_window
ACP000803,804,2022-05-17,,,,,365,no_departure_in_window
ACP000804,805,2024-11-20,,,,,365,no_departure_in_window
ACP000805,806,2022-01-22,2022-02-08,Involuntary,false,,0,no_departure_in_window
ACP000806,807,2023-08-07,,,,,365,no_departure_in_window
ACP000807,808,2022-06-16,,,,,365,no_departure_in_window
ACP000808,809,2025-10-29,,,,,64,no_departure_in_window
ACP000809,810,2022-03-30,2023-01-22,End of Contract,false,,0,no_departure_in_window
ACP000810,811,2024-08-02,,,,,365,no_departure_in_window
ACP000811,812,2023-11-03,2025-07-26,Voluntary,true,,207,confirmed_regretted_departure
ACP000812,813,2020-06-30,,,,,365,no_departure_in_window
ACP000813,814,2025-03-15,,,,,292,no_departure_in_window
ACP000814,815,2022-01-30,,,,,365,no_departure_in_window
ACP000815,816,2021-08-12,2022-01-19,Involuntary,false,,0,no_departure_in_window
ACP000816,817,2021-02-18,,,,,365,no_departure_in_window
ACP000817,818,2022-11-28,,,,,365,no_departure_in_window
ACP000818,819,2024-05-24,,,,,365,no_departure_in_window
ACP000819,820,2024-11-02,,,,,365,no_departure_in_window
ACP000820,821,2023-06-14,2025-04-14,Involuntary,false,,104,other_departure
ACP000821,822,2025-08-10,,,,,144,no_departure_in_window
ACP000822,823,2020-11-22,,,,,365,no_departure_in_window
ACP000823,824,2021-08-25,,,,,365,no_departure_in_window
ACP000824,825,2024-03-13,2024-04-15,End of Contract,false,,0,no_departure_in_window
ACP000825,826,2023-12-14,2024-12-14,End of Contract,false,,0,no_departure_in_window
ACP000826,827,2022-01-28,,,,,365,no_departure_in_window
ACP000827,828,2024-02-14,2024-06-02,Voluntary,false,,0,no_departure_in_window
ACP000828,829,2021-11-29,,,,,365,no_departure_in_window
ACP000829,830,2022-01-31,2022-09-22,Voluntary,true,,0,no_departure_in_window
ACP000830,831,2021-11-16,,,,,365,no_departure_in_window
ACP000831,832,2021-03-02,,,,,365,no_departure_in_window
ACP000832,833,2023-12-29,2025-06-11,Voluntary,false,,162,other_departure
ACP000833,834,2022-11-30,,,,,365,no_departure_in_window
ACP000834,835,2021-06-13,2021-09-12,Voluntary,false,,0,no_departure_in_window
ACP000835,836,2023-06-29,2023-11-07,Voluntary,true,,0,no_departure_in_window
ACP000836,837,2023-09-23,,,,,365,no_departure_in_window
ACP000837,838,2024-12-31,,,,,365,no_departure_in_window
ACP000838,839,2020-02-27,2023-04-09,End of Contract,false,,0,no_departure_in_window
ACP000839,840,2020-10-31,,,,,365,no_departure_in_window
ACP000840,841,2020-07-24,,,,,365,no_departure_in_window
ACP000841,842,2020-02-18,,,,,365,no_departure_in_window
ACP000842,843,2025-05-15,2025-08-17,Involuntary,false,,95,other_departure
ACP000843,844,2023-08-30,2023-12-10,End of Contract,false,,0,no_departure_in_window
ACP000844,845,2021-07-23,,,,,365,no_departure_in_window
ACP000845,846,2021-10-12,,,,,365,no_departure_in_window
ACP000846,847,2021-08-06,,,,,365,no_departure_in_window
ACP000847,848,2025-10-17,,,,,76,no_departure_in_window
ACP000848,849,2023-04-05,,,,,365,no_departure_in_window
ACP000849,850,2025-04-28,,,,,248,no_departure_in_window
ACP000850,851,2025-08-01,,,,,153,no_departure_in_window
ACP000851,852,2025-10-16,,,,,77,no_departure_in_window
ACP000852,853,2022-10-20,,,,,365,no_departure_in_window
ACP000853,854,2022-11-22,,,,,365,no_departure_in_window
ACP000854,855,2020-03-12,2021-11-28,Voluntary,true,,0,no_departure_in_window
ACP000855,856,2023-12-16,,,,,365,no_departure_in_window
ACP000856,857,2020-10-29,2023-03-12,Voluntary,false,,0,no_departure_in_window
ACP000857,858,2025-02-28,,,,,307,no_departure_in_window
ACP000858,859,2020-01-07,,,,,365,no_departure_in_window
ACP000859,860,2020-02-20,2020-09-07,Voluntary,true,,0,no_departure_in_window
ACP000860,861,2021-02-05,,,,,365,no_departure_in_window
ACP000861,862,2022-12-26,,,,,365,no_departure_in_window
ACP000862,863,2023-08-28,,,,,365,no_departure_in_window
ACP000863,864,2021-01-19,,,,,365,no_departure_in_window
ACP000864,865,2020-02-03,2024-01-22,Voluntary,true,missing_or_unknown_country,0,no_departure_in_window
ACP000865,866,2023-06-10,,,,,365,no_departure_in_window
ACP000866,867,2020-01-13,2023-02-10,Voluntary,true,,0,no_departure_in_window
ACP000867,868,2021-11-20,2025-10-17,Voluntary,true,,290,confirmed_regretted_departure
ACP000868,869,2021-06-08,,,,,365,no_departure_in_window
ACP000869,870,2024-12-05,,,,,365,no_departure_in_window
ACP000870,871,2025-07-06,2025-08-06,End of Contract,false,,32,other_departure
ACP000871,872,2020-04-09,2022-04-29,Voluntary,false,,0,no_departure_in_window
ACP000872,873,2021-04-03,2023-10-26,Voluntary,false,,0,no_departure_in_window
ACP000873,874,2020-07-09,,,,,365,no_departure_in_window
ACP000874,875,2022-03-04,,,,,365,no_departure_in_window
ACP000875,876,2025-05-13,,,,,233,no_departure_in_window
ACP000876,877,2024-06-07,2024-12-28,End of Contract,false,,0,no_departure_in_window
ACP000877,878,2023-09-14,,,,,365,no_departure_in_window
ACP000878,879,2023-02-13,2023-04-01,Voluntary,true,,0,no_departure_in_window
ACP000879,880,2023-06-09,,,,,365,no_departure_in_window
ACP000880,881,2022-07-27,,,,,365,no_departure_in_window
ACP000881,882,2020-12-18,,,,,365,no_departure_in_window
ACP000882,883,2021-04-29,,,,,365,no_departure_in_window
ACP000883,884,2022-01-19,,,,,365,no_departure_in_window
ACP000884,885,2024-05-20,,,,,365,no_departure_in_window
ACP000885,886,2021-08-22,,,,,365,no_departure_in_window
ACP000886,887,2024-07-18,2025-11-24,Voluntary,true,,328,confirmed_regretted_departure
ACP000887,888,2022-06-21,2022-10-23,End of Contract,false,,0,no_departure_in_window
ACP000888,889,2024-03-07,,,,,365,no_departure_in_window
ACP000889,890,2024-04-30,,,,,365,no_departure_in_window
ACP000890,891,2024-04-05,2024-07-06,Involuntary,false,,0,no_departure_in_window
ACP000891,892,2020-07-21,,,,,365,no_departure_in_window
ACP000892,893,2020-12-08,,,,,365,no_departure_in_window
ACP000893,894,2020-03-10,2024-06-29,Voluntary,false,,0,no_departure_in_window
ACP000894,895,2022-03-28,,,,,365,no_departure_in_window
ACP000895,896,2020-07-06,,,,,365,no_departure_in_window
ACP000896,897,2025-11-04,,,,,58,no_departure_in_window
ACP000897,898,2023-07-18,,,,,365,no_departure_in_window
ACP000898,899,2020-04-25,2025-08-15,Involuntary,false,,227,other_departure
ACP000899,900,2022-10-23,,,,,365,no_departure_in_window
ACP000900,901,2020-09-28,,,,,365,no_departure_in_window
ACP000901,902,2021-07-13,2022-01-14,Voluntary,true,,0,no_departure_in_window
ACP000902,903,2021-02-05,2021-02-24,Voluntary,true,,0,no_departure_in_window
ACP000903,904,2020-05-20,2020-06-23,Involuntary,false,,0,no_departure_in_window
ACP000904,905,2025-07-12,2025-11-04,Voluntary,true,,116,confirmed_regretted_departure
ACP000905,906,2024-01-06,2025-06-03,End of Contract,false,,154,other_departure
ACP000906,907,2021-11-03,,,,,365,no_departure_in_window
ACP000907,908,2023-02-13,,,,,365,no_departure_in_window
ACP000908,909,2021-11-05,,,,,365,no_departure_in_window
ACP000909,910,2024-02-14,,,,,365,no_departure_in_window
ACP000910,911,2022-08-31,2025-08-14,Voluntary,false,,226,other_departure
ACP000911,912,2025-08-23,,,,,131,no_departure_in_window
ACP000912,913,2021-03-09,2024-06-30,Voluntary,true,,0,no_departure_in_window
ACP000913,914,2025-01-29,,,,,337,no_departure_in_window
ACP000914,915,2021-02-01,,,,,365,no_departure_in_window
ACP000915,916,2023-05-05,,,,,365,no_departure_in_window
ACP000916,917,2020-08-18,2022-10-25,Voluntary,true,,0,no_departure_in_window
ACP000917,918,2025-01-01,,,,,365,no_departure_in_window
ACP000918,919,2022-03-07,,,,,365,no_departure_in_window
ACP000919,920,2024-08-30,,,,,365,no_departure_in_window
ACP000920,921,2024-08-08,,,,,365,no_departure_in_window
ACP000921,922,2021-12-30,2024-12-04,Involuntary,false,,0,no_departure_in_window
ACP000922,923,2023-03-19,,,,,365,no_departure_in_window
ACP000923,924,2020-02-20,,,,,365,no_departure_in_window
ACP000924,925,2022-12-27,,,,,365,no_departure_in_window
ACP000925,926,2022-05-31,,,,,365,no_departure_in_window
ACP000926,927,2024-06-28,2024-08-16,Voluntary,true,,0,no_departure_in_window
ACP000927,928,2021-11-11,2022-01-17,Voluntary,false,,0,no_departure_in_window
ACP000928,929,2020-01-12,,,,,365,no_departure_in_window
ACP000929,930,2020-08-02,2020-12-06,End of Contract,false,,0,no_departure_in_window
ACP000930,931,2020-07-31,2020-12-29,Voluntary,false,,0,no_departure_in_window
ACP000931,932,2020-09-14,,,,,365,no_departure_in_window
ACP000932,933,2025-07-02,,,,,183,no_departure_in_window
ACP000933,934,2024-05-18,,,,,365,no_departure_in_window
ACP000934,935,2021-05-21,2021-07-23,Voluntary,false,,0,no_departure_in_window
ACP000935,936,2021-04-07,,,,,365,no_departure_in_window
ACP000936,937,2024-02-27,,,,,365,no_departure_in_window
ACP000937,938,2022-10-15,,,,,365,no_departure_in_window
ACP000938,939,2021-10-22,,,,,365,no_departure_in_window
ACP000939,940,2024-12-24,2025-06-13,Voluntary,false,,164,other_departure
ACP000940,941,2023-02-03,,,,,365,no_departure_in_window
ACP000941,942,2023-01-22,,,,,365,no_departure_in_window
ACP000942,943,2021-07-14,,,,,365,no_departure_in_window
ACP000943,944,2025-06-28,,,,,187,no_departure_in_window
ACP000944,945,2022-10-01,,,,,365,no_departure_in_window
ACP000945,946,2021-04-13,2025-11-15,Involuntary,false,,319,other_departure
ACP000946,947,2020-12-03,2021-11-05,Involuntary,false,,0,no_departure_in_window
ACP000947,948,2023-06-10,2024-04-12,Voluntary,true,,0,no_departure_in_window
ACP000948,949,2025-10-04,,,,,89,no_departure_in_window
ACP000949,950,2020-06-11,2023-01-30,End of Contract,false,,0,no_departure_in_window
ACP000950,951,2020-03-25,,,,,365,no_departure_in_window
ACP000951,952,2023-03-02,,,,,365,no_departure_in_window
ACP000952,953,2024-11-12,2025-01-19,Voluntary,false,,19,other_departure
ACP000953,954,2022-11-22,,,,,365,no_departure_in_window
ACP000954,955,2021-07-04,,,,,365,no_departure_in_window
ACP000955,956,2025-02-16,,,,,319,no_departure_in_window
ACP000956,957,2021-11-15,2022-11-23,Voluntary,false,,0,no_departure_in_window
ACP000957,958,2022-08-11,,,,,365,no_departure_in_window
ACP000958,959,2024-01-16,,,,,365,no_departure_in_window
ACP000959,960,2020-04-10,,,,,365,no_departure_in_window
ACP000960,961,2023-11-07,2024-04-07,Voluntary,false,,0,no_departure_in_window
ACP000961,962,,,,,missing_hire_date,0,excluded_invalid_dates
ACP000962,963,2020-12-01,2024-04-07,End of Contract,false,,0,no_departure_in_window
ACP000963,964,2024-08-01,,,,,365,no_departure_in_window
ACP000964,965,2022-03-10,2022-08-16,Voluntary,false,,0,no_departure_in_window
ACP000965,966,2022-09-09,,,,,365,no_departure_in_window
ACP000966,967,2021-07-19,,,,,365,no_departure_in_window
ACP000967,968,2022-01-16,,,,,365,no_departure_in_window
ACP000968,969,2024-10-04,,,,,365,no_departure_in_window
ACP000969,970,2021-04-15,,,,,365,no_departure_in_window
ACP000970,971,2023-01-07,,,,,365,no_departure_in_window
ACP000971,972,2024-10-15,,,,,365,no_departure_in_window
ACP000972,973,2024-06-06,,,,,365,no_departure_in_window
ACP000973,974,2023-05-30,,,,,365,no_departure_in_window
ACP000974,975,2025-10-06,,,,,87,no_departure_in_window
ACP000975,976,2025-11-04,,,,,58,no_departure_in_window
ACP000976,977,2020-10-29,,,,,365,no_departure_in_window
ACP000977,978,2023-06-04,,,,,365,no_departure_in_window
ACP000978,979,2020-09-19,2021-02-13,Voluntary,true,,0,no_departure_in_window
ACP000979,980,2021-07-14,2021-10-12,,,termination_type_unknown|regretted_classification_unknown,0,no_departure_in_window
ACP000980,981,2020-03-02,,,,,365,no_departure_in_window
ACP000981,982,2024-06-14,,,,,365,no_departure_in_window
ACP000982,983,2025-02-25,,,,,310,no_departure_in_window
ACP000983,984,2021-10-24,,,,,365,no_departure_in_window
ACP000984,985,2024-01-13,2025-01-22,Voluntary,true,,22,confirmed_regretted_departure
ACP000985,986,2024-05-23,,,,,365,no_departure_in_window
ACP000986,987,2021-11-01,,,,,365,no_departure_in_window
ACP000987,988,2020-06-26,2025-09-06,End of Contract,false,,249,other_departure
ACP000988,989,2022-05-07,,,,,365,no_departure_in_window
ACP000989,990,2025-11-27,,,,,35,no_departure_in_window
ACP000990,991,2025-07-29,,,,,156,no_departure_in_window
ACP000991,992,2022-04-28,2022-09-28,Voluntary,false,,0,no_departure_in_window
ACP000992,993,2021-02-27,2023-10-03,Voluntary,false,,0,no_departure_in_window
ACP000993,994,2024-08-05,,,,,365,no_departure_in_window
ACP000994,995,2024-12-21,2025-12-29,Voluntary,true,,363,confirmed_regretted_departure
ACP000995,996,2024-07-29,,,,,365,no_departure_in_window
ACP000996,997,2023-11-21,,,,,365,no_departure_in_window
ACP000997,998,2024-08-20,2025-12-03,Voluntary,true,,337,confirmed_regretted_departure
ACP000998,999,2025-07-28,,,,,157,no_departure_in_window
ACP000999,1000,2020-01-19,2020-12-05,Voluntary,true,,0,no_departure_in_window
ACP001000,1001,2020-11-05,2025-07-29,Voluntary,false,,210,other_departure
ACP001001,1002,2020-05-02,2021-02-15,Voluntary,true,,0,no_departure_in_window
ACP001002,1003,2023-05-19,,,,,365,no_departure_in_window
ACP001003,1004,2021-08-24,,,,,365,no_departure_in_window
ACP001004,1005,2021-06-26,,,,,365,no_departure_in_window
ACP001005,1006,2025-01-09,,,,,357,no_departure_in_window
ACP001006,1007,2024-03-20,,,,,365,no_departure_in_window
ACP001007,1008,2024-11-25,,,,,365,no_departure_in_window
ACP001008,1009,2023-09-22,2023-08-31,Voluntary,true,termination_before_hire,0,excluded_invalid_dates
ACP001009,1010,2020-09-06,,,,,365,no_departure_in_window
ACP001010,1011,2023-06-05,2025-01-16,End of Contract,false,,16,other_departure
ACP001011,1012,2025-10-06,,,,,87,no_departure_in_window
ACP001012,1013,2023-09-25,2023-12-05,Voluntary,false,,0,no_departure_in_window
ACP001013,1014,2020-06-19,2021-10-22,Involuntary,false,,0,no_departure_in_window
ACP001014,1015,2025-04-28,,,,,248,no_departure_in_window
ACP001015,1016,2022-01-15,,,,,365,no_departure_in_window
ACP001016,1017,2022-05-09,,,,,365,no_departure_in_window
ACP001017,1018,2022-03-23,,,,,365,no_departure_in_window
ACP001018,1019,2020-02-20,,,,,365,no_departure_in_window
ACP001019,1020,2020-11-05,2020-11-30,Voluntary,true,,0,no_departure_in_window
ACP001020,1021,2024-10-31,,,,,365,no_departure_in_window
ACP001021,1022,2020-09-19,,,,,365,no_departure_in_window
ACP001022,1023,2024-01-25,2024-06-13,Involuntary,false,,0,no_departure_in_window
ACP001023,1024,2023-06-27,2024-05-26,Involuntary,false,,0,no_departure_in_window
ACP001024,1025,2024-04-29,,,,,365,no_departure_in_window
ACP001025,1026,2024-12-10,2024-12-29,End of Contract,false,,0,no_departure_in_window
ACP001026,1027,2025-07-18,,,,,167,no_departure_in_window
ACP001027,1028,2021-09-14,,,,,365,no_departure_in_window
ACP001028,1029,2024-06-30,,,,,365,no_departure_in_window
ACP001029,1030,2023-01-10,,,,,365,no_departure_in_window
ACP001030,1031,2020-10-16,,,,seniority_mapping_assumed,365,no_departure_in_window
ACP001031,1032,2024-09-26,2025-06-18,End of Contract,false,,169,other_departure
ACP001032,1033,2022-01-05,,,,,365,no_departure_in_window
ACP001033,1034,2020-11-02,,,,,365,no_departure_in_window
ACP001034,1035,2023-08-31,,,,,365,no_departure_in_window
ACP001035,1036,2023-04-07,2023-08-12,Voluntary,true,,0,no_departure_in_window
ACP001036,1037,2024-03-31,2024-12-25,Voluntary,true,,0,no_departure_in_window
ACP001037,1038,2022-02-04,2022-07-21,Voluntary,false,,0,no_departure_in_window
ACP001038,1039,2021-04-02,,,,,365,no_departure_in_window
ACP001039,1040,2025-07-11,,,,,174,no_departure_in_window
ACP001040,1041,2023-02-25,,,,,365,no_departure_in_window
ACP001041,1042,2022-07-31,,,,,365,no_departure_in_window
ACP001042,1043,2023-02-06,2023-02-25,Voluntary,false,,0,no_departure_in_window
ACP001043,1044,2023-11-10,,,,,365,no_departure_in_window
ACP001044,1045,2021-08-15,,,,,365,no_departure_in_window
ACP001045,1046,2022-03-19,,,,,365,no_departure_in_window
ACP001046,1047,2024-11-03,2025-02-25,Involuntary,false,,56,other_departure
ACP001047,1048,2025-11-09,,,,,53,no_departure_in_window
ACP001048,1049,2020-05-18,2020-10-25,Voluntary,false,,0,no_departure_in_window
ACP001049,1050,2024-01-15,,,,,365,no_departure_in_window
ACP001050,1051,2025-04-30,2025-11-14,Voluntary,true,,199,confirmed_regretted_departure
ACP001051,1052,2024-03-24,,,,,365,no_departure_in_window
ACP001052,1053,2024-09-12,,,,,365,no_departure_in_window
ACP001053,1054,2024-04-10,,,,,365,no_departure_in_window
ACP001054,1055,2020-12-13,,,,,365,no_departure_in_window
ACP001055,1056,2023-03-13,2025-06-10,Involuntary,false,,161,other_departure
ACP001056,1057,2024-02-22,,,,,365,no_departure_in_window
ACP001057,1058,2024-03-23,2025-07-14,Voluntary,true,,195,confirmed_regretted_departure
ACP001058,1059,2021-10-20,,,,,365,no_departure_in_window
ACP001059,1060,2022-07-05,,,,,365,no_departure_in_window
ACP001060,1061,2021-03-10,2021-07-03,Involuntary,false,,0,no_departure_in_window
ACP001061,1062,2025-02-23,,,,,312,no_departure_in_window
ACP001062,1063,2023-10-18,,,,,365,no_departure_in_window
ACP001063,1064,2020-05-24,,,,,365,no_departure_in_window
ACP001064,1065,2025-05-26,,,,,220,no_departure_in_window
ACP001065,1066,2022-10-04,,,,,365,no_departure_in_window
ACP001066,1067,2023-03-01,,,,,365,no_departure_in_window
ACP001067,1068,2020-08-02,2025-04-19,Voluntary,true,,109,confirmed_regretted_departure
ACP001068,1069,2021-09-11,2022-01-02,Voluntary,,regretted_classification_unknown,0,no_departure_in_window
ACP001069,1070,2025-05-21,,,,country_alias_mapped,225,no_departure_in_window
ACP001070,1071,2022-09-05,,,,,365,no_departure_in_window
ACP001071,1072,2022-12-25,2023-02-24,Involuntary,false,,0,no_departure_in_window
ACP001072,1073,2025-04-15,,,,,261,no_departure_in_window
ACP001073,1074,2022-07-18,2022-12-10,End of Contract,false,,0,no_departure_in_window
ACP001074,1075,2022-11-08,,,,,365,no_departure_in_window
ACP001075,1076,2022-04-16,2023-02-16,Involuntary,false,,0,no_departure_in_window
ACP001076,1077,2025-04-22,,,,,254,no_departure_in_window
ACP001077,1078,2020-08-06,2025-10-30,End of Contract,false,,303,other_departure
ACP001078,1079,2020-10-23,2020-12-07,Voluntary,true,,0,no_departure_in_window
ACP001079,1080,2020-11-11,2022-07-24,Voluntary,false,,0,no_departure_in_window
ACP001080,1081,2021-08-25,2022-02-06,Voluntary,false,,0,no_departure_in_window
ACP001081,1082,2021-07-24,,,,,365,no_departure_in_window
ACP001082,1083,2025-05-30,,,,,216,no_departure_in_window
ACP001083,1084,2023-04-17,,,,,365,no_departure_in_window
ACP001084,1085,2023-02-12,,,,,365,no_departure_in_window
ACP001085,1086,2022-01-13,,,,,365,no_departure_in_window
ACP001086,1087,2021-07-02,,,,,365,no_departure_in_window
ACP001087,1088,2021-10-14,,,,,365,no_departure_in_window
ACP001088,1089,2021-07-05,2021-09-20,Voluntary,false,,0,no_departure_in_window
ACP001089,1090,2021-10-09,,,,,365,no_departure_in_window
ACP001090,1091,2025-02-18,,,,,317,no_departure_in_window
ACP001091,1092,2025-09-30,,,,,93,no_departure_in_window
ACP001092,1093,2025-09-07,,,,,116,no_departure_in_window
ACP001093,1094,2022-03-25,2025-06-27,End of Contract,false,,178,other_departure
ACP001094,1095,2021-10-02,,,,,365,no_departure_in_window
ACP001095,1096,2020-11-07,2022-10-14,Involuntary,false,,0,no_departure_in_window
ACP001096,1097,2023-05-02,,,,,365,no_departure_in_window
ACP001097,1098,2023-03-08,2023-08-20,Voluntary,true,,0,no_departure_in_window
ACP001098,1099,2024-12-07,2025-12-10,Voluntary,false,,344,other_departure
ACP001099,1100,2024-11-30,,,,,365,no_departure_in_window
ACP001100,1101,2020-07-13,2024-10-15,Voluntary,true,,0,no_departure_in_window
ACP001101,1102,2025-09-24,,,,,99,no_departure_in_window
ACP001102,1103,2020-06-23,2022-10-10,End of Contract,false,,0,no_departure_in_window
ACP001103,1104,2024-06-26,2025-12-06,End of Contract,false,,340,other_departure
ACP001104,1105,2021-11-19,,,,,365,no_departure_in_window
ACP001105,1106,2020-09-07,,,,,365,no_departure_in_window
ACP001106,1107,2022-02-01,2022-03-29,Voluntary,false,,0,no_departure_in_window
ACP001107,1108,2024-03-20,2025-06-23,Voluntary,true,,174,confirmed_regretted_departure
ACP001108,1109,2020-05-03,,,,,365,no_departure_in_window
ACP001109,1110,2020-02-11,,,,,365,no_departure_in_window
ACP001110,1111,2023-06-01,2024-09-12,Voluntary,false,,0,no_departure_in_window
ACP001111,1112,2020-05-10,,,,,365,no_departure_in_window
ACP001112,1113,2023-05-04,,,,missing_or_unknown_country,365,no_departure_in_window
ACP001113,1114,2020-01-29,,,,,365,no_departure_in_window
ACP001114,1115,2023-05-04,2023-10-05,End of Contract,false,,0,no_departure_in_window
ACP001115,1116,2023-11-26,2024-03-10,Voluntary,false,,0,no_departure_in_window
ACP001116,1117,2024-11-25,,,,,365,no_departure_in_window
ACP001117,1118,2024-09-03,2025-08-19,Voluntary,true,,231,confirmed_regretted_departure
ACP001118,1119,2023-05-02,2023-10-02,Voluntary,false,,0,no_departure_in_window
ACP001119,1120,2020-01-16,2020-12-09,Voluntary,false,,0,no_departure_in_window
ACP001120,1121,2022-02-15,,,,,365,no_departure_in_window
ACP001121,1122,2021-11-30,,,,,365,no_departure_in_window
ACP001122,1123,2021-12-09,,,,,365,no_departure_in_window
ACP001123,1124,2020-10-21,,,,,365,no_departure_in_window
ACP001124,1125,2025-06-28,,,,,187,no_departure_in_window
ACP001125,1126,2022-07-05,,,,,365,no_departure_in_window
ACP001126,1127,2022-07-30,,,,,365,no_departure_in_window
ACP001127,1128,2020-08-05,2021-05-20,Involuntary,false,,0,no_departure_in_window
ACP001128,1129,2022-05-03,,,,,365,no_departure_in_window
ACP001129,1130,2023-02-02,2024-11-06,Involuntary,false,,0,no_departure_in_window
ACP001130,1131,2022-09-20,,,,,365,no_departure_in_window
ACP001131,1132,2021-02-09,2021-06-29,Involuntary,false,,0,no_departure_in_window
ACP001132,1133,2023-09-02,2025-11-30,Voluntary,true,,334,confirmed_regretted_departure
ACP001133,1134,2021-12-04,,,,,365,no_departure_in_window
ACP001134,1135,2023-07-15,2023-09-21,Voluntary,false,,0,no_departure_in_window
ACP001135,1136,2020-06-03,,,,,365,no_departure_in_window
ACP001136,1137,2020-02-04,2020-06-05,End of Contract,false,,0,no_departure_in_window
ACP001137,1138,2025-07-09,2025-07-25,Voluntary,false,,17,other_departure
ACP001138,1139,2025-02-28,2025-10-13,Involuntary,false,,228,other_departure
ACP001139,1140,2022-12-13,2025-04-01,Voluntary,true,,91,confirmed_regretted_departure
ACP001140,1141,2022-06-29,,,,,365,no_departure_in_window
ACP001141,1142,2024-02-03,,,,,365,no_departure_in_window
ACP001142,1143,2023-12-22,,,,,365,no_departure_in_window
ACP001143,1144,2020-03-30,,,,,365,no_departure_in_window
ACP001144,1145,2020-08-09,,,,,365,no_departure_in_window
ACP001145,1146,2024-12-19,2025-12-26,End of Contract,false,,360,other_departure
ACP001146,1147,2024-03-23,,,,,365,no_departure_in_window
ACP001147,1148,2021-02-28,2021-08-25,Voluntary,true,,0,no_departure_in_window
ACP001148,1149,2023-08-16,,,,,365,no_departure_in_window
ACP001149,1150,2025-09-06,,,,,117,no_departure_in_window
ACP001150,1151,2022-07-04,,,,,365,no_departure_in_window
ACP001151,1152,2025-08-17,,,,,137,no_departure_in_window
ACP001152,1153,2023-08-29,,,,,365,no_departure_in_window
ACP001153,1154,2024-07-21,,,,,365,no_departure_in_window
ACP001154,1155,2024-02-03,,,,,365,no_departure_in_window
ACP001155,1156,2023-04-04,2025-01-11,End of Contract,false,,11,other_departure
ACP001156,1157,2022-06-19,,,,,365,no_departure_in_window
ACP001157,1158,2020-04-09,2020-07-08,,,termination_type_unknown|regretted_classification_unknown,0,no_departure_in_window
ACP001158,1159,2021-02-19,,,,,365,no_departure_in_window
ACP001159,1160,2025-03-07,2025-05-13,Voluntary,false,,68,other_departure
ACP001160,1161,2024-03-21,,,,,365,no_departure_in_window
ACP001161,1162,2023-09-11,,,,,365,no_departure_in_window
ACP001162,1163,2020-10-30,,,,,365,no_departure_in_window
ACP001163,1164,2025-11-23,,,,,39,no_departure_in_window
ACP001164,1165,2024-08-28,2024-11-25,Involuntary,false,,0,no_departure_in_window
ACP001165,1166,2020-06-19,,,,,365,no_departure_in_window
ACP001166,1167,2020-11-10,,,,,365,no_departure_in_window
ACP001167,1168,2024-07-13,2025-11-25,Voluntary,false,,329,other_departure
ACP001168,1169,2023-05-10,,,,,365,no_departure_in_window
ACP001169,1170,2020-03-21,,,,,365,no_departure_in_window
ACP001170,1171,2025-06-06,2025-08-20,Voluntary,false,,76,other_departure
ACP001171,1172,2021-01-16,,,,,365,no_departure_in_window
ACP001172,1173,2024-12-21,,,,,365,no_departure_in_window
ACP001173,1174,2024-10-07,2025-06-19,Voluntary,false,,170,other_departure
ACP001174,1175,2023-03-17,,,,,365,no_departure_in_window
ACP001175,1176,2021-03-14,2022-01-04,Voluntary,false,,0,no_departure_in_window
ACP001176,1177,2025-11-04,,,,,58,no_departure_in_window
ACP001177,1178,2025-04-06,,,,,270,no_departure_in_window
ACP001178,1179,2021-05-06,2024-05-31,End of Contract,false,,0,no_departure_in_window
ACP001179,1180,2023-10-16,2024-01-24,Voluntary,true,,0,no_departure_in_window
ACP001180,1181,2020-05-29,2020-08-02,End of Contract,false,,0,no_departure_in_window
ACP001181,1182,2022-04-13,,,,,365,no_departure_in_window
ACP001182,1183,2020-04-07,2020-08-01,End of Contract,false,,0,no_departure_in_window
ACP001183,1184,2024-04-05,2025-08-07,Voluntary,true,,219,confirmed_regretted_departure
ACP001184,1185,2022-11-09,,,,,365,no_departure_in_window
ACP001185,1186,2021-10-09,2021-10-23,Involuntary,false,,0,no_departure_in_window
ACP001186,1187,2024-04-14,2024-08-21,Involuntary,false,,0,no_departure_in_window
ACP001187,1188,2021-10-04,,,,,365,no_departure_in_window
ACP001188,1189,2021-09-01,,,,,365,no_departure_in_window
ACP001189,1190,2023-08-23,,,,,365,no_departure_in_window
ACP001190,1191,2020-12-20,2021-06-26,Involuntary,false,,0,no_departure_in_window
ACP001191,1192,2020-01-14,,,,,365,no_departure_in_window
ACP001192,1193,2021-11-25,,,,,365,no_departure_in_window
ACP001193,1194,2024-07-05,,,,,365,no_departure_in_window
ACP001194,1195,2023-01-06,,,,,365,no_departure_in_window
ACP001195,1196,2024-07-20,,,,,365,no_departure_in_window
ACP001196,1197,2024-12-25,,,,,365,no_departure_in_window
ACP001197,1198,2025-07-13,2025-10-23,End of Contract,false,,103,other_departure
ACP001198,1199,2020-08-06,,,,,365,no_departure_in_window
ACP001199,1200,2020-02-28,2020-11-27,Involuntary,false,,0,no_departure_in_window
ACP001200,1201,2021-01-18,,,,,365,no_departure_in_window
ACP001201,1202,2022-10-05,,,,,365,no_departure_in_window
ACP001202,1203,2020-07-06,,,,,365,no_departure_in_window
ACP001203,1204,2022-05-18,,,,,365,no_departure_in_window
ACP001204,1205,2021-08-13,,,,,365,no_departure_in_window
ACP001205,1206,2021-01-07,,,,,365,no_departure_in_window
ACP001206,1207,2024-02-23,,,,,365,no_departure_in_window
ACP001207,1208,2022-06-25,,,,,365,no_departure_in_window
ACP001208,1209,2020-01-25,,,,,365,no_departure_in_window
ACP001209,1210,2023-11-14,2025-06-12,Involuntary,false,,163,other_departure
ACP001210,1211,2021-10-16,,,,,365,no_departure_in_window
ACP001211,1212,2024-07-24,,,,,365,no_departure_in_window
ACP001212,1213,2023-05-01,2024-01-12,Voluntary,true,,0,no_departure_in_window
ACP001213,1214,2025-02-18,,,,,317,no_departure_in_window
ACP001214,1215,2024-03-30,2025-03-11,Voluntary,true,,70,confirmed_regretted_departure
ACP001215,1216,2022-05-14,,,,,365,no_departure_in_window
ACP001216,1217,2025-11-27,,,,,35,no_departure_in_window
ACP001217,1218,2022-01-31,2025-10-11,Voluntary,false,,284,other_departure
ACP001218,1219,2024-07-11,2025-03-24,Voluntary,true,,83,confirmed_regretted_departure
ACP001219,1220,2024-08-02,,,,,365,no_departure_in_window
ACP001220,1221,2020-04-09,2025-05-11,Voluntary,true,,131,confirmed_regretted_departure
ACP001221,1222,2021-11-15,2025-04-27,Voluntary,false,,117,other_departure
ACP001222,1223,2024-01-06,,,,,365,no_departure_in_window
ACP001223,1224,2024-08-31,2024-10-27,Voluntary,true,,0,no_departure_in_window
ACP001224,1225,2025-02-24,,,,,311,no_departure_in_window
ACP001225,1226,2022-06-10,,,,,365,no_departure_in_window
ACP001226,1227,2020-11-17,2022-04-15,Voluntary,true,,0,no_departure_in_window
ACP001227,1228,2023-08-06,,,,,365,no_departure_in_window
ACP001228,1229,2024-01-23,,,,,365,no_departure_in_window
ACP001229,1230,2020-03-08,,,,,365,no_departure_in_window
ACP001230,1231,2022-10-12,,,,,365,no_departure_in_window
ACP001231,1232,2024-07-29,2025-08-20,Voluntary,true,,232,confirmed_regretted_departure
ACP001232,1233,2020-02-22,,,,,365,no_departure_in_window
ACP001233,1234,2024-12-13,,,,,365,no_departure_in_window
ACP001234,1235,2024-09-18,,,,,365,no_departure_in_window
ACP001235,1236,2022-12-14,,,,,365,no_departure_in_window
ACP001236,1237,2023-03-14,,,,,365,no_departure_in_window
ACP001237,1238,2024-05-07,,,,,365,no_departure_in_window
ACP001238,1239,2022-03-22,,,,,365,no_departure_in_window
ACP001239,1240,2022-12-31,,,,,365,no_departure_in_window
ACP001240,1241,2024-06-13,2025-09-22,Voluntary,true,,265,confirmed_regretted_departure
ACP001241,1242,2022-07-01,2024-03-28,Voluntary,false,,0,no_departure_in_window
ACP001242,1243,2020-07-08,,,,,365,no_departure_in_window
ACP001243,1244,2023-08-09,,,,,365,no_departure_in_window
ACP001244,1245,2025-10-21,,,,,72,no_departure_in_window
ACP001245,1246,2020-06-30,,,,,365,no_departure_in_window
ACP001246,1247,2021-12-24,,,,,365,no_departure_in_window
ACP001247,1248,2024-10-24,,,,,365,no_departure_in_window
ACP001248,1249,2024-09-05,2025-06-09,Voluntary,true,,160,confirmed_regretted_departure
ACP001249,1250,2022-02-11,2022-04-22,Voluntary,true,,0,no_departure_in_window
ACP001250,1251,2023-10-17,,,,,365,no_departure_in_window
ACP001251,1252,2023-06-01,2024-01-02,Involuntary,false,,0,no_departure_in_window
ACP001252,1253,2020-09-14,,,,,365,no_departure_in_window
ACP001253,1254,2020-09-22,,,,,365,no_departure_in_window
ACP001254,1255,2024-09-07,,,,,365,no_departure_in_window
ACP001255,1256,2024-12-03,,,,,365,no_departure_in_window
ACP001256,1257,2024-10-24,,,,,365,no_departure_in_window
ACP001257,1258,2025-10-13,,,,,80,no_departure_in_window
ACP001258,1259,2022-11-03,2025-02-02,Involuntary,false,,33,other_departure
ACP001259,1260,2023-04-11,,,,,365,no_departure_in_window
ACP001260,1261,2021-05-23,,,,,365,no_departure_in_window
ACP001261,1262,2023-08-29,2024-02-03,End of Contract,false,,0,no_departure_in_window
ACP001262,1263,2020-12-19,,,,seniority_mapping_assumed,365,no_departure_in_window
ACP001263,1264,2022-06-20,,,,,365,no_departure_in_window
ACP001264,1265,2024-04-09,2024-08-23,Voluntary,false,,0,no_departure_in_window
ACP001265,1266,2021-08-19,,,,,365,no_departure_in_window
ACP001266,1267,2024-09-22,2025-11-09,Voluntary,false,,313,other_departure
ACP001267,1268,2020-02-10,,,,,365,no_departure_in_window
ACP001268,1269,2023-12-24,,,,,365,no_departure_in_window
ACP001269,1270,2020-05-10,2023-03-14,End of Contract,false,,0,no_departure_in_window
ACP001270,1271,2025-08-04,,,,,150,no_departure_in_window
ACP001271,1272,2024-07-10,,,,,365,no_departure_in_window
ACP001272,1273,2025-09-29,,,,,94,no_departure_in_window
ACP001273,1274,2022-04-11,,,,,365,no_departure_in_window
ACP001274,1275,2021-03-26,,,,,365,no_departure_in_window
ACP001275,1276,2025-07-28,,,,,157,no_departure_in_window
ACP001276,1277,2022-06-01,,,,,365,no_departure_in_window
ACP001277,1278,2025-08-11,,,,,143,no_departure_in_window
ACP001278,1279,2021-10-19,,,,,365,no_departure_in_window
ACP001279,1280,2021-07-27,2021-11-22,End of Contract,false,,0,no_departure_in_window
ACP001280,1281,2022-06-14,2022-11-30,Involuntary,false,,0,no_departure_in_window
ACP001281,1282,2025-11-27,,,,,35,no_departure_in_window
ACP001282,1283,2023-04-01,2024-07-11,Involuntary,false,,0,no_departure_in_window
ACP001283,1284,2022-10-11,2023-09-08,Voluntary,true,,0,no_departure_in_window
ACP001284,1285,2023-01-18,,,,,365,no_departure_in_window
ACP001285,1286,2022-10-27,,,,,365,no_departure_in_window
ACP001286,1287,2021-06-13,,,,,365,no_departure_in_window
ACP001287,1288,2023-04-27,,,,,365,no_departure_in_window
ACP001288,1289,2023-06-05,,,,,365,no_departure_in_window
ACP001289,1290,2024-07-23,,,,,365,no_departure_in_window
ACP001290,1291,2022-02-03,2022-07-26,Voluntary,true,,0,no_departure_in_window
ACP001291,1292,2022-10-25,2023-02-17,Voluntary,true,,0,no_departure_in_window
ACP001292,1293,2023-03-27,2023-08-17,Voluntary,true,,0,no_departure_in_window
ACP001293,1294,2022-01-01,,,,,365,no_departure_in_window
ACP001294,1295,2023-12-25,,,,,365,no_departure_in_window
ACP001295,1296,2022-09-09,2022-12-02,Voluntary,false,,0,no_departure_in_window
ACP001296,1297,2022-06-14,,,,,365,no_departure_in_window
ACP001297,1298,2021-07-19,,,,,365,no_departure_in_window
ACP001298,1299,2025-10-30,,,,,63,no_departure_in_window
ACP001299,1300,2021-03-16,,,,,365,no_departure_in_window
ACP001300,1301,2021-10-06,,,,,365,no_departure_in_window
ACP001301,1302,2022-05-19,,,,,365,no_departure_in_window
ACP001302,1303,2022-06-02,,,,,365,no_departure_in_window
ACP001303,1304,2025-10-22,,,,,71,no_departure_in_window
ACP001304,1305,2025-05-31,,,,,215,no_departure_in_window
ACP001305,1306,2022-01-05,2022-03-12,Voluntary,true,,0,no_departure_in_window
ACP001306,1307,2025-04-22,2025-12-16,Voluntary,false,,239,other_departure
ACP001307,1308,2021-05-31,,,,,365,no_departure_in_window
ACP001308,1309,2025-05-23,,,,,223,no_departure_in_window
ACP001309,1310,2022-06-18,2023-12-30,Voluntary,false,,0,no_departure_in_window
ACP001310,1311,2021-12-26,,,,,365,no_departure_in_window
ACP001311,1312,2023-04-30,,,,,365,no_departure_in_window
ACP001312,1313,2023-09-16,,,,,365,no_departure_in_window
ACP001313,1314,2022-05-01,,,,,365,no_departure_in_window
ACP001314,1315,2025-04-30,,,,,246,no_departure_in_window
ACP001315,1316,2020-08-07,2020-10-26,Voluntary,true,,0,no_departure_in_window
ACP001316,1317,2022-05-03,,,,,365,no_departure_in_window
ACP001317,1318,2024-05-13,2024-09-08,Voluntary,true,,0,no_departure_in_window
ACP001318,1319,2023-07-18,2024-01-01,Voluntary,true,,0,no_departure_in_window
ACP001319,1320,2025-07-27,2025-10-23,Voluntary,false,,89,other_departure
ACP001320,1321,2025-01-07,,,,,359,no_departure_in_window
ACP001321,1322,2020-03-17,,,,,365,no_departure_in_window
ACP001322,1323,2025-09-14,,,,,109,no_departure_in_window
ACP001323,1324,2025-10-15,,,,,78,no_departure_in_window
ACP001324,1325,2024-03-17,2025-10-27,Voluntary,false,,300,other_departure
ACP001325,1326,2020-08-18,2022-10-31,Voluntary,false,,0,no_departure_in_window
ACP001326,1327,2023-07-13,,,,,365,no_departure_in_window
ACP001327,1328,2022-07-17,2023-04-13,End of Contract,false,,0,no_departure_in_window
ACP001328,1329,2020-11-12,2021-06-12,Involuntary,false,,0,no_departure_in_window
ACP001329,1330,2022-03-14,,,,,365,no_departure_in_window
ACP001330,1331,2020-05-25,,,,,365,no_departure_in_window
ACP001331,1332,2023-12-01,,,,,365,no_departure_in_window
ACP001332,1333,2022-07-09,2023-04-27,Voluntary,true,,0,no_departure_in_window
ACP001333,1334,2024-12-30,,,,,365,no_departure_in_window
ACP001334,1335,2024-08-11,,,,,365,no_departure_in_window
ACP001335,1336,2024-01-27,2024-04-26,,,termination_type_unknown|regretted_classification_unknown,0,no_departure_in_window
ACP001336,1337,2025-10-30,,,,,63,no_departure_in_window
ACP001337,1338,2021-01-30,,,,,365,no_departure_in_window
ACP001338,1339,2025-07-23,,,,,162,no_departure_in_window
ACP001339,1340,2024-12-19,,,,,365,no_departure_in_window
ACP001340,1341,2022-12-13,,,,,365,no_departure_in_window
ACP001341,1342,2023-12-11,2024-01-05,Voluntary,false,,0,no_departure_in_window
ACP001342,1343,2021-10-01,,,,,365,no_departure_in_window
ACP001343,1344,2020-01-20,,,,,365,no_departure_in_window
ACP001344,1345,2023-12-01,,,,,365,no_departure_in_window
ACP001345,1346,2022-06-05,,,,,365,no_departure_in_window
ACP001346,1347,2023-05-05,2023-11-19,Voluntary,true,,0,no_departure_in_window
ACP001347,1348,2024-01-09,,,,,365,no_departure_in_window
ACP001348,1349,2021-09-10,,,,,365,no_departure_in_window
ACP001349,1350,2024-04-21,2025-09-03,Voluntary,false,,246,other_departure
ACP001350,1351,2022-11-20,,,,,365,no_departure_in_window
ACP001351,1352,2024-07-31,,,,,365,no_departure_in_window
ACP001352,1353,2021-04-23,,,,,365,no_departure_in_window
ACP001353,1354,2022-09-22,2022-12-09,Involuntary,false,,0,no_departure_in_window
ACP001354,1355,2022-06-11,,,,,365,no_departure_in_window
ACP001355,1356,2021-02-22,2022-01-01,Voluntary,true,,0,no_departure_in_window
ACP001356,1357,2025-02-14,2025-04-25,Voluntary,true,,71,confirmed_regretted_departure
ACP001357,1358,2025-01-30,2025-10-29,Voluntary,true,,273,confirmed_regretted_departure
ACP001358,1359,2021-03-31,2021-10-13,Voluntary,false,,0,no_departure_in_window
ACP001359,1360,2024-04-03,,,,,365,no_departure_in_window
ACP001360,1361,2025-11-05,,,,missing_or_unknown_country,57,no_departure_in_window
ACP001361,1362,2020-10-07,,,,,365,no_departure_in_window
ACP001362,1363,,,,,missing_hire_date,0,excluded_invalid_dates
ACP001363,1364,2020-10-29,,,,,365,no_departure_in_window
ACP001364,1365,2021-05-19,,,,,365,no_departure_in_window
ACP001365,1366,2022-03-15,,,,,365,no_departure_in_window
ACP001366,1367,2021-08-18,2023-04-13,Voluntary,false,,0,no_departure_in_window
ACP001367,1368,2024-11-17,,,,,365,no_departure_in_window
ACP001368,1369,2020-10-08,,,,,365,no_departure_in_window
ACP001369,1370,2021-11-24,,,,,365,no_departure_in_window
ACP001370,1371,2020-12-02,,,,,365,no_departure_in_window
ACP001371,1372,2021-04-12,2023-09-02,Involuntary,false,,0,no_departure_in_window
ACP001372,1373,2020-01-27,,,,,365,no_departure_in_window
ACP001373,1374,2024-10-27,,,,,365,no_departure_in_window
ACP001374,1375,2020-12-13,,,,,365,no_departure_in_window
ACP001375,1376,2023-02-21,,,,,365,no_departure_in_window
ACP001376,1377,2025-11-12,,,,,50,no_departure_in_window
ACP001377,1378,2024-01-01,,,,,365,no_departure_in_window
ACP001378,1379,2023-05-30,2025-05-25,Involuntary,false,,145,other_departure
ACP001379,1380,2022-08-22,,,,,365,no_departure_in_window
ACP001380,1381,2023-12-24,,,,,365,no_departure_in_window
ACP001381,1382,2025-10-30,,,,,63,no_departure_in_window
ACP001382,1383,2020-10-07,2024-04-30,Involuntary,false,,0,no_departure_in_window
ACP001383,1384,2024-04-28,2024-06-18,Voluntary,false,,0,no_departure_in_window
ACP001384,1385,2020-09-23,,,,,365,no_departure_in_window
ACP001385,1386,2025-08-15,,,,,139,no_departure_in_window
ACP001386,1387,2024-07-29,,,,,365,no_departure_in_window
ACP001387,1388,2020-12-11,,,,,365,no_departure_in_window
ACP001388,1389,2025-01-14,,,,,352,no_departure_in_window
ACP001389,1390,2023-08-08,,,,,365,no_departure_in_window
ACP001390,1391,2024-04-13,,,,,365,no_departure_in_window
ACP001391,1392,2023-09-15,,,,,365,no_departure_in_window
ACP001392,1393,2023-06-25,2024-03-27,Voluntary,false,,0,no_departure_in_window
ACP001393,1394,2020-04-30,,,,,365,no_departure_in_window
ACP001394,1395,2024-04-14,,,,,365,no_departure_in_window
ACP001395,1396,2024-09-26,2025-12-21,Voluntary,false,,355,other_departure
ACP001396,1397,2025-10-09,,,,,84,no_departure_in_window
ACP001397,1398,2023-01-03,,,,,365,no_departure_in_window
ACP001398,1399,2020-08-08,2021-02-23,Voluntary,true,,0,no_departure_in_window
ACP001399,1400,2023-12-10,,,,,365,no_departure_in_window
ACP001400,1401,2020-02-20,2020-10-12,Voluntary,true,,0,no_departure_in_window
ACP001401,1402,2024-10-02,,,,country_alias_mapped,365,no_departure_in_window
ACP001402,1403,2021-06-22,,,,,365,no_departure_in_window
ACP001403,1404,2022-11-12,,,,,365,no_departure_in_window
ACP001404,1405,2020-04-04,,,,,365,no_departure_in_window
ACP001405,1406,2021-06-24,2021-08-27,Involuntary,false,,0,no_departure_in_window
ACP001406,1407,2020-03-05,,,,,365,no_departure_in_window
ACP001407,1408,2024-07-12,2025-10-12,Voluntary,true,,285,confirmed_regretted_departure
ACP001408,1409,2020-06-20,,,,,365,no_departure_in_window
ACP001409,1410,2021-09-07,2021-08-10,Voluntary,false,termination_before_hire,0,excluded_invalid_dates
ACP001410,1411,2024-09-04,2025-10-07,Voluntary,false,,280,other_departure
ACP001411,1412,2024-06-23,2025-09-29,Involuntary,false,,272,other_departure
ACP001412,1413,2020-12-11,,,,,365,no_departure_in_window
ACP001413,1414,2024-12-24,,,,,365,no_departure_in_window
ACP001414,1415,2021-05-03,,,,,365,no_departure_in_window
ACP001415,1416,2020-07-20,2024-01-30,Involuntary,false,,0,no_departure_in_window
ACP001416,1417,2021-02-18,,,,,365,no_departure_in_window
ACP001417,1418,2023-04-06,,,,,365,no_departure_in_window
ACP001418,1419,2025-02-11,,,,,324,no_departure_in_window
ACP001419,1420,2022-07-27,,,,,365,no_departure_in_window
ACP001420,1421,2020-10-15,,,,,365,no_departure_in_window
ACP001421,1422,2021-10-14,,,,,365,no_departure_in_window
ACP001422,1423,2022-02-10,,,,,365,no_departure_in_window
ACP001423,1424,2021-10-11,,,,,365,no_departure_in_window
ACP001424,1425,2020-08-11,,,,,365,no_departure_in_window
ACP001425,1426,2021-09-05,,,,,365,no_departure_in_window
ACP001426,1427,2023-08-31,,,,,365,no_departure_in_window
ACP001427,1428,2020-12-04,,,,,365,no_departure_in_window
ACP001428,1429,2024-11-12,,,,,365,no_departure_in_window
ACP001429,1430,2024-04-18,,,,,365,no_departure_in_window
ACP001430,1431,2021-12-30,,,,,365,no_departure_in_window
ACP001431,1432,2020-05-30,2021-04-04,Voluntary,true,,0,no_departure_in_window
ACP001432,1433,2020-05-20,,,,,365,no_departure_in_window
ACP001433,1434,2020-04-21,,,,,365,no_departure_in_window
ACP001434,1435,2020-10-31,,,,,365,no_departure_in_window
ACP001435,1436,2021-04-08,2024-07-25,Voluntary,true,,0,no_departure_in_window
ACP001436,1437,2022-10-20,2022-12-12,Voluntary,false,,0,no_departure_in_window
ACP001437,1438,2022-01-13,2022-09-01,End of Contract,false,,0,no_departure_in_window
ACP001438,1439,2023-12-02,,,,,365,no_departure_in_window
ACP001439,1440,2025-03-28,,,,,279,no_departure_in_window
ACP001440,1441,2022-01-05,2023-10-23,Voluntary,true,,0,no_departure_in_window
ACP001441,1442,2021-05-17,2025-06-06,Voluntary,true,,157,confirmed_regretted_departure
ACP001442,1443,2022-01-22,,,,,365,no_departure_in_window
ACP001443,1444,2023-05-01,,,,,365,no_departure_in_window
ACP001444,1445,2023-09-26,,,,,365,no_departure_in_window
ACP001445,1446,2020-01-31,,,,,365,no_departure_in_window
ACP001446,1447,2023-03-02,,,,,365,no_departure_in_window
ACP001447,1448,2023-08-18,2024-03-22,Voluntary,true,,0,no_departure_in_window
ACP001448,1449,2023-12-04,2024-03-02,Voluntary,false,,0,no_departure_in_window
ACP001449,1450,2020-11-09,,,,,365,no_departure_in_window
ACP001450,1451,2021-12-03,2022-01-15,Voluntary,true,,0,no_departure_in_window
ACP001451,1452,2025-03-28,,,,,279,no_departure_in_window
ACP001452,1453,2021-02-14,2023-02-16,Involuntary,false,,0,no_departure_in_window
ACP001453,1454,2023-08-31,,,,,365,no_departure_in_window
ACP001454,1455,2025-04-27,,,,,249,no_departure_in_window
ACP001455,1456,2025-06-06,,,,,209,no_departure_in_window
ACP001456,1457,2023-11-20,2024-11-09,Involuntary,false,,0,no_departure_in_window
ACP001457,1458,2022-11-25,,,,,365,no_departure_in_window
ACP001458,1459,2022-03-29,,,,,365,no_departure_in_window
ACP001459,1460,2024-05-27,,,,,365,no_departure_in_window
ACP001460,1461,2025-09-29,,,,,94,no_departure_in_window
ACP001461,1462,2023-04-27,,,,,365,no_departure_in_window
ACP001462,1463,2025-04-08,2025-11-21,Voluntary,true,,228,confirmed_regretted_departure
ACP001463,1464,2021-03-16,2021-07-02,Involuntary,false,,0,no_departure_in_window
ACP001464,1465,2021-09-29,,,,,365,no_departure_in_window
ACP001465,1466,2025-06-04,2025-09-18,Voluntary,false,,107,other_departure
ACP001466,1467,2022-09-01,,,,,365,no_departure_in_window
ACP001467,1468,2024-05-30,,,,,365,no_departure_in_window
ACP001468,1469,2023-02-11,,,,,365,no_departure_in_window
ACP001469,1470,2022-06-22,,,,,365,no_departure_in_window
ACP001470,1471,2020-05-29,2021-03-10,Involuntary,false,,0,no_departure_in_window
ACP001471,1472,2022-05-18,,,,,365,no_departure_in_window
ACP001472,1473,2020-11-05,,,,,365,no_departure_in_window
ACP001473,1474,2024-06-28,,,,,365,no_departure_in_window
ACP001474,1475,2022-06-24,,,,,365,no_departure_in_window
ACP001475,1476,2022-06-07,,,,,365,no_departure_in_window
ACP001476,1477,2024-03-21,,,,,365,no_departure_in_window
ACP001477,1478,2024-12-15,2025-10-05,Voluntary,true,,278,confirmed_regretted_departure
ACP001478,1479,2024-08-28,,,,,365,no_departure_in_window
ACP001479,1480,2021-03-06,,,,,365,no_departure_in_window
ACP001480,1481,2022-06-22,,,,,365,no_departure_in_window
ACP001481,1482,2020-11-19,2021-05-12,Involuntary,false,,0,no_departure_in_window
ACP001482,1483,2024-07-22,,,,,365,no_departure_in_window
ACP001483,1484,2024-10-03,2025-08-24,End of Contract,false,,236,other_departure
ACP001484,1485,2020-08-19,2020-09-12,Voluntary,true,,0,no_departure_in_window
ACP001485,1486,2025-04-12,2025-12-07,End of Contract,false,,240,other_departure
ACP001486,1487,2020-01-29,2020-05-26,Involuntary,false,,0,no_departure_in_window
ACP001487,1488,2020-05-23,,,,,365,no_departure_in_window
ACP001488,1489,2023-09-09,,,,,365,no_departure_in_window
ACP001489,1490,2024-03-01,,,,,365,no_departure_in_window
ACP001490,1491,2023-08-23,2023-12-22,Voluntary,false,,0,no_departure_in_window
ACP001491,1492,2024-05-15,,,,,365,no_departure_in_window
ACP001492,1493,2021-08-09,,,,,365,no_departure_in_window
ACP001493,1494,2021-07-21,2022-09-01,Voluntary,false,,0,no_departure_in_window
ACP001494,1495,2023-08-16,2024-06-04,Voluntary,true,seniority_mapping_assumed,0,no_departure_in_window
ACP001495,1496,2023-07-21,2024-04-06,Voluntary,false,,0,no_departure_in_window
ACP001496,1497,2021-02-05,,,,,365,no_departure_in_window
ACP001497,1498,2024-11-11,2025-11-19,Voluntary,false,,323,other_departure
ACP001498,1499,2020-01-07,,,,,365,no_departure_in_window
ACP001499,1500,2021-10-03,,,,,365,no_departure_in_window
ACP001500,1501,2025-06-18,2025-12-27,Voluntary,true,,193,confirmed_regretted_departure
ACP001501,1502,2025-08-04,2025-12-02,Voluntary,true,,121,confirmed_regretted_departure
ACP001502,1503,2023-10-13,,,,,365,no_departure_in_window
ACP001503,1504,2022-09-28,,,,,365,no_departure_in_window
ACP001504,1505,2022-04-12,2022-07-20,Voluntary,true,,0,no_departure_in_window
ACP001505,1506,2024-10-03,,,,,365,no_departure_in_window
ACP001506,1507,2020-02-08,,,,,365,no_departure_in_window
ACP001507,1508,2020-01-29,,,,,365,no_departure_in_window
ACP001508,1509,2021-12-10,,,,,365,no_departure_in_window
ACP001509,1510,2021-09-30,2023-03-20,Involuntary,false,,0,no_departure_in_window
ACP001510,1511,2020-07-06,,,,,365,no_departure_in_window
ACP001511,1512,2020-05-30,,,,,365,no_departure_in_window
ACP001512,1513,2021-12-08,,,,,365,no_departure_in_window
ACP001513,1514,2021-10-04,2022-01-02,,,termination_type_unknown|regretted_classification_unknown,0,no_departure_in_window
ACP001514,1515,2024-11-01,2025-11-09,Voluntary,false,,313,other_departure
ACP001515,1516,2024-03-16,2024-11-29,Voluntary,true,,0,no_departure_in_window
ACP001516,1517,2025-04-17,,,,,259,no_departure_in_window
ACP001517,1518,2022-04-06,2023-03-27,Involuntary,false,,0,no_departure_in_window
ACP001518,1519,2024-10-05,,,,,365,no_departure_in_window
ACP001519,1520,2023-04-22,,,,,365,no_departure_in_window
ACP001520,1521,2020-05-24,2020-12-26,End of Contract,false,,0,no_departure_in_window
ACP001521,1522,2021-07-20,,,,,365,no_departure_in_window
ACP001522,1523,2021-05-23,,,,,365,no_departure_in_window
ACP001523,1524,2023-12-17,,,,,365,no_departure_in_window
ACP001524,1525,2025-02-26,,,,,309,no_departure_in_window
ACP001525,1526,2024-02-28,2025-11-15,Voluntary,true,,319,confirmed_regretted_departure
ACP001526,1527,2021-03-18,,,,,365,no_departure_in_window
ACP001527,1528,2023-01-17,,,,,365,no_departure_in_window
ACP001528,1529,2021-05-08,,,,,365,no_departure_in_window
ACP001529,1530,2024-03-27,2025-01-06,End of Contract,false,,6,other_departure
ACP001530,1531,2021-11-15,,,,,365,no_departure_in_window
ACP001531,1532,2025-04-03,,,,,273,no_departure_in_window
ACP001532,1533,2022-04-04,,,,,365,no_departure_in_window
ACP001533,1534,2021-09-06,,,,,365,no_departure_in_window
ACP001534,1535,2023-10-31,,,,,365,no_departure_in_window
ACP001535,1536,2023-02-23,,,,,365,no_departure_in_window
ACP001536,1537,2025-10-07,,,,,86,no_departure_in_window
ACP001537,1538,2024-10-06,,,,,365,no_departure_in_window
ACP001538,1539,2020-05-27,,,,,365,no_departure_in_window
ACP001539,1540,2020-07-09,2024-02-15,Voluntary,false,,0,no_departure_in_window
ACP001540,1541,2025-05-13,,,,,233,no_departure_in_window
ACP001541,1542,2023-03-02,,,,,365,no_departure_in_window
ACP001542,1543,2020-12-06,,,,,365,no_departure_in_window
ACP001543,1544,2024-04-14,,,,,365,no_departure_in_window
ACP001544,1545,2021-02-13,,,,,365,no_departure_in_window
ACP001545,1546,2020-09-27,,,,,365,no_departure_in_window
ACP001546,1547,2024-04-14,2025-08-10,Voluntary,false,,222,other_departure
ACP001547,1548,2024-01-21,2025-09-23,Voluntary,true,,266,confirmed_regretted_departure
ACP001548,1549,2020-12-25,,,,,365,no_departure_in_window
ACP001549,1550,2022-07-30,,,,,365,no_departure_in_window
ACP001550,1551,2024-06-23,2025-12-10,End of Contract,false,,344,other_departure
ACP001551,1552,2023-03-03,,,,,365,no_departure_in_window
ACP001552,1553,2021-08-09,,,,,365,no_departure_in_window
ACP001553,1554,2024-08-13,,,,,365,no_departure_in_window
ACP001554,1555,2022-08-24,2023-02-14,Voluntary,false,,0,no_departure_in_window
ACP001555,1556,2023-03-02,,,,,365,no_departure_in_window
ACP001556,1557,2020-10-08,,,,,365,no_departure_in_window
ACP001557,1558,2022-07-02,,,,,365,no_departure_in_window
ACP001558,1559,2023-02-02,2024-11-03,Voluntary,true,,0,no_departure_in_window
ACP001559,1560,2024-02-15,2025-07-29,Voluntary,true,,210,confirmed_regretted_departure
ACP001560,1561,2022-05-02,,,,,365,no_departure_in_window
ACP001561,1562,2023-05-14,,,,,365,no_departure_in_window
ACP001562,1563,2023-10-14,2023-11-25,End of Contract,false,,0,no_departure_in_window
ACP001563,1564,2023-05-14,,,,,365,no_departure_in_window
ACP001564,1565,2022-07-13,2022-08-14,End of Contract,false,,0,no_departure_in_window
ACP001565,1566,2020-12-30,2022-01-03,Involuntary,false,,0,no_departure_in_window
ACP001566,1567,2025-10-02,2025-11-22,End of Contract,false,,52,other_departure
ACP001567,1568,2024-10-06,2025-01-23,Voluntary,false,,23,other_departure
ACP001568,1569,2025-01-07,,,,,359,no_departure_in_window
ACP001569,1570,2025-10-15,2025-11-26,Voluntary,false,,43,other_departure
ACP001570,1571,2021-09-05,,,,,365,no_departure_in_window
ACP001571,1572,2020-09-15,2023-01-03,Voluntary,true,,0,no_departure_in_window
ACP001572,1573,2023-09-21,,,,,365,no_departure_in_window
ACP001573,1574,2025-05-22,,,,,224,no_departure_in_window
ACP001574,1575,2022-07-21,2023-03-31,Voluntary,true,,0,no_departure_in_window
ACP001575,1576,2024-02-08,,,,,365,no_departure_in_window
ACP001576,1577,2020-04-21,2021-03-03,Voluntary,false,,0,no_departure_in_window
ACP001577,1578,2025-08-01,,,,,153,no_departure_in_window
ACP001578,1579,2022-05-14,,,,,365,no_departure_in_window
ACP001579,1580,2025-10-20,,,,,73,no_departure_in_window
ACP001580,1581,2025-09-03,2025-09-23,End of Contract,false,,21,other_departure
ACP001581,1582,2021-03-09,,,,,365,no_departure_in_window
ACP001582,1583,2025-06-06,,,,,209,no_departure_in_window
ACP001583,1584,2020-04-29,,,,,365,no_departure_in_window
ACP001584,1585,2021-09-05,2023-04-13,Involuntary,false,,0,no_departure_in_window
ACP001585,1586,2021-05-26,,,,,365,no_departure_in_window
ACP001586,1587,2020-11-28,,,,,365,no_departure_in_window
ACP001587,1588,2021-05-23,,,,,365,no_departure_in_window
ACP001588,1589,2022-03-13,,,,,365,no_departure_in_window
ACP001589,1590,2022-04-19,,,,,365,no_departure_in_window
ACP001590,1591,2020-01-16,,,,,365,no_departure_in_window
ACP001591,1592,2021-09-30,2025-04-12,Voluntary,false,,102,other_departure
ACP001592,1593,2021-01-14,,,,,365,no_departure_in_window
ACP001593,1594,2023-08-15,,,,,365,no_departure_in_window
ACP001594,1595,2022-05-19,,,,,365,no_departure_in_window
ACP001595,1596,2022-04-11,,,,,365,no_departure_in_window
ACP001596,1597,2021-03-06,2021-10-27,Voluntary,true,,0,no_departure_in_window
ACP001597,1598,2023-11-13,,,,,365,no_departure_in_window
ACP001598,1599,2025-04-25,,,,,251,no_departure_in_window
ACP001599,1600,2020-06-17,,,,,365,no_departure_in_window
ACP001600,1601,2020-08-22,,,,,365,no_departure_in_window
ACP001601,1602,2025-06-13,,,,,202,no_departure_in_window
ACP001602,1603,2023-04-23,,,,,365,no_departure_in_window
ACP001603,1604,2020-01-12,,,,,365,no_departure_in_window
ACP001604,1605,2025-08-10,,,,,144,no_departure_in_window
ACP001605,1606,2021-02-27,,,,,365,no_departure_in_window
ACP001606,1607,2023-09-10,2024-04-30,End of Contract,false,,0,no_departure_in_window
ACP001607,1608,2025-05-10,2025-12-27,Voluntary,true,,232,confirmed_regretted_departure
ACP001608,1609,2022-10-24,2022-12-08,Voluntary,false,missing_or_unknown_country,0,no_departure_in_window
ACP001609,1610,2022-12-23,,,,,365,no_departure_in_window
ACP001610,1611,2023-04-29,,,,,365,no_departure_in_window
ACP001611,1612,2020-09-01,,,,,365,no_departure_in_window
ACP001612,1613,2021-10-05,,,,,365,no_departure_in_window
ACP001613,1614,2025-01-23,2025-04-19,Involuntary,false,,87,other_departure
ACP001614,1615,2020-02-24,2020-08-02,Voluntary,true,,0,no_departure_in_window
ACP001615,1616,2024-03-02,,,,,365,no_departure_in_window
ACP001616,1617,2020-09-23,2021-02-09,Voluntary,false,,0,no_departure_in_window
ACP001617,1618,2024-11-18,2025-12-25,Involuntary,false,,359,other_departure
ACP001618,1619,2021-08-15,,,,,365,no_departure_in_window
ACP001619,1620,2021-11-28,2022-06-04,End of Contract,false,,0,no_departure_in_window
ACP001620,1621,2021-06-02,,,,,365,no_departure_in_window
ACP001621,1622,2021-10-24,,,,,365,no_departure_in_window
ACP001622,1623,2021-06-23,2022-09-03,Voluntary,false,,0,no_departure_in_window
ACP001623,1624,2022-11-10,2024-03-26,Voluntary,false,,0,no_departure_in_window
ACP001624,1625,2025-08-20,,,,,134,no_departure_in_window
ACP001625,1626,2023-10-05,2024-02-22,Voluntary,true,,0,no_departure_in_window
ACP001626,1627,2024-03-04,2025-05-29,Voluntary,false,,149,other_departure
ACP001627,1628,2020-03-27,2020-05-24,Voluntary,true,,0,no_departure_in_window
ACP001628,1629,2024-01-17,,,,,365,no_departure_in_window
ACP001629,1630,2023-03-03,2023-07-20,Voluntary,false,,0,no_departure_in_window
ACP001630,1631,2022-05-29,2025-01-11,Voluntary,false,,11,other_departure
ACP001631,1632,2023-04-03,,,,,365,no_departure_in_window
ACP001632,1633,2024-08-19,,,,,365,no_departure_in_window
ACP001633,1634,2025-02-03,2025-10-17,Voluntary,false,,257,other_departure
ACP001634,1635,2025-10-04,2025-11-01,Voluntary,false,,29,other_departure
ACP001635,1636,2021-12-09,,,,,365,no_departure_in_window
ACP001636,1637,2023-06-07,2023-08-10,Voluntary,true,,0,no_departure_in_window
ACP001637,1638,2021-02-14,,,,,365,no_departure_in_window
ACP001638,1639,2025-08-02,,,,,152,no_departure_in_window
ACP001639,1640,2024-10-31,,,,,365,no_departure_in_window
ACP001640,1641,2023-03-23,,,,,365,no_departure_in_window
ACP001641,1642,2021-07-06,,,,,365,no_departure_in_window
ACP001642,1643,2022-08-18,,,,,365,no_departure_in_window
ACP001643,1644,2020-04-23,2020-10-20,Involuntary,false,,0,no_departure_in_window
ACP001644,1645,2021-05-17,2023-11-13,Voluntary,true,,0,no_departure_in_window
ACP001645,1646,2021-12-07,,,,,365,no_departure_in_window
ACP001646,1647,2025-06-26,,,,,189,no_departure_in_window
ACP001647,1648,2021-05-07,2021-08-29,Voluntary,true,,0,no_departure_in_window
ACP001648,1649,2023-08-15,2023-08-31,Voluntary,false,,0,no_departure_in_window
ACP001649,1650,2021-11-05,,,,,365,no_departure_in_window
ACP001650,1651,2020-12-01,,,,,365,no_departure_in_window
ACP001651,1652,2023-08-26,,,,,365,no_departure_in_window
ACP001652,1653,2024-06-08,,,,,365,no_departure_in_window
ACP001653,1654,2020-10-17,2021-01-02,Voluntary,false,,0,no_departure_in_window
ACP001654,1655,2025-09-01,,,,,122,no_departure_in_window
ACP001655,1656,2023-08-14,,,,,365,no_departure_in_window
ACP001656,1657,2021-11-29,2023-01-27,Voluntary,true,,0,no_departure_in_window
ACP001657,1658,2024-05-06,,,,,365,no_departure_in_window
ACP001658,1659,2021-09-22,2023-03-03,Voluntary,true,,0,no_departure_in_window
ACP001659,1660,2020-04-28,,,,,365,no_departure_in_window
ACP001660,1661,2022-05-10,,,,,365,no_departure_in_window
ACP001661,1662,2024-05-28,,,,,365,no_departure_in_window
ACP001662,1663,2020-05-24,,,,,365,no_departure_in_window
ACP001663,1664,2020-10-08,,,,,365,no_departure_in_window
ACP001664,1665,2023-12-14,2025-08-24,Involuntary,false,,236,other_departure
ACP001665,1666,2025-06-11,,,,,204,no_departure_in_window
ACP001666,1667,2023-11-15,2024-11-04,Voluntary,false,,0,no_departure_in_window
ACP001667,1668,2021-05-08,2021-07-26,Voluntary,true,,0,no_departure_in_window
ACP001668,1669,2022-10-25,,,,,365,no_departure_in_window
ACP001669,1670,2022-02-26,,,,,365,no_departure_in_window
ACP001670,1671,2022-10-17,,,,,365,no_departure_in_window
ACP001671,1672,2020-07-29,2020-12-20,Involuntary,false,,0,no_departure_in_window
ACP001672,1673,2021-02-05,,,,,365,no_departure_in_window
ACP001673,1674,2022-07-11,,,,,365,no_departure_in_window
ACP001674,1675,2021-03-17,,,,,365,no_departure_in_window
ACP001675,1676,2025-05-08,,,,,238,no_departure_in_window
ACP001676,1677,2024-07-30,,,,,365,no_departure_in_window
ACP001677,1678,2022-01-03,2022-04-01,Voluntary,false,,0,no_departure_in_window
ACP001678,1679,2022-03-18,,,,,365,no_departure_in_window
ACP001679,1680,2025-03-23,,,,,284,no_departure_in_window
ACP001680,1681,2020-11-20,2024-07-18,Involuntary,false,,0,no_departure_in_window
ACP001681,1682,2020-12-26,2021-11-16,Involuntary,false,,0,no_departure_in_window
ACP001682,1683,2023-02-12,,,,,365,no_departure_in_window
ACP001683,1684,2021-05-20,,,,,365,no_departure_in_window
ACP001684,1685,2020-05-02,,,,,365,no_departure_in_window
ACP001685,1686,2020-07-07,2020-10-28,Voluntary,false,,0,no_departure_in_window
ACP001686,1687,2023-03-15,,,,,365,no_departure_in_window
ACP001687,1688,2023-09-17,,,,,365,no_departure_in_window
ACP001688,1689,2025-04-26,,,,,250,no_departure_in_window
ACP001689,1690,2021-11-15,2022-05-27,Voluntary,false,,0,no_departure_in_window
ACP001690,1691,2023-10-22,2025-06-24,Voluntary,true,,175,confirmed_regretted_departure
ACP001691,1692,2024-01-28,2024-04-27,,,termination_type_unknown|regretted_classification_unknown,0,no_departure_in_window
ACP001692,1693,2020-02-05,,,,,365,no_departure_in_window
ACP001693,1694,2020-06-14,,,,,365,no_departure_in_window
ACP001694,1695,2021-04-11,,,,,365,no_departure_in_window
ACP001695,1696,2020-09-09,,,,,365,no_departure_in_window
ACP001696,1697,2024-08-07,,,,,365,no_departure_in_window
ACP001697,1698,2022-04-27,2023-03-20,Voluntary,false,,0,no_departure_in_window
ACP001698,1699,2022-11-11,,,,,365,no_departure_in_window
ACP001699,1700,2020-03-07,2023-12-21,Voluntary,true,,0,no_departure_in_window
ACP001700,1701,2020-06-08,2020-07-01,Voluntary,false,,0,no_departure_in_window
ACP001701,1702,2020-05-21,2022-10-11,Voluntary,true,,0,no_departure_in_window
ACP001702,1703,2022-07-08,,,,,365,no_departure_in_window
ACP001703,1704,2024-02-21,,,,,365,no_departure_in_window
ACP001704,1705,2021-09-24,,,,,365,no_departure_in_window
ACP001705,1706,2023-01-29,2023-08-23,Involuntary,false,,0,no_departure_in_window
ACP001706,1707,2022-04-26,,,,,365,no_departure_in_window
ACP001707,1708,2020-11-09,,,,,365,no_departure_in_window
ACP001708,1709,2021-02-03,2022-01-15,Voluntary,false,,0,no_departure_in_window
ACP001709,1710,2021-10-20,2024-05-13,Voluntary,true,,0,no_departure_in_window
ACP001710,1711,2024-04-18,,,,,365,no_departure_in_window
ACP001711,1712,2024-09-16,2025-12-13,Voluntary,true,,347,confirmed_regretted_departure
ACP001712,1713,2024-08-22,2025-01-12,End of Contract,false,,12,other_departure
ACP001713,1714,2024-09-26,,,,,365,no_departure_in_window
ACP001714,1715,2023-11-01,,,,,365,no_departure_in_window
ACP001715,1716,2020-05-30,,,,,365,no_departure_in_window
ACP001716,1717,2022-06-16,,,,,365,no_departure_in_window
ACP001717,1718,2025-06-14,,,,,201,no_departure_in_window
ACP001718,1719,2024-06-08,,,,,365,no_departure_in_window
ACP001719,1720,2020-04-23,,,,,365,no_departure_in_window
ACP001720,1721,2022-10-17,2023-10-15,Voluntary,true,,0,no_departure_in_window
ACP001721,1722,2022-07-25,,,,,365,no_departure_in_window
ACP001722,1723,2020-03-31,2020-06-22,Voluntary,true,,0,no_departure_in_window
ACP001723,1724,2020-06-03,,,,,365,no_departure_in_window
ACP001724,1725,2025-10-13,,,,,80,no_departure_in_window
ACP001725,1726,2022-12-15,,,,,365,no_departure_in_window
ACP001726,1727,2021-06-27,2023-05-21,End of Contract,false,seniority_mapping_assumed,0,no_departure_in_window
ACP001727,1728,2024-12-05,2024-12-29,End of Contract,false,,0,no_departure_in_window
ACP001728,1729,2020-11-09,2021-07-21,End of Contract,false,,0,no_departure_in_window
ACP001729,1730,2021-11-18,2025-06-25,End of Contract,false,,176,other_departure
ACP001730,1731,2025-02-20,,,,,315,no_departure_in_window
ACP001731,1732,2025-11-13,,,,,49,no_departure_in_window
ACP001732,1733,2024-01-31,,,,,365,no_departure_in_window
ACP001733,1734,2024-09-17,2025-01-28,Voluntary,true,country_alias_mapped,28,confirmed_regretted_departure
ACP001734,1735,2020-09-13,,,,,365,no_departure_in_window
ACP001735,1736,2021-03-28,,,,,365,no_departure_in_window
ACP001736,1737,2025-05-26,,,,,220,no_departure_in_window
ACP001737,1738,2024-04-04,2024-08-08,Voluntary,true,,0,no_departure_in_window
ACP001738,1739,2021-07-14,,,,,365,no_departure_in_window
ACP001739,1740,2024-10-13,,,,,365,no_departure_in_window
ACP001740,1741,2022-06-11,,,,,365,no_departure_in_window
ACP001741,1742,2021-01-07,,,,,365,no_departure_in_window
ACP001742,1743,2022-05-28,,,,,365,no_departure_in_window
ACP001743,1744,2022-04-20,,,,,365,no_departure_in_window
ACP001744,1745,2022-09-01,2023-12-08,Involuntary,false,,0,no_departure_in_window
ACP001745,1746,2023-11-17,,,,,365,no_departure_in_window
ACP001746,1747,2021-07-31,2021-12-29,Voluntary,false,,0,no_departure_in_window
ACP001747,1748,2022-08-07,,,,,365,no_departure_in_window
ACP001748,1749,2023-02-13,,,,,365,no_departure_in_window
ACP001749,1750,2024-10-24,2025-08-20,End of Contract,false,,232,other_departure
ACP001750,1751,2023-01-14,,,,,365,no_departure_in_window
ACP001751,1752,2022-03-16,,,,,365,no_departure_in_window
ACP001752,1753,2021-09-08,,,,,365,no_departure_in_window
ACP001753,1754,2020-08-19,,,,,365,no_departure_in_window
ACP001754,1755,2023-04-07,2024-03-25,Involuntary,false,,0,no_departure_in_window
ACP001755,1756,2020-11-22,2021-08-26,Voluntary,false,,0,no_departure_in_window
ACP001756,1757,2022-04-16,2024-08-17,Involuntary,false,,0,no_departure_in_window
ACP001757,1758,2022-01-29,,,,,365,no_departure_in_window
ACP001758,1759,2023-04-06,2023-07-13,Voluntary,true,,0,no_departure_in_window
ACP001759,1760,2025-08-08,,,,,146,no_departure_in_window
ACP001760,1761,2021-05-27,2025-08-29,Voluntary,false,,241,other_departure
ACP001761,1762,2024-07-30,2024-08-14,Voluntary,false,,0,no_departure_in_window
ACP001762,1763,2020-03-30,,,,,365,no_departure_in_window
ACP001763,1764,,,,,missing_hire_date,0,excluded_invalid_dates
ACP001764,1765,2021-02-22,,,,,365,no_departure_in_window
ACP001765,1766,2023-03-09,,,,,365,no_departure_in_window
ACP001766,1767,2022-08-22,,,,,365,no_departure_in_window
ACP001767,1768,2024-03-01,2025-05-01,Voluntary,true,,121,confirmed_regretted_departure
ACP001768,1769,2021-08-06,2022-06-08,End of Contract,false,,0,no_departure_in_window
ACP001769,1770,2024-08-17,,,,,365,no_departure_in_window
ACP001770,1771,2025-04-20,,,,,256,no_departure_in_window
ACP001771,1772,2024-05-14,,,,,365,no_departure_in_window
ACP001772,1773,2025-07-24,2025-08-06,Voluntary,false,,14,other_departure
ACP001773,1774,2020-08-02,2023-06-21,Involuntary,false,,0,no_departure_in_window
ACP001774,1775,2020-07-28,,,,,365,no_departure_in_window
ACP001775,1776,2020-02-22,,,,,365,no_departure_in_window
ACP001776,1777,2024-12-31,,,,,365,no_departure_in_window
ACP001777,1778,2020-03-12,,,,,365,no_departure_in_window
ACP001778,1779,2025-11-09,,,,,53,no_departure_in_window
ACP001779,1780,2022-03-10,,,,,365,no_departure_in_window
ACP001780,1781,2022-01-21,2023-09-05,End of Contract,false,,0,no_departure_in_window
ACP001781,1782,2022-05-16,2022-05-28,Voluntary,false,,0,no_departure_in_window
ACP001782,1783,2024-06-03,2025-07-22,Voluntary,true,,203,confirmed_regretted_departure
ACP001783,1784,2021-04-25,2023-05-22,Voluntary,false,,0,no_departure_in_window
ACP001784,1785,2024-09-13,,,,,365,no_departure_in_window
ACP001785,1786,2020-09-26,,,,,365,no_departure_in_window
ACP001786,1787,2024-10-31,,,,,365,no_departure_in_window
ACP001787,1788,2021-09-18,2025-10-05,End of Contract,false,,278,other_departure
ACP001788,1789,2025-07-01,,,,,184,no_departure_in_window
ACP001789,1790,2024-10-20,2025-10-27,Voluntary,false,,300,other_departure
ACP001790,1791,2025-06-12,,,,,203,no_departure_in_window
ACP001791,1792,2023-06-01,,,,,365,no_departure_in_window
ACP001792,1793,2023-05-30,,,,,365,no_departure_in_window
ACP001793,1794,2022-05-20,2023-08-27,Voluntary,false,,0,no_departure_in_window
ACP001794,1795,2024-03-20,2025-05-22,Involuntary,false,,142,other_departure
ACP001795,1796,2022-05-27,,,,,365,no_departure_in_window
ACP001796,1797,2023-12-20,2024-03-01,End of Contract,false,,0,no_departure_in_window
ACP001797,1798,2023-05-28,,,,,365,no_departure_in_window
ACP001798,1799,2021-03-01,,,,,365,no_departure_in_window
ACP001799,1800,2021-01-14,2021-03-18,Voluntary,true,,0,no_departure_in_window
ACP001800,1801,2020-06-26,,,,,365,no_departure_in_window
ACP001801,1802,2022-07-06,,,,,365,no_departure_in_window
ACP001802,1803,2021-05-07,2021-10-03,Voluntary,false,,0,no_departure_in_window
ACP001803,1804,2022-12-02,2023-01-07,Voluntary,false,,0,no_departure_in_window
ACP001804,1805,2024-05-20,2024-11-14,Voluntary,true,,0,no_departure_in_window
ACP001805,1806,2022-03-12,2022-04-29,Voluntary,false,,0,no_departure_in_window
ACP001806,1807,2023-07-28,,,,,365,no_departure_in_window
ACP001807,1808,2023-11-15,,,,,365,no_departure_in_window
ACP001808,1809,2022-07-08,,,,,365,no_departure_in_window
ACP001809,1810,2024-01-13,,,,,365,no_departure_in_window
ACP001810,1811,2023-02-25,2023-01-22,Voluntary,true,termination_before_hire,0,excluded_invalid_dates
ACP001811,1812,2020-04-23,,,,,365,no_departure_in_window
ACP001812,1813,2021-09-11,2022-08-25,End of Contract,false,,0,no_departure_in_window
ACP001813,1814,2022-08-14,,,,,365,no_departure_in_window
ACP001814,1815,2023-12-25,,,,,365,no_departure_in_window
ACP001815,1816,2021-07-31,,,,,365,no_departure_in_window
ACP001816,1817,2025-04-12,,,,,264,no_departure_in_window
ACP001817,1818,2021-03-07,,,,,365,no_departure_in_window
ACP001818,1819,2024-10-14,2025-04-12,Involuntary,false,,102,other_departure
ACP001819,1820,2022-10-28,2023-03-16,Voluntary,false,,0,no_departure_in_window
ACP001820,1821,2021-05-01,,,,,365,no_departure_in_window
ACP001821,1822,2021-10-28,,,,,365,no_departure_in_window
ACP001822,1823,2021-05-02,,,,,365,no_departure_in_window
ACP001823,1824,2022-04-08,,,,,365,no_departure_in_window
ACP001824,1825,2021-12-01,,,,,365,no_departure_in_window
ACP001825,1826,2024-08-09,,,,,365,no_departure_in_window
ACP001826,1827,2021-01-30,2025-11-13,Voluntary,true,,317,confirmed_regretted_departure
ACP001827,1828,2024-08-15,,,,,365,no_departure_in_window
ACP001828,1829,2021-11-27,2023-03-19,End of Contract,false,,0,no_departure_in_window
ACP001829,1830,2024-11-23,2025-12-06,Voluntary,false,,340,other_departure
ACP001830,1831,2021-10-09,,,,,365,no_departure_in_window
ACP001831,1832,2024-11-09,2025-12-19,Voluntary,false,,353,other_departure
ACP001832,1833,2022-12-14,2025-07-22,Voluntary,true,,203,confirmed_regretted_departure
ACP001833,1834,2025-07-28,,,,,157,no_departure_in_window
ACP001834,1835,2020-07-08,2021-02-13,Voluntary,true,,0,no_departure_in_window
ACP001835,1836,2022-05-28,,,,,365,no_departure_in_window
ACP001836,1837,2023-10-21,,,,,365,no_departure_in_window
ACP001837,1838,2022-04-09,,,,,365,no_departure_in_window
ACP001838,1839,2024-03-15,,,,,365,no_departure_in_window
ACP001839,1840,2021-10-19,,,,,365,no_departure_in_window
ACP001840,1841,2021-04-25,,,,,365,no_departure_in_window
ACP001841,1842,2021-09-22,,,,,365,no_departure_in_window
ACP001842,1843,2021-11-22,,,,,365,no_departure_in_window
ACP001843,1844,2023-02-17,2024-05-12,Voluntary,false,,0,no_departure_in_window
ACP001844,1845,2021-05-24,,,,,365,no_departure_in_window
ACP001845,1846,2020-09-18,,,,,365,no_departure_in_window
ACP001846,1847,2025-06-18,,,,,197,no_departure_in_window
ACP001847,1848,2021-09-24,2023-08-24,Involuntary,false,,0,no_departure_in_window
ACP001848,1849,2023-07-31,,,,,365,no_departure_in_window
ACP001849,1850,2021-07-22,2022-04-16,Voluntary,false,,0,no_departure_in_window
ACP001850,1851,2022-10-26,,,,,365,no_departure_in_window
ACP001851,1852,2024-03-26,,,,,365,no_departure_in_window
ACP001852,1853,2022-10-09,2022-12-26,Voluntary,false,,0,no_departure_in_window
ACP001853,1854,2021-09-19,2022-07-25,Voluntary,false,,0,no_departure_in_window
ACP001854,1855,2020-05-17,,,,,365,no_departure_in_window
ACP001855,1856,2024-05-30,2025-07-02,End of Contract,false,,183,other_departure
ACP001856,1857,2025-10-11,,,,missing_or_unknown_country,82,no_departure_in_window
ACP001857,1858,2021-01-18,,,,,365,no_departure_in_window
ACP001858,1859,2025-02-08,,,,,327,no_departure_in_window
ACP001859,1860,2025-11-29,,,,,33,no_departure_in_window
ACP001860,1861,2025-11-12,2025-12-22,Voluntary,false,,41,other_departure
ACP001861,1862,2021-05-29,,,,,365,no_departure_in_window
ACP001862,1863,2024-01-09,2024-08-09,Involuntary,false,,0,no_departure_in_window
ACP001863,1864,2023-08-26,2024-05-16,Voluntary,true,,0,no_departure_in_window
ACP001864,1865,2021-04-01,2021-07-28,Voluntary,false,,0,no_departure_in_window
ACP001865,1866,2022-08-05,,,,,365,no_departure_in_window
ACP001866,1867,2020-10-25,2021-09-25,Voluntary,true,,0,no_departure_in_window
ACP001867,1868,2024-05-09,,,,,365,no_departure_in_window
ACP001868,1869,2022-12-01,,,,,365,no_departure_in_window
ACP001869,1870,2020-10-05,2021-01-03,,,termination_type_unknown|regretted_classification_unknown,0,no_departure_in_window
ACP001870,1871,2025-09-08,,,,,115,no_departure_in_window
ACP001871,1872,2025-08-27,,,,,127,no_departure_in_window
ACP001872,1873,2020-04-30,,,,,365,no_departure_in_window
ACP001873,1874,2022-04-12,2025-06-04,Voluntary,false,,155,other_departure
ACP001874,1875,2024-12-29,2025-12-29,Voluntary,true,,363,confirmed_regretted_departure
ACP001875,1876,2024-02-16,,,,,365,no_departure_in_window
ACP001876,1877,2022-02-26,,,,,365,no_departure_in_window
ACP001877,1878,2020-05-28,,,,,365,no_departure_in_window
ACP001878,1879,2021-08-31,,,,,365,no_departure_in_window
ACP001879,1880,2020-08-09,,,,,365,no_departure_in_window
ACP001880,1881,2025-06-14,,,,,201,no_departure_in_window
ACP001881,1882,2022-06-29,2023-02-02,Voluntary,true,,0,no_departure_in_window
ACP001882,1883,2021-11-19,,,,,365,no_departure_in_window
ACP001883,1884,2020-10-01,,,,,365,no_departure_in_window
ACP001884,1885,2024-05-17,,,,,365,no_departure_in_window
ACP001885,1886,2024-02-01,,,,,365,no_departure_in_window
ACP001886,1887,2024-10-19,,,,,365,no_departure_in_window
ACP001887,1888,2024-05-08,,,,,365,no_departure_in_window
ACP001888,1889,2025-02-15,,,,,320,no_departure_in_window
ACP001889,1890,2022-11-07,,,,,365,no_departure_in_window
ACP001890,1891,2024-10-27,,,,,365,no_departure_in_window
ACP001891,1892,2022-12-02,,,,,365,no_departure_in_window
ACP001892,1893,2023-09-13,2024-08-17,Voluntary,false,,0,no_departure_in_window
ACP001893,1894,2023-11-23,,,,,365,no_departure_in_window
ACP001894,1895,2020-05-12,2021-01-29,Voluntary,true,,0,no_departure_in_window
ACP001895,1896,2025-10-14,2025-11-05,Voluntary,false,,23,other_departure
ACP001896,1897,2021-11-24,2025-01-13,Voluntary,false,,13,other_departure
ACP001897,1898,2022-06-30,,,,,365,no_departure_in_window
ACP001898,1899,2022-02-21,,,,,365,no_departure_in_window
ACP001899,1900,2024-11-28,2025-01-05,Voluntary,false,,5,other_departure
ACP001900,1901,2021-09-18,,,,,365,no_departure_in_window
ACP001901,1902,2021-07-07,,,,,365,no_departure_in_window
ACP001902,1903,2021-06-07,2023-11-16,Voluntary,true,,0,no_departure_in_window
ACP001903,1904,2021-09-18,,,,,365,no_departure_in_window
ACP001904,1905,2025-08-30,,,,,124,no_departure_in_window
ACP001905,1906,2022-01-08,,,,,365,no_departure_in_window
ACP001906,1907,2022-05-08,,,,,365,no_departure_in_window
ACP001907,1908,2024-08-26,,,,,365,no_departure_in_window
ACP001908,1909,2021-05-13,2022-10-19,Voluntary,true,,0,no_departure_in_window
ACP001909,1910,2024-10-27,,,,,365,no_departure_in_window
ACP001910,1911,2024-10-04,2025-01-07,End of Contract,false,,7,other_departure
ACP001911,1912,2020-07-05,,,,,365,no_departure_in_window
ACP001912,1913,2021-10-05,2022-01-04,End of Contract,false,,0,no_departure_in_window
ACP001913,1914,2023-11-05,,,,,365,no_departure_in_window
ACP001914,1915,2023-02-23,2023-12-15,Voluntary,true,,0,no_departure_in_window
ACP001915,1916,2025-09-16,,,,,107,no_departure_in_window
ACP001916,1917,2022-02-16,,,,,365,no_departure_in_window
ACP001917,1918,2021-03-27,2021-07-21,Voluntary,false,,0,no_departure_in_window
ACP001918,1919,2024-06-25,2025-08-18,Involuntary,false,,230,other_departure
ACP001919,1920,2025-04-17,,,,,259,no_departure_in_window
ACP001920,1921,2023-08-03,,,,,365,no_departure_in_window
ACP001921,1922,2020-11-23,,,,,365,no_departure_in_window
ACP001922,1923,2021-11-09,2022-03-27,Voluntary,true,,0,no_departure_in_window
ACP001923,1924,2024-07-04,2024-11-27,End of Contract,false,,0,no_departure_in_window
ACP001924,1925,2025-03-25,,,,,282,no_departure_in_window
ACP001925,1926,2024-04-27,,,,,365,no_departure_in_window
ACP001926,1927,2021-05-03,,,,,365,no_departure_in_window
ACP001927,1928,2022-03-03,,,,,365,no_departure_in_window
ACP001928,1929,2022-02-03,,,,,365,no_departure_in_window
ACP001929,1930,2020-03-06,2020-11-06,Voluntary,false,,0,no_departure_in_window
ACP001930,1931,2020-08-21,2025-06-19,Involuntary,false,,170,other_departure
ACP001931,1932,2020-01-31,,,,,365,no_departure_in_window
ACP001932,1933,2024-09-08,2025-10-06,End of Contract,false,,279,other_departure
ACP001933,1934,2022-10-02,2022-12-10,Voluntary,false,,0,no_departure_in_window
ACP001934,1935,2024-11-14,2024-12-30,Voluntary,false,,0,no_departure_in_window
ACP001935,1936,2022-09-07,,,,,365,no_departure_in_window
ACP001936,1937,2023-08-22,,,,,365,no_departure_in_window
ACP001937,1938,2022-04-03,,,,,365,no_departure_in_window
ACP001938,1939,2024-10-14,,,,,365,no_departure_in_window
ACP001939,1940,2024-06-10,2024-10-06,End of Contract,false,,0,no_departure_in_window
ACP001940,1941,2021-11-23,2022-08-18,End of Contract,false,,0,no_departure_in_window
ACP001941,1942,2021-07-16,2023-03-03,End of Contract,false,,0,no_departure_in_window
ACP001942,1943,2020-09-27,,,,,365,no_departure_in_window
ACP001943,1944,2023-05-31,2023-08-14,Voluntary,false,,0,no_departure_in_window
ACP001944,1945,2022-02-15,,,,,365,no_departure_in_window
ACP001945,1946,2021-10-10,2025-06-06,Involuntary,false,,157,other_departure
ACP001946,1947,2022-08-22,,,,,365,no_departure_in_window
ACP001947,1948,2024-08-05,,,,,365,no_departure_in_window
ACP001948,1949,2020-06-27,2021-04-04,Involuntary,false,,0,no_departure_in_window
ACP001949,1950,2024-07-20,,,,,365,no_departure_in_window
ACP001950,1951,2020-10-23,,,,,365,no_departure_in_window
ACP001951,1952,2021-04-01,,,,,365,no_departure_in_window
ACP001952,1953,2020-09-19,,,,,365,no_departure_in_window
ACP001953,1954,2024-07-12,2024-09-23,Involuntary,false,,0,no_departure_in_window
ACP001954,1955,2022-04-22,2023-06-23,End of Contract,false,,0,no_departure_in_window
ACP001955,1956,2023-03-25,,,,,365,no_departure_in_window
ACP001956,1957,2025-05-06,,,,,240,no_departure_in_window
ACP001957,1958,2022-03-08,2022-09-02,Voluntary,false,,0,no_departure_in_window
ACP001958,1959,2020-10-14,,,,seniority_mapping_assumed,365,no_departure_in_window
ACP001959,1960,2025-05-03,2025-10-21,End of Contract,false,,172,other_departure
ACP001960,1961,2021-06-08,2023-01-17,Involuntary,false,,0,no_departure_in_window
ACP001961,1962,2022-02-19,,,,,365,no_departure_in_window
ACP001962,1963,2020-01-26,,,,,365,no_departure_in_window
ACP001963,1964,2024-04-11,,,,,365,no_departure_in_window
ACP001964,1965,2023-08-31,,,,,365,no_departure_in_window
ACP001965,1966,2024-02-25,2024-05-11,Voluntary,true,,0,no_departure_in_window
ACP001966,1967,2023-05-12,,,,,365,no_departure_in_window
ACP001967,1968,2024-06-28,,,,,365,no_departure_in_window
ACP001968,1969,2023-03-18,2025-04-03,Involuntary,false,,93,other_departure
ACP001969,1970,2022-08-14,,,,,365,no_departure_in_window
ACP001970,1971,2021-01-03,,,,,365,no_departure_in_window
ACP001971,1972,2022-07-05,,,,,365,no_departure_in_window
ACP001972,1973,2021-11-23,,,,,365,no_departure_in_window
ACP001973,1974,2021-07-10,,,,,365,no_departure_in_window
ACP001974,1975,2021-09-09,,,,,365,no_departure_in_window
ACP001975,1976,2022-04-27,,,,,365,no_departure_in_window
ACP001976,1977,2024-07-27,,,,,365,no_departure_in_window
ACP001977,1978,2023-02-23,,,,,365,no_departure_in_window
ACP001978,1979,2023-05-27,,,,,365,no_departure_in_window
ACP001979,1980,2022-05-10,,,,,365,no_departure_in_window
ACP001980,1981,2024-12-18,2025-10-29,Voluntary,true,,302,confirmed_regretted_departure
ACP001981,1982,2025-03-16,,,,,291,no_departure_in_window
ACP001982,1983,2022-08-01,,,,,365,no_departure_in_window
ACP001983,1984,2021-02-23,,,,,365,no_departure_in_window
ACP001984,1985,2020-05-24,,,,,365,no_departure_in_window
ACP001985,1986,2021-12-14,,,,,365,no_departure_in_window
ACP001986,1987,2025-01-08,,,,,358,no_departure_in_window
ACP001987,1988,2022-07-26,,,,,365,no_departure_in_window
ACP001988,1989,2025-06-17,,,,,198,no_departure_in_window
ACP001989,1990,2022-10-13,2023-06-25,Involuntary,false,,0,no_departure_in_window
ACP001990,1991,2023-01-19,,,,,365,no_departure_in_window
ACP001991,1992,2023-03-08,2023-05-04,Voluntary,true,,0,no_departure_in_window
ACP001992,1993,2024-09-03,,,,,365,no_departure_in_window
ACP001993,1994,2020-06-12,,,,,365,no_departure_in_window
ACP001994,1995,2020-07-31,,,,,365,no_departure_in_window
ACP001995,1996,2024-06-17,,,,,365,no_departure_in_window
ACP001996,1997,2020-10-29,2020-12-29,Voluntary,true,,0,no_departure_in_window
ACP001997,1998,2020-10-30,,,,,365,no_departure_in_window
ACP001998,1999,2025-10-05,,,,,88,no_departure_in_window
ACP001999,2000,2022-10-06,,,,,365,no_departure_in_window
ACP002000,2001,2024-12-09,,,,,365,no_departure_in_window
ACP002001,2002,2025-03-02,,,,,305,no_departure_in_window
ACP002002,2003,2025-07-22,,,,,163,no_departure_in_window
ACP002003,2004,2023-12-28,,,,,365,no_departure_in_window
ACP002004,2005,2021-06-30,,,,,365,no_departure_in_window
ACP002005,2006,2022-05-17,2022-07-01,Voluntary,false,,0,no_departure_in_window
ACP002006,2007,2024-12-18,,,,,365,no_departure_in_window
ACP002007,2008,2023-05-29,2024-10-16,Voluntary,true,,0,no_departure_in_window
ACP002008,2009,2021-06-10,2025-04-09,Voluntary,false,,99,other_departure
ACP002009,2010,2022-05-03,,,,,365,no_departure_in_window
ACP002010,2011,2020-01-23,,,,,365,no_departure_in_window
ACP002011,2012,2024-02-23,,,,,365,no_departure_in_window
ACP002012,2013,2020-04-23,2021-10-17,Voluntary,false,,0,no_departure_in_window
ACP002013,2014,2020-08-31,,,,,365,no_departure_in_window
ACP002014,2015,2025-02-16,,,,,319,no_departure_in_window
ACP002015,2016,2020-11-12,,,,,365,no_departure_in_window
ACP002016,2017,2023-06-02,2023-10-23,Voluntary,false,,0,no_departure_in_window
ACP002017,2018,2020-07-25,,,,,365,no_departure_in_window
ACP002018,2019,2021-04-05,,,,,365,no_departure_in_window
ACP002019,2020,2024-09-06,,,,,365,no_departure_in_window
ACP002020,2021,2024-05-18,2024-11-24,Voluntary,false,,0,no_departure_in_window
ACP002021,2022,2022-09-28,,,,,365,no_departure_in_window
ACP002022,2023,2024-02-13,,,,,365,no_departure_in_window
ACP002023,2024,2025-02-08,,,,,327,no_departure_in_window
ACP002024,2025,2025-07-03,,,,,182,no_departure_in_window
ACP002025,2026,2021-11-04,2025-10-30,End of Contract,false,,303,other_departure
ACP002026,2027,2021-01-25,,,,,365,no_departure_in_window
ACP002027,2028,2024-02-17,,,,,365,no_departure_in_window
ACP002028,2029,2022-01-04,,,,,365,no_departure_in_window
ACP002029,2030,2024-12-26,,,,,365,no_departure_in_window
ACP002030,2031,2025-09-08,,,,,115,no_departure_in_window
ACP002031,2032,2021-11-30,,,,,365,no_departure_in_window
ACP002032,2033,2025-08-19,,,,,135,no_departure_in_window
ACP002033,2034,2023-09-18,2025-06-19,Voluntary,true,,170,confirmed_regretted_departure
ACP002034,2035,2025-02-13,,,,,322,no_departure_in_window
ACP002035,2036,2021-07-27,,,,,365,no_departure_in_window
ACP002036,2037,2020-10-09,,,,,365,no_departure_in_window
ACP002037,2038,2021-08-26,,,,,365,no_departure_in_window
ACP002038,2039,2023-03-30,2024-12-22,Involuntary,false,,0,no_departure_in_window
ACP002039,2040,2021-10-08,,,,,365,no_departure_in_window
ACP002040,2041,2021-08-08,,,,,365,no_departure_in_window
ACP002041,2042,2023-02-16,2023-07-27,Voluntary,true,,0,no_departure_in_window
ACP002042,2043,2025-11-03,,,,,59,no_departure_in_window
ACP002043,2044,2021-10-04,,,,,365,no_departure_in_window
ACP002044,2045,2020-09-09,,,,,365,no_departure_in_window
ACP002045,2046,2020-09-18,2021-03-23,Involuntary,false,,0,no_departure_in_window
ACP002046,2047,2024-08-15,2025-11-28,Voluntary,true,,332,confirmed_regretted_departure
ACP002047,2048,2022-01-08,2024-08-08,,false,termination_type_unknown,0,no_departure_in_window
ACP002048,2049,2022-08-14,,,,,365,no_departure_in_window
ACP002049,2050,2021-08-10,2022-01-03,End of Contract,false,,0,no_departure_in_window
ACP002050,2051,2021-05-19,2022-01-18,Voluntary,false,,0,no_departure_in_window
ACP002051,2052,2022-06-22,,,,,365,no_departure_in_window
ACP002052,2053,2022-12-12,,,,,365,no_departure_in_window
ACP002053,2054,2021-12-10,2022-05-31,Voluntary,false,,0,no_departure_in_window
ACP002054,2055,2022-12-30,,,,,365,no_departure_in_window
ACP002055,2056,2020-03-01,,,,,365,no_departure_in_window
ACP002056,2057,2021-12-01,2022-10-19,Involuntary,false,,0,no_departure_in_window
ACP002057,2058,2024-10-24,,,,,365,no_departure_in_window
ACP002058,2059,2023-05-03,,,,,365,no_departure_in_window
ACP002059,2060,2025-01-27,2025-04-21,Voluntary,false,,85,other_departure
ACP002060,2061,2025-08-19,,,,,135,no_departure_in_window
ACP002061,2062,2025-05-11,,,,,235,no_departure_in_window
ACP002062,2063,2020-05-06,,,,,365,no_departure_in_window
ACP002063,2064,2020-02-15,2020-04-30,Voluntary,false,,0,no_departure_in_window
ACP002064,2065,2024-05-17,,,,,365,no_departure_in_window
ACP002065,2066,2023-10-22,,,,country_alias_mapped,365,no_departure_in_window
ACP002066,2067,2025-09-14,,,,,109,no_departure_in_window
ACP002067,2068,2022-03-21,,,,,365,no_departure_in_window
ACP002068,2069,2020-10-03,,,,,365,no_departure_in_window
ACP002069,2070,2021-12-13,2022-06-19,Voluntary,false,,0,no_departure_in_window
ACP002070,2071,2021-05-17,2021-06-05,Voluntary,false,,0,no_departure_in_window
ACP002071,2072,2020-07-10,2020-10-27,Voluntary,false,,0,no_departure_in_window
ACP002072,2073,2025-04-04,,,,,272,no_departure_in_window
ACP002073,2074,2020-02-05,,,,,365,no_departure_in_window
ACP002074,2075,2020-05-18,,,,,365,no_departure_in_window
ACP002075,2076,2025-08-26,2025-11-06,Voluntary,true,,73,confirmed_regretted_departure
ACP002076,2077,2023-04-04,2023-05-20,Voluntary,false,,0,no_departure_in_window
ACP002077,2078,2020-06-18,,,,,365,no_departure_in_window
ACP002078,2079,2022-06-08,2023-03-15,Voluntary,false,,0,no_departure_in_window
ACP002079,2080,2022-01-16,,,,,365,no_departure_in_window
ACP002080,2081,2020-12-21,,,,,365,no_departure_in_window
ACP002081,2082,2020-10-24,,,,,365,no_departure_in_window
ACP002082,2083,2022-08-20,2023-06-11,Voluntary,false,,0,no_departure_in_window
ACP002083,2084,2024-07-23,2025-10-24,Voluntary,false,,297,other_departure
ACP002084,2085,2025-07-29,,,,,156,no_departure_in_window
ACP002085,2086,2022-02-09,,,,,365,no_departure_in_window
ACP002086,2087,2022-08-08,,,,,365,no_departure_in_window
ACP002087,2088,2020-09-24,,,,,365,no_departure_in_window
ACP002088,2089,2021-01-09,2024-03-01,Voluntary,false,,0,no_departure_in_window
ACP002089,2090,2024-04-15,,,,,365,no_departure_in_window
ACP002090,2091,2022-02-20,2022-07-26,End of Contract,false,,0,no_departure_in_window
ACP002091,2092,2021-12-03,2024-03-26,Voluntary,false,,0,no_departure_in_window
ACP002092,2093,2022-07-10,2024-11-04,Involuntary,false,,0,no_departure_in_window
ACP002093,2094,2024-02-17,2024-04-17,Voluntary,false,,0,no_departure_in_window
ACP002094,2095,2024-07-11,,,,,365,no_departure_in_window
ACP002095,2096,2025-07-31,,,,,154,no_departure_in_window
ACP002096,2097,2021-05-26,,,,,365,no_departure_in_window
ACP002097,2098,2024-07-03,2025-08-20,Voluntary,false,,232,other_departure
ACP002098,2099,2021-04-19,,,,,365,no_departure_in_window
ACP002099,2100,2021-04-24,,,,,365,no_departure_in_window
ACP002100,2101,2024-11-26,,,,,365,no_departure_in_window
ACP002101,2102,2023-01-06,,,,,365,no_departure_in_window
ACP002102,2103,2022-04-22,,,,,365,no_departure_in_window
ACP002103,2104,2021-06-10,,,,,365,no_departure_in_window
ACP002104,2105,2020-06-20,,,,missing_or_unknown_country,365,no_departure_in_window
ACP002105,2106,2020-12-21,,,,,365,no_departure_in_window
ACP002106,2107,2023-05-14,,,,,365,no_departure_in_window
ACP002107,2108,2020-10-18,2021-02-14,Voluntary,true,,0,no_departure_in_window
ACP002108,2109,2024-07-23,,,,,365,no_departure_in_window
ACP002109,2110,2024-10-26,,,,,365,no_departure_in_window
ACP002110,2111,2020-10-05,,,,,365,no_departure_in_window
ACP002111,2112,2023-08-05,2023-12-22,Voluntary,true,,0,no_departure_in_window
ACP002112,2113,2024-09-11,,,,,365,no_departure_in_window
ACP002113,2114,2022-01-14,,,,,365,no_departure_in_window
ACP002114,2115,2023-05-19,2024-10-06,Voluntary,false,,0,no_departure_in_window
ACP002115,2116,2024-10-13,,,,,365,no_departure_in_window
ACP002116,2117,2022-02-02,,,,,365,no_departure_in_window
ACP002117,2118,2021-03-31,,,,,365,no_departure_in_window
ACP002118,2119,2020-10-30,,,,,365,no_departure_in_window
ACP002119,2120,2024-04-23,2025-05-26,End of Contract,false,,146,other_departure
ACP002120,2121,2024-10-01,2025-09-21,Voluntary,false,,264,other_departure
ACP002121,2122,2024-01-25,2024-03-18,End of Contract,false,,0,no_departure_in_window
ACP002122,2123,2025-02-13,,,,,322,no_departure_in_window
ACP002123,2124,2020-02-12,,,,,365,no_departure_in_window
ACP002124,2125,2022-09-11,,,,,365,no_departure_in_window
ACP002125,2126,2022-07-18,,,,,365,no_departure_in_window
ACP002126,2127,2021-12-24,,,,,365,no_departure_in_window
ACP002127,2128,2020-04-06,,,,,365,no_departure_in_window
ACP002128,2129,2024-01-02,2024-02-15,Involuntary,false,,0,no_departure_in_window
ACP002129,2130,2025-01-21,,,,,345,no_departure_in_window
ACP002130,2131,2024-12-27,,,,,365,no_departure_in_window
ACP002131,2132,2025-11-04,,,,,58,no_departure_in_window
ACP002132,2133,2021-03-08,,,,,365,no_departure_in_window
ACP002133,2134,2020-03-15,,,,,365,no_departure_in_window
ACP002134,2135,2022-04-04,,,,,365,no_departure_in_window
ACP002135,2136,2023-05-19,2023-09-18,Voluntary,true,,0,no_departure_in_window
ACP002136,2137,2021-10-10,,,,,365,no_departure_in_window
ACP002137,2138,2025-08-24,,,,,130,no_departure_in_window
ACP002138,2139,2022-01-17,2023-01-31,Voluntary,true,,0,no_departure_in_window
ACP002139,2140,2022-01-15,,,,,365,no_departure_in_window
ACP002140,2141,2022-04-18,2022-12-15,Involuntary,false,,0,no_departure_in_window
ACP002141,2142,2020-02-22,,,,,365,no_departure_in_window
ACP002142,2143,2023-05-18,,,,,365,no_departure_in_window
ACP002143,2144,2024-05-02,,,,,365,no_departure_in_window
ACP002144,2145,2021-10-23,,,,,365,no_departure_in_window
ACP002145,2146,2023-04-22,,,,,365,no_departure_in_window
ACP002146,2147,2023-11-15,,,,,365,no_departure_in_window
ACP002147,2148,2025-07-30,,,,,155,no_departure_in_window
ACP002148,2149,2022-01-22,2022-03-10,Voluntary,true,,0,no_departure_in_window
ACP002149,2150,2024-10-06,,,,,365,no_departure_in_window
ACP002150,2151,2025-04-06,,,,,270,no_departure_in_window
ACP002151,2152,2021-05-24,,,,,365,no_departure_in_window
ACP002152,2153,2021-12-26,,,,,365,no_departure_in_window
ACP002153,2154,2025-09-22,,,,,101,no_departure_in_window
ACP002154,2155,2023-06-26,,,,,365,no_departure_in_window
ACP002155,2156,2023-12-21,2024-03-13,End of Contract,false,,0,no_departure_in_window
ACP002156,2157,2021-01-25,,,,,365,no_departure_in_window
ACP002157,2158,2021-09-02,2025-12-23,Voluntary,false,,357,other_departure
ACP002158,2159,2023-01-31,,,,,365,no_departure_in_window
ACP002159,2160,2021-02-02,,,,,365,no_departure_in_window
ACP002160,2161,2022-10-14,,,,,365,no_departure_in_window
ACP002161,2162,2023-08-20,2025-04-20,Voluntary,false,,110,other_departure
ACP002162,2163,2025-06-08,,,,,207,no_departure_in_window
ACP002163,2164,2021-09-06,,,,,365,no_departure_in_window
ACP002164,2165,2022-09-24,,,,,365,no_departure_in_window
ACP002165,2166,2021-07-01,,,,,365,no_departure_in_window
ACP002166,2167,2022-09-06,,,,,365,no_departure_in_window
ACP002167,2168,2024-08-27,,,,,365,no_departure_in_window
ACP002168,2169,2020-10-26,,,,,365,no_departure_in_window
ACP002169,2170,2025-07-08,,,,,177,no_departure_in_window
ACP002170,2171,2021-02-23,,,,,365,no_departure_in_window
ACP002171,2172,2020-04-19,,,,,365,no_departure_in_window
ACP002172,2173,2022-08-10,,,,,365,no_departure_in_window
ACP002173,2174,2021-10-27,,,,,365,no_departure_in_window
ACP002174,2175,2022-06-29,,,,,365,no_departure_in_window
ACP002175,2176,2020-11-01,2020-12-26,Voluntary,true,,0,no_departure_in_window
ACP002176,2177,2021-11-09,,,,,365,no_departure_in_window
ACP002177,2178,2021-09-12,,,,,365,no_departure_in_window
ACP002178,2179,2024-03-04,,,,,365,no_departure_in_window
ACP002179,2180,2023-11-04,2025-05-22,Voluntary,false,,142,other_departure
ACP002180,2181,2020-10-12,,,,,365,no_departure_in_window
ACP002181,2182,2024-04-20,,,,,365,no_departure_in_window
ACP002182,2183,2020-11-11,2020-12-18,Involuntary,false,,0,no_departure_in_window
ACP002183,2184,2020-04-16,,,,,365,no_departure_in_window
ACP002184,2185,2024-05-13,,,,,365,no_departure_in_window
ACP002185,2186,2023-01-25,,,,,365,no_departure_in_window
ACP002186,2187,2022-03-29,,,,,365,no_departure_in_window
ACP002187,2188,2024-11-01,,,,,365,no_departure_in_window
ACP002188,2189,2023-07-27,,,,,365,no_departure_in_window
ACP002189,2190,2021-08-10,2022-02-25,Involuntary,false,,0,no_departure_in_window
ACP002190,2191,2022-04-25,,,,seniority_mapping_assumed,365,no_departure_in_window
ACP002191,2192,2020-08-08,,,,,365,no_departure_in_window
ACP002192,2193,2022-07-29,2022-11-08,Voluntary,true,,0,no_departure_in_window
ACP002193,2194,2022-07-26,2022-08-17,Involuntary,false,,0,no_departure_in_window
ACP002194,2195,2020-11-09,2021-06-02,Voluntary,true,,0,no_departure_in_window
ACP002195,2196,2020-11-12,,,,,365,no_departure_in_window
ACP002196,2197,2021-11-13,,,,,365,no_departure_in_window
ACP002197,2198,2020-01-29,,,,,365,no_departure_in_window
ACP002198,2199,2023-06-01,2023-09-19,Voluntary,false,,0,no_departure_in_window
ACP002199,2200,2020-10-14,,,,,365,no_departure_in_window
ACP002200,2201,2022-12-11,,,,,365,no_departure_in_window
ACP002201,2202,2024-08-13,2024-10-13,Voluntary,false,,0,no_departure_in_window
ACP002202,2203,2025-02-17,2025-07-30,Involuntary,false,,164,other_departure
ACP002203,2204,2021-11-04,,,,,365,no_departure_in_window
ACP002204,2205,2020-10-14,2024-02-03,Involuntary,false,,0,no_departure_in_window
ACP002205,2206,2022-09-27,2025-02-19,Voluntary,true,,50,confirmed_regretted_departure
ACP002206,2207,2022-09-15,,,,,365,no_departure_in_window
ACP002207,2208,2021-11-15,,,,,365,no_departure_in_window
ACP002208,2209,2022-11-09,,,,,365,no_departure_in_window
ACP002209,2210,2023-11-29,2025-07-27,Voluntary,false,,208,other_departure
ACP002210,2211,2020-08-23,,,,,365,no_departure_in_window
ACP002211,2212,2023-07-03,2025-05-24,Involuntary,false,,144,other_departure
ACP002212,2213,2024-01-09,2024-10-24,Voluntary,false,,0,no_departure_in_window
ACP002213,2214,2022-05-25,2022-08-12,Voluntary,false,,0,no_departure_in_window
ACP002214,2215,2021-02-17,,,,,365,no_departure_in_window
ACP002215,2216,2020-01-21,,,,,365,no_departure_in_window
ACP002216,2217,2024-09-18,,,,,365,no_departure_in_window
ACP002217,2218,2022-01-25,,,,,365,no_departure_in_window
ACP002218,2219,2025-09-18,,,,,105,no_departure_in_window
ACP002219,2220,2023-04-09,,,,,365,no_departure_in_window
ACP002220,2221,2025-10-25,,,,,68,no_departure_in_window
ACP002221,2222,2021-12-02,2021-12-25,Voluntary,false,,0,no_departure_in_window
ACP002222,2223,2023-11-02,,,,,365,no_departure_in_window
ACP002223,2224,2022-02-04,,,,,365,no_departure_in_window
ACP002224,2225,2020-04-15,,,,,365,no_departure_in_window
ACP002225,2226,2023-02-07,2023-05-08,,,termination_type_unknown|regretted_classification_unknown,0,no_departure_in_window
ACP002226,2227,2025-04-17,,,,,259,no_departure_in_window
ACP002227,2228,2024-04-14,2025-04-15,Voluntary,true,,105,confirmed_regretted_departure
ACP002228,2229,2023-07-04,,,,,365,no_departure_in_window
ACP002229,2230,2021-12-06,2022-01-08,Voluntary,true,,0,no_departure_in_window
ACP002230,2231,2023-10-27,2024-04-29,Voluntary,true,,0,no_departure_in_window
ACP002231,2232,2022-04-20,,,,,365,no_departure_in_window
ACP002232,2233,2022-10-27,2024-05-23,Involuntary,false,,0,no_departure_in_window
ACP002233,2234,2020-10-29,,,,,365,no_departure_in_window
ACP002234,2235,2025-10-13,,,,,80,no_departure_in_window
ACP002235,2236,2022-08-25,,,,,365,no_departure_in_window
ACP002236,2237,2020-10-23,,,,,365,no_departure_in_window
ACP002237,2238,2020-01-12,,,,,365,no_departure_in_window
ACP002238,2239,2023-01-15,2024-01-04,Voluntary,false,,0,no_departure_in_window
ACP002239,2240,2023-09-28,,,,,365,no_departure_in_window
ACP002240,2241,2023-08-12,,,,,365,no_departure_in_window
ACP002241,2242,2021-01-23,,,,,365,no_departure_in_window
ACP002242,2243,2024-07-13,,,,,365,no_departure_in_window
ACP002243,2244,2021-03-26,2021-05-30,End of Contract,false,,0,no_departure_in_window
ACP002244,2245,2022-04-20,,,,,365,no_departure_in_window
ACP002245,2246,2024-12-17,,,,,365,no_departure_in_window
ACP002246,2247,2023-05-14,,,,,365,no_departure_in_window
ACP002247,2248,2021-02-17,,,,,365,no_departure_in_window
ACP002248,2249,2025-03-24,,,,,283,no_departure_in_window
ACP002249,2250,2021-05-26,,,,,365,no_departure_in_window
ACP002250,2251,2023-09-01,,,,,365,no_departure_in_window
ACP002251,2252,2025-07-29,,,,,156,no_departure_in_window
ACP002252,2253,2021-05-25,,,,,365,no_departure_in_window
ACP002253,2254,2023-09-28,,,,,365,no_departure_in_window
ACP002254,2255,2021-01-05,,,,,365,no_departure_in_window
ACP002255,2256,2025-08-13,,,,,141,no_departure_in_window
ACP002256,2257,2023-11-07,,,,,365,no_departure_in_window
ACP002257,2258,2021-03-15,,,,,365,no_departure_in_window
ACP002258,2259,2024-12-14,2025-02-14,Voluntary,false,,45,other_departure
ACP002259,2260,2023-10-26,,,,,365,no_departure_in_window
ACP002260,2261,2021-04-21,2021-05-31,Voluntary,false,,0,no_departure_in_window
ACP002261,2262,2023-10-04,,,,,365,no_departure_in_window
ACP002262,2263,2022-08-09,,,,,365,no_departure_in_window
ACP002263,2264,2025-07-16,,,,,169,no_departure_in_window
ACP002264,2265,2025-05-01,,,,,245,no_departure_in_window
ACP002265,2266,2025-08-18,,,,,136,no_departure_in_window
ACP002266,2267,2024-09-18,2025-10-17,Voluntary,false,,290,other_departure
ACP002267,2268,2021-07-27,,,,,365,no_departure_in_window
ACP002268,2269,2023-09-25,,,,,365,no_departure_in_window
ACP002269,2270,2024-04-01,,,,,365,no_departure_in_window
ACP002270,2271,2022-12-24,,,,,365,no_departure_in_window
ACP002271,2272,2023-05-13,,,,,365,no_departure_in_window
ACP002272,2273,2023-04-20,,,,,365,no_departure_in_window
ACP002273,2274,2021-08-16,,,,,365,no_departure_in_window
ACP002274,2275,2020-10-03,,,,,365,no_departure_in_window
ACP002275,2276,2025-05-07,,,,,239,no_departure_in_window
ACP002276,2277,2024-07-29,2024-12-24,Voluntary,false,,0,no_departure_in_window
ACP002277,2278,2024-07-17,2025-07-21,Voluntary,false,,202,other_departure
ACP002278,2279,2023-04-29,2024-05-25,Voluntary,false,,0,no_departure_in_window
ACP002279,2280,2025-11-28,,,,,34,no_departure_in_window
ACP002280,2281,2025-03-21,,,,,286,no_departure_in_window
ACP002281,2282,2023-04-14,2025-09-23,End of Contract,false,,266,other_departure
ACP002282,2283,2024-05-30,,,,,365,no_departure_in_window
ACP002283,2284,2023-11-29,,,,,365,no_departure_in_window
ACP002284,2285,2024-03-19,,,,,365,no_departure_in_window
ACP002285,2286,2020-12-09,2021-04-24,Voluntary,false,,0,no_departure_in_window
ACP002286,2287,2025-10-24,,,,,69,no_departure_in_window
ACP002287,2288,2025-10-01,,,,,92,no_departure_in_window
ACP002288,2289,2023-09-07,2025-06-30,Voluntary,false,,181,other_departure
ACP002289,2290,2022-06-20,,,,,365,no_departure_in_window
ACP002290,2291,2025-09-05,,,,,118,no_departure_in_window
ACP002291,2292,2022-12-09,2024-03-22,Voluntary,true,,0,no_departure_in_window
ACP002292,2293,2023-11-30,,,,,365,no_departure_in_window
ACP002293,2294,2022-04-30,,,,,365,no_departure_in_window
ACP002294,2295,2024-06-12,,,,,365,no_departure_in_window
ACP002295,2296,2022-05-08,2023-01-28,Voluntary,false,,0,no_departure_in_window
ACP002296,2297,2024-03-20,,,,,365,no_departure_in_window
ACP002297,2298,2023-06-03,2023-09-10,Voluntary,false,,0,no_departure_in_window
ACP002298,2299,2025-10-09,,,,,84,no_departure_in_window
ACP002299,2300,2024-12-29,,,,,365,no_departure_in_window
ACP002300,2301,2021-08-08,,,,,365,no_departure_in_window
ACP002301,2302,2025-05-16,2025-10-08,Involuntary,false,,146,other_departure
ACP002302,2303,2024-06-29,,,,,365,no_departure_in_window
ACP002303,2304,2020-05-25,2024-10-19,End of Contract,false,,0,no_departure_in_window
ACP002304,2305,2022-09-12,2023-01-16,Voluntary,false,,0,no_departure_in_window
ACP002305,2306,2022-04-24,,,,,365,no_departure_in_window
ACP002306,2307,2023-02-19,,,,,365,no_departure_in_window
ACP002307,2308,2021-04-09,2021-05-27,Voluntary,false,,0,no_departure_in_window
ACP002308,2309,2024-06-04,2025-02-10,Involuntary,false,,41,other_departure
ACP002309,2310,2025-08-03,,,,,151,no_departure_in_window
ACP002310,2311,2020-10-02,,,,,365,no_departure_in_window
ACP002311,2312,2021-05-02,2024-09-20,Voluntary,true,,0,no_departure_in_window
ACP002312,2313,2021-07-29,2024-06-16,Voluntary,false,,0,no_departure_in_window
ACP002313,2314,2022-10-31,,,,,365,no_departure_in_window
ACP002314,2315,2024-06-26,,,,,365,no_departure_in_window
ACP002315,2316,2023-02-18,,,,,365,no_departure_in_window
ACP002316,2317,2022-05-25,2022-10-25,Voluntary,true,,0,no_departure_in_window
ACP002317,2318,2023-08-01,2025-09-13,Voluntary,true,,256,confirmed_regretted_departure
ACP002318,2319,2024-05-01,,,,,365,no_departure_in_window
ACP002319,2320,2022-08-10,,,,,365,no_departure_in_window
ACP002320,2321,2021-10-27,2022-04-28,Voluntary,true,,0,no_departure_in_window
ACP002321,2322,2025-11-15,,,,country_alias_mapped,47,no_departure_in_window
ACP002322,2323,2023-12-10,,,,,365,no_departure_in_window
ACP002323,2324,2020-07-08,,,,,365,no_departure_in_window
ACP002324,2325,2023-04-06,,,,,365,no_departure_in_window
ACP002325,2326,2023-06-15,,,,,365,no_departure_in_window
ACP002326,2327,2024-10-20,,,,,365,no_departure_in_window
ACP002327,2328,2023-01-21,,,,,365,no_departure_in_window
ACP002328,2329,2020-03-14,,,,,365,no_departure_in_window
ACP002329,2330,2024-03-22,,,,,365,no_departure_in_window
ACP002330,2331,2023-03-15,2023-04-18,End of Contract,false,,0,no_departure_in_window
ACP002331,2332,2021-09-28,2021-10-28,Voluntary,false,,0,no_departure_in_window
ACP002332,2333,2023-11-29,,,,,365,no_departure_in_window
ACP002333,2334,2024-07-11,,,,,365,no_departure_in_window
ACP002334,2335,2020-10-31,,,,,365,no_departure_in_window
ACP002335,2336,2025-09-16,,,,,107,no_departure_in_window
ACP002336,2337,2020-05-29,2020-11-10,Voluntary,true,,0,no_departure_in_window
ACP002337,2338,2021-05-16,,,,,365,no_departure_in_window
ACP002338,2339,2022-10-02,2024-02-07,Voluntary,true,,0,no_departure_in_window
ACP002339,2340,2025-05-09,2025-11-17,Voluntary,false,,193,other_departure
ACP002340,2341,2024-06-21,,,,,365,no_departure_in_window
ACP002341,2342,2020-04-23,,,,,365,no_departure_in_window
ACP002342,2343,2022-05-08,2022-09-02,Involuntary,false,,0,no_departure_in_window
ACP002343,2344,2023-04-16,,,,,365,no_departure_in_window
ACP002344,2345,2025-10-21,,,,,72,no_departure_in_window
ACP002345,2346,2020-11-04,,,,,365,no_departure_in_window
ACP002346,2347,2022-09-24,,,,,365,no_departure_in_window
ACP002347,2348,2020-07-21,2021-03-10,Involuntary,false,,0,no_departure_in_window
ACP002348,2349,2023-05-11,2023-12-30,End of Contract,false,,0,no_departure_in_window
ACP002349,2350,2022-10-18,,,,,365,no_departure_in_window
ACP002350,2351,2022-09-02,,,,,365,no_departure_in_window
ACP002351,2352,2022-10-20,2023-08-07,Voluntary,true,,0,no_departure_in_window
ACP002352,2353,2021-08-28,,,,,365,no_departure_in_window
ACP002353,2354,2024-02-24,2024-08-27,Voluntary,true,,0,no_departure_in_window
ACP002354,2355,2023-06-24,,,,,365,no_departure_in_window
ACP002355,2356,2025-08-09,,,,,145,no_departure_in_window
ACP002356,2357,2022-01-26,,,,,365,no_departure_in_window
ACP002357,2358,2023-04-09,,,,,365,no_departure_in_window
ACP002358,2359,2024-01-31,,,,,365,no_departure_in_window
ACP002359,2360,2025-03-02,,,,,305,no_departure_in_window
ACP002360,2361,2022-11-08,,,,,365,no_departure_in_window
ACP002361,2362,2022-08-31,,,,,365,no_departure_in_window
ACP002362,2363,2020-12-10,2025-03-18,End of Contract,false,,77,other_departure
ACP002363,2364,2024-06-19,,,,,365,no_departure_in_window
ACP002364,2365,2022-01-09,,,,,365,no_departure_in_window
ACP002365,2366,2021-06-09,2021-10-08,Voluntary,true,,0,no_departure_in_window
ACP002366,2367,2020-04-14,,,,,365,no_departure_in_window
ACP002367,2368,2025-06-18,,,,,197,no_departure_in_window
ACP002368,2369,2025-02-05,,,,,330,no_departure_in_window
ACP002369,2370,2025-07-06,,,,,179,no_departure_in_window
ACP002370,2371,2024-08-31,,,,,365,no_departure_in_window
ACP002371,2372,2024-09-25,,,,,365,no_departure_in_window
ACP002372,2373,2024-08-26,,,,,365,no_departure_in_window
ACP002373,2374,2022-08-07,2023-02-03,Involuntary,false,,0,no_departure_in_window
ACP002374,2375,2021-02-23,2025-04-08,Voluntary,false,,98,other_departure
ACP002375,2376,2022-12-09,2023-03-12,Voluntary,false,,0,no_departure_in_window
ACP002376,2377,2021-11-22,2023-10-10,Voluntary,false,,0,no_departure_in_window
ACP002377,2378,2023-12-14,2025-08-28,Voluntary,false,,240,other_departure
ACP002378,2379,2024-03-08,2025-08-17,Involuntary,false,,229,other_departure
ACP002379,2380,2020-04-01,,,,,365,no_departure_in_window
ACP002380,2381,2022-06-07,2023-09-08,Voluntary,false,,0,no_departure_in_window
ACP002381,2382,2024-02-27,,,,,365,no_departure_in_window
ACP002382,2383,2020-02-14,2021-01-16,Voluntary,true,,0,no_departure_in_window
ACP002383,2384,2022-12-16,,,,,365,no_departure_in_window
ACP002384,2385,2025-06-27,,,,,188,no_departure_in_window
ACP002385,2386,2022-12-06,2023-01-21,Involuntary,false,,0,no_departure_in_window
ACP002386,2387,2021-07-07,,,,,365,no_departure_in_window
ACP002387,2388,2025-04-05,,,,,271,no_departure_in_window
ACP002388,2389,2021-09-04,,,,,365,no_departure_in_window
ACP002389,2390,2022-08-03,,,,,365,no_departure_in_window
ACP002390,2391,2025-05-20,,,,,226,no_departure_in_window
ACP002391,2392,2024-09-11,,,,,365,no_departure_in_window
ACP002392,2393,2023-06-17,,,,,365,no_departure_in_window
ACP002393,2394,2025-05-03,,,,,243,no_departure_in_window
ACP002394,2395,2025-07-09,,,,,176,no_departure_in_window
ACP002395,2396,2022-06-14,,,,,365,no_departure_in_window
ACP002396,2397,2020-11-22,,,,,365,no_departure_in_window
ACP002397,2398,2020-03-21,,,,,365,no_departure_in_window
ACP002398,2399,2022-10-07,2023-01-30,Involuntary,false,,0,no_departure_in_window
ACP002399,2400,2023-11-17,2024-12-17,Voluntary,false,,0,no_departure_in_window
ACP002400,2401,2023-05-19,,,,,365,no_departure_in_window
