employee_id,source_csv_line,country_code,business_unit,hire_date,termination_date,quality_flags,twelve_month_anniversary,hire_year,status,career_level,career_level_original,external_cutoff,in_metric_population,unemployment_status,unemployment_value,unemployment_period_start,unemployment_period_end,unemployment_available_on,unemployment_vintage_id,unemployment_evidence_url,unemployment_unit,unemployment_frequency,unemployment_sector,unemployment_source_file,unemployment_source_sha256,unemployment_source_page,unemployment_age_days,inflation_status,inflation_value,inflation_period_start,inflation_period_end,inflation_available_on,inflation_vintage_id,inflation_evidence_url,inflation_unit,inflation_frequency,inflation_sector,inflation_source_file,inflation_source_sha256,inflation_source_page,inflation_age_days,vacancies_status,vacancies_value,vacancies_period_start,vacancies_period_end,vacancies_available_on,vacancies_vintage_id,vacancies_evidence_url,vacancies_unit,vacancies_frequency,vacancies_sector,vacancies_source_file,vacancies_source_sha256,vacancies_source_page,vacancies_age_days,vacancies_bf_supplementary_status,vacancies_bf_supplementary_value,vacancies_bf_supplementary_period_start,vacancies_bf_supplementary_period_end,vacancies_bf_supplementary_available_on,vacancies_bf_supplementary_vintage_id,vacancies_bf_supplementary_evidence_url,vacancies_bf_supplementary_unit,vacancies_bf_supplementary_frequency,vacancies_bf_supplementary_sector,vacancies_bf_supplementary_source_file,vacancies_bf_supplementary_source_sha256,vacancies_bf_supplementary_source_page,vacancies_bf_supplementary_age_days
ACP000011,12,IT,Supply Chain,2024-11-02,2025-12-08,,2025-11-02,2024,retained,Senior Leader,Senior Leader,2024-11-02,true,matched,6.1,2024-09-01,2024-09-30,2024-10-31,Eurostat-2024-10-31,https://ec.europa.eu/eurostat/web/products-euro-indicators/w/3-31102024-bp,percent_labour_force,M,,unemployment_20241031_bp.html,1452c8c1b4e8d641e572917734b810fc284e176473a532eb85adedde19625149,,33,matched,5.62219442195901,2023-01-01,2023-12-31,2024-10-24,WDI-202410,https://api.worldbank.org/v2/sources/57/country/GRC;ROU;POL;ITA;IRL;BGR/series/FP.CPI.TOTL.ZG/time/YR2018;YR2019;YR2020;YR2021;YR2022;YR2023;YR2024;YR2025/version/202410/data?format=json&per_page=1000,percent_annual_change,A,,cpi_202410.json,7a979aa1593c234d11d26b1e10d9bf48821b19bb0c6d984d799a71d6658deb99,,307,no_verified_historical_match,,,,,,,,,,,,,,matched,2.0,2024-04-01,2024-06-30,2024-09-13,Eurostat-2024-09-13,https://ec.europa.eu/eurostat/en/web/products-euro-indicators/w/3-13092024-bp,percent_total_posts,Q,B-F,vacancies_20240913_bp.html,03eb21dd31fb35ca93563864769d20dd8f8cfcab355a0857e1a514d915014846,,125
ACP000012,13,IT,Supply Chain,2020-04-14,,,2021-04-14,2020,outside_objective_hire_period,Senior Leader,Senior Leader,2020-04-14,false,outside_metric_population,,,,,,,,,,,,,,outside_metric_population,,,,,,,,,,,,,,outside_metric_population,,,,,,,,,,,,,,outside_metric_population,,,,,,,,,,,,,
ACP000014,15,IE,Finance,2021-01-31,,,2022-01-31,2021,retained,Senior Leader,Senior Leader,2021-01-31,true,no_verified_historical_match,,,,,,,,,,,,,,matched,0.939044481054341,2019-01-01,2019-12-31,2020-12-16,WDI-202012,https://api.worldbank.org/v2/sources/57/country/GRC;ROU;POL;ITA;IRL;BGR/series/FP.CPI.TOTL.ZG/time/YR2018;YR2019;YR2020;YR2021;YR2022;YR2023;YR2024;YR2025/version/202012/data?format=json&per_page=1000,percent_annual_change,A,,cpi_202012.json,8ae40812de40275b0e50fbcfb8cfe94f4169ebfed5f5a0a1f3c7428328b36786,,397,no_verified_historical_match,,,,,,,,,,,,,,no_verified_historical_match,,,,,,,,,,,,,
ACP000020,21,PL,Digital,2023-07-18,2024-01-09,,2024-07-18,2023,left_before_milestone,Senior Leader,Senior Leader,2023-07-18,true,matched,2.7,2023-05-01,2023-05-31,2023-06-30,Eurostat-2023-06-30,https://ec.europa.eu/eurostat/documents/2995521/17075197/3-30062023-BP-EN.pdf/ee3b1511-c710-4033-fc9a-aaf1c3d60241,percent_labour_force,M,,unemployment_2023-06-30.pdf,e9ca8e37b0db5f88d1d6f478fa6d1ebd3fe3db197cfcee4404a66ae66f35df0e,4,48,matched,5.05502704719268,2021-01-01,2021-12-31,2023-03-02,WDI-202303,https://api.worldbank.org/v2/sources/57/country/GRC;ROU;POL;ITA;IRL;BGR/series/FP.CPI.TOTL.ZG/time/YR2018;YR2019;YR2020;YR2021;YR2022;YR2023;YR2024;YR2025/version/202303/data?format=json&per_page=1000,percent_annual_change,A,,cpi_202303.json,c8515a665f59a521fe4b854c474869a12e16189c06f0fe994a9f3886a3e5ff97,,564,no_verified_historical_match,,,,,,,,,,,,,,matched,1.0,2022-10-01,2022-12-31,2023-03-20,Eurostat-2023-03-20,https://ec.europa.eu/eurostat/documents/2995521/16310170/3-20032023-BP-EN.pdf/94c96dce-5803-33ba-0173-afc9dc21e074,percent_total_posts,Q,B-F,vacancies_2023-03-20.pdf,110c184f0f29a527b8f679b871555f50dc5172ae010e9fa6055cea6853904180,4,199
ACP000021,22,RO,Digital,2020-06-14,2020-07-11,,2021-06-14,2020,outside_objective_hire_period,Senior Leader,Senior Leader,2020-06-14,false,outside_metric_population,,,,,,,,,,,,,,outside_metric_population,,,,,,,,,,,,,,outside_metric_population,,,,,,,,,,,,,,outside_metric_population,,,,,,,,,,,,,
ACP000028,29,BG,Sales,2022-02-03,,,2023-02-03,2022,retained,Senior Leader,Senior Leader,2022-02-03,true,stale,,,,,,,,,,,,,187,matched,1.67244096855762,2020-01-01,2020-12-31,2021-12-16,WDI-202112,https://api.worldbank.org/v2/sources/57/country/GRC;ROU;POL;ITA;IRL;BGR/series/FP.CPI.TOTL.ZG/time/YR2018;YR2019;YR2020;YR2021;YR2022;YR2023;YR2024;YR2025/version/202112/data?format=json&per_page=1000,percent_annual_change,A,,cpi_202112.json,d6b51a93d682aa37bb09bf2fda0951e15c0558aa1a654f4e1ef4ef0687a87340,,399,no_verified_historical_match,,,,,,,,,,,,,,matched,0.8,2021-04-01,2021-06-30,2021-09-16,Eurostat-2021-09-16,https://ec.europa.eu/eurostat/documents/2995521/11563271/3-16092021-BP-EN.pdf/7b7d4725-1228-b221-33bb-85562d6c58fe,percent_total_posts,Q,B-F,vacancies_2021-09-16.pdf,2ab7593d12beeaafcc0c7614a5c75a1abca9a78ead0f3e3b9ba84a8b972ad51c,4,218
ACP000032,33,BG,Supply Chain,2025-06-18,,,2026-06-18,2025,pending_observation,Senior Leader,Senior Leader,2025-06-18,false,outside_metric_population,,,,,,,,,,,,,,outside_metric_population,,,,,,,,,,,,,,outside_metric_population,,,,,,,,,,,,,,outside_metric_population,,,,,,,,,,,,,
ACP000035,36,GR,Digital,2023-12-13,,,2024-12-13,2023,retained,Senior Leader,Senior Leader,2023-12-13,true,stale,,,,,,,,,,,,,196,matched,9.64525981280641,2022-01-01,2022-12-31,2023-09-20,WDI-202309,https://api.worldbank.org/v2/sources/57/country/GRC;ROU;POL;ITA;IRL;BGR/series/FP.CPI.TOTL.ZG/time/YR2018;YR2019;YR2020;YR2021;YR2022;YR2023;YR2024;YR2025/version/202309/data?format=json&per_page=1000,percent_annual_change,A,,cpi_202309.json,6ab34f46a2868e425d4ac98bd90071bae6bb20dd63f784b2142709f4f500be1c,,347,no_verified_historical_match,,,,,,,,,,,,,,matched,1.7,2023-04-01,2023-06-30,2023-09-14,Eurostat-2023-09-14,https://ec.europa.eu/eurostat/documents/2995521/17501484/3-14092023-AP-EN.pdf/ad3c84e2-fbbb-b3a8-b762-5e6996dfa08d,percent_total_posts,Q,B-F,vacancies_2023-09-14.pdf,293207132a798f154862cb18898de43d2f6d1da4efa027811aa9c0b897c7b22e,5,166
ACP000036,37,GR,Digital,2024-06-26,,,2025-06-26,2024,retained,Senior Leader,Senior Leader,2024-06-26,true,matched,10.8,2024-04-01,2024-04-30,2024-05-30,Eurostat-2024-05-30,https://ec.europa.eu/eurostat/web/products-euro-indicators/w/3-30052024-ap,percent_labour_force,M,,unemployment_20240530_ap.html,c25134b8ce4fe35b52fdb84a024bb2d0ce7f8213af3260482f66b31ff9f26fa5,,57,matched,9.64525981280632,2022-01-01,2022-12-31,2024-05-30,WDI-202405,https://api.worldbank.org/v2/sources/57/country/GRC;ROU;POL;ITA;IRL;BGR/series/FP.CPI.TOTL.ZG/time/YR2018;YR2019;YR2020;YR2021;YR2022;YR2023;YR2024;YR2025/version/202405/data?format=json&per_page=1000,percent_annual_change,A,,cpi_202405.json,07955449417718a49e2c4ed6d0d186a3d771aab77d70556bee4b1943cc5e88be,,543,no_verified_historical_match,,,,,,,,,,,,,,matched,3.4,2024-01-01,2024-03-31,2024-06-14,Eurostat-2024-06-14,https://ec.europa.eu/eurostat/en/web/products-euro-indicators/w/3-14062024-bp,percent_total_posts,Q,B-F,vacancies_20240614_bp.html,96d4319700a8b814eb5de1893e8accb0bd8ab202fcbdca2ec429160702d97c1a,,87
ACP000050,51,PL,Supply Chain,2022-05-01,,,2023-05-01,2022,retained,Senior Leader,Senior Leader,2022-05-01,true,matched,3.0,2022-02-01,2022-02-28,2022-03-31,Eurostat-2022-03-31,https://ec.europa.eu/eurostat/documents/2995521/14358254/3-31032022-AP-EN.pdf,percent_labour_force,M,,unemployment_2022-03-31.pdf,9f5486bb7d2a7e590622bc8cf3cf8eb942c00debd0e460a82a816b60fa295427,4,62,matched,5.0550270472,2021-01-01,2021-12-31,2022-04-27,WDI-202204,https://api.worldbank.org/v2/sources/57/country/GRC;ROU;POL;ITA;IRL;BGR/series/FP.CPI.TOTL.ZG/time/YR2018;YR2019;YR2020;YR2021;YR2022;YR2023;YR2024;YR2025/version/202204/data?format=json&per_page=1000,percent_annual_change,A,,cpi_202204.json,f17ba4e86d26b38938d46c1face61717ad16ffd9bf3d6119933f5ba7d22c8162,,121,no_verified_historical_match,,,,,,,,,,,,,,matched,1.4,2021-10-01,2021-12-31,2022-03-17,Eurostat-2022-03-17,https://ec.europa.eu/eurostat/documents/2995521/14358242/3-17032022-BP-EN.pdf/3e6f6746-aa8d-b25c-7696-3912bf7ebd2c,percent_total_posts,Q,B-F,vacancies_2022-03-17.pdf,f4fbd74c61a2ebc7ddac7505031b036ad7ab671f4c7375ecd83c4068c6843a70,4,121
ACP000059,60,IE,Finance,2023-02-24,,,2024-02-24,2023,retained,Senior Leader,Senior Leader,2023-02-24,true,matched,4.4,2022-11-01,2022-11-30,2023-01-09,Eurostat-2023-01-09,https://ec.europa.eu/eurostat/documents/2995521/15725152/3-09012023-AP-EN.pdf,percent_labour_force,M,,unemployment_2023-01-09.pdf,b93b1c7cd2615570b2f70b4d5d6ead7dcdbaa61f2434ade3eab3738c4f044826,4,86,matched,2.35814296241712,2021-01-01,2021-12-31,2022-12-22,WDI-202212,https://api.worldbank.org/v2/sources/57/country/GRC;ROU;POL;ITA;IRL;BGR/series/FP.CPI.TOTL.ZG/time/YR2018;YR2019;YR2020;YR2021;YR2022;YR2023;YR2024;YR2025/version/202212/data?format=json&per_page=1000,percent_annual_change,A,,cpi_202212.json,9f9c53886164cc2ac3b8d887dc4a8b473bb32591611378a714bb37f361134272,,420,no_verified_historical_match,,,,,,,,,,,,,,matched,1.2,2022-04-01,2022-06-30,2022-09-16,Eurostat-2022-09-16,https://ec.europa.eu/eurostat/documents/2995521/14698147/3-16092022-BP-EN.pdf/ce89f62d-6e8e-e5ec-d542-203a42943b9c,percent_total_posts,Q,B-F,vacancies_2022-09-16.pdf,821390436d37d5c9ff098660d4be3edadbaaea98de5a07e86717696c7b2ed498,4,239
ACP000060,61,IE,Supply Chain,2025-03-12,,,2026-03-12,2025,pending_observation,Senior Leader,Senior Leader,2025-03-12,false,outside_metric_population,,,,,,,,,,,,,,outside_metric_population,,,,,,,,,,,,,,outside_metric_population,,,,,,,,,,,,,,outside_metric_population,,,,,,,,,,,,,
ACP000065,66,PL,Digital,2021-03-04,,,2022-03-04,2021,retained,Senior Leader,Senior Leader,2021-03-04,true,no_verified_historical_match,,,,,,,,,,,,,,matched,2.227478809383,2019-01-01,2019-12-31,2021-02-17,WDI-202102,https://api.worldbank.org/v2/sources/57/country/GRC;ROU;POL;ITA;IRL;BGR/series/FP.CPI.TOTL.ZG/time/YR2018;YR2019;YR2020;YR2021;YR2022;YR2023;YR2024;YR2025/version/202102/data?format=json&per_page=1000,percent_annual_change,A,,cpi_202102.json,9780f666dc925db5eab6033f7d8e9cc0ea22ac804694e5d7506eb884486ba56d,,429,no_verified_historical_match,,,,,,,,,,,,,,no_verified_historical_match,,,,,,,,,,,,,
ACP000066,67,IT,Sales,2023-05-07,,,2024-05-07,2023,retained,Senior Leader,Senior Leader,2023-05-07,true,matched,8.0,2023-02-01,2023-02-28,2023-03-31,Eurostat-2023-03-31,https://ec.europa.eu/eurostat/documents/2995521/16324762/3-31032023-BP-EN.pdf/4cb7a93a-bb55-923d-ec95-5fcb8073271c,percent_labour_force,M,,unemployment_2023-03-31.pdf,88c1b83fbbf202a433de6b307b3233e1382f223da32f1ba84835c6f57f525409,4,68,matched,1.87378325762491,2021-01-01,2021-12-31,2023-03-02,WDI-202303,https://api.worldbank.org/v2/sources/57/country/GRC;ROU;POL;ITA;IRL;BGR/series/FP.CPI.TOTL.ZG/time/YR2018;YR2019;YR2020;YR2021;YR2022;YR2023;YR2024;YR2025/version/202303/data?format=json&per_page=1000,percent_annual_change,A,,cpi_202303.json,c8515a665f59a521fe4b854c474869a12e16189c06f0fe994a9f3886a3e5ff97,,492,no_verified_historical_match,,,,,,,,,,,,,,matched,2.1,2022-10-01,2022-12-31,2023-03-20,Eurostat-2023-03-20,https://ec.europa.eu/eurostat/documents/2995521/16310170/3-20032023-BP-EN.pdf/94c96dce-5803-33ba-0173-afc9dc21e074,percent_total_posts,Q,B-F,vacancies_2023-03-20.pdf,110c184f0f29a527b8f679b871555f50dc5172ae010e9fa6055cea6853904180,4,127
ACP000069,70,PL,Finance,2023-11-22,2024-11-26,,2024-11-22,2023,retained,Senior Leader,Senior Leader,2023-11-22,true,stale,,,,,,,,,,,,,175,matched,14.4294507575757,2022-01-01,2022-12-31,2023-09-20,WDI-202309,https://api.worldbank.org/v2/sources/57/country/GRC;ROU;POL;ITA;IRL;BGR/series/FP.CPI.TOTL.ZG/time/YR2018;YR2019;YR2020;YR2021;YR2022;YR2023;YR2024;YR2025/version/202309/data?format=json&per_page=1000,percent_annual_change,A,,cpi_202309.json,6ab34f46a2868e425d4ac98bd90071bae6bb20dd63f784b2142709f4f500be1c,,326,no_verified_historical_match,,,,,,,,,,,,,,matched,0.9,2023-04-01,2023-06-30,2023-09-14,Eurostat-2023-09-14,https://ec.europa.eu/eurostat/documents/2995521/17501484/3-14092023-AP-EN.pdf/ad3c84e2-fbbb-b3a8-b762-5e6996dfa08d,percent_total_posts,Q,B-F,vacancies_2023-09-14.pdf,293207132a798f154862cb18898de43d2f6d1da4efa027811aa9c0b897c7b22e,5,145
ACP000070,71,IE,Supply Chain,2023-04-28,2023-06-05,,2024-04-28,2023,left_before_milestone,Senior Leader,Senior Leader,2023-04-28,true,matched,4.3,2023-02-01,2023-02-28,2023-03-31,Eurostat-2023-03-31,https://ec.europa.eu/eurostat/documents/2995521/16324762/3-31032023-BP-EN.pdf/4cb7a93a-bb55-923d-ec95-5fcb8073271c,percent_labour_force,M,,unemployment_2023-03-31.pdf,88c1b83fbbf202a433de6b307b3233e1382f223da32f1ba84835c6f57f525409,4,59,matched,2.35814296241712,2021-01-01,2021-12-31,2023-03-02,WDI-202303,https://api.worldbank.org/v2/sources/57/country/GRC;ROU;POL;ITA;IRL;BGR/series/FP.CPI.TOTL.ZG/time/YR2018;YR2019;YR2020;YR2021;YR2022;YR2023;YR2024;YR2025/version/202303/data?format=json&per_page=1000,percent_annual_change,A,,cpi_202303.json,c8515a665f59a521fe4b854c474869a12e16189c06f0fe994a9f3886a3e5ff97,,483,no_verified_historical_match,,,,,,,,,,,,,,matched,0.9,2022-10-01,2022-12-31,2023-03-20,Eurostat-2023-03-20,https://ec.europa.eu/eurostat/documents/2995521/16310170/3-20032023-BP-EN.pdf/94c96dce-5803-33ba-0173-afc9dc21e074,percent_total_posts,Q,B-F,vacancies_2023-03-20.pdf,110c184f0f29a527b8f679b871555f50dc5172ae010e9fa6055cea6853904180,4,118
ACP000071,72,IE,Supply Chain,2021-07-22,2023-06-09,,2022-07-22,2021,retained,Senior Leader,Senior Leader,2021-07-22,true,no_verified_historical_match,,,,,,,,,,,,,,matched,-0.334584625428444,2020-01-01,2020-12-31,2021-07-01,WDI-202107,https://api.worldbank.org/v2/sources/57/country/GRC;ROU;POL;ITA;IRL;BGR/series/FP.CPI.TOTL.ZG/time/YR2018;YR2019;YR2020;YR2021;YR2022;YR2023;YR2024;YR2025/version/202107/data?format=json&per_page=1000,percent_annual_change,A,,cpi_202107.json,9c42a329eb3ace68b7b350d03bc69c7c92d48b227e9ccfac7f630ea38b82453f,,203,no_verified_historical_match,,,,,,,,,,,,,,no_verified_historical_match,,,,,,,,,,,,,
ACP000073,74,GR,Sales,2023-01-26,,country_alias_mapped,2024-01-26,2023,retained,Senior Leader,Senior Leader,2023-01-26,true,matched,11.4,2022-11-01,2022-11-30,2023-01-09,Eurostat-2023-01-09,https://ec.europa.eu/eurostat/documents/2995521/15725152/3-09012023-AP-EN.pdf,percent_labour_force,M,,unemployment_2023-01-09.pdf,b93b1c7cd2615570b2f70b4d5d6ead7dcdbaa61f2434ade3eab3738c4f044826,4,57,matched,1.22382501019855,2021-01-01,2021-12-31,2022-12-22,WDI-202212,https://api.worldbank.org/v2/sources/57/country/GRC;ROU;POL;ITA;IRL;BGR/series/FP.CPI.TOTL.ZG/time/YR2018;YR2019;YR2020;YR2021;YR2022;YR2023;YR2024;YR2025/version/202212/data?format=json&per_page=1000,percent_annual_change,A,,cpi_202212.json,9f9c53886164cc2ac3b8d887dc4a8b473bb32591611378a714bb37f361134272,,391,no_verified_historical_match,,,,,,,,,,,,,,matched,0.7,2022-04-01,2022-06-30,2022-09-16,Eurostat-2022-09-16,https://ec.europa.eu/eurostat/documents/2995521/14698147/3-16092022-BP-EN.pdf/ce89f62d-6e8e-e5ec-d542-203a42943b9c,percent_total_posts,Q,B-F,vacancies_2022-09-16.pdf,821390436d37d5c9ff098660d4be3edadbaaea98de5a07e86717696c7b2ed498,4,210
ACP000083,84,BG,Finance,2024-12-30,,,2025-12-30,2024,retained,Senior Leader,Senior Leader,2024-12-30,true,matched,4.0,2024-10-01,2024-10-31,2024-12-02,Eurostat-2024-12-02,https://ec.europa.eu/eurostat/en/web/products-euro-indicators/w/3-02122024-ap,percent_labour_force,M,,unemployment_20241202_ap.html,c810d7641c1621a32a11b6555ae90021f69d6ce61b71aa7ced15feeba2d4e9a6,,60,matched,9.44284140088564,2023-01-01,2023-12-31,2024-12-16,WDI-202412,https://api.worldbank.org/v2/sources/57/country/GRC;ROU;POL;ITA;IRL;BGR/series/FP.CPI.TOTL.ZG/time/YR2018;YR2019;YR2020;YR2021;YR2022;YR2023;YR2024;YR2025/version/202412/data?format=json&per_page=1000,percent_annual_change,A,,cpi_202412.json,15a5949e0dab0ac1281f006e79054456eb464387fe51ac6a84f15a7502cd384c,,365,no_verified_historical_match,,,,,,,,,,,,,,matched,0.6,2024-07-01,2024-09-30,2024-12-16,Eurostat-2024-12-16,https://ec.europa.eu/eurostat/en/web/products-euro-indicators/w/3-16122024-bp,percent_total_posts,Q,B-F,vacancies_20241216_bp.html,0f48a6c6a80c728364983753ee07ad6835e991722f3ff2f896b10a64ecc258e4,,91
ACP000093,94,GR,Sales,2021-07-02,2022-01-28,,2022-07-02,2021,left_before_milestone,Senior Leader,Senior Leader,2021-07-02,true,no_verified_historical_match,,,,,,,,,,,,,,matched,-1.24795187701348,2020-01-01,2020-12-31,2021-07-01,WDI-202107,https://api.worldbank.org/v2/sources/57/country/GRC;ROU;POL;ITA;IRL;BGR/series/FP.CPI.TOTL.ZG/time/YR2018;YR2019;YR2020;YR2021;YR2022;YR2023;YR2024;YR2025/version/202107/data?format=json&per_page=1000,percent_annual_change,A,,cpi_202107.json,9c42a329eb3ace68b7b350d03bc69c7c92d48b227e9ccfac7f630ea38b82453f,,183,no_verified_historical_match,,,,,,,,,,,,,,no_verified_historical_match,,,,,,,,,,,,,
ACP000102,103,PL,Sales,2021-11-21,,seniority_mapping_assumed,2022-11-21,2021,retained,Senior Leader,Sr Mgmt,2021-11-21,true,matched,3.4,2021-07-01,2021-07-31,2021-09-01,Eurostat-2021-09-01,https://ec.europa.eu/eurostat/documents/2995521/11563247/3-01092021-AP-EN.pdf,percent_labour_force,M,,unemployment_2021-09-01.pdf,6819f5d932eb306f8eb6356a683481f6060650786d798fc033872c283629faa2,4,113,matched,3.3744697261859,2020-01-01,2020-12-31,2021-09-15,WDI-202109,https://api.worldbank.org/v2/sources/57/country/GRC;ROU;POL;ITA;IRL;BGR/series/FP.CPI.TOTL.ZG/time/YR2018;YR2019;YR2020;YR2021;YR2022;YR2023;YR2024;YR2025/version/202109/data?format=json&per_page=1000,percent_annual_change,A,,cpi_202109.json,bfbad5bb4ffa9e5ada29f2e24bed493bed512c3b4a14f95b02f27519848b2d9c,,325,no_verified_historical_match,,,,,,,,,,,,,,matched,1.4,2021-04-01,2021-06-30,2021-09-16,Eurostat-2021-09-16,https://ec.europa.eu/eurostat/documents/2995521/11563271/3-16092021-BP-EN.pdf/7b7d4725-1228-b221-33bb-85562d6c58fe,percent_total_posts,Q,B-F,vacancies_2021-09-16.pdf,2ab7593d12beeaafcc0c7614a5c75a1abca9a78ead0f3e3b9ba84a8b972ad51c,4,144
ACP000104,105,BG,Sales,2021-10-25,,,2022-10-25,2021,retained,Senior Leader,Senior Leader,2021-10-25,true,matched,5.9,2021-07-01,2021-07-31,2021-09-01,Eurostat-2021-09-01,https://ec.europa.eu/eurostat/documents/2995521/11563247/3-01092021-AP-EN.pdf,percent_labour_force,M,,unemployment_2021-09-01.pdf,6819f5d932eb306f8eb6356a683481f6060650786d798fc033872c283629faa2,4,86,matched,1.67244096855762,2020-01-01,2020-12-31,2021-09-15,WDI-202109,https://api.worldbank.org/v2/sources/57/country/GRC;ROU;POL;ITA;IRL;BGR/series/FP.CPI.TOTL.ZG/time/YR2018;YR2019;YR2020;YR2021;YR2022;YR2023;YR2024;YR2025/version/202109/data?format=json&per_page=1000,percent_annual_change,A,,cpi_202109.json,bfbad5bb4ffa9e5ada29f2e24bed493bed512c3b4a14f95b02f27519848b2d9c,,298,no_verified_historical_match,,,,,,,,,,,,,,matched,0.8,2021-04-01,2021-06-30,2021-09-16,Eurostat-2021-09-16,https://ec.europa.eu/eurostat/documents/2995521/11563271/3-16092021-BP-EN.pdf/7b7d4725-1228-b221-33bb-85562d6c58fe,percent_total_posts,Q,B-F,vacancies_2021-09-16.pdf,2ab7593d12beeaafcc0c7614a5c75a1abca9a78ead0f3e3b9ba84a8b972ad51c,4,117
ACP000111,112,BG,Supply Chain,2022-09-21,,,2023-09-21,2022,retained,Senior Leader,Senior Leader,2022-09-21,true,stale,,,,,,,,,,,,,205,matched,3.29774435299511,2021-01-01,2021-12-31,2022-09-16,WDI-202209,https://api.worldbank.org/v2/sources/57/country/GRC;ROU;POL;ITA;IRL;BGR/series/FP.CPI.TOTL.ZG/time/YR2018;YR2019;YR2020;YR2021;YR2022;YR2023;YR2024;YR2025/version/202209/data?format=json&per_page=1000,percent_annual_change,A,,cpi_202209.json,8ab4e907a1d5a14b0333cddb83037df8a4527ce02dae1c134f1b8e624b35d4f7,,264,no_verified_historical_match,,,,,,,,,,,,,,matched,0.8,2022-04-01,2022-06-30,2022-09-16,Eurostat-2022-09-16,https://ec.europa.eu/eurostat/documents/2995521/14698147/3-16092022-BP-EN.pdf/ce89f62d-6e8e-e5ec-d542-203a42943b9c,percent_total_posts,Q,B-F,vacancies_2022-09-16.pdf,821390436d37d5c9ff098660d4be3edadbaaea98de5a07e86717696c7b2ed498,4,83
ACP000152,153,IE,Supply Chain,2025-04-21,,,2026-04-21,2025,pending_observation,Senior Leader,Senior Leader,2025-04-21,false,outside_metric_population,,,,,,,,,,,,,,outside_metric_population,,,,,,,,,,,,,,outside_metric_population,,,,,,,,,,,,,,outside_metric_population,,,,,,,,,,,,,
ACP000158,159,BG,Finance,2021-01-08,,,2022-01-08,2021,retained,Senior Leader,Senior Leader,2021-01-08,true,no_verified_historical_match,,,,,,,,,,,,,,matched,3.10372944796774,2019-01-01,2019-12-31,2020-12-16,WDI-202012,https://api.worldbank.org/v2/sources/57/country/GRC;ROU;POL;ITA;IRL;BGR/series/FP.CPI.TOTL.ZG/time/YR2018;YR2019;YR2020;YR2021;YR2022;YR2023;YR2024;YR2025/version/202012/data?format=json&per_page=1000,percent_annual_change,A,,cpi_202012.json,8ae40812de40275b0e50fbcfb8cfe94f4169ebfed5f5a0a1f3c7428328b36786,,374,no_verified_historical_match,,,,,,,,,,,,,,no_verified_historical_match,,,,,,,,,,,,,
ACP000161,162,PL,Sales,2025-08-09,,,2026-08-09,2025,pending_observation,Senior Leader,Senior Leader,2025-08-09,false,outside_metric_population,,,,,,,,,,,,,,outside_metric_population,,,,,,,,,,,,,,outside_metric_population,,,,,,,,,,,,,,outside_metric_population,,,,,,,,,,,,,
ACP000163,164,RO,Finance,2023-02-08,,,2024-02-08,2023,retained,Senior Leader,Senior Leader,2023-02-08,true,matched,5.4,2022-11-01,2022-11-30,2023-01-09,Eurostat-2023-01-09,https://ec.europa.eu/eurostat/documents/2995521/15725152/3-09012023-AP-EN.pdf,percent_labour_force,M,,unemployment_2023-01-09.pdf,b93b1c7cd2615570b2f70b4d5d6ead7dcdbaa61f2434ade3eab3738c4f044826,4,70,matched,5.05232876096582,2021-01-01,2021-12-31,2022-12-22,WDI-202212,https://api.worldbank.org/v2/sources/57/country/GRC;ROU;POL;ITA;IRL;BGR/series/FP.CPI.TOTL.ZG/time/YR2018;YR2019;YR2020;YR2021;YR2022;YR2023;YR2024;YR2025/version/202212/data?format=json&per_page=1000,percent_annual_change,A,,cpi_202212.json,9f9c53886164cc2ac3b8d887dc4a8b473bb32591611378a714bb37f361134272,,404,no_verified_historical_match,,,,,,,,,,,,,,matched,0.9,2022-04-01,2022-06-30,2022-09-16,Eurostat-2022-09-16,https://ec.europa.eu/eurostat/documents/2995521/14698147/3-16092022-BP-EN.pdf/ce89f62d-6e8e-e5ec-d542-203a42943b9c,percent_total_posts,Q,B-F,vacancies_2022-09-16.pdf,821390436d37d5c9ff098660d4be3edadbaaea98de5a07e86717696c7b2ed498,4,223
ACP000164,165,BG,Digital,2021-09-18,2022-03-09,,2022-09-18,2021,left_before_milestone,Senior Leader,Senior Leader,2021-09-18,true,matched,5.9,2021-07-01,2021-07-31,2021-09-01,Eurostat-2021-09-01,https://ec.europa.eu/eurostat/documents/2995521/11563247/3-01092021-AP-EN.pdf,percent_labour_force,M,,unemployment_2021-09-01.pdf,6819f5d932eb306f8eb6356a683481f6060650786d798fc033872c283629faa2,4,49,matched,1.67244096855762,2020-01-01,2020-12-31,2021-09-15,WDI-202109,https://api.worldbank.org/v2/sources/57/country/GRC;ROU;POL;ITA;IRL;BGR/series/FP.CPI.TOTL.ZG/time/YR2018;YR2019;YR2020;YR2021;YR2022;YR2023;YR2024;YR2025/version/202109/data?format=json&per_page=1000,percent_annual_change,A,,cpi_202109.json,bfbad5bb4ffa9e5ada29f2e24bed493bed512c3b4a14f95b02f27519848b2d9c,,261,no_verified_historical_match,,,,,,,,,,,,,,matched,0.8,2021-04-01,2021-06-30,2021-09-16,Eurostat-2021-09-16,https://ec.europa.eu/eurostat/documents/2995521/11563271/3-16092021-BP-EN.pdf/7b7d4725-1228-b221-33bb-85562d6c58fe,percent_total_posts,Q,B-F,vacancies_2021-09-16.pdf,2ab7593d12beeaafcc0c7614a5c75a1abca9a78ead0f3e3b9ba84a8b972ad51c,4,80
ACP000167,168,IE,Supply Chain,2020-11-21,,,2021-11-21,2020,outside_objective_hire_period,Senior Leader,Senior Leader,2020-11-21,false,outside_metric_population,,,,,,,,,,,,,,outside_metric_population,,,,,,,,,,,,,,outside_metric_population,,,,,,,,,,,,,,outside_metric_population,,,,,,,,,,,,,
ACP000184,185,BG,Finance,2022-09-08,,,2023-09-08,2022,retained,Senior Leader,Senior Leader,2022-09-08,true,stale,,,,,,,,,,,,,192,matched,3.29774435299511,2021-01-01,2021-12-31,2022-07-01,WDI-202207,https://api.worldbank.org/v2/sources/57/country/GRC;ROU;POL;ITA;IRL;BGR/series/FP.CPI.TOTL.ZG/time/YR2018;YR2019;YR2020;YR2021;YR2022;YR2023;YR2024;YR2025/version/202207/data?format=json&per_page=1000,percent_annual_change,A,,cpi_202207.json,fcc394a0d05bfd87e45fc547aef5880c30345f851b8fb0eaa8012bebe91815eb,,251,no_verified_historical_match,,,,,,,,,,,,,,stale,,,,,,,,,,,,,251
ACP000185,186,IE,Digital,2023-02-06,2023-12-20,,2024-02-06,2023,left_before_milestone,Senior Leader,Senior Leader,2023-02-06,true,matched,4.4,2022-11-01,2022-11-30,2023-01-09,Eurostat-2023-01-09,https://ec.europa.eu/eurostat/documents/2995521/15725152/3-09012023-AP-EN.pdf,percent_labour_force,M,,unemployment_2023-01-09.pdf,b93b1c7cd2615570b2f70b4d5d6ead7dcdbaa61f2434ade3eab3738c4f044826,4,68,matched,2.35814296241712,2021-01-01,2021-12-31,2022-12-22,WDI-202212,https://api.worldbank.org/v2/sources/57/country/GRC;ROU;POL;ITA;IRL;BGR/series/FP.CPI.TOTL.ZG/time/YR2018;YR2019;YR2020;YR2021;YR2022;YR2023;YR2024;YR2025/version/202212/data?format=json&per_page=1000,percent_annual_change,A,,cpi_202212.json,9f9c53886164cc2ac3b8d887dc4a8b473bb32591611378a714bb37f361134272,,402,no_verified_historical_match,,,,,,,,,,,,,,matched,1.2,2022-04-01,2022-06-30,2022-09-16,Eurostat-2022-09-16,https://ec.europa.eu/eurostat/documents/2995521/14698147/3-16092022-BP-EN.pdf/ce89f62d-6e8e-e5ec-d542-203a42943b9c,percent_total_posts,Q,B-F,vacancies_2022-09-16.pdf,821390436d37d5c9ff098660d4be3edadbaaea98de5a07e86717696c7b2ed498,4,221
ACP000188,189,GR,Supply Chain,2022-08-15,,,2023-08-15,2022,retained,Senior Leader,Senior Leader,2022-08-15,true,stale,,,,,,,,,,,,,168,matched,1.22382501019855,2021-01-01,2021-12-31,2022-07-01,WDI-202207,https://api.worldbank.org/v2/sources/57/country/GRC;ROU;POL;ITA;IRL;BGR/series/FP.CPI.TOTL.ZG/time/YR2018;YR2019;YR2020;YR2021;YR2022;YR2023;YR2024;YR2025/version/202207/data?format=json&per_page=1000,percent_annual_change,A,,cpi_202207.json,fcc394a0d05bfd87e45fc547aef5880c30345f851b8fb0eaa8012bebe91815eb,,227,no_verified_historical_match,,,,,,,,,,,,,,matched,1.8,2021-10-01,2021-12-31,2022-03-17,Eurostat-2022-03-17,https://ec.europa.eu/eurostat/documents/2995521/14358242/3-17032022-BP-EN.pdf/3e6f6746-aa8d-b25c-7696-3912bf7ebd2c,percent_total_posts,Q,B-F,vacancies_2022-03-17.pdf,f4fbd74c61a2ebc7ddac7505031b036ad7ab671f4c7375ecd83c4068c6843a70,4,227
ACP000191,192,GR,Digital,2024-07-09,,,2025-07-09,2024,retained,Senior Leader,Senior Leader,2024-07-09,true,matched,10.6,2024-05-01,2024-05-31,2024-07-02,Eurostat-2024-07-02,https://ec.europa.eu/eurostat/web/products-euro-indicators/w/3-02072024-bp,percent_labour_force,M,,unemployment_20240702_bp.html,233eab3829fccbff66872dcb95e1bf942e0b8dddce1461e08e5e52c9e8e6a714,,39,matched,3.46480128513405,2023-01-01,2023-12-31,2024-07-01,WDI-202407,https://api.worldbank.org/v2/sources/57/country/GRC;ROU;POL;ITA;IRL;BGR/series/FP.CPI.TOTL.ZG/time/YR2018;YR2019;YR2020;YR2021;YR2022;YR2023;YR2024;YR2025/version/202407/data?format=json&per_page=1000,percent_annual_change,A,,cpi_202407.json,eb408a1a73bb606a3a34434999a392d4679c043a0d7277dd8202953e5c7a44b8,,191,no_verified_historical_match,,,,,,,,,,,,,,matched,3.4,2024-01-01,2024-03-31,2024-06-14,Eurostat-2024-06-14,https://ec.europa.eu/eurostat/en/web/products-euro-indicators/w/3-14062024-bp,percent_total_posts,Q,B-F,vacancies_20240614_bp.html,96d4319700a8b814eb5de1893e8accb0bd8ab202fcbdca2ec429160702d97c1a,,100
ACP000197,198,GR,Supply Chain,2021-02-07,,,2022-02-07,2021,retained,Senior Leader,Senior Leader,2021-02-07,true,no_verified_historical_match,,,,,,,,,,,,,,matched,0.252978044454509,2019-01-01,2019-12-31,2020-12-16,WDI-202012,https://api.worldbank.org/v2/sources/57/country/GRC;ROU;POL;ITA;IRL;BGR/series/FP.CPI.TOTL.ZG/time/YR2018;YR2019;YR2020;YR2021;YR2022;YR2023;YR2024;YR2025/version/202012/data?format=json&per_page=1000,percent_annual_change,A,,cpi_202012.json,8ae40812de40275b0e50fbcfb8cfe94f4169ebfed5f5a0a1f3c7428328b36786,,404,no_verified_historical_match,,,,,,,,,,,,,,no_verified_historical_match,,,,,,,,,,,,,
ACP000219,220,PL,Sales,2023-11-18,,,2024-11-18,2023,retained,Senior Leader,Senior Leader,2023-11-18,true,stale,,,,,,,,,,,,,171,matched,14.4294507575757,2022-01-01,2022-12-31,2023-09-20,WDI-202309,https://api.worldbank.org/v2/sources/57/country/GRC;ROU;POL;ITA;IRL;BGR/series/FP.CPI.TOTL.ZG/time/YR2018;YR2019;YR2020;YR2021;YR2022;YR2023;YR2024;YR2025/version/202309/data?format=json&per_page=1000,percent_annual_change,A,,cpi_202309.json,6ab34f46a2868e425d4ac98bd90071bae6bb20dd63f784b2142709f4f500be1c,,322,no_verified_historical_match,,,,,,,,,,,,,,matched,0.9,2023-04-01,2023-06-30,2023-09-14,Eurostat-2023-09-14,https://ec.europa.eu/eurostat/documents/2995521/17501484/3-14092023-AP-EN.pdf/ad3c84e2-fbbb-b3a8-b762-5e6996dfa08d,percent_total_posts,Q,B-F,vacancies_2023-09-14.pdf,293207132a798f154862cb18898de43d2f6d1da4efa027811aa9c0b897c7b22e,5,141
ACP000224,225,GR,Sales,2021-12-18,,,2022-12-18,2021,retained,Senior Leader,Senior Leader,2021-12-18,true,stale,,,,,,,,,,,,,140,matched,-1.24795187701348,2020-01-01,2020-12-31,2021-12-16,WDI-202112,https://api.worldbank.org/v2/sources/57/country/GRC;ROU;POL;ITA;IRL;BGR/series/FP.CPI.TOTL.ZG/time/YR2018;YR2019;YR2020;YR2021;YR2022;YR2023;YR2024;YR2025/version/202112/data?format=json&per_page=1000,percent_annual_change,A,,cpi_202112.json,d6b51a93d682aa37bb09bf2fda0951e15c0558aa1a654f4e1ef4ef0687a87340,,352,no_verified_historical_match,,,,,,,,,,,,,,stale,,,,,,,,,,,,,262
ACP000225,226,GR,Finance,2022-01-06,,,2023-01-06,2022,retained,Senior Leader,Senior Leader,2022-01-06,true,stale,,,,,,,,,,,,,159,matched,-1.24795187701348,2020-01-01,2020-12-31,2021-12-16,WDI-202112,https://api.worldbank.org/v2/sources/57/country/GRC;ROU;POL;ITA;IRL;BGR/series/FP.CPI.TOTL.ZG/time/YR2018;YR2019;YR2020;YR2021;YR2022;YR2023;YR2024;YR2025/version/202112/data?format=json&per_page=1000,percent_annual_change,A,,cpi_202112.json,d6b51a93d682aa37bb09bf2fda0951e15c0558aa1a654f4e1ef4ef0687a87340,,371,no_verified_historical_match,,,,,,,,,,,,,,stale,,,,,,,,,,,,,281
ACP000231,232,PL,Finance,2024-12-28,,,2025-12-28,2024,retained,Senior Leader,Senior Leader,2024-12-28,true,matched,3.1,2024-10-01,2024-10-31,2024-12-02,Eurostat-2024-12-02,https://ec.europa.eu/eurostat/en/web/products-euro-indicators/w/3-02122024-ap,percent_labour_force,M,,unemployment_20241202_ap.html,c810d7641c1621a32a11b6555ae90021f69d6ce61b71aa7ced15feeba2d4e9a6,,58,matched,11.5289127961105,2023-01-01,2023-12-31,2024-12-16,WDI-202412,https://api.worldbank.org/v2/sources/57/country/GRC;ROU;POL;ITA;IRL;BGR/series/FP.CPI.TOTL.ZG/time/YR2018;YR2019;YR2020;YR2021;YR2022;YR2023;YR2024;YR2025/version/202412/data?format=json&per_page=1000,percent_annual_change,A,,cpi_202412.json,15a5949e0dab0ac1281f006e79054456eb464387fe51ac6a84f15a7502cd384c,,363,no_verified_historical_match,,,,,,,,,,,,,,matched,1.0,2024-07-01,2024-09-30,2024-12-16,Eurostat-2024-12-16,https://ec.europa.eu/eurostat/en/web/products-euro-indicators/w/3-16122024-bp,percent_total_posts,Q,B-F,vacancies_20241216_bp.html,0f48a6c6a80c728364983753ee07ad6835e991722f3ff2f896b10a64ecc258e4,,89
ACP000233,234,IE,Sales,2024-03-06,,,2025-03-06,2024,retained,Senior Leader,Senior Leader,2024-03-06,true,matched,4.5,2024-01-01,2024-01-31,2024-03-01,Eurostat-2024-03-01,https://ec.europa.eu/eurostat/web/products-euro-indicators/w/3-01032024-bp,percent_labour_force,M,,unemployment_20240301_bp.html,7b9a73e013dd069c2677925a9eaf13d449fba91577fc7b67687dbe6d135786d8,,35,matched,7.80737540996716,2022-01-01,2022-12-31,2023-12-20,WDI-202312,https://api.worldbank.org/v2/sources/57/country/GRC;ROU;POL;ITA;IRL;BGR/series/FP.CPI.TOTL.ZG/time/YR2018;YR2019;YR2020;YR2021;YR2022;YR2023;YR2024;YR2025/version/202312/data?format=json&per_page=1000,percent_annual_change,A,,cpi_202312.json,018b9ac410fe4b61e0716a6659574061d9f7048eea1b955f22b00761c64ead29,,431,no_verified_historical_match,,,,,,,,,,,,,,matched,0.7,2023-07-01,2023-09-30,2023-12-18,Eurostat-2023-12-18,https://ec.europa.eu/eurostat/documents/2995521/18134838/3-18122023-AP-EN.pdf/8040054f-078e-391b-63a4-af98fcfe1679,percent_total_posts,Q,B-F,vacancies_2023-12-18.pdf,05dbfc215765fadb56eea071c8ca2b4801023528c3e203f36aa135b134d91ef8,5,158
ACP000237,238,IE,Finance,2020-11-21,,,2021-11-21,2020,outside_objective_hire_period,Senior Leader,Senior Leader,2020-11-21,false,outside_metric_population,,,,,,,,,,,,,,outside_metric_population,,,,,,,,,,,,,,outside_metric_population,,,,,,,,,,,,,,outside_metric_population,,,,,,,,,,,,,
ACP000239,240,PL,Supply Chain,2022-05-25,,,2023-05-25,2022,retained,Senior Leader,Senior Leader,2022-05-25,true,matched,3.0,2022-02-01,2022-02-28,2022-03-31,Eurostat-2022-03-31,https://ec.europa.eu/eurostat/documents/2995521/14358254/3-31032022-AP-EN.pdf,percent_labour_force,M,,unemployment_2022-03-31.pdf,9f5486bb7d2a7e590622bc8cf3cf8eb942c00debd0e460a82a816b60fa295427,4,86,matched,5.0550270472,2021-01-01,2021-12-31,2022-04-27,WDI-202204,https://api.worldbank.org/v2/sources/57/country/GRC;ROU;POL;ITA;IRL;BGR/series/FP.CPI.TOTL.ZG/time/YR2018;YR2019;YR2020;YR2021;YR2022;YR2023;YR2024;YR2025/version/202204/data?format=json&per_page=1000,percent_annual_change,A,,cpi_202204.json,f17ba4e86d26b38938d46c1face61717ad16ffd9bf3d6119933f5ba7d22c8162,,145,no_verified_historical_match,,,,,,,,,,,,,,matched,1.4,2021-10-01,2021-12-31,2022-03-17,Eurostat-2022-03-17,https://ec.europa.eu/eurostat/documents/2995521/14358242/3-17032022-BP-EN.pdf/3e6f6746-aa8d-b25c-7696-3912bf7ebd2c,percent_total_posts,Q,B-F,vacancies_2022-03-17.pdf,f4fbd74c61a2ebc7ddac7505031b036ad7ab671f4c7375ecd83c4068c6843a70,4,145
ACP000248,249,RO,Finance,2023-02-20,2023-10-22,,2024-02-20,2023,left_before_milestone,Senior Leader,Senior Leader,2023-02-20,true,matched,5.4,2022-11-01,2022-11-30,2023-01-09,Eurostat-2023-01-09,https://ec.europa.eu/eurostat/documents/2995521/15725152/3-09012023-AP-EN.pdf,percent_labour_force,M,,unemployment_2023-01-09.pdf,b93b1c7cd2615570b2f70b4d5d6ead7dcdbaa61f2434ade3eab3738c4f044826,4,82,matched,5.05232876096582,2021-01-01,2021-12-31,2022-12-22,WDI-202212,https://api.worldbank.org/v2/sources/57/country/GRC;ROU;POL;ITA;IRL;BGR/series/FP.CPI.TOTL.ZG/time/YR2018;YR2019;YR2020;YR2021;YR2022;YR2023;YR2024;YR2025/version/202212/data?format=json&per_page=1000,percent_annual_change,A,,cpi_202212.json,9f9c53886164cc2ac3b8d887dc4a8b473bb32591611378a714bb37f361134272,,416,no_verified_historical_match,,,,,,,,,,,,,,matched,0.9,2022-04-01,2022-06-30,2022-09-16,Eurostat-2022-09-16,https://ec.europa.eu/eurostat/documents/2995521/14698147/3-16092022-BP-EN.pdf/ce89f62d-6e8e-e5ec-d542-203a42943b9c,percent_total_posts,Q,B-F,vacancies_2022-09-16.pdf,821390436d37d5c9ff098660d4be3edadbaaea98de5a07e86717696c7b2ed498,4,235
ACP000261,262,IT,Digital,2023-11-26,,,2024-11-26,2023,retained,Senior Leader,Senior Leader,2023-11-26,true,stale,,,,,,,,,,,,,179,matched,8.20128991161718,2022-01-01,2022-12-31,2023-09-20,WDI-202309,https://api.worldbank.org/v2/sources/57/country/GRC;ROU;POL;ITA;IRL;BGR/series/FP.CPI.TOTL.ZG/time/YR2018;YR2019;YR2020;YR2021;YR2022;YR2023;YR2024;YR2025/version/202309/data?format=json&per_page=1000,percent_annual_change,A,,cpi_202309.json,6ab34f46a2868e425d4ac98bd90071bae6bb20dd63f784b2142709f4f500be1c,,330,no_verified_historical_match,,,,,,,,,,,,,,matched,2.3,2023-04-01,2023-06-30,2023-09-14,Eurostat-2023-09-14,https://ec.europa.eu/eurostat/documents/2995521/17501484/3-14092023-AP-EN.pdf/ad3c84e2-fbbb-b3a8-b762-5e6996dfa08d,percent_total_posts,Q,B-F,vacancies_2023-09-14.pdf,293207132a798f154862cb18898de43d2f6d1da4efa027811aa9c0b897c7b22e,5,149
ACP000262,263,PL,Finance,2021-12-19,,,2022-12-19,2021,retained,Senior Leader,Senior Leader,2021-12-19,true,stale,,,,,,,,,,,,,141,matched,3.3744697261859,2020-01-01,2020-12-31,2021-12-16,WDI-202112,https://api.worldbank.org/v2/sources/57/country/GRC;ROU;POL;ITA;IRL;BGR/series/FP.CPI.TOTL.ZG/time/YR2018;YR2019;YR2020;YR2021;YR2022;YR2023;YR2024;YR2025/version/202112/data?format=json&per_page=1000,percent_annual_change,A,,cpi_202112.json,d6b51a93d682aa37bb09bf2fda0951e15c0558aa1a654f4e1ef4ef0687a87340,,353,no_verified_historical_match,,,,,,,,,,,,,,matched,1.4,2021-04-01,2021-06-30,2021-09-16,Eurostat-2021-09-16,https://ec.europa.eu/eurostat/documents/2995521/11563271/3-16092021-BP-EN.pdf/7b7d4725-1228-b221-33bb-85562d6c58fe,percent_total_posts,Q,B-F,vacancies_2021-09-16.pdf,2ab7593d12beeaafcc0c7614a5c75a1abca9a78ead0f3e3b9ba84a8b972ad51c,4,172
ACP000264,265,BG,Supply Chain,2020-08-26,,,2021-08-26,2020,outside_objective_hire_period,Senior Leader,Senior Leader,2020-08-26,false,outside_metric_population,,,,,,,,,,,,,,outside_metric_population,,,,,,,,,,,,,,outside_metric_population,,,,,,,,,,,,,,outside_metric_population,,,,,,,,,,,,,
ACP000272,273,RO,Finance,2024-12-22,,,2025-12-22,2024,retained,Senior Leader,Senior Leader,2024-12-22,true,matched,5.4,2024-10-01,2024-10-31,2024-12-02,Eurostat-2024-12-02,https://ec.europa.eu/eurostat/en/web/products-euro-indicators/w/3-02122024-ap,percent_labour_force,M,,unemployment_20241202_ap.html,c810d7641c1621a32a11b6555ae90021f69d6ce61b71aa7ced15feeba2d4e9a6,,52,matched,10.3971874764996,2023-01-01,2023-12-31,2024-12-16,WDI-202412,https://api.worldbank.org/v2/sources/57/country/GRC;ROU;POL;ITA;IRL;BGR/series/FP.CPI.TOTL.ZG/time/YR2018;YR2019;YR2020;YR2021;YR2022;YR2023;YR2024;YR2025/version/202412/data?format=json&per_page=1000,percent_annual_change,A,,cpi_202412.json,15a5949e0dab0ac1281f006e79054456eb464387fe51ac6a84f15a7502cd384c,,357,no_verified_historical_match,,,,,,,,,,,,,,matched,0.7,2024-07-01,2024-09-30,2024-12-16,Eurostat-2024-12-16,https://ec.europa.eu/eurostat/en/web/products-euro-indicators/w/3-16122024-bp,percent_total_posts,Q,B-F,vacancies_20241216_bp.html,0f48a6c6a80c728364983753ee07ad6835e991722f3ff2f896b10a64ecc258e4,,83
ACP000278,279,PL,Supply Chain,2021-05-25,,,2022-05-25,2021,retained,Senior Leader,Senior Leader,2021-05-25,true,no_verified_historical_match,,,,,,,,,,,,,,matched,2.227478809383,2019-01-01,2019-12-31,2021-04-26,WDI-202104,https://api.worldbank.org/v2/sources/57/country/GRC;ROU;POL;ITA;IRL;BGR/series/FP.CPI.TOTL.ZG/time/YR2018;YR2019;YR2020;YR2021;YR2022;YR2023;YR2024;YR2025/version/202104/data?format=json&per_page=1000,percent_annual_change,A,,cpi_202104.json,4b4a196c93cb74cf66506d8c5ec914d612b5413e3eef53cac5a1879ab20754e4,,511,no_verified_historical_match,,,,,,,,,,,,,,no_verified_historical_match,,,,,,,,,,,,,
ACP000280,281,GR,Sales,2022-12-08,2024-12-25,,2023-12-08,2022,retained,Senior Leader,Senior Leader,2022-12-08,true,stale,,,,,,,,,,,,,283,matched,1.22382501019855,2021-01-01,2021-12-31,2022-09-16,WDI-202209,https://api.worldbank.org/v2/sources/57/country/GRC;ROU;POL;ITA;IRL;BGR/series/FP.CPI.TOTL.ZG/time/YR2018;YR2019;YR2020;YR2021;YR2022;YR2023;YR2024;YR2025/version/202209/data?format=json&per_page=1000,percent_annual_change,A,,cpi_202209.json,8ab4e907a1d5a14b0333cddb83037df8a4527ce02dae1c134f1b8e624b35d4f7,,342,no_verified_historical_match,,,,,,,,,,,,,,matched,0.7,2022-04-01,2022-06-30,2022-09-16,Eurostat-2022-09-16,https://ec.europa.eu/eurostat/documents/2995521/14698147/3-16092022-BP-EN.pdf/ce89f62d-6e8e-e5ec-d542-203a42943b9c,percent_total_posts,Q,B-F,vacancies_2022-09-16.pdf,821390436d37d5c9ff098660d4be3edadbaaea98de5a07e86717696c7b2ed498,4,161
ACP000293,294,BG,Sales,2021-09-18,,,2022-09-18,2021,retained,Senior Leader,Senior Leader,2021-09-18,true,matched,5.9,2021-07-01,2021-07-31,2021-09-01,Eurostat-2021-09-01,https://ec.europa.eu/eurostat/documents/2995521/11563247/3-01092021-AP-EN.pdf,percent_labour_force,M,,unemployment_2021-09-01.pdf,6819f5d932eb306f8eb6356a683481f6060650786d798fc033872c283629faa2,4,49,matched,1.67244096855762,2020-01-01,2020-12-31,2021-09-15,WDI-202109,https://api.worldbank.org/v2/sources/57/country/GRC;ROU;POL;ITA;IRL;BGR/series/FP.CPI.TOTL.ZG/time/YR2018;YR2019;YR2020;YR2021;YR2022;YR2023;YR2024;YR2025/version/202109/data?format=json&per_page=1000,percent_annual_change,A,,cpi_202109.json,bfbad5bb4ffa9e5ada29f2e24bed493bed512c3b4a14f95b02f27519848b2d9c,,261,no_verified_historical_match,,,,,,,,,,,,,,matched,0.8,2021-04-01,2021-06-30,2021-09-16,Eurostat-2021-09-16,https://ec.europa.eu/eurostat/documents/2995521/11563271/3-16092021-BP-EN.pdf/7b7d4725-1228-b221-33bb-85562d6c58fe,percent_total_posts,Q,B-F,vacancies_2021-09-16.pdf,2ab7593d12beeaafcc0c7614a5c75a1abca9a78ead0f3e3b9ba84a8b972ad51c,4,80
ACP000299,300,GR,Sales,2023-09-15,2024-12-07,,2024-09-15,2023,retained,Senior Leader,Senior Leader,2023-09-15,true,matched,10.8,2023-05-01,2023-05-31,2023-06-30,Eurostat-2023-06-30,https://ec.europa.eu/eurostat/documents/2995521/17075197/3-30062023-BP-EN.pdf/ee3b1511-c710-4033-fc9a-aaf1c3d60241,percent_labour_force,M,,unemployment_2023-06-30.pdf,e9ca8e37b0db5f88d1d6f478fa6d1ebd3fe3db197cfcee4404a66ae66f35df0e,4,107,matched,1.22382501019855,2021-01-01,2021-12-31,2023-03-02,WDI-202303,https://api.worldbank.org/v2/sources/57/country/GRC;ROU;POL;ITA;IRL;BGR/series/FP.CPI.TOTL.ZG/time/YR2018;YR2019;YR2020;YR2021;YR2022;YR2023;YR2024;YR2025/version/202303/data?format=json&per_page=1000,percent_annual_change,A,,cpi_202303.json,c8515a665f59a521fe4b854c474869a12e16189c06f0fe994a9f3886a3e5ff97,,623,no_verified_historical_match,,,,,,,,,,,,,,matched,1.7,2023-04-01,2023-06-30,2023-09-14,Eurostat-2023-09-14,https://ec.europa.eu/eurostat/documents/2995521/17501484/3-14092023-AP-EN.pdf/ad3c84e2-fbbb-b3a8-b762-5e6996dfa08d,percent_total_posts,Q,B-F,vacancies_2023-09-14.pdf,293207132a798f154862cb18898de43d2f6d1da4efa027811aa9c0b897c7b22e,5,77
ACP000301,302,RO,Sales,2025-07-20,,,2026-07-20,2025,pending_observation,Senior Leader,Senior Leader,2025-07-20,false,outside_metric_population,,,,,,,,,,,,,,outside_metric_population,,,,,,,,,,,,,,outside_metric_population,,,,,,,,,,,,,,outside_metric_population,,,,,,,,,,,,,
ACP000310,311,PL,Supply Chain,2022-06-11,2025-07-19,,2023-06-11,2022,retained,Senior Leader,Senior Leader,2022-06-11,true,matched,3.0,2022-02-01,2022-02-28,2022-03-31,Eurostat-2022-03-31,https://ec.europa.eu/eurostat/documents/2995521/14358254/3-31032022-AP-EN.pdf,percent_labour_force,M,,unemployment_2022-03-31.pdf,9f5486bb7d2a7e590622bc8cf3cf8eb942c00debd0e460a82a816b60fa295427,4,103,matched,5.0550270472,2021-01-01,2021-12-31,2022-04-27,WDI-202204,https://api.worldbank.org/v2/sources/57/country/GRC;ROU;POL;ITA;IRL;BGR/series/FP.CPI.TOTL.ZG/time/YR2018;YR2019;YR2020;YR2021;YR2022;YR2023;YR2024;YR2025/version/202204/data?format=json&per_page=1000,percent_annual_change,A,,cpi_202204.json,f17ba4e86d26b38938d46c1face61717ad16ffd9bf3d6119933f5ba7d22c8162,,162,no_verified_historical_match,,,,,,,,,,,,,,matched,1.4,2021-10-01,2021-12-31,2022-03-17,Eurostat-2022-03-17,https://ec.europa.eu/eurostat/documents/2995521/14358242/3-17032022-BP-EN.pdf/3e6f6746-aa8d-b25c-7696-3912bf7ebd2c,percent_total_posts,Q,B-F,vacancies_2022-03-17.pdf,f4fbd74c61a2ebc7ddac7505031b036ad7ab671f4c7375ecd83c4068c6843a70,4,162
ACP000311,312,GR,Sales,2023-11-15,2024-12-10,,2024-11-15,2023,retained,Senior Leader,Senior Leader,2023-11-15,true,stale,,,,,,,,,,,,,168,matched,9.64525981280641,2022-01-01,2022-12-31,2023-09-20,WDI-202309,https://api.worldbank.org/v2/sources/57/country/GRC;ROU;POL;ITA;IRL;BGR/series/FP.CPI.TOTL.ZG/time/YR2018;YR2019;YR2020;YR2021;YR2022;YR2023;YR2024;YR2025/version/202309/data?format=json&per_page=1000,percent_annual_change,A,,cpi_202309.json,6ab34f46a2868e425d4ac98bd90071bae6bb20dd63f784b2142709f4f500be1c,,319,no_verified_historical_match,,,,,,,,,,,,,,matched,1.7,2023-04-01,2023-06-30,2023-09-14,Eurostat-2023-09-14,https://ec.europa.eu/eurostat/documents/2995521/17501484/3-14092023-AP-EN.pdf/ad3c84e2-fbbb-b3a8-b762-5e6996dfa08d,percent_total_posts,Q,B-F,vacancies_2023-09-14.pdf,293207132a798f154862cb18898de43d2f6d1da4efa027811aa9c0b897c7b22e,5,138
ACP000323,324,GR,Sales,2024-03-17,2024-06-29,,2025-03-17,2024,left_before_milestone,Senior Leader,Senior Leader,2024-03-17,true,matched,10.4,2024-01-01,2024-01-31,2024-03-01,Eurostat-2024-03-01,https://ec.europa.eu/eurostat/web/products-euro-indicators/w/3-01032024-bp,percent_labour_force,M,,unemployment_20240301_bp.html,7b9a73e013dd069c2677925a9eaf13d449fba91577fc7b67687dbe6d135786d8,,46,matched,9.64525981280632,2022-01-01,2022-12-31,2023-12-20,WDI-202312,https://api.worldbank.org/v2/sources/57/country/GRC;ROU;POL;ITA;IRL;BGR/series/FP.CPI.TOTL.ZG/time/YR2018;YR2019;YR2020;YR2021;YR2022;YR2023;YR2024;YR2025/version/202312/data?format=json&per_page=1000,percent_annual_change,A,,cpi_202312.json,018b9ac410fe4b61e0716a6659574061d9f7048eea1b955f22b00761c64ead29,,442,no_verified_historical_match,,,,,,,,,,,,,,matched,2.2,2023-10-01,2023-12-31,2024-03-15,Eurostat-2024-03-15,https://ec.europa.eu/eurostat/en/web/products-euro-indicators/w/3-15032024-ap,percent_total_posts,Q,B-F,vacancies_20240315_ap.html,c0549d20c8f89be00d83d0a6fb1b35f1975e90f54db1bfe1968979b6be479175,,77
ACP000324,325,IT,Finance,2025-10-26,,,2026-10-26,2025,pending_observation,Senior Leader,Senior Leader,2025-10-26,false,outside_metric_population,,,,,,,,,,,,,,outside_metric_population,,,,,,,,,,,,,,outside_metric_population,,,,,,,,,,,,,,outside_metric_population,,,,,,,,,,,,,
ACP000334,335,BG,Supply Chain,2024-05-26,,seniority_mapping_assumed,2025-05-26,2024,retained,Senior Leader,Sr Mgmt,2024-05-26,true,matched,4.4,2024-03-01,2024-03-31,2024-05-03,Eurostat-2024-05-03,https://ec.europa.eu/eurostat/web/products-euro-indicators/w/3-03052024-ap,percent_labour_force,M,,unemployment_20240503_ap.html,da98317419d6b155fb133505a1077ca95a79c83978233eba597037bc0086e998,,56,matched,15.3252589264366,2022-01-01,2022-12-31,2024-03-28,WDI-202403,https://api.worldbank.org/v2/sources/57/country/GRC;ROU;POL;ITA;IRL;BGR/series/FP.CPI.TOTL.ZG/time/YR2018;YR2019;YR2020;YR2021;YR2022;YR2023;YR2024;YR2025/version/202403/data?format=json&per_page=1000,percent_annual_change,A,,cpi_202403.json,0ca0709cbe1784e8236d24121a36ec2e0254b7cfb5a77654180fa00becf26527,,512,no_verified_historical_match,,,,,,,,,,,,,,matched,0.6,2023-10-01,2023-12-31,2024-03-15,Eurostat-2024-03-15,https://ec.europa.eu/eurostat/en/web/products-euro-indicators/w/3-15032024-ap,percent_total_posts,Q,B-F,vacancies_20240315_ap.html,c0549d20c8f89be00d83d0a6fb1b35f1975e90f54db1bfe1968979b6be479175,,147
ACP000342,343,BG,Supply Chain,2020-01-27,,,2021-01-27,2020,outside_objective_hire_period,Senior Leader,Senior Leader,2020-01-27,false,outside_metric_population,,,,,,,,,,,,,,outside_metric_population,,,,,,,,,,,,,,outside_metric_population,,,,,,,,,,,,,,outside_metric_population,,,,,,,,,,,,,
ACP000349,350,PL,Finance,2024-12-04,,,2025-12-04,2024,retained,Senior Leader,Senior Leader,2024-12-04,true,matched,3.1,2024-10-01,2024-10-31,2024-12-02,Eurostat-2024-12-02,https://ec.europa.eu/eurostat/en/web/products-euro-indicators/w/3-02122024-ap,percent_labour_force,M,,unemployment_20241202_ap.html,c810d7641c1621a32a11b6555ae90021f69d6ce61b71aa7ced15feeba2d4e9a6,,34,matched,11.5289127961105,2023-01-01,2023-12-31,2024-11-13,WDI-202411,https://api.worldbank.org/v2/sources/57/country/GRC;ROU;POL;ITA;IRL;BGR/series/FP.CPI.TOTL.ZG/time/YR2018;YR2019;YR2020;YR2021;YR2022;YR2023;YR2024;YR2025/version/202411/data?format=json&per_page=1000,percent_annual_change,A,,cpi_202411.json,1cec9a0d385bd81fef531abeb8fef399fe2cf4013d5ee9a6e76f9da553886c22,,339,no_verified_historical_match,,,,,,,,,,,,,,matched,1.1,2024-04-01,2024-06-30,2024-09-13,Eurostat-2024-09-13,https://ec.europa.eu/eurostat/en/web/products-euro-indicators/w/3-13092024-bp,percent_total_posts,Q,B-F,vacancies_20240913_bp.html,03eb21dd31fb35ca93563864769d20dd8f8cfcab355a0857e1a514d915014846,,157
ACP000358,359,IE,Finance,2020-05-11,2023-01-18,,2021-05-11,2020,outside_objective_hire_period,Senior Leader,Senior Leader,2020-05-11,false,outside_metric_population,,,,,,,,,,,,,,outside_metric_population,,,,,,,,,,,,,,outside_metric_population,,,,,,,,,,,,,,outside_metric_population,,,,,,,,,,,,,
ACP000359,360,IT,Digital,2022-01-08,2022-04-27,,2023-01-08,2022,left_before_milestone,Senior Leader,Senior Leader,2022-01-08,true,stale,,,,,,,,,,,,,161,matched,-0.13770757391657,2020-01-01,2020-12-31,2021-12-16,WDI-202112,https://api.worldbank.org/v2/sources/57/country/GRC;ROU;POL;ITA;IRL;BGR/series/FP.CPI.TOTL.ZG/time/YR2018;YR2019;YR2020;YR2021;YR2022;YR2023;YR2024;YR2025/version/202112/data?format=json&per_page=1000,percent_annual_change,A,,cpi_202112.json,d6b51a93d682aa37bb09bf2fda0951e15c0558aa1a654f4e1ef4ef0687a87340,,373,no_verified_historical_match,,,,,,,,,,,,,,matched,1.7,2021-04-01,2021-06-30,2021-09-16,Eurostat-2021-09-16,https://ec.europa.eu/eurostat/documents/2995521/11563271/3-16092021-BP-EN.pdf/7b7d4725-1228-b221-33bb-85562d6c58fe,percent_total_posts,Q,B-F,vacancies_2021-09-16.pdf,2ab7593d12beeaafcc0c7614a5c75a1abca9a78ead0f3e3b9ba84a8b972ad51c,4,192
ACP000366,367,BG,Supply Chain,2020-12-25,2025-09-11,,2021-12-25,2020,outside_objective_hire_period,Senior Leader,Senior Leader,2020-12-25,false,outside_metric_population,,,,,,,,,,,,,,outside_metric_population,,,,,,,,,,,,,,outside_metric_population,,,,,,,,,,,,,,outside_metric_population,,,,,,,,,,,,,
ACP000370,371,RO,Sales,2020-06-24,2021-05-08,,2021-06-24,2020,outside_objective_hire_period,Senior Leader,Senior Leader,2020-06-24,false,outside_metric_population,,,,,,,,,,,,,,outside_metric_population,,,,,,,,,,,,,,outside_metric_population,,,,,,,,,,,,,,outside_metric_population,,,,,,,,,,,,,
ACP000374,375,IT,Sales,2024-08-05,2025-08-26,,2025-08-05,2024,retained,Senior Leader,Senior Leader,2024-08-05,true,matched,7.0,2024-06-01,2024-06-30,2024-08-01,Eurostat-2024-08-01,https://ec.europa.eu/eurostat/web/products-euro-indicators/w/3-01082024-ap,percent_labour_force,M,,unemployment_20240801_ap.html,6749b8a018bcb79faec61bdef1000036ec78a3920f882d001538eeba551c5c56,,36,matched,5.62219442195901,2023-01-01,2023-12-31,2024-07-01,WDI-202407,https://api.worldbank.org/v2/sources/57/country/GRC;ROU;POL;ITA;IRL;BGR/series/FP.CPI.TOTL.ZG/time/YR2018;YR2019;YR2020;YR2021;YR2022;YR2023;YR2024;YR2025/version/202407/data?format=json&per_page=1000,percent_annual_change,A,,cpi_202407.json,eb408a1a73bb606a3a34434999a392d4679c043a0d7277dd8202953e5c7a44b8,,218,no_verified_historical_match,,,,,,,,,,,,,,matched,2.4,2024-01-01,2024-03-31,2024-06-14,Eurostat-2024-06-14,https://ec.europa.eu/eurostat/en/web/products-euro-indicators/w/3-14062024-bp,percent_total_posts,Q,B-F,vacancies_20240614_bp.html,96d4319700a8b814eb5de1893e8accb0bd8ab202fcbdca2ec429160702d97c1a,,127
ACP000378,379,PL,Finance,2023-11-16,,,2024-11-16,2023,retained,Senior Leader,Senior Leader,2023-11-16,true,stale,,,,,,,,,,,,,169,matched,14.4294507575757,2022-01-01,2022-12-31,2023-09-20,WDI-202309,https://api.worldbank.org/v2/sources/57/country/GRC;ROU;POL;ITA;IRL;BGR/series/FP.CPI.TOTL.ZG/time/YR2018;YR2019;YR2020;YR2021;YR2022;YR2023;YR2024;YR2025/version/202309/data?format=json&per_page=1000,percent_annual_change,A,,cpi_202309.json,6ab34f46a2868e425d4ac98bd90071bae6bb20dd63f784b2142709f4f500be1c,,320,no_verified_historical_match,,,,,,,,,,,,,,matched,0.9,2023-04-01,2023-06-30,2023-09-14,Eurostat-2023-09-14,https://ec.europa.eu/eurostat/documents/2995521/17501484/3-14092023-AP-EN.pdf/ad3c84e2-fbbb-b3a8-b762-5e6996dfa08d,percent_total_posts,Q,B-F,vacancies_2023-09-14.pdf,293207132a798f154862cb18898de43d2f6d1da4efa027811aa9c0b897c7b22e,5,139
ACP000383,384,BG,Digital,2024-09-28,,,2025-09-28,2024,retained,Senior Leader,Senior Leader,2024-09-28,true,matched,4.0,2024-07-01,2024-07-31,2024-08-30,Eurostat-2024-08-30,https://ec.europa.eu/eurostat/web/products-euro-indicators/w/3-30082024-bp,percent_labour_force,M,,unemployment_20240830_bp.html,e97569bd9d4e40943198f199c1da29759854ba08b25d8e550966f5c45607d1c3,,59,matched,9.44284140088564,2023-01-01,2023-12-31,2024-09-19,WDI-202409,https://api.worldbank.org/v2/sources/57/country/GRC;ROU;POL;ITA;IRL;BGR/series/FP.CPI.TOTL.ZG/time/YR2018;YR2019;YR2020;YR2021;YR2022;YR2023;YR2024;YR2025/version/202409/data?format=json&per_page=1000,percent_annual_change,A,,cpi_202409.json,88235d805dd49613431794b01d7a805fc71b43f46cf1e889f76362ccba6aef36,,272,no_verified_historical_match,,,,,,,,,,,,,,matched,0.7,2024-04-01,2024-06-30,2024-09-13,Eurostat-2024-09-13,https://ec.europa.eu/eurostat/en/web/products-euro-indicators/w/3-13092024-bp,percent_total_posts,Q,B-F,vacancies_20240913_bp.html,03eb21dd31fb35ca93563864769d20dd8f8cfcab355a0857e1a514d915014846,,90
ACP000390,391,GR,Digital,2020-08-14,2021-01-02,,2021-08-14,2020,outside_objective_hire_period,Senior Leader,Senior Leader,2020-08-14,false,outside_metric_population,,,,,,,,,,,,,,outside_metric_population,,,,,,,,,,,,,,outside_metric_population,,,,,,,,,,,,,,outside_metric_population,,,,,,,,,,,,,
ACP000393,394,GR,Sales,2025-08-18,,,2026-08-18,2025,pending_observation,Senior Leader,Senior Leader,2025-08-18,false,outside_metric_population,,,,,,,,,,,,,,outside_metric_population,,,,,,,,,,,,,,outside_metric_population,,,,,,,,,,,,,,outside_metric_population,,,,,,,,,,,,,
ACP000405,406,RO,Digital,2021-01-17,,country_alias_mapped,2022-01-17,2021,retained,Senior Leader,Senior Leader,2021-01-17,true,no_verified_historical_match,,,,,,,,,,,,,,matched,3.82785432599428,2019-01-01,2019-12-31,2020-12-16,WDI-202012,https://api.worldbank.org/v2/sources/57/country/GRC;ROU;POL;ITA;IRL;BGR/series/FP.CPI.TOTL.ZG/time/YR2018;YR2019;YR2020;YR2021;YR2022;YR2023;YR2024;YR2025/version/202012/data?format=json&per_page=1000,percent_annual_change,A,,cpi_202012.json,8ae40812de40275b0e50fbcfb8cfe94f4169ebfed5f5a0a1f3c7428328b36786,,383,no_verified_historical_match,,,,,,,,,,,,,,no_verified_historical_match,,,,,,,,,,,,,
ACP000407,408,RO,Supply Chain,2020-02-27,,,2021-02-27,2020,outside_objective_hire_period,Senior Leader,Senior Leader,2020-02-27,false,outside_metric_population,,,,,,,,,,,,,,outside_metric_population,,,,,,,,,,,,,,outside_metric_population,,,,,,,,,,,,,,outside_metric_population,,,,,,,,,,,,,
ACP000409,410,RO,Sales,2022-02-25,,,2023-02-25,2022,retained,Senior Leader,Senior Leader,2022-02-25,true,stale,,,,,,,,,,,,,209,matched,2.63107311184752,2020-01-01,2020-12-31,2022-02-15,WDI-202202,https://api.worldbank.org/v2/sources/57/country/GRC;ROU;POL;ITA;IRL;BGR/series/FP.CPI.TOTL.ZG/time/YR2018;YR2019;YR2020;YR2021;YR2022;YR2023;YR2024;YR2025/version/202202/data?format=json&per_page=1000,percent_annual_change,A,,cpi_202202.json,95ed0074fba0a2c4103a609664b64de192224526a3e77f88959b4a460c3a3161,,421,no_verified_historical_match,,,,,,,,,,,,,,matched,0.7,2021-04-01,2021-06-30,2021-09-16,Eurostat-2021-09-16,https://ec.europa.eu/eurostat/documents/2995521/11563271/3-16092021-BP-EN.pdf/7b7d4725-1228-b221-33bb-85562d6c58fe,percent_total_posts,Q,B-F,vacancies_2021-09-16.pdf,2ab7593d12beeaafcc0c7614a5c75a1abca9a78ead0f3e3b9ba84a8b972ad51c,4,240
ACP000411,412,BG,Supply Chain,2024-02-19,2025-12-01,,2025-02-19,2024,retained,Senior Leader,Senior Leader,2024-02-19,true,stale,,,,,,,,,,,,,264,matched,15.3252589264366,2022-01-01,2022-12-31,2023-12-20,WDI-202312,https://api.worldbank.org/v2/sources/57/country/GRC;ROU;POL;ITA;IRL;BGR/series/FP.CPI.TOTL.ZG/time/YR2018;YR2019;YR2020;YR2021;YR2022;YR2023;YR2024;YR2025/version/202312/data?format=json&per_page=1000,percent_annual_change,A,,cpi_202312.json,018b9ac410fe4b61e0716a6659574061d9f7048eea1b955f22b00761c64ead29,,415,no_verified_historical_match,,,,,,,,,,,,,,matched,0.7,2023-07-01,2023-09-30,2023-12-18,Eurostat-2023-12-18,https://ec.europa.eu/eurostat/documents/2995521/18134838/3-18122023-AP-EN.pdf/8040054f-078e-391b-63a4-af98fcfe1679,percent_total_posts,Q,B-F,vacancies_2023-12-18.pdf,05dbfc215765fadb56eea071c8ca2b4801023528c3e203f36aa135b134d91ef8,5,142
ACP000428,429,IT,Supply Chain,2024-06-09,2024-07-28,,2025-06-09,2024,left_before_milestone,Senior Leader,Senior Leader,2024-06-09,true,matched,6.9,2024-04-01,2024-04-30,2024-05-30,Eurostat-2024-05-30,https://ec.europa.eu/eurostat/web/products-euro-indicators/w/3-30052024-ap,percent_labour_force,M,,unemployment_20240530_ap.html,c25134b8ce4fe35b52fdb84a024bb2d0ce7f8213af3260482f66b31ff9f26fa5,,40,matched,8.20128991161718,2022-01-01,2022-12-31,2024-05-30,WDI-202405,https://api.worldbank.org/v2/sources/57/country/GRC;ROU;POL;ITA;IRL;BGR/series/FP.CPI.TOTL.ZG/time/YR2018;YR2019;YR2020;YR2021;YR2022;YR2023;YR2024;YR2025/version/202405/data?format=json&per_page=1000,percent_annual_change,A,,cpi_202405.json,07955449417718a49e2c4ed6d0d186a3d771aab77d70556bee4b1943cc5e88be,,526,no_verified_historical_match,,,,,,,,,,,,,,matched,2.0,2023-10-01,2023-12-31,2024-03-15,Eurostat-2024-03-15,https://ec.europa.eu/eurostat/en/web/products-euro-indicators/w/3-15032024-ap,percent_total_posts,Q,B-F,vacancies_20240315_ap.html,c0549d20c8f89be00d83d0a6fb1b35f1975e90f54db1bfe1968979b6be479175,,161
ACP000430,431,IT,Supply Chain,2022-02-09,2022-12-20,,2023-02-09,2022,left_before_milestone,Senior Leader,Senior Leader,2022-02-09,true,stale,,,,,,,,,,,,,193,matched,-0.13770757391657,2020-01-01,2020-12-31,2021-12-16,WDI-202112,https://api.worldbank.org/v2/sources/57/country/GRC;ROU;POL;ITA;IRL;BGR/series/FP.CPI.TOTL.ZG/time/YR2018;YR2019;YR2020;YR2021;YR2022;YR2023;YR2024;YR2025/version/202112/data?format=json&per_page=1000,percent_annual_change,A,,cpi_202112.json,d6b51a93d682aa37bb09bf2fda0951e15c0558aa1a654f4e1ef4ef0687a87340,,405,no_verified_historical_match,,,,,,,,,,,,,,matched,1.7,2021-04-01,2021-06-30,2021-09-16,Eurostat-2021-09-16,https://ec.europa.eu/eurostat/documents/2995521/11563271/3-16092021-BP-EN.pdf/7b7d4725-1228-b221-33bb-85562d6c58fe,percent_total_posts,Q,B-F,vacancies_2021-09-16.pdf,2ab7593d12beeaafcc0c7614a5c75a1abca9a78ead0f3e3b9ba84a8b972ad51c,4,224
ACP000438,439,RO,Digital,2025-05-23,,,2026-05-23,2025,pending_observation,Senior Leader,Senior Leader,2025-05-23,false,outside_metric_population,,,,,,,,,,,,,,outside_metric_population,,,,,,,,,,,,,,outside_metric_population,,,,,,,,,,,,,,outside_metric_population,,,,,,,,,,,,,
ACP000440,441,PL,Supply Chain,2023-12-29,,,2024-12-29,2023,retained,Senior Leader,Senior Leader,2023-12-29,true,stale,,,,,,,,,,,,,212,matched,14.4294507575758,2022-01-01,2022-12-31,2023-12-20,WDI-202312,https://api.worldbank.org/v2/sources/57/country/GRC;ROU;POL;ITA;IRL;BGR/series/FP.CPI.TOTL.ZG/time/YR2018;YR2019;YR2020;YR2021;YR2022;YR2023;YR2024;YR2025/version/202312/data?format=json&per_page=1000,percent_annual_change,A,,cpi_202312.json,018b9ac410fe4b61e0716a6659574061d9f7048eea1b955f22b00761c64ead29,,363,no_verified_historical_match,,,,,,,,,,,,,,matched,1.0,2023-07-01,2023-09-30,2023-12-18,Eurostat-2023-12-18,https://ec.europa.eu/eurostat/documents/2995521/18134838/3-18122023-AP-EN.pdf/8040054f-078e-391b-63a4-af98fcfe1679,percent_total_posts,Q,B-F,vacancies_2023-12-18.pdf,05dbfc215765fadb56eea071c8ca2b4801023528c3e203f36aa135b134d91ef8,5,90
ACP000449,450,IT,Supply Chain,2025-04-14,,,2026-04-14,2025,pending_observation,Senior Leader,Senior Leader,2025-04-14,false,outside_metric_population,,,,,,,,,,,,,,outside_metric_population,,,,,,,,,,,,,,outside_metric_population,,,,,,,,,,,,,,outside_metric_population,,,,,,,,,,,,,
ACP000456,457,BG,Digital,2021-09-21,,,2022-09-21,2021,retained,Senior Leader,Senior Leader,2021-09-21,true,matched,5.9,2021-07-01,2021-07-31,2021-09-01,Eurostat-2021-09-01,https://ec.europa.eu/eurostat/documents/2995521/11563247/3-01092021-AP-EN.pdf,percent_labour_force,M,,unemployment_2021-09-01.pdf,6819f5d932eb306f8eb6356a683481f6060650786d798fc033872c283629faa2,4,52,matched,1.67244096855762,2020-01-01,2020-12-31,2021-09-15,WDI-202109,https://api.worldbank.org/v2/sources/57/country/GRC;ROU;POL;ITA;IRL;BGR/series/FP.CPI.TOTL.ZG/time/YR2018;YR2019;YR2020;YR2021;YR2022;YR2023;YR2024;YR2025/version/202109/data?format=json&per_page=1000,percent_annual_change,A,,cpi_202109.json,bfbad5bb4ffa9e5ada29f2e24bed493bed512c3b4a14f95b02f27519848b2d9c,,264,no_verified_historical_match,,,,,,,,,,,,,,matched,0.8,2021-04-01,2021-06-30,2021-09-16,Eurostat-2021-09-16,https://ec.europa.eu/eurostat/documents/2995521/11563271/3-16092021-BP-EN.pdf/7b7d4725-1228-b221-33bb-85562d6c58fe,percent_total_posts,Q,B-F,vacancies_2021-09-16.pdf,2ab7593d12beeaafcc0c7614a5c75a1abca9a78ead0f3e3b9ba84a8b972ad51c,4,83
ACP000463,464,BG,Digital,2024-07-06,,,2025-07-06,2024,retained,Senior Leader,Senior Leader,2024-07-06,true,matched,4.4,2024-05-01,2024-05-31,2024-07-02,Eurostat-2024-07-02,https://ec.europa.eu/eurostat/web/products-euro-indicators/w/3-02072024-bp,percent_labour_force,M,,unemployment_20240702_bp.html,233eab3829fccbff66872dcb95e1bf942e0b8dddce1461e08e5e52c9e8e6a714,,36,matched,9.44284140088564,2023-01-01,2023-12-31,2024-07-01,WDI-202407,https://api.worldbank.org/v2/sources/57/country/GRC;ROU;POL;ITA;IRL;BGR/series/FP.CPI.TOTL.ZG/time/YR2018;YR2019;YR2020;YR2021;YR2022;YR2023;YR2024;YR2025/version/202407/data?format=json&per_page=1000,percent_annual_change,A,,cpi_202407.json,eb408a1a73bb606a3a34434999a392d4679c043a0d7277dd8202953e5c7a44b8,,188,no_verified_historical_match,,,,,,,,,,,,,,matched,0.6,2024-01-01,2024-03-31,2024-06-14,Eurostat-2024-06-14,https://ec.europa.eu/eurostat/en/web/products-euro-indicators/w/3-14062024-bp,percent_total_posts,Q,B-F,vacancies_20240614_bp.html,96d4319700a8b814eb5de1893e8accb0bd8ab202fcbdca2ec429160702d97c1a,,97
ACP000464,465,RO,Finance,2022-06-12,2024-11-10,,2023-06-12,2022,retained,Senior Leader,Senior Leader,2022-06-12,true,matched,5.7,2022-02-01,2022-02-28,2022-03-31,Eurostat-2022-03-31,https://ec.europa.eu/eurostat/documents/2995521/14358254/3-31032022-AP-EN.pdf,percent_labour_force,M,,unemployment_2022-03-31.pdf,9f5486bb7d2a7e590622bc8cf3cf8eb942c00debd0e460a82a816b60fa295427,4,104,matched,5.052328761,2021-01-01,2021-12-31,2022-04-27,WDI-202204,https://api.worldbank.org/v2/sources/57/country/GRC;ROU;POL;ITA;IRL;BGR/series/FP.CPI.TOTL.ZG/time/YR2018;YR2019;YR2020;YR2021;YR2022;YR2023;YR2024;YR2025/version/202204/data?format=json&per_page=1000,percent_annual_change,A,,cpi_202204.json,f17ba4e86d26b38938d46c1face61717ad16ffd9bf3d6119933f5ba7d22c8162,,163,no_verified_historical_match,,,,,,,,,,,,,,matched,0.8,2021-10-01,2021-12-31,2022-03-17,Eurostat-2022-03-17,https://ec.europa.eu/eurostat/documents/2995521/14358242/3-17032022-BP-EN.pdf/3e6f6746-aa8d-b25c-7696-3912bf7ebd2c,percent_total_posts,Q,B-F,vacancies_2022-03-17.pdf,f4fbd74c61a2ebc7ddac7505031b036ad7ab671f4c7375ecd83c4068c6843a70,4,163
ACP000473,474,PL,Supply Chain,2023-11-06,,,2024-11-06,2023,retained,Senior Leader,Senior Leader,2023-11-06,true,stale,,,,,,,,,,,,,159,matched,14.4294507575757,2022-01-01,2022-12-31,2023-09-20,WDI-202309,https://api.worldbank.org/v2/sources/57/country/GRC;ROU;POL;ITA;IRL;BGR/series/FP.CPI.TOTL.ZG/time/YR2018;YR2019;YR2020;YR2021;YR2022;YR2023;YR2024;YR2025/version/202309/data?format=json&per_page=1000,percent_annual_change,A,,cpi_202309.json,6ab34f46a2868e425d4ac98bd90071bae6bb20dd63f784b2142709f4f500be1c,,310,no_verified_historical_match,,,,,,,,,,,,,,matched,0.9,2023-04-01,2023-06-30,2023-09-14,Eurostat-2023-09-14,https://ec.europa.eu/eurostat/documents/2995521/17501484/3-14092023-AP-EN.pdf/ad3c84e2-fbbb-b3a8-b762-5e6996dfa08d,percent_total_posts,Q,B-F,vacancies_2023-09-14.pdf,293207132a798f154862cb18898de43d2f6d1da4efa027811aa9c0b897c7b22e,5,129
ACP000478,479,RO,Sales,2022-06-19,2022-08-25,,2023-06-19,2022,left_before_milestone,Senior Leader,Senior Leader,2022-06-19,true,matched,5.7,2022-02-01,2022-02-28,2022-03-31,Eurostat-2022-03-31,https://ec.europa.eu/eurostat/documents/2995521/14358254/3-31032022-AP-EN.pdf,percent_labour_force,M,,unemployment_2022-03-31.pdf,9f5486bb7d2a7e590622bc8cf3cf8eb942c00debd0e460a82a816b60fa295427,4,111,matched,5.052328761,2021-01-01,2021-12-31,2022-04-27,WDI-202204,https://api.worldbank.org/v2/sources/57/country/GRC;ROU;POL;ITA;IRL;BGR/series/FP.CPI.TOTL.ZG/time/YR2018;YR2019;YR2020;YR2021;YR2022;YR2023;YR2024;YR2025/version/202204/data?format=json&per_page=1000,percent_annual_change,A,,cpi_202204.json,f17ba4e86d26b38938d46c1face61717ad16ffd9bf3d6119933f5ba7d22c8162,,170,no_verified_historical_match,,,,,,,,,,,,,,matched,0.8,2021-10-01,2021-12-31,2022-03-17,Eurostat-2022-03-17,https://ec.europa.eu/eurostat/documents/2995521/14358242/3-17032022-BP-EN.pdf/3e6f6746-aa8d-b25c-7696-3912bf7ebd2c,percent_total_posts,Q,B-F,vacancies_2022-03-17.pdf,f4fbd74c61a2ebc7ddac7505031b036ad7ab671f4c7375ecd83c4068c6843a70,4,170
ACP000493,494,BG,Supply Chain,2025-05-31,,,2026-05-31,2025,pending_observation,Senior Leader,Senior Leader,2025-05-31,false,outside_metric_population,,,,,,,,,,,,,,outside_metric_population,,,,,,,,,,,,,,outside_metric_population,,,,,,,,,,,,,,outside_metric_population,,,,,,,,,,,,,
ACP000503,504,PL,Finance,2022-08-28,2023-04-21,,2023-08-28,2022,left_before_milestone,Senior Leader,Senior Leader,2022-08-28,true,stale,,,,,,,,,,,,,181,matched,5.05502704719268,2021-01-01,2021-12-31,2022-07-01,WDI-202207,https://api.worldbank.org/v2/sources/57/country/GRC;ROU;POL;ITA;IRL;BGR/series/FP.CPI.TOTL.ZG/time/YR2018;YR2019;YR2020;YR2021;YR2022;YR2023;YR2024;YR2025/version/202207/data?format=json&per_page=1000,percent_annual_change,A,,cpi_202207.json,fcc394a0d05bfd87e45fc547aef5880c30345f851b8fb0eaa8012bebe91815eb,,240,no_verified_historical_match,,,,,,,,,,,,,,matched,1.4,2021-10-01,2021-12-31,2022-03-17,Eurostat-2022-03-17,https://ec.europa.eu/eurostat/documents/2995521/14358242/3-17032022-BP-EN.pdf/3e6f6746-aa8d-b25c-7696-3912bf7ebd2c,percent_total_posts,Q,B-F,vacancies_2022-03-17.pdf,f4fbd74c61a2ebc7ddac7505031b036ad7ab671f4c7375ecd83c4068c6843a70,4,240
ACP000504,505,IE,Finance,2024-05-24,2025-12-21,,2025-05-24,2024,retained,Senior Leader,Senior Leader,2024-05-24,true,matched,4.3,2024-03-01,2024-03-31,2024-05-03,Eurostat-2024-05-03,https://ec.europa.eu/eurostat/web/products-euro-indicators/w/3-03052024-ap,percent_labour_force,M,,unemployment_20240503_ap.html,da98317419d6b155fb133505a1077ca95a79c83978233eba597037bc0086e998,,54,matched,7.80737540996716,2022-01-01,2022-12-31,2024-03-28,WDI-202403,https://api.worldbank.org/v2/sources/57/country/GRC;ROU;POL;ITA;IRL;BGR/series/FP.CPI.TOTL.ZG/time/YR2018;YR2019;YR2020;YR2021;YR2022;YR2023;YR2024;YR2025/version/202403/data?format=json&per_page=1000,percent_annual_change,A,,cpi_202403.json,0ca0709cbe1784e8236d24121a36ec2e0254b7cfb5a77654180fa00becf26527,,510,no_verified_historical_match,,,,,,,,,,,,,,matched,0.7,2023-10-01,2023-12-31,2024-03-15,Eurostat-2024-03-15,https://ec.europa.eu/eurostat/en/web/products-euro-indicators/w/3-15032024-ap,percent_total_posts,Q,B-F,vacancies_20240315_ap.html,c0549d20c8f89be00d83d0a6fb1b35f1975e90f54db1bfe1968979b6be479175,,145
ACP000505,506,GR,Supply Chain,2023-08-21,,,2024-08-21,2023,retained,Senior Leader,Senior Leader,2023-08-21,true,matched,10.8,2023-05-01,2023-05-31,2023-06-30,Eurostat-2023-06-30,https://ec.europa.eu/eurostat/documents/2995521/17075197/3-30062023-BP-EN.pdf/ee3b1511-c710-4033-fc9a-aaf1c3d60241,percent_labour_force,M,,unemployment_2023-06-30.pdf,e9ca8e37b0db5f88d1d6f478fa6d1ebd3fe3db197cfcee4404a66ae66f35df0e,4,82,matched,1.22382501019855,2021-01-01,2021-12-31,2023-03-02,WDI-202303,https://api.worldbank.org/v2/sources/57/country/GRC;ROU;POL;ITA;IRL;BGR/series/FP.CPI.TOTL.ZG/time/YR2018;YR2019;YR2020;YR2021;YR2022;YR2023;YR2024;YR2025/version/202303/data?format=json&per_page=1000,percent_annual_change,A,,cpi_202303.json,c8515a665f59a521fe4b854c474869a12e16189c06f0fe994a9f3886a3e5ff97,,598,no_verified_historical_match,,,,,,,,,,,,,,matched,1.7,2022-10-01,2022-12-31,2023-03-20,Eurostat-2023-03-20,https://ec.europa.eu/eurostat/documents/2995521/16310170/3-20032023-BP-EN.pdf/94c96dce-5803-33ba-0173-afc9dc21e074,percent_total_posts,Q,B-F,vacancies_2023-03-20.pdf,110c184f0f29a527b8f679b871555f50dc5172ae010e9fa6055cea6853904180,4,233
ACP000514,515,BG,Supply Chain,2024-09-26,2024-12-28,,2025-09-26,2024,left_before_milestone,Senior Leader,Senior Leader,2024-09-26,true,matched,4.0,2024-07-01,2024-07-31,2024-08-30,Eurostat-2024-08-30,https://ec.europa.eu/eurostat/web/products-euro-indicators/w/3-30082024-bp,percent_labour_force,M,,unemployment_20240830_bp.html,e97569bd9d4e40943198f199c1da29759854ba08b25d8e550966f5c45607d1c3,,57,matched,9.44284140088564,2023-01-01,2023-12-31,2024-09-19,WDI-202409,https://api.worldbank.org/v2/sources/57/country/GRC;ROU;POL;ITA;IRL;BGR/series/FP.CPI.TOTL.ZG/time/YR2018;YR2019;YR2020;YR2021;YR2022;YR2023;YR2024;YR2025/version/202409/data?format=json&per_page=1000,percent_annual_change,A,,cpi_202409.json,88235d805dd49613431794b01d7a805fc71b43f46cf1e889f76362ccba6aef36,,270,no_verified_historical_match,,,,,,,,,,,,,,matched,0.7,2024-04-01,2024-06-30,2024-09-13,Eurostat-2024-09-13,https://ec.europa.eu/eurostat/en/web/products-euro-indicators/w/3-13092024-bp,percent_total_posts,Q,B-F,vacancies_20240913_bp.html,03eb21dd31fb35ca93563864769d20dd8f8cfcab355a0857e1a514d915014846,,88
ACP000515,516,GR,Sales,2020-11-11,,,2021-11-11,2020,outside_objective_hire_period,Senior Leader,Senior Leader,2020-11-11,false,outside_metric_population,,,,,,,,,,,,,,outside_metric_population,,,,,,,,,,,,,,outside_metric_population,,,,,,,,,,,,,,outside_metric_population,,,,,,,,,,,,,
ACP000525,526,IE,Supply Chain,2024-03-14,2024-03-26,,2025-03-14,2024,left_before_milestone,Senior Leader,Senior Leader,2024-03-14,true,matched,4.5,2024-01-01,2024-01-31,2024-03-01,Eurostat-2024-03-01,https://ec.europa.eu/eurostat/web/products-euro-indicators/w/3-01032024-bp,percent_labour_force,M,,unemployment_20240301_bp.html,7b9a73e013dd069c2677925a9eaf13d449fba91577fc7b67687dbe6d135786d8,,43,matched,7.80737540996716,2022-01-01,2022-12-31,2023-12-20,WDI-202312,https://api.worldbank.org/v2/sources/57/country/GRC;ROU;POL;ITA;IRL;BGR/series/FP.CPI.TOTL.ZG/time/YR2018;YR2019;YR2020;YR2021;YR2022;YR2023;YR2024;YR2025/version/202312/data?format=json&per_page=1000,percent_annual_change,A,,cpi_202312.json,018b9ac410fe4b61e0716a6659574061d9f7048eea1b955f22b00761c64ead29,,439,no_verified_historical_match,,,,,,,,,,,,,,matched,0.7,2023-07-01,2023-09-30,2023-12-18,Eurostat-2023-12-18,https://ec.europa.eu/eurostat/documents/2995521/18134838/3-18122023-AP-EN.pdf/8040054f-078e-391b-63a4-af98fcfe1679,percent_total_posts,Q,B-F,vacancies_2023-12-18.pdf,05dbfc215765fadb56eea071c8ca2b4801023528c3e203f36aa135b134d91ef8,5,166
ACP000526,527,GR,Sales,2023-07-22,,,2024-07-22,2023,retained,Senior Leader,Senior Leader,2023-07-22,true,matched,10.8,2023-05-01,2023-05-31,2023-06-30,Eurostat-2023-06-30,https://ec.europa.eu/eurostat/documents/2995521/17075197/3-30062023-BP-EN.pdf/ee3b1511-c710-4033-fc9a-aaf1c3d60241,percent_labour_force,M,,unemployment_2023-06-30.pdf,e9ca8e37b0db5f88d1d6f478fa6d1ebd3fe3db197cfcee4404a66ae66f35df0e,4,52,matched,1.22382501019855,2021-01-01,2021-12-31,2023-03-02,WDI-202303,https://api.worldbank.org/v2/sources/57/country/GRC;ROU;POL;ITA;IRL;BGR/series/FP.CPI.TOTL.ZG/time/YR2018;YR2019;YR2020;YR2021;YR2022;YR2023;YR2024;YR2025/version/202303/data?format=json&per_page=1000,percent_annual_change,A,,cpi_202303.json,c8515a665f59a521fe4b854c474869a12e16189c06f0fe994a9f3886a3e5ff97,,568,no_verified_historical_match,,,,,,,,,,,,,,matched,1.7,2022-10-01,2022-12-31,2023-03-20,Eurostat-2023-03-20,https://ec.europa.eu/eurostat/documents/2995521/16310170/3-20032023-BP-EN.pdf/94c96dce-5803-33ba-0173-afc9dc21e074,percent_total_posts,Q,B-F,vacancies_2023-03-20.pdf,110c184f0f29a527b8f679b871555f50dc5172ae010e9fa6055cea6853904180,4,203
ACP000531,532,IT,Supply Chain,2022-12-29,,,2023-12-29,2022,retained,Senior Leader,Senior Leader,2022-12-29,true,stale,,,,,,,,,,,,,304,matched,1.87378325762491,2021-01-01,2021-12-31,2022-12-22,WDI-202212,https://api.worldbank.org/v2/sources/57/country/GRC;ROU;POL;ITA;IRL;BGR/series/FP.CPI.TOTL.ZG/time/YR2018;YR2019;YR2020;YR2021;YR2022;YR2023;YR2024;YR2025/version/202212/data?format=json&per_page=1000,percent_annual_change,A,,cpi_202212.json,9f9c53886164cc2ac3b8d887dc4a8b473bb32591611378a714bb37f361134272,,363,no_verified_historical_match,,,,,,,,,,,,,,matched,2.2,2022-04-01,2022-06-30,2022-09-16,Eurostat-2022-09-16,https://ec.europa.eu/eurostat/documents/2995521/14698147/3-16092022-BP-EN.pdf/ce89f62d-6e8e-e5ec-d542-203a42943b9c,percent_total_posts,Q,B-F,vacancies_2022-09-16.pdf,821390436d37d5c9ff098660d4be3edadbaaea98de5a07e86717696c7b2ed498,4,182
ACP000562,563,PL,Sales,2025-09-22,,,2026-09-22,2025,pending_observation,Senior Leader,Senior Leader,2025-09-22,false,outside_metric_population,,,,,,,,,,,,,,outside_metric_population,,,,,,,,,,,,,,outside_metric_population,,,,,,,,,,,,,,outside_metric_population,,,,,,,,,,,,,
ACP000566,567,BG,Supply Chain,2021-04-07,,seniority_mapping_assumed,2022-04-07,2021,retained,Senior Leader,Sr Mgmt,2021-04-07,true,no_verified_historical_match,,,,,,,,,,,,,,matched,3.10372944796774,2019-01-01,2019-12-31,2021-03-19,WDI-202103,https://api.worldbank.org/v2/sources/57/country/GRC;ROU;POL;ITA;IRL;BGR/series/FP.CPI.TOTL.ZG/time/YR2018;YR2019;YR2020;YR2021;YR2022;YR2023;YR2024;YR2025/version/202103/data?format=json&per_page=1000,percent_annual_change,A,,cpi_202103.json,77a073f8b3b2e8829c15f16655dc6591758d3b8a7fef93c4593c8e122cb0425f,,463,no_verified_historical_match,,,,,,,,,,,,,,no_verified_historical_match,,,,,,,,,,,,,
ACP000576,577,PL,Supply Chain,2023-05-23,,,2024-05-23,2023,retained,Senior Leader,Senior Leader,2023-05-23,true,matched,2.8,2023-02-01,2023-02-28,2023-03-31,Eurostat-2023-03-31,https://ec.europa.eu/eurostat/documents/2995521/16324762/3-31032023-BP-EN.pdf/4cb7a93a-bb55-923d-ec95-5fcb8073271c,percent_labour_force,M,,unemployment_2023-03-31.pdf,88c1b83fbbf202a433de6b307b3233e1382f223da32f1ba84835c6f57f525409,4,84,matched,5.05502704719268,2021-01-01,2021-12-31,2023-03-02,WDI-202303,https://api.worldbank.org/v2/sources/57/country/GRC;ROU;POL;ITA;IRL;BGR/series/FP.CPI.TOTL.ZG/time/YR2018;YR2019;YR2020;YR2021;YR2022;YR2023;YR2024;YR2025/version/202303/data?format=json&per_page=1000,percent_annual_change,A,,cpi_202303.json,c8515a665f59a521fe4b854c474869a12e16189c06f0fe994a9f3886a3e5ff97,,508,no_verified_historical_match,,,,,,,,,,,,,,matched,1.0,2022-10-01,2022-12-31,2023-03-20,Eurostat-2023-03-20,https://ec.europa.eu/eurostat/documents/2995521/16310170/3-20032023-BP-EN.pdf/94c96dce-5803-33ba-0173-afc9dc21e074,percent_total_posts,Q,B-F,vacancies_2023-03-20.pdf,110c184f0f29a527b8f679b871555f50dc5172ae010e9fa6055cea6853904180,4,143
ACP000581,582,IE,Finance,2025-04-17,2025-10-27,,2026-04-17,2025,pending_observation,Senior Leader,Senior Leader,2025-04-17,false,outside_metric_population,,,,,,,,,,,,,,outside_metric_population,,,,,,,,,,,,,,outside_metric_population,,,,,,,,,,,,,,outside_metric_population,,,,,,,,,,,,,
ACP000585,586,GR,Supply Chain,2023-12-09,2024-03-24,,2024-12-09,2023,left_before_milestone,Senior Leader,Senior Leader,2023-12-09,true,stale,,,,,,,,,,,,,192,matched,9.64525981280641,2022-01-01,2022-12-31,2023-09-20,WDI-202309,https://api.worldbank.org/v2/sources/57/country/GRC;ROU;POL;ITA;IRL;BGR/series/FP.CPI.TOTL.ZG/time/YR2018;YR2019;YR2020;YR2021;YR2022;YR2023;YR2024;YR2025/version/202309/data?format=json&per_page=1000,percent_annual_change,A,,cpi_202309.json,6ab34f46a2868e425d4ac98bd90071bae6bb20dd63f784b2142709f4f500be1c,,343,no_verified_historical_match,,,,,,,,,,,,,,matched,1.7,2023-04-01,2023-06-30,2023-09-14,Eurostat-2023-09-14,https://ec.europa.eu/eurostat/documents/2995521/17501484/3-14092023-AP-EN.pdf/ad3c84e2-fbbb-b3a8-b762-5e6996dfa08d,percent_total_posts,Q,B-F,vacancies_2023-09-14.pdf,293207132a798f154862cb18898de43d2f6d1da4efa027811aa9c0b897c7b22e,5,162
ACP000597,598,IT,Supply Chain,2025-01-12,,,2026-01-12,2025,pending_observation,Senior Leader,Senior Leader,2025-01-12,false,outside_metric_population,,,,,,,,,,,,,,outside_metric_population,,,,,,,,,,,,,,outside_metric_population,,,,,,,,,,,,,,outside_metric_population,,,,,,,,,,,,,
ACP000598,599,IE,Finance,2023-08-16,2023-12-21,,2024-08-16,2023,left_before_milestone,Senior Leader,Senior Leader,2023-08-16,true,matched,3.8,2023-05-01,2023-05-31,2023-06-30,Eurostat-2023-06-30,https://ec.europa.eu/eurostat/documents/2995521/17075197/3-30062023-BP-EN.pdf/ee3b1511-c710-4033-fc9a-aaf1c3d60241,percent_labour_force,M,,unemployment_2023-06-30.pdf,e9ca8e37b0db5f88d1d6f478fa6d1ebd3fe3db197cfcee4404a66ae66f35df0e,4,77,matched,2.35814296241712,2021-01-01,2021-12-31,2023-03-02,WDI-202303,https://api.worldbank.org/v2/sources/57/country/GRC;ROU;POL;ITA;IRL;BGR/series/FP.CPI.TOTL.ZG/time/YR2018;YR2019;YR2020;YR2021;YR2022;YR2023;YR2024;YR2025/version/202303/data?format=json&per_page=1000,percent_annual_change,A,,cpi_202303.json,c8515a665f59a521fe4b854c474869a12e16189c06f0fe994a9f3886a3e5ff97,,593,no_verified_historical_match,,,,,,,,,,,,,,matched,0.9,2022-10-01,2022-12-31,2023-03-20,Eurostat-2023-03-20,https://ec.europa.eu/eurostat/documents/2995521/16310170/3-20032023-BP-EN.pdf/94c96dce-5803-33ba-0173-afc9dc21e074,percent_total_posts,Q,B-F,vacancies_2023-03-20.pdf,110c184f0f29a527b8f679b871555f50dc5172ae010e9fa6055cea6853904180,4,228
ACP000614,615,PL,Supply Chain,2022-12-23,,,2023-12-23,2022,retained,Senior Leader,Senior Leader,2022-12-23,true,stale,,,,,,,,,,,,,298,matched,5.05502704719268,2021-01-01,2021-12-31,2022-12-22,WDI-202212,https://api.worldbank.org/v2/sources/57/country/GRC;ROU;POL;ITA;IRL;BGR/series/FP.CPI.TOTL.ZG/time/YR2018;YR2019;YR2020;YR2021;YR2022;YR2023;YR2024;YR2025/version/202212/data?format=json&per_page=1000,percent_annual_change,A,,cpi_202212.json,9f9c53886164cc2ac3b8d887dc4a8b473bb32591611378a714bb37f361134272,,357,no_verified_historical_match,,,,,,,,,,,,,,matched,1.3,2022-04-01,2022-06-30,2022-09-16,Eurostat-2022-09-16,https://ec.europa.eu/eurostat/documents/2995521/14698147/3-16092022-BP-EN.pdf/ce89f62d-6e8e-e5ec-d542-203a42943b9c,percent_total_posts,Q,B-F,vacancies_2022-09-16.pdf,821390436d37d5c9ff098660d4be3edadbaaea98de5a07e86717696c7b2ed498,4,176
ACP000621,622,GR,Supply Chain,2024-02-19,,,2025-02-19,2024,retained,Senior Leader,Senior Leader,2024-02-19,true,stale,,,,,,,,,,,,,264,matched,9.64525981280632,2022-01-01,2022-12-31,2023-12-20,WDI-202312,https://api.worldbank.org/v2/sources/57/country/GRC;ROU;POL;ITA;IRL;BGR/series/FP.CPI.TOTL.ZG/time/YR2018;YR2019;YR2020;YR2021;YR2022;YR2023;YR2024;YR2025/version/202312/data?format=json&per_page=1000,percent_annual_change,A,,cpi_202312.json,018b9ac410fe4b61e0716a6659574061d9f7048eea1b955f22b00761c64ead29,,415,no_verified_historical_match,,,,,,,,,,,,,,matched,2.0,2023-07-01,2023-09-30,2023-12-18,Eurostat-2023-12-18,https://ec.europa.eu/eurostat/documents/2995521/18134838/3-18122023-AP-EN.pdf/8040054f-078e-391b-63a4-af98fcfe1679,percent_total_posts,Q,B-F,vacancies_2023-12-18.pdf,05dbfc215765fadb56eea071c8ca2b4801023528c3e203f36aa135b134d91ef8,5,142
ACP000623,624,IE,Finance,2025-09-05,2025-12-04,termination_type_unknown|regretted_classification_unknown,2026-09-05,2025,pending_observation,Senior Leader,Senior Leader,2025-09-05,false,outside_metric_population,,,,,,,,,,,,,,outside_metric_population,,,,,,,,,,,,,,outside_metric_population,,,,,,,,,,,,,,outside_metric_population,,,,,,,,,,,,,
ACP000626,627,IE,Sales,2025-11-13,,,2026-11-13,2025,pending_observation,Senior Leader,Senior Leader,2025-11-13,false,outside_metric_population,,,,,,,,,,,,,,outside_metric_population,,,,,,,,,,,,,,outside_metric_population,,,,,,,,,,,,,,outside_metric_population,,,,,,,,,,,,,
ACP000629,630,RO,Finance,2020-08-29,,,2021-08-29,2020,outside_objective_hire_period,Senior Leader,Senior Leader,2020-08-29,false,outside_metric_population,,,,,,,,,,,,,,outside_metric_population,,,,,,,,,,,,,,outside_metric_population,,,,,,,,,,,,,,outside_metric_population,,,,,,,,,,,,,
ACP000631,632,IT,Finance,2022-09-18,,,2023-09-18,2022,retained,Senior Leader,Senior Leader,2022-09-18,true,stale,,,,,,,,,,,,,202,matched,1.87378325762491,2021-01-01,2021-12-31,2022-09-16,WDI-202209,https://api.worldbank.org/v2/sources/57/country/GRC;ROU;POL;ITA;IRL;BGR/series/FP.CPI.TOTL.ZG/time/YR2018;YR2019;YR2020;YR2021;YR2022;YR2023;YR2024;YR2025/version/202209/data?format=json&per_page=1000,percent_annual_change,A,,cpi_202209.json,8ab4e907a1d5a14b0333cddb83037df8a4527ce02dae1c134f1b8e624b35d4f7,,261,no_verified_historical_match,,,,,,,,,,,,,,matched,2.2,2022-04-01,2022-06-30,2022-09-16,Eurostat-2022-09-16,https://ec.europa.eu/eurostat/documents/2995521/14698147/3-16092022-BP-EN.pdf/ce89f62d-6e8e-e5ec-d542-203a42943b9c,percent_total_posts,Q,B-F,vacancies_2022-09-16.pdf,821390436d37d5c9ff098660d4be3edadbaaea98de5a07e86717696c7b2ed498,4,80
ACP000635,636,IT,Digital,2020-07-01,,,2021-07-01,2020,outside_objective_hire_period,Senior Leader,Senior Leader,2020-07-01,false,outside_metric_population,,,,,,,,,,,,,,outside_metric_population,,,,,,,,,,,,,,outside_metric_population,,,,,,,,,,,,,,outside_metric_population,,,,,,,,,,,,,
ACP000644,645,RO,Finance,2022-09-24,2022-12-02,,2023-09-24,2022,left_before_milestone,Senior Leader,Senior Leader,2022-09-24,true,stale,,,,,,,,,,,,,208,matched,5.05232876096582,2021-01-01,2021-12-31,2022-09-16,WDI-202209,https://api.worldbank.org/v2/sources/57/country/GRC;ROU;POL;ITA;IRL;BGR/series/FP.CPI.TOTL.ZG/time/YR2018;YR2019;YR2020;YR2021;YR2022;YR2023;YR2024;YR2025/version/202209/data?format=json&per_page=1000,percent_annual_change,A,,cpi_202209.json,8ab4e907a1d5a14b0333cddb83037df8a4527ce02dae1c134f1b8e624b35d4f7,,267,no_verified_historical_match,,,,,,,,,,,,,,matched,0.9,2022-04-01,2022-06-30,2022-09-16,Eurostat-2022-09-16,https://ec.europa.eu/eurostat/documents/2995521/14698147/3-16092022-BP-EN.pdf/ce89f62d-6e8e-e5ec-d542-203a42943b9c,percent_total_posts,Q,B-F,vacancies_2022-09-16.pdf,821390436d37d5c9ff098660d4be3edadbaaea98de5a07e86717696c7b2ed498,4,86
ACP000660,661,PL,Finance,2020-10-26,,,2021-10-26,2020,outside_objective_hire_period,Senior Leader,Senior Leader,2020-10-26,false,outside_metric_population,,,,,,,,,,,,,,outside_metric_population,,,,,,,,,,,,,,outside_metric_population,,,,,,,,,,,,,,outside_metric_population,,,,,,,,,,,,,
ACP000661,662,GR,Digital,2021-10-09,,,2022-10-09,2021,retained,Senior Leader,Senior Leader,2021-10-09,true,matched,14.6,2021-07-01,2021-07-31,2021-09-01,Eurostat-2021-09-01,https://ec.europa.eu/eurostat/documents/2995521/11563247/3-01092021-AP-EN.pdf,percent_labour_force,M,,unemployment_2021-09-01.pdf,6819f5d932eb306f8eb6356a683481f6060650786d798fc033872c283629faa2,4,70,matched,-1.24795187701348,2020-01-01,2020-12-31,2021-09-15,WDI-202109,https://api.worldbank.org/v2/sources/57/country/GRC;ROU;POL;ITA;IRL;BGR/series/FP.CPI.TOTL.ZG/time/YR2018;YR2019;YR2020;YR2021;YR2022;YR2023;YR2024;YR2025/version/202109/data?format=json&per_page=1000,percent_annual_change,A,,cpi_202109.json,bfbad5bb4ffa9e5ada29f2e24bed493bed512c3b4a14f95b02f27519848b2d9c,,282,no_verified_historical_match,,,,,,,,,,,,,,matched,0.4,2021-01-01,2021-03-31,2021-09-16,Eurostat-2021-09-16,https://ec.europa.eu/eurostat/documents/2995521/11563271/3-16092021-BP-EN.pdf/7b7d4725-1228-b221-33bb-85562d6c58fe,percent_total_posts,Q,B-F,vacancies_2021-09-16.pdf,2ab7593d12beeaafcc0c7614a5c75a1abca9a78ead0f3e3b9ba84a8b972ad51c,4,192
ACP000689,690,IT,Supply Chain,2021-07-20,2021-08-31,,2022-07-20,2021,left_before_milestone,Senior Leader,Senior Leader,2021-07-20,true,no_verified_historical_match,,,,,,,,,,,,,,matched,-0.13770757391657,2020-01-01,2020-12-31,2021-07-01,WDI-202107,https://api.worldbank.org/v2/sources/57/country/GRC;ROU;POL;ITA;IRL;BGR/series/FP.CPI.TOTL.ZG/time/YR2018;YR2019;YR2020;YR2021;YR2022;YR2023;YR2024;YR2025/version/202107/data?format=json&per_page=1000,percent_annual_change,A,,cpi_202107.json,9c42a329eb3ace68b7b350d03bc69c7c92d48b227e9ccfac7f630ea38b82453f,,201,no_verified_historical_match,,,,,,,,,,,,,,no_verified_historical_match,,,,,,,,,,,,,
ACP000695,696,BG,Supply Chain,2023-03-10,,,2024-03-10,2023,retained,Senior Leader,Senior Leader,2023-03-10,true,matched,4.0,2022-11-01,2022-11-30,2023-01-09,Eurostat-2023-01-09,https://ec.europa.eu/eurostat/documents/2995521/15725152/3-09012023-AP-EN.pdf,percent_labour_force,M,,unemployment_2023-01-09.pdf,b93b1c7cd2615570b2f70b4d5d6ead7dcdbaa61f2434ade3eab3738c4f044826,4,100,matched,3.29774435299511,2021-01-01,2021-12-31,2023-03-02,WDI-202303,https://api.worldbank.org/v2/sources/57/country/GRC;ROU;POL;ITA;IRL;BGR/series/FP.CPI.TOTL.ZG/time/YR2018;YR2019;YR2020;YR2021;YR2022;YR2023;YR2024;YR2025/version/202303/data?format=json&per_page=1000,percent_annual_change,A,,cpi_202303.json,c8515a665f59a521fe4b854c474869a12e16189c06f0fe994a9f3886a3e5ff97,,434,no_verified_historical_match,,,,,,,,,,,,,,stale,,,,,,,,,,,,,253
ACP000696,697,IE,Digital,2020-10-23,,,2021-10-23,2020,outside_objective_hire_period,Senior Leader,Senior Leader,2020-10-23,false,outside_metric_population,,,,,,,,,,,,,,outside_metric_population,,,,,,,,,,,,,,outside_metric_population,,,,,,,,,,,,,,outside_metric_population,,,,,,,,,,,,,
ACP000702,703,RO,Sales,2024-08-24,,,2025-08-24,2024,retained,Senior Leader,Senior Leader,2024-08-24,true,matched,5.5,2024-06-01,2024-06-30,2024-08-01,Eurostat-2024-08-01,https://ec.europa.eu/eurostat/web/products-euro-indicators/w/3-01082024-ap,percent_labour_force,M,,unemployment_20240801_ap.html,6749b8a018bcb79faec61bdef1000036ec78a3920f882d001538eeba551c5c56,,55,matched,10.3971874764996,2023-01-01,2023-12-31,2024-07-01,WDI-202407,https://api.worldbank.org/v2/sources/57/country/GRC;ROU;POL;ITA;IRL;BGR/series/FP.CPI.TOTL.ZG/time/YR2018;YR2019;YR2020;YR2021;YR2022;YR2023;YR2024;YR2025/version/202407/data?format=json&per_page=1000,percent_annual_change,A,,cpi_202407.json,eb408a1a73bb606a3a34434999a392d4679c043a0d7277dd8202953e5c7a44b8,,237,no_verified_historical_match,,,,,,,,,,,,,,matched,0.7,2024-01-01,2024-03-31,2024-06-14,Eurostat-2024-06-14,https://ec.europa.eu/eurostat/en/web/products-euro-indicators/w/3-14062024-bp,percent_total_posts,Q,B-F,vacancies_20240614_bp.html,96d4319700a8b814eb5de1893e8accb0bd8ab202fcbdca2ec429160702d97c1a,,146
ACP000705,706,BG,Sales,2020-12-10,2021-06-25,,2021-12-10,2020,outside_objective_hire_period,Senior Leader,Senior Leader,2020-12-10,false,outside_metric_population,,,,,,,,,,,,,,outside_metric_population,,,,,,,,,,,,,,outside_metric_population,,,,,,,,,,,,,,outside_metric_population,,,,,,,,,,,,,
ACP000730,731,IT,Supply Chain,2022-09-05,2025-06-29,,2023-09-05,2022,retained,Senior Leader,Senior Leader,2022-09-05,true,stale,,,,,,,,,,,,,189,matched,1.87378325762491,2021-01-01,2021-12-31,2022-07-01,WDI-202207,https://api.worldbank.org/v2/sources/57/country/GRC;ROU;POL;ITA;IRL;BGR/series/FP.CPI.TOTL.ZG/time/YR2018;YR2019;YR2020;YR2021;YR2022;YR2023;YR2024;YR2025/version/202207/data?format=json&per_page=1000,percent_annual_change,A,,cpi_202207.json,fcc394a0d05bfd87e45fc547aef5880c30345f851b8fb0eaa8012bebe91815eb,,248,no_verified_historical_match,,,,,,,,,,,,,,stale,,,,,,,,,,,,,248
ACP000733,734,RO,Finance,2020-06-19,,,2021-06-19,2020,outside_objective_hire_period,Senior Leader,Senior Leader,2020-06-19,false,outside_metric_population,,,,,,,,,,,,,,outside_metric_population,,,,,,,,,,,,,,outside_metric_population,,,,,,,,,,,,,,outside_metric_population,,,,,,,,,,,,,
ACP000735,736,BG,Digital,2023-11-25,,,2024-11-25,2023,retained,Senior Leader,Senior Leader,2023-11-25,true,stale,,,,,,,,,,,,,178,matched,15.3252589264366,2022-01-01,2022-12-31,2023-09-20,WDI-202309,https://api.worldbank.org/v2/sources/57/country/GRC;ROU;POL;ITA;IRL;BGR/series/FP.CPI.TOTL.ZG/time/YR2018;YR2019;YR2020;YR2021;YR2022;YR2023;YR2024;YR2025/version/202309/data?format=json&per_page=1000,percent_annual_change,A,,cpi_202309.json,6ab34f46a2868e425d4ac98bd90071bae6bb20dd63f784b2142709f4f500be1c,,329,no_verified_historical_match,,,,,,,,,,,,,,matched,0.6,2023-04-01,2023-06-30,2023-09-14,Eurostat-2023-09-14,https://ec.europa.eu/eurostat/documents/2995521/17501484/3-14092023-AP-EN.pdf/ad3c84e2-fbbb-b3a8-b762-5e6996dfa08d,percent_total_posts,Q,B-F,vacancies_2023-09-14.pdf,293207132a798f154862cb18898de43d2f6d1da4efa027811aa9c0b897c7b22e,5,148
ACP000740,741,IE,Supply Chain,2022-11-19,2025-06-19,,2023-11-19,2022,retained,Senior Leader,Senior Leader,2022-11-19,true,stale,,,,,,,,,,,,,264,matched,2.35814296241712,2021-01-01,2021-12-31,2022-09-16,WDI-202209,https://api.worldbank.org/v2/sources/57/country/GRC;ROU;POL;ITA;IRL;BGR/series/FP.CPI.TOTL.ZG/time/YR2018;YR2019;YR2020;YR2021;YR2022;YR2023;YR2024;YR2025/version/202209/data?format=json&per_page=1000,percent_annual_change,A,,cpi_202209.json,8ab4e907a1d5a14b0333cddb83037df8a4527ce02dae1c134f1b8e624b35d4f7,,323,no_verified_historical_match,,,,,,,,,,,,,,matched,1.2,2022-04-01,2022-06-30,2022-09-16,Eurostat-2022-09-16,https://ec.europa.eu/eurostat/documents/2995521/14698147/3-16092022-BP-EN.pdf/ce89f62d-6e8e-e5ec-d542-203a42943b9c,percent_total_posts,Q,B-F,vacancies_2022-09-16.pdf,821390436d37d5c9ff098660d4be3edadbaaea98de5a07e86717696c7b2ed498,4,142
ACP000744,745,IE,Digital,2025-10-28,,,2026-10-28,2025,pending_observation,Senior Leader,Senior Leader,2025-10-28,false,outside_metric_population,,,,,,,,,,,,,,outside_metric_population,,,,,,,,,,,,,,outside_metric_population,,,,,,,,,,,,,,outside_metric_population,,,,,,,,,,,,,
ACP000745,746,GR,Digital,2021-01-10,2025-02-08,,2022-01-10,2021,retained,Senior Leader,Senior Leader,2021-01-10,true,no_verified_historical_match,,,,,,,,,,,,,,matched,0.252978044454509,2019-01-01,2019-12-31,2020-12-16,WDI-202012,https://api.worldbank.org/v2/sources/57/country/GRC;ROU;POL;ITA;IRL;BGR/series/FP.CPI.TOTL.ZG/time/YR2018;YR2019;YR2020;YR2021;YR2022;YR2023;YR2024;YR2025/version/202012/data?format=json&per_page=1000,percent_annual_change,A,,cpi_202012.json,8ae40812de40275b0e50fbcfb8cfe94f4169ebfed5f5a0a1f3c7428328b36786,,376,no_verified_historical_match,,,,,,,,,,,,,,no_verified_historical_match,,,,,,,,,,,,,
ACP000746,747,GR,Sales,2021-10-05,2022-01-29,,2022-10-05,2021,left_before_milestone,Senior Leader,Senior Leader,2021-10-05,true,matched,14.6,2021-07-01,2021-07-31,2021-09-01,Eurostat-2021-09-01,https://ec.europa.eu/eurostat/documents/2995521/11563247/3-01092021-AP-EN.pdf,percent_labour_force,M,,unemployment_2021-09-01.pdf,6819f5d932eb306f8eb6356a683481f6060650786d798fc033872c283629faa2,4,66,matched,-1.24795187701348,2020-01-01,2020-12-31,2021-09-15,WDI-202109,https://api.worldbank.org/v2/sources/57/country/GRC;ROU;POL;ITA;IRL;BGR/series/FP.CPI.TOTL.ZG/time/YR2018;YR2019;YR2020;YR2021;YR2022;YR2023;YR2024;YR2025/version/202109/data?format=json&per_page=1000,percent_annual_change,A,,cpi_202109.json,bfbad5bb4ffa9e5ada29f2e24bed493bed512c3b4a14f95b02f27519848b2d9c,,278,no_verified_historical_match,,,,,,,,,,,,,,matched,0.4,2021-01-01,2021-03-31,2021-09-16,Eurostat-2021-09-16,https://ec.europa.eu/eurostat/documents/2995521/11563271/3-16092021-BP-EN.pdf/7b7d4725-1228-b221-33bb-85562d6c58fe,percent_total_posts,Q,B-F,vacancies_2021-09-16.pdf,2ab7593d12beeaafcc0c7614a5c75a1abca9a78ead0f3e3b9ba84a8b972ad51c,4,188
ACP000748,749,PL,Finance,2021-10-20,,,2022-10-20,2021,retained,Senior Leader,Senior Leader,2021-10-20,true,matched,3.4,2021-07-01,2021-07-31,2021-09-01,Eurostat-2021-09-01,https://ec.europa.eu/eurostat/documents/2995521/11563247/3-01092021-AP-EN.pdf,percent_labour_force,M,,unemployment_2021-09-01.pdf,6819f5d932eb306f8eb6356a683481f6060650786d798fc033872c283629faa2,4,81,matched,3.3744697261859,2020-01-01,2020-12-31,2021-09-15,WDI-202109,https://api.worldbank.org/v2/sources/57/country/GRC;ROU;POL;ITA;IRL;BGR/series/FP.CPI.TOTL.ZG/time/YR2018;YR2019;YR2020;YR2021;YR2022;YR2023;YR2024;YR2025/version/202109/data?format=json&per_page=1000,percent_annual_change,A,,cpi_202109.json,bfbad5bb4ffa9e5ada29f2e24bed493bed512c3b4a14f95b02f27519848b2d9c,,293,no_verified_historical_match,,,,,,,,,,,,,,matched,1.4,2021-04-01,2021-06-30,2021-09-16,Eurostat-2021-09-16,https://ec.europa.eu/eurostat/documents/2995521/11563271/3-16092021-BP-EN.pdf/7b7d4725-1228-b221-33bb-85562d6c58fe,percent_total_posts,Q,B-F,vacancies_2021-09-16.pdf,2ab7593d12beeaafcc0c7614a5c75a1abca9a78ead0f3e3b9ba84a8b972ad51c,4,112
ACP000756,757,IT,Supply Chain,2020-10-13,,,2021-10-13,2020,outside_objective_hire_period,Senior Leader,Senior Leader,2020-10-13,false,outside_metric_population,,,,,,,,,,,,,,outside_metric_population,,,,,,,,,,,,,,outside_metric_population,,,,,,,,,,,,,,outside_metric_population,,,,,,,,,,,,,
ACP000759,760,IT,Finance,2020-10-24,2023-04-17,,2021-10-24,2020,outside_objective_hire_period,Senior Leader,Senior Leader,2020-10-24,false,outside_metric_population,,,,,,,,,,,,,,outside_metric_population,,,,,,,,,,,,,,outside_metric_population,,,,,,,,,,,,,,outside_metric_population,,,,,,,,,,,,,
ACP000760,761,PL,Finance,2025-08-27,,,2026-08-27,2025,pending_observation,Senior Leader,Senior Leader,2025-08-27,false,outside_metric_population,,,,,,,,,,,,,,outside_metric_population,,,,,,,,,,,,,,outside_metric_population,,,,,,,,,,,,,,outside_metric_population,,,,,,,,,,,,,
ACP000769,770,RO,Supply Chain,2024-09-11,2025-11-16,,2025-09-11,2024,retained,Senior Leader,Senior Leader,2024-09-11,true,matched,5.4,2024-07-01,2024-07-31,2024-08-30,Eurostat-2024-08-30,https://ec.europa.eu/eurostat/web/products-euro-indicators/w/3-30082024-bp,percent_labour_force,M,,unemployment_20240830_bp.html,e97569bd9d4e40943198f199c1da29759854ba08b25d8e550966f5c45607d1c3,,42,matched,10.3971874764996,2023-01-01,2023-12-31,2024-07-01,WDI-202407,https://api.worldbank.org/v2/sources/57/country/GRC;ROU;POL;ITA;IRL;BGR/series/FP.CPI.TOTL.ZG/time/YR2018;YR2019;YR2020;YR2021;YR2022;YR2023;YR2024;YR2025/version/202407/data?format=json&per_page=1000,percent_annual_change,A,,cpi_202407.json,eb408a1a73bb606a3a34434999a392d4679c043a0d7277dd8202953e5c7a44b8,,255,no_verified_historical_match,,,,,,,,,,,,,,matched,0.7,2024-01-01,2024-03-31,2024-06-14,Eurostat-2024-06-14,https://ec.europa.eu/eurostat/en/web/products-euro-indicators/w/3-14062024-bp,percent_total_posts,Q,B-F,vacancies_20240614_bp.html,96d4319700a8b814eb5de1893e8accb0bd8ab202fcbdca2ec429160702d97c1a,,164
ACP000775,776,RO,Finance,2024-02-15,,,2025-02-15,2024,retained,Senior Leader,Senior Leader,2024-02-15,true,stale,,,,,,,,,,,,,260,matched,13.7954887432521,2022-01-01,2022-12-31,2023-12-20,WDI-202312,https://api.worldbank.org/v2/sources/57/country/GRC;ROU;POL;ITA;IRL;BGR/series/FP.CPI.TOTL.ZG/time/YR2018;YR2019;YR2020;YR2021;YR2022;YR2023;YR2024;YR2025/version/202312/data?format=json&per_page=1000,percent_annual_change,A,,cpi_202312.json,018b9ac410fe4b61e0716a6659574061d9f7048eea1b955f22b00761c64ead29,,411,no_verified_historical_match,,,,,,,,,,,,,,matched,0.8,2023-07-01,2023-09-30,2023-12-18,Eurostat-2023-12-18,https://ec.europa.eu/eurostat/documents/2995521/18134838/3-18122023-AP-EN.pdf/8040054f-078e-391b-63a4-af98fcfe1679,percent_total_posts,Q,B-F,vacancies_2023-12-18.pdf,05dbfc215765fadb56eea071c8ca2b4801023528c3e203f36aa135b134d91ef8,5,138
ACP000790,791,BG,Supply Chain,2024-06-06,,,2025-06-06,2024,retained,Senior Leader,Senior Leader,2024-06-06,true,matched,4.5,2024-04-01,2024-04-30,2024-05-30,Eurostat-2024-05-30,https://ec.europa.eu/eurostat/web/products-euro-indicators/w/3-30052024-ap,percent_labour_force,M,,unemployment_20240530_ap.html,c25134b8ce4fe35b52fdb84a024bb2d0ce7f8213af3260482f66b31ff9f26fa5,,37,matched,15.3252589264366,2022-01-01,2022-12-31,2024-05-30,WDI-202405,https://api.worldbank.org/v2/sources/57/country/GRC;ROU;POL;ITA;IRL;BGR/series/FP.CPI.TOTL.ZG/time/YR2018;YR2019;YR2020;YR2021;YR2022;YR2023;YR2024;YR2025/version/202405/data?format=json&per_page=1000,percent_annual_change,A,,cpi_202405.json,07955449417718a49e2c4ed6d0d186a3d771aab77d70556bee4b1943cc5e88be,,523,no_verified_historical_match,,,,,,,,,,,,,,matched,0.6,2023-10-01,2023-12-31,2024-03-15,Eurostat-2024-03-15,https://ec.europa.eu/eurostat/en/web/products-euro-indicators/w/3-15032024-ap,percent_total_posts,Q,B-F,vacancies_20240315_ap.html,c0549d20c8f89be00d83d0a6fb1b35f1975e90f54db1bfe1968979b6be479175,,158
ACP000791,792,BG,Supply Chain,2023-10-23,,,2024-10-23,2023,retained,Senior Leader,Senior Leader,2023-10-23,true,stale,,,,,,,,,,,,,145,matched,15.3252589264366,2022-01-01,2022-12-31,2023-09-20,WDI-202309,https://api.worldbank.org/v2/sources/57/country/GRC;ROU;POL;ITA;IRL;BGR/series/FP.CPI.TOTL.ZG/time/YR2018;YR2019;YR2020;YR2021;YR2022;YR2023;YR2024;YR2025/version/202309/data?format=json&per_page=1000,percent_annual_change,A,,cpi_202309.json,6ab34f46a2868e425d4ac98bd90071bae6bb20dd63f784b2142709f4f500be1c,,296,no_verified_historical_match,,,,,,,,,,,,,,matched,0.6,2023-04-01,2023-06-30,2023-09-14,Eurostat-2023-09-14,https://ec.europa.eu/eurostat/documents/2995521/17501484/3-14092023-AP-EN.pdf/ad3c84e2-fbbb-b3a8-b762-5e6996dfa08d,percent_total_posts,Q,B-F,vacancies_2023-09-14.pdf,293207132a798f154862cb18898de43d2f6d1da4efa027811aa9c0b897c7b22e,5,115
ACP000792,793,IE,Finance,2022-09-25,,,2023-09-25,2022,retained,Senior Leader,Senior Leader,2022-09-25,true,stale,,,,,,,,,,,,,209,matched,2.35814296241712,2021-01-01,2021-12-31,2022-09-16,WDI-202209,https://api.worldbank.org/v2/sources/57/country/GRC;ROU;POL;ITA;IRL;BGR/series/FP.CPI.TOTL.ZG/time/YR2018;YR2019;YR2020;YR2021;YR2022;YR2023;YR2024;YR2025/version/202209/data?format=json&per_page=1000,percent_annual_change,A,,cpi_202209.json,8ab4e907a1d5a14b0333cddb83037df8a4527ce02dae1c134f1b8e624b35d4f7,,268,no_verified_historical_match,,,,,,,,,,,,,,matched,1.2,2022-04-01,2022-06-30,2022-09-16,Eurostat-2022-09-16,https://ec.europa.eu/eurostat/documents/2995521/14698147/3-16092022-BP-EN.pdf/ce89f62d-6e8e-e5ec-d542-203a42943b9c,percent_total_posts,Q,B-F,vacancies_2022-09-16.pdf,821390436d37d5c9ff098660d4be3edadbaaea98de5a07e86717696c7b2ed498,4,87
ACP000794,795,PL,Digital,2024-02-07,,,2025-02-07,2024,retained,Senior Leader,Senior Leader,2024-02-07,true,stale,,,,,,,,,,,,,252,matched,14.4294507575758,2022-01-01,2022-12-31,2023-12-20,WDI-202312,https://api.worldbank.org/v2/sources/57/country/GRC;ROU;POL;ITA;IRL;BGR/series/FP.CPI.TOTL.ZG/time/YR2018;YR2019;YR2020;YR2021;YR2022;YR2023;YR2024;YR2025/version/202312/data?format=json&per_page=1000,percent_annual_change,A,,cpi_202312.json,018b9ac410fe4b61e0716a6659574061d9f7048eea1b955f22b00761c64ead29,,403,no_verified_historical_match,,,,,,,,,,,,,,matched,1.0,2023-07-01,2023-09-30,2023-12-18,Eurostat-2023-12-18,https://ec.europa.eu/eurostat/documents/2995521/18134838/3-18122023-AP-EN.pdf/8040054f-078e-391b-63a4-af98fcfe1679,percent_total_posts,Q,B-F,vacancies_2023-12-18.pdf,05dbfc215765fadb56eea071c8ca2b4801023528c3e203f36aa135b134d91ef8,5,130
ACP000798,799,IE,Supply Chain,2024-12-28,,seniority_mapping_assumed,2025-12-28,2024,retained,Senior Leader,Sr Mgmt,2024-12-28,true,matched,4.2,2024-10-01,2024-10-31,2024-12-02,Eurostat-2024-12-02,https://ec.europa.eu/eurostat/en/web/products-euro-indicators/w/3-02122024-ap,percent_labour_force,M,,unemployment_20241202_ap.html,c810d7641c1621a32a11b6555ae90021f69d6ce61b71aa7ced15feeba2d4e9a6,,58,matched,6.29942487419125,2023-01-01,2023-12-31,2024-12-16,WDI-202412,https://api.worldbank.org/v2/sources/57/country/GRC;ROU;POL;ITA;IRL;BGR/series/FP.CPI.TOTL.ZG/time/YR2018;YR2019;YR2020;YR2021;YR2022;YR2023;YR2024;YR2025/version/202412/data?format=json&per_page=1000,percent_annual_change,A,,cpi_202412.json,15a5949e0dab0ac1281f006e79054456eb464387fe51ac6a84f15a7502cd384c,,363,no_verified_historical_match,,,,,,,,,,,,,,matched,0.9,2024-07-01,2024-09-30,2024-12-16,Eurostat-2024-12-16,https://ec.europa.eu/eurostat/en/web/products-euro-indicators/w/3-16122024-bp,percent_total_posts,Q,B-F,vacancies_20241216_bp.html,0f48a6c6a80c728364983753ee07ad6835e991722f3ff2f896b10a64ecc258e4,,89
ACP000801,802,PL,Finance,2025-01-24,2025-04-24,termination_type_unknown|regretted_classification_unknown,2026-01-24,2025,pending_observation,Senior Leader,Senior Leader,2025-01-24,false,outside_metric_population,,,,,,,,,,,,,,outside_metric_population,,,,,,,,,,,,,,outside_metric_population,,,,,,,,,,,,,,outside_metric_population,,,,,,,,,,,,,
ACP000810,811,IT,Sales,2024-08-02,,,2025-08-02,2024,retained,Senior Leader,Senior Leader,2024-08-02,true,matched,7.0,2024-06-01,2024-06-30,2024-08-01,Eurostat-2024-08-01,https://ec.europa.eu/eurostat/web/products-euro-indicators/w/3-01082024-ap,percent_labour_force,M,,unemployment_20240801_ap.html,6749b8a018bcb79faec61bdef1000036ec78a3920f882d001538eeba551c5c56,,33,matched,5.62219442195901,2023-01-01,2023-12-31,2024-07-01,WDI-202407,https://api.worldbank.org/v2/sources/57/country/GRC;ROU;POL;ITA;IRL;BGR/series/FP.CPI.TOTL.ZG/time/YR2018;YR2019;YR2020;YR2021;YR2022;YR2023;YR2024;YR2025/version/202407/data?format=json&per_page=1000,percent_annual_change,A,,cpi_202407.json,eb408a1a73bb606a3a34434999a392d4679c043a0d7277dd8202953e5c7a44b8,,215,no_verified_historical_match,,,,,,,,,,,,,,matched,2.4,2024-01-01,2024-03-31,2024-06-14,Eurostat-2024-06-14,https://ec.europa.eu/eurostat/en/web/products-euro-indicators/w/3-14062024-bp,percent_total_posts,Q,B-F,vacancies_20240614_bp.html,96d4319700a8b814eb5de1893e8accb0bd8ab202fcbdca2ec429160702d97c1a,,124
ACP000811,812,BG,Digital,2023-11-03,2025-07-26,,2024-11-03,2023,retained,Senior Leader,Senior Leader,2023-11-03,true,stale,,,,,,,,,,,,,156,matched,15.3252589264366,2022-01-01,2022-12-31,2023-09-20,WDI-202309,https://api.worldbank.org/v2/sources/57/country/GRC;ROU;POL;ITA;IRL;BGR/series/FP.CPI.TOTL.ZG/time/YR2018;YR2019;YR2020;YR2021;YR2022;YR2023;YR2024;YR2025/version/202309/data?format=json&per_page=1000,percent_annual_change,A,,cpi_202309.json,6ab34f46a2868e425d4ac98bd90071bae6bb20dd63f784b2142709f4f500be1c,,307,no_verified_historical_match,,,,,,,,,,,,,,matched,0.6,2023-04-01,2023-06-30,2023-09-14,Eurostat-2023-09-14,https://ec.europa.eu/eurostat/documents/2995521/17501484/3-14092023-AP-EN.pdf/ad3c84e2-fbbb-b3a8-b762-5e6996dfa08d,percent_total_posts,Q,B-F,vacancies_2023-09-14.pdf,293207132a798f154862cb18898de43d2f6d1da4efa027811aa9c0b897c7b22e,5,126
ACP000825,826,PL,Finance,2023-12-14,2024-12-14,,2024-12-14,2023,retained,Senior Leader,Senior Leader,2023-12-14,true,stale,,,,,,,,,,,,,197,matched,14.4294507575757,2022-01-01,2022-12-31,2023-09-20,WDI-202309,https://api.worldbank.org/v2/sources/57/country/GRC;ROU;POL;ITA;IRL;BGR/series/FP.CPI.TOTL.ZG/time/YR2018;YR2019;YR2020;YR2021;YR2022;YR2023;YR2024;YR2025/version/202309/data?format=json&per_page=1000,percent_annual_change,A,,cpi_202309.json,6ab34f46a2868e425d4ac98bd90071bae6bb20dd63f784b2142709f4f500be1c,,348,no_verified_historical_match,,,,,,,,,,,,,,matched,0.9,2023-04-01,2023-06-30,2023-09-14,Eurostat-2023-09-14,https://ec.europa.eu/eurostat/documents/2995521/17501484/3-14092023-AP-EN.pdf/ad3c84e2-fbbb-b3a8-b762-5e6996dfa08d,percent_total_posts,Q,B-F,vacancies_2023-09-14.pdf,293207132a798f154862cb18898de43d2f6d1da4efa027811aa9c0b897c7b22e,5,167
ACP000828,829,BG,Finance,2021-11-29,,,2022-11-29,2021,retained,Senior Leader,Senior Leader,2021-11-29,true,stale,,,,,,,,,,,,,121,matched,1.67244096855762,2020-01-01,2020-12-31,2021-09-15,WDI-202109,https://api.worldbank.org/v2/sources/57/country/GRC;ROU;POL;ITA;IRL;BGR/series/FP.CPI.TOTL.ZG/time/YR2018;YR2019;YR2020;YR2021;YR2022;YR2023;YR2024;YR2025/version/202109/data?format=json&per_page=1000,percent_annual_change,A,,cpi_202109.json,bfbad5bb4ffa9e5ada29f2e24bed493bed512c3b4a14f95b02f27519848b2d9c,,333,no_verified_historical_match,,,,,,,,,,,,,,matched,0.8,2021-04-01,2021-06-30,2021-09-16,Eurostat-2021-09-16,https://ec.europa.eu/eurostat/documents/2995521/11563271/3-16092021-BP-EN.pdf/7b7d4725-1228-b221-33bb-85562d6c58fe,percent_total_posts,Q,B-F,vacancies_2021-09-16.pdf,2ab7593d12beeaafcc0c7614a5c75a1abca9a78ead0f3e3b9ba84a8b972ad51c,4,152
ACP000842,843,BG,Finance,2025-05-15,2025-08-17,,2026-05-15,2025,pending_observation,Senior Leader,Senior Leader,2025-05-15,false,outside_metric_population,,,,,,,,,,,,,,outside_metric_population,,,,,,,,,,,,,,outside_metric_population,,,,,,,,,,,,,,outside_metric_population,,,,,,,,,,,,,
ACP000846,847,IE,Supply Chain,2021-08-06,,,2022-08-06,2021,retained,Senior Leader,Senior Leader,2021-08-06,true,matched,7.6,2021-06-01,2021-06-30,2021-07-30,Eurostat-2021-07-30,https://ec.europa.eu/eurostat/documents/2995521/11563203/3-30072021-CP-EN.pdf/35dbf525-da32-809f-0f9d-cd36a271a760,percent_labour_force,M,,unemployment_2021-07-30.pdf,9d55bc819652e31d00bf44f98ef7d5ea27171d04fb903096ef036f13d3d0831f,4,37,matched,-0.334584625428444,2020-01-01,2020-12-31,2021-07-01,WDI-202107,https://api.worldbank.org/v2/sources/57/country/GRC;ROU;POL;ITA;IRL;BGR/series/FP.CPI.TOTL.ZG/time/YR2018;YR2019;YR2020;YR2021;YR2022;YR2023;YR2024;YR2025/version/202107/data?format=json&per_page=1000,percent_annual_change,A,,cpi_202107.json,9c42a329eb3ace68b7b350d03bc69c7c92d48b227e9ccfac7f630ea38b82453f,,218,no_verified_historical_match,,,,,,,,,,,,,,no_verified_historical_match,,,,,,,,,,,,,
ACP000849,850,RO,Sales,2025-04-28,,,2026-04-28,2025,pending_observation,Senior Leader,Senior Leader,2025-04-28,false,outside_metric_population,,,,,,,,,,,,,,outside_metric_population,,,,,,,,,,,,,,outside_metric_population,,,,,,,,,,,,,,outside_metric_population,,,,,,,,,,,,,
ACP000864,865,,Finance,2020-02-03,2024-01-22,missing_or_unknown_country,2021-02-03,2020,outside_objective_hire_period,Senior Leader,Senior Leader,2020-02-03,false,outside_metric_population,,,,,,,,,,,,,,outside_metric_population,,,,,,,,,,,,,,outside_metric_population,,,,,,,,,,,,,,outside_metric_population,,,,,,,,,,,,,
ACP000869,870,PL,Digital,2024-12-05,,,2025-12-05,2024,retained,Senior Leader,Senior Leader,2024-12-05,true,matched,3.1,2024-10-01,2024-10-31,2024-12-02,Eurostat-2024-12-02,https://ec.europa.eu/eurostat/en/web/products-euro-indicators/w/3-02122024-ap,percent_labour_force,M,,unemployment_20241202_ap.html,c810d7641c1621a32a11b6555ae90021f69d6ce61b71aa7ced15feeba2d4e9a6,,35,matched,11.5289127961105,2023-01-01,2023-12-31,2024-11-13,WDI-202411,https://api.worldbank.org/v2/sources/57/country/GRC;ROU;POL;ITA;IRL;BGR/series/FP.CPI.TOTL.ZG/time/YR2018;YR2019;YR2020;YR2021;YR2022;YR2023;YR2024;YR2025/version/202411/data?format=json&per_page=1000,percent_annual_change,A,,cpi_202411.json,1cec9a0d385bd81fef531abeb8fef399fe2cf4013d5ee9a6e76f9da553886c22,,340,no_verified_historical_match,,,,,,,,,,,,,,matched,1.1,2024-04-01,2024-06-30,2024-09-13,Eurostat-2024-09-13,https://ec.europa.eu/eurostat/en/web/products-euro-indicators/w/3-13092024-bp,percent_total_posts,Q,B-F,vacancies_20240913_bp.html,03eb21dd31fb35ca93563864769d20dd8f8cfcab355a0857e1a514d915014846,,158
ACP000874,875,IE,Supply Chain,2022-03-04,,,2023-03-04,2022,retained,Senior Leader,Senior Leader,2022-03-04,true,stale,,,,,,,,,,,,,216,matched,-0.334584625428444,2020-01-01,2020-12-31,2022-02-15,WDI-202202,https://api.worldbank.org/v2/sources/57/country/GRC;ROU;POL;ITA;IRL;BGR/series/FP.CPI.TOTL.ZG/time/YR2018;YR2019;YR2020;YR2021;YR2022;YR2023;YR2024;YR2025/version/202202/data?format=json&per_page=1000,percent_annual_change,A,,cpi_202202.json,95ed0074fba0a2c4103a609664b64de192224526a3e77f88959b4a460c3a3161,,428,no_verified_historical_match,,,,,,,,,,,,,,stale,,,,,,,,,,,,,338
ACP000875,876,IE,Sales,2025-05-13,,,2026-05-13,2025,pending_observation,Senior Leader,Senior Leader,2025-05-13,false,outside_metric_population,,,,,,,,,,,,,,outside_metric_population,,,,,,,,,,,,,,outside_metric_population,,,,,,,,,,,,,,outside_metric_population,,,,,,,,,,,,,
ACP000898,899,PL,Sales,2020-04-25,2025-08-15,,2021-04-25,2020,outside_objective_hire_period,Senior Leader,Senior Leader,2020-04-25,false,outside_metric_population,,,,,,,,,,,,,,outside_metric_population,,,,,,,,,,,,,,outside_metric_population,,,,,,,,,,,,,,outside_metric_population,,,,,,,,,,,,,
ACP000901,902,BG,Finance,2021-07-13,2022-01-14,,2022-07-13,2021,left_before_milestone,Senior Leader,Senior Leader,2021-07-13,true,no_verified_historical_match,,,,,,,,,,,,,,matched,1.67244096855762,2020-01-01,2020-12-31,2021-07-01,WDI-202107,https://api.worldbank.org/v2/sources/57/country/GRC;ROU;POL;ITA;IRL;BGR/series/FP.CPI.TOTL.ZG/time/YR2018;YR2019;YR2020;YR2021;YR2022;YR2023;YR2024;YR2025/version/202107/data?format=json&per_page=1000,percent_annual_change,A,,cpi_202107.json,9c42a329eb3ace68b7b350d03bc69c7c92d48b227e9ccfac7f630ea38b82453f,,194,no_verified_historical_match,,,,,,,,,,,,,,no_verified_historical_match,,,,,,,,,,,,,
ACP000905,906,BG,Digital,2024-01-06,2025-06-03,,2025-01-06,2024,retained,Senior Leader,Senior Leader,2024-01-06,true,stale,,,,,,,,,,,,,220,matched,15.3252589264366,2022-01-01,2022-12-31,2023-12-20,WDI-202312,https://api.worldbank.org/v2/sources/57/country/GRC;ROU;POL;ITA;IRL;BGR/series/FP.CPI.TOTL.ZG/time/YR2018;YR2019;YR2020;YR2021;YR2022;YR2023;YR2024;YR2025/version/202312/data?format=json&per_page=1000,percent_annual_change,A,,cpi_202312.json,018b9ac410fe4b61e0716a6659574061d9f7048eea1b955f22b00761c64ead29,,371,no_verified_historical_match,,,,,,,,,,,,,,matched,0.7,2023-07-01,2023-09-30,2023-12-18,Eurostat-2023-12-18,https://ec.europa.eu/eurostat/documents/2995521/18134838/3-18122023-AP-EN.pdf/8040054f-078e-391b-63a4-af98fcfe1679,percent_total_posts,Q,B-F,vacancies_2023-12-18.pdf,05dbfc215765fadb56eea071c8ca2b4801023528c3e203f36aa135b134d91ef8,5,98
ACP000910,911,RO,Finance,2022-08-31,2025-08-14,,2023-08-31,2022,retained,Senior Leader,Senior Leader,2022-08-31,true,stale,,,,,,,,,,,,,184,matched,5.05232876096582,2021-01-01,2021-12-31,2022-07-01,WDI-202207,https://api.worldbank.org/v2/sources/57/country/GRC;ROU;POL;ITA;IRL;BGR/series/FP.CPI.TOTL.ZG/time/YR2018;YR2019;YR2020;YR2021;YR2022;YR2023;YR2024;YR2025/version/202207/data?format=json&per_page=1000,percent_annual_change,A,,cpi_202207.json,fcc394a0d05bfd87e45fc547aef5880c30345f851b8fb0eaa8012bebe91815eb,,243,no_verified_historical_match,,,,,,,,,,,,,,stale,,,,,,,,,,,,,243
ACP000913,914,GR,Sales,2025-01-29,,,2026-01-29,2025,pending_observation,Senior Leader,Senior Leader,2025-01-29,false,outside_metric_population,,,,,,,,,,,,,,outside_metric_population,,,,,,,,,,,,,,outside_metric_population,,,,,,,,,,,,,,outside_metric_population,,,,,,,,,,,,,
ACP000914,915,IT,Supply Chain,2021-02-01,,,2022-02-01,2021,retained,Senior Leader,Senior Leader,2021-02-01,true,no_verified_historical_match,,,,,,,,,,,,,,matched,0.611246943765291,2019-01-01,2019-12-31,2020-12-16,WDI-202012,https://api.worldbank.org/v2/sources/57/country/GRC;ROU;POL;ITA;IRL;BGR/series/FP.CPI.TOTL.ZG/time/YR2018;YR2019;YR2020;YR2021;YR2022;YR2023;YR2024;YR2025/version/202012/data?format=json&per_page=1000,percent_annual_change,A,,cpi_202012.json,8ae40812de40275b0e50fbcfb8cfe94f4169ebfed5f5a0a1f3c7428328b36786,,398,no_verified_historical_match,,,,,,,,,,,,,,no_verified_historical_match,,,,,,,,,,,,,
ACP000926,927,GR,Finance,2024-06-28,2024-08-16,,2025-06-28,2024,left_before_milestone,Senior Leader,Senior Leader,2024-06-28,true,matched,10.8,2024-04-01,2024-04-30,2024-05-30,Eurostat-2024-05-30,https://ec.europa.eu/eurostat/web/products-euro-indicators/w/3-30052024-ap,percent_labour_force,M,,unemployment_20240530_ap.html,c25134b8ce4fe35b52fdb84a024bb2d0ce7f8213af3260482f66b31ff9f26fa5,,59,matched,9.64525981280632,2022-01-01,2022-12-31,2024-05-30,WDI-202405,https://api.worldbank.org/v2/sources/57/country/GRC;ROU;POL;ITA;IRL;BGR/series/FP.CPI.TOTL.ZG/time/YR2018;YR2019;YR2020;YR2021;YR2022;YR2023;YR2024;YR2025/version/202405/data?format=json&per_page=1000,percent_annual_change,A,,cpi_202405.json,07955449417718a49e2c4ed6d0d186a3d771aab77d70556bee4b1943cc5e88be,,545,no_verified_historical_match,,,,,,,,,,,,,,matched,3.4,2024-01-01,2024-03-31,2024-06-14,Eurostat-2024-06-14,https://ec.europa.eu/eurostat/en/web/products-euro-indicators/w/3-14062024-bp,percent_total_posts,Q,B-F,vacancies_20240614_bp.html,96d4319700a8b814eb5de1893e8accb0bd8ab202fcbdca2ec429160702d97c1a,,89
ACP000942,943,PL,Supply Chain,2021-07-14,,,2022-07-14,2021,retained,Senior Leader,Senior Leader,2021-07-14,true,no_verified_historical_match,,,,,,,,,,,,,,matched,3.3744697261859,2020-01-01,2020-12-31,2021-07-01,WDI-202107,https://api.worldbank.org/v2/sources/57/country/GRC;ROU;POL;ITA;IRL;BGR/series/FP.CPI.TOTL.ZG/time/YR2018;YR2019;YR2020;YR2021;YR2022;YR2023;YR2024;YR2025/version/202107/data?format=json&per_page=1000,percent_annual_change,A,,cpi_202107.json,9c42a329eb3ace68b7b350d03bc69c7c92d48b227e9ccfac7f630ea38b82453f,,195,no_verified_historical_match,,,,,,,,,,,,,,no_verified_historical_match,,,,,,,,,,,,,
ACP000950,951,IE,Digital,2020-03-25,,,2021-03-25,2020,outside_objective_hire_period,Senior Leader,Senior Leader,2020-03-25,false,outside_metric_population,,,,,,,,,,,,,,outside_metric_population,,,,,,,,,,,,,,outside_metric_population,,,,,,,,,,,,,,outside_metric_population,,,,,,,,,,,,,
ACP000951,952,IT,Sales,2023-03-02,,,2024-03-02,2023,retained,Senior Leader,Senior Leader,2023-03-02,true,matched,7.8,2022-11-01,2022-11-30,2023-01-09,Eurostat-2023-01-09,https://ec.europa.eu/eurostat/documents/2995521/15725152/3-09012023-AP-EN.pdf,percent_labour_force,M,,unemployment_2023-01-09.pdf,b93b1c7cd2615570b2f70b4d5d6ead7dcdbaa61f2434ade3eab3738c4f044826,4,92,matched,1.87378325762491,2021-01-01,2021-12-31,2022-12-22,WDI-202212,https://api.worldbank.org/v2/sources/57/country/GRC;ROU;POL;ITA;IRL;BGR/series/FP.CPI.TOTL.ZG/time/YR2018;YR2019;YR2020;YR2021;YR2022;YR2023;YR2024;YR2025/version/202212/data?format=json&per_page=1000,percent_annual_change,A,,cpi_202212.json,9f9c53886164cc2ac3b8d887dc4a8b473bb32591611378a714bb37f361134272,,426,no_verified_historical_match,,,,,,,,,,,,,,stale,,,,,,,,,,,,,245
ACP000952,953,PL,Supply Chain,2024-11-12,2025-01-19,,2025-11-12,2024,left_before_milestone,Senior Leader,Senior Leader,2024-11-12,true,matched,2.9,2024-09-01,2024-09-30,2024-10-31,Eurostat-2024-10-31,https://ec.europa.eu/eurostat/web/products-euro-indicators/w/3-31102024-bp,percent_labour_force,M,,unemployment_20241031_bp.html,1452c8c1b4e8d641e572917734b810fc284e176473a532eb85adedde19625149,,43,matched,11.5289127961105,2023-01-01,2023-12-31,2024-10-24,WDI-202410,https://api.worldbank.org/v2/sources/57/country/GRC;ROU;POL;ITA;IRL;BGR/series/FP.CPI.TOTL.ZG/time/YR2018;YR2019;YR2020;YR2021;YR2022;YR2023;YR2024;YR2025/version/202410/data?format=json&per_page=1000,percent_annual_change,A,,cpi_202410.json,7a979aa1593c234d11d26b1e10d9bf48821b19bb0c6d984d799a71d6658deb99,,317,no_verified_historical_match,,,,,,,,,,,,,,matched,1.1,2024-04-01,2024-06-30,2024-09-13,Eurostat-2024-09-13,https://ec.europa.eu/eurostat/en/web/products-euro-indicators/w/3-13092024-bp,percent_total_posts,Q,B-F,vacancies_20240913_bp.html,03eb21dd31fb35ca93563864769d20dd8f8cfcab355a0857e1a514d915014846,,135
ACP000953,954,BG,Finance,2022-11-22,,,2023-11-22,2022,retained,Senior Leader,Senior Leader,2022-11-22,true,stale,,,,,,,,,,,,,267,matched,3.29774435299511,2021-01-01,2021-12-31,2022-09-16,WDI-202209,https://api.worldbank.org/v2/sources/57/country/GRC;ROU;POL;ITA;IRL;BGR/series/FP.CPI.TOTL.ZG/time/YR2018;YR2019;YR2020;YR2021;YR2022;YR2023;YR2024;YR2025/version/202209/data?format=json&per_page=1000,percent_annual_change,A,,cpi_202209.json,8ab4e907a1d5a14b0333cddb83037df8a4527ce02dae1c134f1b8e624b35d4f7,,326,no_verified_historical_match,,,,,,,,,,,,,,matched,0.8,2022-04-01,2022-06-30,2022-09-16,Eurostat-2022-09-16,https://ec.europa.eu/eurostat/documents/2995521/14698147/3-16092022-BP-EN.pdf/ce89f62d-6e8e-e5ec-d542-203a42943b9c,percent_total_posts,Q,B-F,vacancies_2022-09-16.pdf,821390436d37d5c9ff098660d4be3edadbaaea98de5a07e86717696c7b2ed498,4,145
ACP000955,956,RO,Digital,2025-02-16,,,2026-02-16,2025,pending_observation,Senior Leader,Senior Leader,2025-02-16,false,outside_metric_population,,,,,,,,,,,,,,outside_metric_population,,,,,,,,,,,,,,outside_metric_population,,,,,,,,,,,,,,outside_metric_population,,,,,,,,,,,,,
ACP000956,957,IE,Sales,2021-11-15,2022-11-23,,2022-11-15,2021,retained,Senior Leader,Senior Leader,2021-11-15,true,matched,6.5,2021-07-01,2021-07-31,2021-09-01,Eurostat-2021-09-01,https://ec.europa.eu/eurostat/documents/2995521/11563247/3-01092021-AP-EN.pdf,percent_labour_force,M,,unemployment_2021-09-01.pdf,6819f5d932eb306f8eb6356a683481f6060650786d798fc033872c283629faa2,4,107,matched,-0.334584625428444,2020-01-01,2020-12-31,2021-09-15,WDI-202109,https://api.worldbank.org/v2/sources/57/country/GRC;ROU;POL;ITA;IRL;BGR/series/FP.CPI.TOTL.ZG/time/YR2018;YR2019;YR2020;YR2021;YR2022;YR2023;YR2024;YR2025/version/202109/data?format=json&per_page=1000,percent_annual_change,A,,cpi_202109.json,bfbad5bb4ffa9e5ada29f2e24bed493bed512c3b4a14f95b02f27519848b2d9c,,319,no_verified_historical_match,,,,,,,,,,,,,,matched,0.7,2021-01-01,2021-03-31,2021-09-16,Eurostat-2021-09-16,https://ec.europa.eu/eurostat/documents/2995521/11563271/3-16092021-BP-EN.pdf/7b7d4725-1228-b221-33bb-85562d6c58fe,percent_total_posts,Q,B-F,vacancies_2021-09-16.pdf,2ab7593d12beeaafcc0c7614a5c75a1abca9a78ead0f3e3b9ba84a8b972ad51c,4,229
ACP000959,960,RO,Finance,2020-04-10,,,2021-04-10,2020,outside_objective_hire_period,Senior Leader,Senior Leader,2020-04-10,false,outside_metric_population,,,,,,,,,,,,,,outside_metric_population,,,,,,,,,,,,,,outside_metric_population,,,,,,,,,,,,,,outside_metric_population,,,,,,,,,,,,,
ACP000961,962,BG,Finance,,,missing_hire_date,,unknown,excluded_invalid_dates,Senior Leader,Senior Leader,,false,outside_metric_population,,,,,,,,,,,,,,outside_metric_population,,,,,,,,,,,,,,outside_metric_population,,,,,,,,,,,,,,outside_metric_population,,,,,,,,,,,,,
ACP000966,967,BG,Finance,2021-07-19,,,2022-07-19,2021,retained,Senior Leader,Senior Leader,2021-07-19,true,no_verified_historical_match,,,,,,,,,,,,,,matched,1.67244096855762,2020-01-01,2020-12-31,2021-07-01,WDI-202107,https://api.worldbank.org/v2/sources/57/country/GRC;ROU;POL;ITA;IRL;BGR/series/FP.CPI.TOTL.ZG/time/YR2018;YR2019;YR2020;YR2021;YR2022;YR2023;YR2024;YR2025/version/202107/data?format=json&per_page=1000,percent_annual_change,A,,cpi_202107.json,9c42a329eb3ace68b7b350d03bc69c7c92d48b227e9ccfac7f630ea38b82453f,,200,no_verified_historical_match,,,,,,,,,,,,,,no_verified_historical_match,,,,,,,,,,,,,
ACP000972,973,PL,Finance,2024-06-06,,,2025-06-06,2024,retained,Senior Leader,Senior Leader,2024-06-06,true,matched,3.0,2024-04-01,2024-04-30,2024-05-30,Eurostat-2024-05-30,https://ec.europa.eu/eurostat/web/products-euro-indicators/w/3-30052024-ap,percent_labour_force,M,,unemployment_20240530_ap.html,c25134b8ce4fe35b52fdb84a024bb2d0ce7f8213af3260482f66b31ff9f26fa5,,37,matched,14.4294507575758,2022-01-01,2022-12-31,2024-05-30,WDI-202405,https://api.worldbank.org/v2/sources/57/country/GRC;ROU;POL;ITA;IRL;BGR/series/FP.CPI.TOTL.ZG/time/YR2018;YR2019;YR2020;YR2021;YR2022;YR2023;YR2024;YR2025/version/202405/data?format=json&per_page=1000,percent_annual_change,A,,cpi_202405.json,07955449417718a49e2c4ed6d0d186a3d771aab77d70556bee4b1943cc5e88be,,523,no_verified_historical_match,,,,,,,,,,,,,,matched,0.8,2023-10-01,2023-12-31,2024-03-15,Eurostat-2024-03-15,https://ec.europa.eu/eurostat/en/web/products-euro-indicators/w/3-15032024-ap,percent_total_posts,Q,B-F,vacancies_20240315_ap.html,c0549d20c8f89be00d83d0a6fb1b35f1975e90f54db1bfe1968979b6be479175,,158
ACP000976,977,IT,Sales,2020-10-29,,,2021-10-29,2020,outside_objective_hire_period,Senior Leader,Senior Leader,2020-10-29,false,outside_metric_population,,,,,,,,,,,,,,outside_metric_population,,,,,,,,,,,,,,outside_metric_population,,,,,,,,,,,,,,outside_metric_population,,,,,,,,,,,,,
ACP000977,978,IE,Sales,2023-06-04,,,2024-06-04,2023,retained,Senior Leader,Senior Leader,2023-06-04,true,matched,4.3,2023-02-01,2023-02-28,2023-03-31,Eurostat-2023-03-31,https://ec.europa.eu/eurostat/documents/2995521/16324762/3-31032023-BP-EN.pdf/4cb7a93a-bb55-923d-ec95-5fcb8073271c,percent_labour_force,M,,unemployment_2023-03-31.pdf,88c1b83fbbf202a433de6b307b3233e1382f223da32f1ba84835c6f57f525409,4,96,matched,2.35814296241712,2021-01-01,2021-12-31,2023-03-02,WDI-202303,https://api.worldbank.org/v2/sources/57/country/GRC;ROU;POL;ITA;IRL;BGR/series/FP.CPI.TOTL.ZG/time/YR2018;YR2019;YR2020;YR2021;YR2022;YR2023;YR2024;YR2025/version/202303/data?format=json&per_page=1000,percent_annual_change,A,,cpi_202303.json,c8515a665f59a521fe4b854c474869a12e16189c06f0fe994a9f3886a3e5ff97,,520,no_verified_historical_match,,,,,,,,,,,,,,matched,0.9,2022-10-01,2022-12-31,2023-03-20,Eurostat-2023-03-20,https://ec.europa.eu/eurostat/documents/2995521/16310170/3-20032023-BP-EN.pdf/94c96dce-5803-33ba-0173-afc9dc21e074,percent_total_posts,Q,B-F,vacancies_2023-03-20.pdf,110c184f0f29a527b8f679b871555f50dc5172ae010e9fa6055cea6853904180,4,155
ACP000982,983,PL,Digital,2025-02-25,,,2026-02-25,2025,pending_observation,Senior Leader,Senior Leader,2025-02-25,false,outside_metric_population,,,,,,,,,,,,,,outside_metric_population,,,,,,,,,,,,,,outside_metric_population,,,,,,,,,,,,,,outside_metric_population,,,,,,,,,,,,,
ACP001001,1002,PL,Digital,2020-05-02,2021-02-15,,2021-05-02,2020,outside_objective_hire_period,Senior Leader,Senior Leader,2020-05-02,false,outside_metric_population,,,,,,,,,,,,,,outside_metric_population,,,,,,,,,,,,,,outside_metric_population,,,,,,,,,,,,,,outside_metric_population,,,,,,,,,,,,,
ACP001012,1013,BG,Digital,2023-09-25,2023-12-05,,2024-09-25,2023,left_before_milestone,Senior Leader,Senior Leader,2023-09-25,true,matched,3.9,2023-05-01,2023-05-31,2023-06-30,Eurostat-2023-06-30,https://ec.europa.eu/eurostat/documents/2995521/17075197/3-30062023-BP-EN.pdf/ee3b1511-c710-4033-fc9a-aaf1c3d60241,percent_labour_force,M,,unemployment_2023-06-30.pdf,e9ca8e37b0db5f88d1d6f478fa6d1ebd3fe3db197cfcee4404a66ae66f35df0e,4,117,matched,15.3252589264366,2022-01-01,2022-12-31,2023-09-20,WDI-202309,https://api.worldbank.org/v2/sources/57/country/GRC;ROU;POL;ITA;IRL;BGR/series/FP.CPI.TOTL.ZG/time/YR2018;YR2019;YR2020;YR2021;YR2022;YR2023;YR2024;YR2025/version/202309/data?format=json&per_page=1000,percent_annual_change,A,,cpi_202309.json,6ab34f46a2868e425d4ac98bd90071bae6bb20dd63f784b2142709f4f500be1c,,268,no_verified_historical_match,,,,,,,,,,,,,,matched,0.6,2023-04-01,2023-06-30,2023-09-14,Eurostat-2023-09-14,https://ec.europa.eu/eurostat/documents/2995521/17501484/3-14092023-AP-EN.pdf/ad3c84e2-fbbb-b3a8-b762-5e6996dfa08d,percent_total_posts,Q,B-F,vacancies_2023-09-14.pdf,293207132a798f154862cb18898de43d2f6d1da4efa027811aa9c0b897c7b22e,5,87
ACP001021,1022,IE,Finance,2020-09-19,,,2021-09-19,2020,outside_objective_hire_period,Senior Leader,Senior Leader,2020-09-19,false,outside_metric_population,,,,,,,,,,,,,,outside_metric_population,,,,,,,,,,,,,,outside_metric_population,,,,,,,,,,,,,,outside_metric_population,,,,,,,,,,,,,
ACP001025,1026,IE,Sales,2024-12-10,2024-12-29,,2025-12-10,2024,left_before_milestone,Senior Leader,Senior Leader,2024-12-10,true,matched,4.2,2024-10-01,2024-10-31,2024-12-02,Eurostat-2024-12-02,https://ec.europa.eu/eurostat/en/web/products-euro-indicators/w/3-02122024-ap,percent_labour_force,M,,unemployment_20241202_ap.html,c810d7641c1621a32a11b6555ae90021f69d6ce61b71aa7ced15feeba2d4e9a6,,40,matched,6.29942487419125,2023-01-01,2023-12-31,2024-11-13,WDI-202411,https://api.worldbank.org/v2/sources/57/country/GRC;ROU;POL;ITA;IRL;BGR/series/FP.CPI.TOTL.ZG/time/YR2018;YR2019;YR2020;YR2021;YR2022;YR2023;YR2024;YR2025/version/202411/data?format=json&per_page=1000,percent_annual_change,A,,cpi_202411.json,1cec9a0d385bd81fef531abeb8fef399fe2cf4013d5ee9a6e76f9da553886c22,,345,no_verified_historical_match,,,,,,,,,,,,,,matched,1.2,2024-04-01,2024-06-30,2024-09-13,Eurostat-2024-09-13,https://ec.europa.eu/eurostat/en/web/products-euro-indicators/w/3-13092024-bp,percent_total_posts,Q,B-F,vacancies_20240913_bp.html,03eb21dd31fb35ca93563864769d20dd8f8cfcab355a0857e1a514d915014846,,163
ACP001030,1031,IT,Finance,2020-10-16,,seniority_mapping_assumed,2021-10-16,2020,outside_objective_hire_period,Senior Leader,Sr Mgmt,2020-10-16,false,outside_metric_population,,,,,,,,,,,,,,outside_metric_population,,,,,,,,,,,,,,outside_metric_population,,,,,,,,,,,,,,outside_metric_population,,,,,,,,,,,,,
ACP001034,1035,PL,Supply Chain,2023-08-31,,,2024-08-31,2023,retained,Senior Leader,Senior Leader,2023-08-31,true,matched,2.7,2023-05-01,2023-05-31,2023-06-30,Eurostat-2023-06-30,https://ec.europa.eu/eurostat/documents/2995521/17075197/3-30062023-BP-EN.pdf/ee3b1511-c710-4033-fc9a-aaf1c3d60241,percent_labour_force,M,,unemployment_2023-06-30.pdf,e9ca8e37b0db5f88d1d6f478fa6d1ebd3fe3db197cfcee4404a66ae66f35df0e,4,92,matched,5.05502704719268,2021-01-01,2021-12-31,2023-03-02,WDI-202303,https://api.worldbank.org/v2/sources/57/country/GRC;ROU;POL;ITA;IRL;BGR/series/FP.CPI.TOTL.ZG/time/YR2018;YR2019;YR2020;YR2021;YR2022;YR2023;YR2024;YR2025/version/202303/data?format=json&per_page=1000,percent_annual_change,A,,cpi_202303.json,c8515a665f59a521fe4b854c474869a12e16189c06f0fe994a9f3886a3e5ff97,,608,no_verified_historical_match,,,,,,,,,,,,,,stale,,,,,,,,,,,,,243
ACP001048,1049,RO,Finance,2020-05-18,2020-10-25,,2021-05-18,2020,outside_objective_hire_period,Senior Leader,Senior Leader,2020-05-18,false,outside_metric_population,,,,,,,,,,,,,,outside_metric_population,,,,,,,,,,,,,,outside_metric_population,,,,,,,,,,,,,,outside_metric_population,,,,,,,,,,,,,
ACP001049,1050,RO,Digital,2024-01-15,,,2025-01-15,2024,retained,Senior Leader,Senior Leader,2024-01-15,true,stale,,,,,,,,,,,,,229,matched,13.7954887432521,2022-01-01,2022-12-31,2023-12-20,WDI-202312,https://api.worldbank.org/v2/sources/57/country/GRC;ROU;POL;ITA;IRL;BGR/series/FP.CPI.TOTL.ZG/time/YR2018;YR2019;YR2020;YR2021;YR2022;YR2023;YR2024;YR2025/version/202312/data?format=json&per_page=1000,percent_annual_change,A,,cpi_202312.json,018b9ac410fe4b61e0716a6659574061d9f7048eea1b955f22b00761c64ead29,,380,no_verified_historical_match,,,,,,,,,,,,,,matched,0.8,2023-07-01,2023-09-30,2023-12-18,Eurostat-2023-12-18,https://ec.europa.eu/eurostat/documents/2995521/18134838/3-18122023-AP-EN.pdf/8040054f-078e-391b-63a4-af98fcfe1679,percent_total_posts,Q,B-F,vacancies_2023-12-18.pdf,05dbfc215765fadb56eea071c8ca2b4801023528c3e203f36aa135b134d91ef8,5,107
ACP001056,1057,BG,Supply Chain,2024-02-22,,,2025-02-22,2024,retained,Senior Leader,Senior Leader,2024-02-22,true,stale,,,,,,,,,,,,,267,matched,15.3252589264366,2022-01-01,2022-12-31,2023-12-20,WDI-202312,https://api.worldbank.org/v2/sources/57/country/GRC;ROU;POL;ITA;IRL;BGR/series/FP.CPI.TOTL.ZG/time/YR2018;YR2019;YR2020;YR2021;YR2022;YR2023;YR2024;YR2025/version/202312/data?format=json&per_page=1000,percent_annual_change,A,,cpi_202312.json,018b9ac410fe4b61e0716a6659574061d9f7048eea1b955f22b00761c64ead29,,418,no_verified_historical_match,,,,,,,,,,,,,,matched,0.7,2023-07-01,2023-09-30,2023-12-18,Eurostat-2023-12-18,https://ec.europa.eu/eurostat/documents/2995521/18134838/3-18122023-AP-EN.pdf/8040054f-078e-391b-63a4-af98fcfe1679,percent_total_posts,Q,B-F,vacancies_2023-12-18.pdf,05dbfc215765fadb56eea071c8ca2b4801023528c3e203f36aa135b134d91ef8,5,145
ACP001066,1067,RO,Supply Chain,2023-03-01,,,2024-03-01,2023,retained,Senior Leader,Senior Leader,2023-03-01,true,matched,5.4,2022-11-01,2022-11-30,2023-01-09,Eurostat-2023-01-09,https://ec.europa.eu/eurostat/documents/2995521/15725152/3-09012023-AP-EN.pdf,percent_labour_force,M,,unemployment_2023-01-09.pdf,b93b1c7cd2615570b2f70b4d5d6ead7dcdbaa61f2434ade3eab3738c4f044826,4,91,matched,5.05232876096582,2021-01-01,2021-12-31,2022-12-22,WDI-202212,https://api.worldbank.org/v2/sources/57/country/GRC;ROU;POL;ITA;IRL;BGR/series/FP.CPI.TOTL.ZG/time/YR2018;YR2019;YR2020;YR2021;YR2022;YR2023;YR2024;YR2025/version/202212/data?format=json&per_page=1000,percent_annual_change,A,,cpi_202212.json,9f9c53886164cc2ac3b8d887dc4a8b473bb32591611378a714bb37f361134272,,425,no_verified_historical_match,,,,,,,,,,,,,,stale,,,,,,,,,,,,,244
ACP001068,1069,IE,Supply Chain,2021-09-11,2022-01-02,regretted_classification_unknown,2022-09-11,2021,left_before_milestone,Senior Leader,Senior Leader,2021-09-11,true,matched,6.5,2021-07-01,2021-07-31,2021-09-01,Eurostat-2021-09-01,https://ec.europa.eu/eurostat/documents/2995521/11563247/3-01092021-AP-EN.pdf,percent_labour_force,M,,unemployment_2021-09-01.pdf,6819f5d932eb306f8eb6356a683481f6060650786d798fc033872c283629faa2,4,42,matched,-0.334584625428444,2020-01-01,2020-12-31,2021-07-01,WDI-202107,https://api.worldbank.org/v2/sources/57/country/GRC;ROU;POL;ITA;IRL;BGR/series/FP.CPI.TOTL.ZG/time/YR2018;YR2019;YR2020;YR2021;YR2022;YR2023;YR2024;YR2025/version/202107/data?format=json&per_page=1000,percent_annual_change,A,,cpi_202107.json,9c42a329eb3ace68b7b350d03bc69c7c92d48b227e9ccfac7f630ea38b82453f,,254,no_verified_historical_match,,,,,,,,,,,,,,no_verified_historical_match,,,,,,,,,,,,,
ACP001073,1074,BG,Digital,2022-07-18,2022-12-10,,2023-07-18,2022,left_before_milestone,Senior Leader,Senior Leader,2022-07-18,true,stale,,,,,,,,,,,,,140,matched,3.29774435299511,2021-01-01,2021-12-31,2022-07-01,WDI-202207,https://api.worldbank.org/v2/sources/57/country/GRC;ROU;POL;ITA;IRL;BGR/series/FP.CPI.TOTL.ZG/time/YR2018;YR2019;YR2020;YR2021;YR2022;YR2023;YR2024;YR2025/version/202207/data?format=json&per_page=1000,percent_annual_change,A,,cpi_202207.json,fcc394a0d05bfd87e45fc547aef5880c30345f851b8fb0eaa8012bebe91815eb,,199,no_verified_historical_match,,,,,,,,,,,,,,matched,0.6,2021-10-01,2021-12-31,2022-03-17,Eurostat-2022-03-17,https://ec.europa.eu/eurostat/documents/2995521/14358242/3-17032022-BP-EN.pdf/3e6f6746-aa8d-b25c-7696-3912bf7ebd2c,percent_total_posts,Q,B-F,vacancies_2022-03-17.pdf,f4fbd74c61a2ebc7ddac7505031b036ad7ab671f4c7375ecd83c4068c6843a70,4,199
ACP001076,1077,GR,Sales,2025-04-22,,,2026-04-22,2025,pending_observation,Senior Leader,Senior Leader,2025-04-22,false,outside_metric_population,,,,,,,,,,,,,,outside_metric_population,,,,,,,,,,,,,,outside_metric_population,,,,,,,,,,,,,,outside_metric_population,,,,,,,,,,,,,
ACP001080,1081,GR,Supply Chain,2021-08-25,2022-02-06,,2022-08-25,2021,left_before_milestone,Senior Leader,Senior Leader,2021-08-25,true,matched,15.1,2021-06-01,2021-06-30,2021-07-30,Eurostat-2021-07-30,https://ec.europa.eu/eurostat/documents/2995521/11563203/3-30072021-CP-EN.pdf/35dbf525-da32-809f-0f9d-cd36a271a760,percent_labour_force,M,,unemployment_2021-07-30.pdf,9d55bc819652e31d00bf44f98ef7d5ea27171d04fb903096ef036f13d3d0831f,4,56,matched,-1.24795187701348,2020-01-01,2020-12-31,2021-07-01,WDI-202107,https://api.worldbank.org/v2/sources/57/country/GRC;ROU;POL;ITA;IRL;BGR/series/FP.CPI.TOTL.ZG/time/YR2018;YR2019;YR2020;YR2021;YR2022;YR2023;YR2024;YR2025/version/202107/data?format=json&per_page=1000,percent_annual_change,A,,cpi_202107.json,9c42a329eb3ace68b7b350d03bc69c7c92d48b227e9ccfac7f630ea38b82453f,,237,no_verified_historical_match,,,,,,,,,,,,,,no_verified_historical_match,,,,,,,,,,,,,
ACP001102,1103,IE,Sales,2020-06-23,2022-10-10,,2021-06-23,2020,outside_objective_hire_period,Senior Leader,Senior Leader,2020-06-23,false,outside_metric_population,,,,,,,,,,,,,,outside_metric_population,,,,,,,,,,,,,,outside_metric_population,,,,,,,,,,,,,,outside_metric_population,,,,,,,,,,,,,
ACP001103,1104,PL,Digital,2024-06-26,2025-12-06,,2025-06-26,2024,retained,Senior Leader,Senior Leader,2024-06-26,true,matched,3.0,2024-04-01,2024-04-30,2024-05-30,Eurostat-2024-05-30,https://ec.europa.eu/eurostat/web/products-euro-indicators/w/3-30052024-ap,percent_labour_force,M,,unemployment_20240530_ap.html,c25134b8ce4fe35b52fdb84a024bb2d0ce7f8213af3260482f66b31ff9f26fa5,,57,matched,14.4294507575758,2022-01-01,2022-12-31,2024-05-30,WDI-202405,https://api.worldbank.org/v2/sources/57/country/GRC;ROU;POL;ITA;IRL;BGR/series/FP.CPI.TOTL.ZG/time/YR2018;YR2019;YR2020;YR2021;YR2022;YR2023;YR2024;YR2025/version/202405/data?format=json&per_page=1000,percent_annual_change,A,,cpi_202405.json,07955449417718a49e2c4ed6d0d186a3d771aab77d70556bee4b1943cc5e88be,,543,no_verified_historical_match,,,,,,,,,,,,,,matched,1.1,2024-01-01,2024-03-31,2024-06-14,Eurostat-2024-06-14,https://ec.europa.eu/eurostat/en/web/products-euro-indicators/w/3-14062024-bp,percent_total_posts,Q,B-F,vacancies_20240614_bp.html,96d4319700a8b814eb5de1893e8accb0bd8ab202fcbdca2ec429160702d97c1a,,87
ACP001111,1112,IT,Sales,2020-05-10,,,2021-05-10,2020,outside_objective_hire_period,Senior Leader,Senior Leader,2020-05-10,false,outside_metric_population,,,,,,,,,,,,,,outside_metric_population,,,,,,,,,,,,,,outside_metric_population,,,,,,,,,,,,,,outside_metric_population,,,,,,,,,,,,,
ACP001120,1121,IT,Supply Chain,2022-02-15,,,2023-02-15,2022,retained,Senior Leader,Senior Leader,2022-02-15,true,stale,,,,,,,,,,,,,199,matched,-0.13770757391657,2020-01-01,2020-12-31,2021-12-16,WDI-202112,https://api.worldbank.org/v2/sources/57/country/GRC;ROU;POL;ITA;IRL;BGR/series/FP.CPI.TOTL.ZG/time/YR2018;YR2019;YR2020;YR2021;YR2022;YR2023;YR2024;YR2025/version/202112/data?format=json&per_page=1000,percent_annual_change,A,,cpi_202112.json,d6b51a93d682aa37bb09bf2fda0951e15c0558aa1a654f4e1ef4ef0687a87340,,411,no_verified_historical_match,,,,,,,,,,,,,,matched,1.7,2021-04-01,2021-06-30,2021-09-16,Eurostat-2021-09-16,https://ec.europa.eu/eurostat/documents/2995521/11563271/3-16092021-BP-EN.pdf/7b7d4725-1228-b221-33bb-85562d6c58fe,percent_total_posts,Q,B-F,vacancies_2021-09-16.pdf,2ab7593d12beeaafcc0c7614a5c75a1abca9a78ead0f3e3b9ba84a8b972ad51c,4,230
ACP001124,1125,BG,Finance,2025-06-28,,,2026-06-28,2025,pending_observation,Senior Leader,Senior Leader,2025-06-28,false,outside_metric_population,,,,,,,,,,,,,,outside_metric_population,,,,,,,,,,,,,,outside_metric_population,,,,,,,,,,,,,,outside_metric_population,,,,,,,,,,,,,
ACP001129,1130,GR,Finance,2023-02-02,2024-11-06,,2024-02-02,2023,retained,Senior Leader,Senior Leader,2023-02-02,true,matched,11.4,2022-11-01,2022-11-30,2023-01-09,Eurostat-2023-01-09,https://ec.europa.eu/eurostat/documents/2995521/15725152/3-09012023-AP-EN.pdf,percent_labour_force,M,,unemployment_2023-01-09.pdf,b93b1c7cd2615570b2f70b4d5d6ead7dcdbaa61f2434ade3eab3738c4f044826,4,64,matched,1.22382501019855,2021-01-01,2021-12-31,2022-12-22,WDI-202212,https://api.worldbank.org/v2/sources/57/country/GRC;ROU;POL;ITA;IRL;BGR/series/FP.CPI.TOTL.ZG/time/YR2018;YR2019;YR2020;YR2021;YR2022;YR2023;YR2024;YR2025/version/202212/data?format=json&per_page=1000,percent_annual_change,A,,cpi_202212.json,9f9c53886164cc2ac3b8d887dc4a8b473bb32591611378a714bb37f361134272,,398,no_verified_historical_match,,,,,,,,,,,,,,matched,0.7,2022-04-01,2022-06-30,2022-09-16,Eurostat-2022-09-16,https://ec.europa.eu/eurostat/documents/2995521/14698147/3-16092022-BP-EN.pdf/ce89f62d-6e8e-e5ec-d542-203a42943b9c,percent_total_posts,Q,B-F,vacancies_2022-09-16.pdf,821390436d37d5c9ff098660d4be3edadbaaea98de5a07e86717696c7b2ed498,4,217
ACP001133,1134,IT,Digital,2021-12-04,,,2022-12-04,2021,retained,Senior Leader,Senior Leader,2021-12-04,true,stale,,,,,,,,,,,,,126,matched,-0.13770757391657,2020-01-01,2020-12-31,2021-09-15,WDI-202109,https://api.worldbank.org/v2/sources/57/country/GRC;ROU;POL;ITA;IRL;BGR/series/FP.CPI.TOTL.ZG/time/YR2018;YR2019;YR2020;YR2021;YR2022;YR2023;YR2024;YR2025/version/202109/data?format=json&per_page=1000,percent_annual_change,A,,cpi_202109.json,bfbad5bb4ffa9e5ada29f2e24bed493bed512c3b4a14f95b02f27519848b2d9c,,338,no_verified_historical_match,,,,,,,,,,,,,,matched,1.7,2021-04-01,2021-06-30,2021-09-16,Eurostat-2021-09-16,https://ec.europa.eu/eurostat/documents/2995521/11563271/3-16092021-BP-EN.pdf/7b7d4725-1228-b221-33bb-85562d6c58fe,percent_total_posts,Q,B-F,vacancies_2021-09-16.pdf,2ab7593d12beeaafcc0c7614a5c75a1abca9a78ead0f3e3b9ba84a8b972ad51c,4,157
ACP001139,1140,IE,Finance,2022-12-13,2025-04-01,,2023-12-13,2022,retained,Senior Leader,Senior Leader,2022-12-13,true,stale,,,,,,,,,,,,,288,matched,2.35814296241712,2021-01-01,2021-12-31,2022-09-16,WDI-202209,https://api.worldbank.org/v2/sources/57/country/GRC;ROU;POL;ITA;IRL;BGR/series/FP.CPI.TOTL.ZG/time/YR2018;YR2019;YR2020;YR2021;YR2022;YR2023;YR2024;YR2025/version/202209/data?format=json&per_page=1000,percent_annual_change,A,,cpi_202209.json,8ab4e907a1d5a14b0333cddb83037df8a4527ce02dae1c134f1b8e624b35d4f7,,347,no_verified_historical_match,,,,,,,,,,,,,,matched,1.2,2022-04-01,2022-06-30,2022-09-16,Eurostat-2022-09-16,https://ec.europa.eu/eurostat/documents/2995521/14698147/3-16092022-BP-EN.pdf/ce89f62d-6e8e-e5ec-d542-203a42943b9c,percent_total_posts,Q,B-F,vacancies_2022-09-16.pdf,821390436d37d5c9ff098660d4be3edadbaaea98de5a07e86717696c7b2ed498,4,166
ACP001144,1145,RO,Sales,2020-08-09,,,2021-08-09,2020,outside_objective_hire_period,Senior Leader,Senior Leader,2020-08-09,false,outside_metric_population,,,,,,,,,,,,,,outside_metric_population,,,,,,,,,,,,,,outside_metric_population,,,,,,,,,,,,,,outside_metric_population,,,,,,,,,,,,,
ACP001147,1148,RO,Supply Chain,2021-02-28,2021-08-25,,2022-02-28,2021,left_before_milestone,Senior Leader,Senior Leader,2021-02-28,true,no_verified_historical_match,,,,,,,,,,,,,,matched,3.82785432599428,2019-01-01,2019-12-31,2021-02-17,WDI-202102,https://api.worldbank.org/v2/sources/57/country/GRC;ROU;POL;ITA;IRL;BGR/series/FP.CPI.TOTL.ZG/time/YR2018;YR2019;YR2020;YR2021;YR2022;YR2023;YR2024;YR2025/version/202102/data?format=json&per_page=1000,percent_annual_change,A,,cpi_202102.json,9780f666dc925db5eab6033f7d8e9cc0ea22ac804694e5d7506eb884486ba56d,,425,no_verified_historical_match,,,,,,,,,,,,,,no_verified_historical_match,,,,,,,,,,,,,
ACP001155,1156,IT,Supply Chain,2023-04-04,2025-01-11,,2024-04-04,2023,retained,Senior Leader,Senior Leader,2023-04-04,true,matched,8.0,2023-02-01,2023-02-28,2023-03-31,Eurostat-2023-03-31,https://ec.europa.eu/eurostat/documents/2995521/16324762/3-31032023-BP-EN.pdf/4cb7a93a-bb55-923d-ec95-5fcb8073271c,percent_labour_force,M,,unemployment_2023-03-31.pdf,88c1b83fbbf202a433de6b307b3233e1382f223da32f1ba84835c6f57f525409,4,35,matched,1.87378325762491,2021-01-01,2021-12-31,2023-03-02,WDI-202303,https://api.worldbank.org/v2/sources/57/country/GRC;ROU;POL;ITA;IRL;BGR/series/FP.CPI.TOTL.ZG/time/YR2018;YR2019;YR2020;YR2021;YR2022;YR2023;YR2024;YR2025/version/202303/data?format=json&per_page=1000,percent_annual_change,A,,cpi_202303.json,c8515a665f59a521fe4b854c474869a12e16189c06f0fe994a9f3886a3e5ff97,,459,no_verified_historical_match,,,,,,,,,,,,,,matched,2.1,2022-10-01,2022-12-31,2023-03-20,Eurostat-2023-03-20,https://ec.europa.eu/eurostat/documents/2995521/16310170/3-20032023-BP-EN.pdf/94c96dce-5803-33ba-0173-afc9dc21e074,percent_total_posts,Q,B-F,vacancies_2023-03-20.pdf,110c184f0f29a527b8f679b871555f50dc5172ae010e9fa6055cea6853904180,4,94
ACP001157,1158,BG,Finance,2020-04-09,2020-07-08,termination_type_unknown|regretted_classification_unknown,2021-04-09,2020,outside_objective_hire_period,Senior Leader,Senior Leader,2020-04-09,false,outside_metric_population,,,,,,,,,,,,,,outside_metric_population,,,,,,,,,,,,,,outside_metric_population,,,,,,,,,,,,,,outside_metric_population,,,,,,,,,,,,,
ACP001168,1169,PL,Supply Chain,2023-05-10,,,2024-05-10,2023,retained,Senior Leader,Senior Leader,2023-05-10,true,matched,2.8,2023-02-01,2023-02-28,2023-03-31,Eurostat-2023-03-31,https://ec.europa.eu/eurostat/documents/2995521/16324762/3-31032023-BP-EN.pdf/4cb7a93a-bb55-923d-ec95-5fcb8073271c,percent_labour_force,M,,unemployment_2023-03-31.pdf,88c1b83fbbf202a433de6b307b3233e1382f223da32f1ba84835c6f57f525409,4,71,matched,5.05502704719268,2021-01-01,2021-12-31,2023-03-02,WDI-202303,https://api.worldbank.org/v2/sources/57/country/GRC;ROU;POL;ITA;IRL;BGR/series/FP.CPI.TOTL.ZG/time/YR2018;YR2019;YR2020;YR2021;YR2022;YR2023;YR2024;YR2025/version/202303/data?format=json&per_page=1000,percent_annual_change,A,,cpi_202303.json,c8515a665f59a521fe4b854c474869a12e16189c06f0fe994a9f3886a3e5ff97,,495,no_verified_historical_match,,,,,,,,,,,,,,matched,1.0,2022-10-01,2022-12-31,2023-03-20,Eurostat-2023-03-20,https://ec.europa.eu/eurostat/documents/2995521/16310170/3-20032023-BP-EN.pdf/94c96dce-5803-33ba-0173-afc9dc21e074,percent_total_posts,Q,B-F,vacancies_2023-03-20.pdf,110c184f0f29a527b8f679b871555f50dc5172ae010e9fa6055cea6853904180,4,130
ACP001177,1178,BG,Supply Chain,2025-04-06,,,2026-04-06,2025,pending_observation,Senior Leader,Senior Leader,2025-04-06,false,outside_metric_population,,,,,,,,,,,,,,outside_metric_population,,,,,,,,,,,,,,outside_metric_population,,,,,,,,,,,,,,outside_metric_population,,,,,,,,,,,,,
ACP001179,1180,BG,Digital,2023-10-16,2024-01-24,,2024-10-16,2023,left_before_milestone,Senior Leader,Senior Leader,2023-10-16,true,stale,,,,,,,,,,,,,138,matched,15.3252589264366,2022-01-01,2022-12-31,2023-09-20,WDI-202309,https://api.worldbank.org/v2/sources/57/country/GRC;ROU;POL;ITA;IRL;BGR/series/FP.CPI.TOTL.ZG/time/YR2018;YR2019;YR2020;YR2021;YR2022;YR2023;YR2024;YR2025/version/202309/data?format=json&per_page=1000,percent_annual_change,A,,cpi_202309.json,6ab34f46a2868e425d4ac98bd90071bae6bb20dd63f784b2142709f4f500be1c,,289,no_verified_historical_match,,,,,,,,,,,,,,matched,0.6,2023-04-01,2023-06-30,2023-09-14,Eurostat-2023-09-14,https://ec.europa.eu/eurostat/documents/2995521/17501484/3-14092023-AP-EN.pdf/ad3c84e2-fbbb-b3a8-b762-5e6996dfa08d,percent_total_posts,Q,B-F,vacancies_2023-09-14.pdf,293207132a798f154862cb18898de43d2f6d1da4efa027811aa9c0b897c7b22e,5,108
ACP001185,1186,BG,Supply Chain,2021-10-09,2021-10-23,,2022-10-09,2021,left_before_milestone,Senior Leader,Senior Leader,2021-10-09,true,matched,5.9,2021-07-01,2021-07-31,2021-09-01,Eurostat-2021-09-01,https://ec.europa.eu/eurostat/documents/2995521/11563247/3-01092021-AP-EN.pdf,percent_labour_force,M,,unemployment_2021-09-01.pdf,6819f5d932eb306f8eb6356a683481f6060650786d798fc033872c283629faa2,4,70,matched,1.67244096855762,2020-01-01,2020-12-31,2021-09-15,WDI-202109,https://api.worldbank.org/v2/sources/57/country/GRC;ROU;POL;ITA;IRL;BGR/series/FP.CPI.TOTL.ZG/time/YR2018;YR2019;YR2020;YR2021;YR2022;YR2023;YR2024;YR2025/version/202109/data?format=json&per_page=1000,percent_annual_change,A,,cpi_202109.json,bfbad5bb4ffa9e5ada29f2e24bed493bed512c3b4a14f95b02f27519848b2d9c,,282,no_verified_historical_match,,,,,,,,,,,,,,matched,0.8,2021-04-01,2021-06-30,2021-09-16,Eurostat-2021-09-16,https://ec.europa.eu/eurostat/documents/2995521/11563271/3-16092021-BP-EN.pdf/7b7d4725-1228-b221-33bb-85562d6c58fe,percent_total_posts,Q,B-F,vacancies_2021-09-16.pdf,2ab7593d12beeaafcc0c7614a5c75a1abca9a78ead0f3e3b9ba84a8b972ad51c,4,101
ACP001187,1188,IT,Sales,2021-10-04,,,2022-10-04,2021,retained,Senior Leader,Senior Leader,2021-10-04,true,matched,9.3,2021-07-01,2021-07-31,2021-09-01,Eurostat-2021-09-01,https://ec.europa.eu/eurostat/documents/2995521/11563247/3-01092021-AP-EN.pdf,percent_labour_force,M,,unemployment_2021-09-01.pdf,6819f5d932eb306f8eb6356a683481f6060650786d798fc033872c283629faa2,4,65,matched,-0.13770757391657,2020-01-01,2020-12-31,2021-09-15,WDI-202109,https://api.worldbank.org/v2/sources/57/country/GRC;ROU;POL;ITA;IRL;BGR/series/FP.CPI.TOTL.ZG/time/YR2018;YR2019;YR2020;YR2021;YR2022;YR2023;YR2024;YR2025/version/202109/data?format=json&per_page=1000,percent_annual_change,A,,cpi_202109.json,bfbad5bb4ffa9e5ada29f2e24bed493bed512c3b4a14f95b02f27519848b2d9c,,277,no_verified_historical_match,,,,,,,,,,,,,,matched,1.7,2021-04-01,2021-06-30,2021-09-16,Eurostat-2021-09-16,https://ec.europa.eu/eurostat/documents/2995521/11563271/3-16092021-BP-EN.pdf/7b7d4725-1228-b221-33bb-85562d6c58fe,percent_total_posts,Q,B-F,vacancies_2021-09-16.pdf,2ab7593d12beeaafcc0c7614a5c75a1abca9a78ead0f3e3b9ba84a8b972ad51c,4,96
ACP001193,1194,BG,Digital,2024-07-05,,,2025-07-05,2024,retained,Senior Leader,Senior Leader,2024-07-05,true,matched,4.4,2024-05-01,2024-05-31,2024-07-02,Eurostat-2024-07-02,https://ec.europa.eu/eurostat/web/products-euro-indicators/w/3-02072024-bp,percent_labour_force,M,,unemployment_20240702_bp.html,233eab3829fccbff66872dcb95e1bf942e0b8dddce1461e08e5e52c9e8e6a714,,35,matched,9.44284140088564,2023-01-01,2023-12-31,2024-07-01,WDI-202407,https://api.worldbank.org/v2/sources/57/country/GRC;ROU;POL;ITA;IRL;BGR/series/FP.CPI.TOTL.ZG/time/YR2018;YR2019;YR2020;YR2021;YR2022;YR2023;YR2024;YR2025/version/202407/data?format=json&per_page=1000,percent_annual_change,A,,cpi_202407.json,eb408a1a73bb606a3a34434999a392d4679c043a0d7277dd8202953e5c7a44b8,,187,no_verified_historical_match,,,,,,,,,,,,,,matched,0.6,2024-01-01,2024-03-31,2024-06-14,Eurostat-2024-06-14,https://ec.europa.eu/eurostat/en/web/products-euro-indicators/w/3-14062024-bp,percent_total_posts,Q,B-F,vacancies_20240614_bp.html,96d4319700a8b814eb5de1893e8accb0bd8ab202fcbdca2ec429160702d97c1a,,96
ACP001209,1210,IT,Finance,2023-11-14,2025-06-12,,2024-11-14,2023,retained,Senior Leader,Senior Leader,2023-11-14,true,stale,,,,,,,,,,,,,167,matched,8.20128991161718,2022-01-01,2022-12-31,2023-09-20,WDI-202309,https://api.worldbank.org/v2/sources/57/country/GRC;ROU;POL;ITA;IRL;BGR/series/FP.CPI.TOTL.ZG/time/YR2018;YR2019;YR2020;YR2021;YR2022;YR2023;YR2024;YR2025/version/202309/data?format=json&per_page=1000,percent_annual_change,A,,cpi_202309.json,6ab34f46a2868e425d4ac98bd90071bae6bb20dd63f784b2142709f4f500be1c,,318,no_verified_historical_match,,,,,,,,,,,,,,matched,2.3,2023-04-01,2023-06-30,2023-09-14,Eurostat-2023-09-14,https://ec.europa.eu/eurostat/documents/2995521/17501484/3-14092023-AP-EN.pdf/ad3c84e2-fbbb-b3a8-b762-5e6996dfa08d,percent_total_posts,Q,B-F,vacancies_2023-09-14.pdf,293207132a798f154862cb18898de43d2f6d1da4efa027811aa9c0b897c7b22e,5,137
ACP001220,1221,RO,Sales,2020-04-09,2025-05-11,,2021-04-09,2020,outside_objective_hire_period,Senior Leader,Senior Leader,2020-04-09,false,outside_metric_population,,,,,,,,,,,,,,outside_metric_population,,,,,,,,,,,,,,outside_metric_population,,,,,,,,,,,,,,outside_metric_population,,,,,,,,,,,,,
ACP001225,1226,IT,Digital,2022-06-10,,,2023-06-10,2022,retained,Senior Leader,Senior Leader,2022-06-10,true,matched,8.5,2022-02-01,2022-02-28,2022-03-31,Eurostat-2022-03-31,https://ec.europa.eu/eurostat/documents/2995521/14358254/3-31032022-AP-EN.pdf,percent_labour_force,M,,unemployment_2022-03-31.pdf,9f5486bb7d2a7e590622bc8cf3cf8eb942c00debd0e460a82a816b60fa295427,4,102,matched,1.8737832576,2021-01-01,2021-12-31,2022-04-27,WDI-202204,https://api.worldbank.org/v2/sources/57/country/GRC;ROU;POL;ITA;IRL;BGR/series/FP.CPI.TOTL.ZG/time/YR2018;YR2019;YR2020;YR2021;YR2022;YR2023;YR2024;YR2025/version/202204/data?format=json&per_page=1000,percent_annual_change,A,,cpi_202204.json,f17ba4e86d26b38938d46c1face61717ad16ffd9bf3d6119933f5ba7d22c8162,,161,no_verified_historical_match,,,,,,,,,,,,,,matched,1.9,2021-10-01,2021-12-31,2022-03-17,Eurostat-2022-03-17,https://ec.europa.eu/eurostat/documents/2995521/14358242/3-17032022-BP-EN.pdf/3e6f6746-aa8d-b25c-7696-3912bf7ebd2c,percent_total_posts,Q,B-F,vacancies_2022-03-17.pdf,f4fbd74c61a2ebc7ddac7505031b036ad7ab671f4c7375ecd83c4068c6843a70,4,161
ACP001228,1229,GR,Digital,2024-01-23,,,2025-01-23,2024,retained,Senior Leader,Senior Leader,2024-01-23,true,stale,,,,,,,,,,,,,237,matched,9.64525981280632,2022-01-01,2022-12-31,2023-12-20,WDI-202312,https://api.worldbank.org/v2/sources/57/country/GRC;ROU;POL;ITA;IRL;BGR/series/FP.CPI.TOTL.ZG/time/YR2018;YR2019;YR2020;YR2021;YR2022;YR2023;YR2024;YR2025/version/202312/data?format=json&per_page=1000,percent_annual_change,A,,cpi_202312.json,018b9ac410fe4b61e0716a6659574061d9f7048eea1b955f22b00761c64ead29,,388,no_verified_historical_match,,,,,,,,,,,,,,matched,2.0,2023-07-01,2023-09-30,2023-12-18,Eurostat-2023-12-18,https://ec.europa.eu/eurostat/documents/2995521/18134838/3-18122023-AP-EN.pdf/8040054f-078e-391b-63a4-af98fcfe1679,percent_total_posts,Q,B-F,vacancies_2023-12-18.pdf,05dbfc215765fadb56eea071c8ca2b4801023528c3e203f36aa135b134d91ef8,5,115
ACP001235,1236,IT,Supply Chain,2022-12-14,,,2023-12-14,2022,retained,Senior Leader,Senior Leader,2022-12-14,true,stale,,,,,,,,,,,,,289,matched,1.87378325762491,2021-01-01,2021-12-31,2022-09-16,WDI-202209,https://api.worldbank.org/v2/sources/57/country/GRC;ROU;POL;ITA;IRL;BGR/series/FP.CPI.TOTL.ZG/time/YR2018;YR2019;YR2020;YR2021;YR2022;YR2023;YR2024;YR2025/version/202209/data?format=json&per_page=1000,percent_annual_change,A,,cpi_202209.json,8ab4e907a1d5a14b0333cddb83037df8a4527ce02dae1c134f1b8e624b35d4f7,,348,no_verified_historical_match,,,,,,,,,,,,,,matched,2.2,2022-04-01,2022-06-30,2022-09-16,Eurostat-2022-09-16,https://ec.europa.eu/eurostat/documents/2995521/14698147/3-16092022-BP-EN.pdf/ce89f62d-6e8e-e5ec-d542-203a42943b9c,percent_total_posts,Q,B-F,vacancies_2022-09-16.pdf,821390436d37d5c9ff098660d4be3edadbaaea98de5a07e86717696c7b2ed498,4,167
ACP001237,1238,PL,Digital,2024-05-07,,,2025-05-07,2024,retained,Senior Leader,Senior Leader,2024-05-07,true,matched,2.9,2024-03-01,2024-03-31,2024-05-03,Eurostat-2024-05-03,https://ec.europa.eu/eurostat/web/products-euro-indicators/w/3-03052024-ap,percent_labour_force,M,,unemployment_20240503_ap.html,da98317419d6b155fb133505a1077ca95a79c83978233eba597037bc0086e998,,37,matched,14.4294507575758,2022-01-01,2022-12-31,2024-03-28,WDI-202403,https://api.worldbank.org/v2/sources/57/country/GRC;ROU;POL;ITA;IRL;BGR/series/FP.CPI.TOTL.ZG/time/YR2018;YR2019;YR2020;YR2021;YR2022;YR2023;YR2024;YR2025/version/202403/data?format=json&per_page=1000,percent_annual_change,A,,cpi_202403.json,0ca0709cbe1784e8236d24121a36ec2e0254b7cfb5a77654180fa00becf26527,,493,no_verified_historical_match,,,,,,,,,,,,,,matched,0.8,2023-10-01,2023-12-31,2024-03-15,Eurostat-2024-03-15,https://ec.europa.eu/eurostat/en/web/products-euro-indicators/w/3-15032024-ap,percent_total_posts,Q,B-F,vacancies_20240315_ap.html,c0549d20c8f89be00d83d0a6fb1b35f1975e90f54db1bfe1968979b6be479175,,128
ACP001240,1241,RO,Finance,2024-06-13,2025-09-22,,2025-06-13,2024,retained,Senior Leader,Senior Leader,2024-06-13,true,matched,5.3,2024-04-01,2024-04-30,2024-05-30,Eurostat-2024-05-30,https://ec.europa.eu/eurostat/web/products-euro-indicators/w/3-30052024-ap,percent_labour_force,M,,unemployment_20240530_ap.html,c25134b8ce4fe35b52fdb84a024bb2d0ce7f8213af3260482f66b31ff9f26fa5,,44,matched,13.7954887432521,2022-01-01,2022-12-31,2024-05-30,WDI-202405,https://api.worldbank.org/v2/sources/57/country/GRC;ROU;POL;ITA;IRL;BGR/series/FP.CPI.TOTL.ZG/time/YR2018;YR2019;YR2020;YR2021;YR2022;YR2023;YR2024;YR2025/version/202405/data?format=json&per_page=1000,percent_annual_change,A,,cpi_202405.json,07955449417718a49e2c4ed6d0d186a3d771aab77d70556bee4b1943cc5e88be,,530,no_verified_historical_match,,,,,,,,,,,,,,matched,0.6,2023-10-01,2023-12-31,2024-03-15,Eurostat-2024-03-15,https://ec.europa.eu/eurostat/en/web/products-euro-indicators/w/3-15032024-ap,percent_total_posts,Q,B-F,vacancies_20240315_ap.html,c0549d20c8f89be00d83d0a6fb1b35f1975e90f54db1bfe1968979b6be479175,,165
ACP001262,1263,IT,Supply Chain,2020-12-19,,seniority_mapping_assumed,2021-12-19,2020,outside_objective_hire_period,Senior Leader,Sr Mgmt,2020-12-19,false,outside_metric_population,,,,,,,,,,,,,,outside_metric_population,,,,,,,,,,,,,,outside_metric_population,,,,,,,,,,,,,,outside_metric_population,,,,,,,,,,,,,
ACP001274,1275,GR,Sales,2021-03-26,,,2022-03-26,2021,retained,Senior Leader,Senior Leader,2021-03-26,true,no_verified_historical_match,,,,,,,,,,,,,,matched,0.252978044454509,2019-01-01,2019-12-31,2021-03-19,WDI-202103,https://api.worldbank.org/v2/sources/57/country/GRC;ROU;POL;ITA;IRL;BGR/series/FP.CPI.TOTL.ZG/time/YR2018;YR2019;YR2020;YR2021;YR2022;YR2023;YR2024;YR2025/version/202103/data?format=json&per_page=1000,percent_annual_change,A,,cpi_202103.json,77a073f8b3b2e8829c15f16655dc6591758d3b8a7fef93c4593c8e122cb0425f,,451,no_verified_historical_match,,,,,,,,,,,,,,no_verified_historical_match,,,,,,,,,,,,,
ACP001277,1278,PL,Finance,2025-08-11,,,2026-08-11,2025,pending_observation,Senior Leader,Senior Leader,2025-08-11,false,outside_metric_population,,,,,,,,,,,,,,outside_metric_population,,,,,,,,,,,,,,outside_metric_population,,,,,,,,,,,,,,outside_metric_population,,,,,,,,,,,,,
ACP001278,1279,GR,Digital,2021-10-19,,,2022-10-19,2021,retained,Senior Leader,Senior Leader,2021-10-19,true,matched,14.6,2021-07-01,2021-07-31,2021-09-01,Eurostat-2021-09-01,https://ec.europa.eu/eurostat/documents/2995521/11563247/3-01092021-AP-EN.pdf,percent_labour_force,M,,unemployment_2021-09-01.pdf,6819f5d932eb306f8eb6356a683481f6060650786d798fc033872c283629faa2,4,80,matched,-1.24795187701348,2020-01-01,2020-12-31,2021-09-15,WDI-202109,https://api.worldbank.org/v2/sources/57/country/GRC;ROU;POL;ITA;IRL;BGR/series/FP.CPI.TOTL.ZG/time/YR2018;YR2019;YR2020;YR2021;YR2022;YR2023;YR2024;YR2025/version/202109/data?format=json&per_page=1000,percent_annual_change,A,,cpi_202109.json,bfbad5bb4ffa9e5ada29f2e24bed493bed512c3b4a14f95b02f27519848b2d9c,,292,no_verified_historical_match,,,,,,,,,,,,,,matched,0.4,2021-01-01,2021-03-31,2021-09-16,Eurostat-2021-09-16,https://ec.europa.eu/eurostat/documents/2995521/11563271/3-16092021-BP-EN.pdf/7b7d4725-1228-b221-33bb-85562d6c58fe,percent_total_posts,Q,B-F,vacancies_2021-09-16.pdf,2ab7593d12beeaafcc0c7614a5c75a1abca9a78ead0f3e3b9ba84a8b972ad51c,4,202
ACP001283,1284,PL,Finance,2022-10-11,2023-09-08,,2023-10-11,2022,left_before_milestone,Senior Leader,Senior Leader,2022-10-11,true,stale,,,,,,,,,,,,,225,matched,5.05502704719268,2021-01-01,2021-12-31,2022-09-16,WDI-202209,https://api.worldbank.org/v2/sources/57/country/GRC;ROU;POL;ITA;IRL;BGR/series/FP.CPI.TOTL.ZG/time/YR2018;YR2019;YR2020;YR2021;YR2022;YR2023;YR2024;YR2025/version/202209/data?format=json&per_page=1000,percent_annual_change,A,,cpi_202209.json,8ab4e907a1d5a14b0333cddb83037df8a4527ce02dae1c134f1b8e624b35d4f7,,284,no_verified_historical_match,,,,,,,,,,,,,,matched,1.3,2022-04-01,2022-06-30,2022-09-16,Eurostat-2022-09-16,https://ec.europa.eu/eurostat/documents/2995521/14698147/3-16092022-BP-EN.pdf/ce89f62d-6e8e-e5ec-d542-203a42943b9c,percent_total_posts,Q,B-F,vacancies_2022-09-16.pdf,821390436d37d5c9ff098660d4be3edadbaaea98de5a07e86717696c7b2ed498,4,103
ACP001287,1288,PL,Supply Chain,2023-04-27,,,2024-04-27,2023,retained,Senior Leader,Senior Leader,2023-04-27,true,matched,2.8,2023-02-01,2023-02-28,2023-03-31,Eurostat-2023-03-31,https://ec.europa.eu/eurostat/documents/2995521/16324762/3-31032023-BP-EN.pdf/4cb7a93a-bb55-923d-ec95-5fcb8073271c,percent_labour_force,M,,unemployment_2023-03-31.pdf,88c1b83fbbf202a433de6b307b3233e1382f223da32f1ba84835c6f57f525409,4,58,matched,5.05502704719268,2021-01-01,2021-12-31,2023-03-02,WDI-202303,https://api.worldbank.org/v2/sources/57/country/GRC;ROU;POL;ITA;IRL;BGR/series/FP.CPI.TOTL.ZG/time/YR2018;YR2019;YR2020;YR2021;YR2022;YR2023;YR2024;YR2025/version/202303/data?format=json&per_page=1000,percent_annual_change,A,,cpi_202303.json,c8515a665f59a521fe4b854c474869a12e16189c06f0fe994a9f3886a3e5ff97,,482,no_verified_historical_match,,,,,,,,,,,,,,matched,1.0,2022-10-01,2022-12-31,2023-03-20,Eurostat-2023-03-20,https://ec.europa.eu/eurostat/documents/2995521/16310170/3-20032023-BP-EN.pdf/94c96dce-5803-33ba-0173-afc9dc21e074,percent_total_posts,Q,B-F,vacancies_2023-03-20.pdf,110c184f0f29a527b8f679b871555f50dc5172ae010e9fa6055cea6853904180,4,117
ACP001294,1295,BG,Sales,2023-12-25,,,2024-12-25,2023,retained,Senior Leader,Senior Leader,2023-12-25,true,stale,,,,,,,,,,,,,208,matched,15.3252589264366,2022-01-01,2022-12-31,2023-12-20,WDI-202312,https://api.worldbank.org/v2/sources/57/country/GRC;ROU;POL;ITA;IRL;BGR/series/FP.CPI.TOTL.ZG/time/YR2018;YR2019;YR2020;YR2021;YR2022;YR2023;YR2024;YR2025/version/202312/data?format=json&per_page=1000,percent_annual_change,A,,cpi_202312.json,018b9ac410fe4b61e0716a6659574061d9f7048eea1b955f22b00761c64ead29,,359,no_verified_historical_match,,,,,,,,,,,,,,matched,0.7,2023-07-01,2023-09-30,2023-12-18,Eurostat-2023-12-18,https://ec.europa.eu/eurostat/documents/2995521/18134838/3-18122023-AP-EN.pdf/8040054f-078e-391b-63a4-af98fcfe1679,percent_total_posts,Q,B-F,vacancies_2023-12-18.pdf,05dbfc215765fadb56eea071c8ca2b4801023528c3e203f36aa135b134d91ef8,5,86
ACP001298,1299,IE,Digital,2025-10-30,,,2026-10-30,2025,pending_observation,Senior Leader,Senior Leader,2025-10-30,false,outside_metric_population,,,,,,,,,,,,,,outside_metric_population,,,,,,,,,,,,,,outside_metric_population,,,,,,,,,,,,,,outside_metric_population,,,,,,,,,,,,,
ACP001313,1314,IE,Supply Chain,2022-05-01,,,2023-05-01,2022,retained,Senior Leader,Senior Leader,2022-05-01,true,matched,5.2,2022-02-01,2022-02-28,2022-03-31,Eurostat-2022-03-31,https://ec.europa.eu/eurostat/documents/2995521/14358254/3-31032022-AP-EN.pdf,percent_labour_force,M,,unemployment_2022-03-31.pdf,9f5486bb7d2a7e590622bc8cf3cf8eb942c00debd0e460a82a816b60fa295427,4,62,matched,2.3581429624,2021-01-01,2021-12-31,2022-04-27,WDI-202204,https://api.worldbank.org/v2/sources/57/country/GRC;ROU;POL;ITA;IRL;BGR/series/FP.CPI.TOTL.ZG/time/YR2018;YR2019;YR2020;YR2021;YR2022;YR2023;YR2024;YR2025/version/202204/data?format=json&per_page=1000,percent_annual_change,A,,cpi_202204.json,f17ba4e86d26b38938d46c1face61717ad16ffd9bf3d6119933f5ba7d22c8162,,121,no_verified_historical_match,,,,,,,,,,,,,,matched,1.2,2021-10-01,2021-12-31,2022-03-17,Eurostat-2022-03-17,https://ec.europa.eu/eurostat/documents/2995521/14358242/3-17032022-BP-EN.pdf/3e6f6746-aa8d-b25c-7696-3912bf7ebd2c,percent_total_posts,Q,B-F,vacancies_2022-03-17.pdf,f4fbd74c61a2ebc7ddac7505031b036ad7ab671f4c7375ecd83c4068c6843a70,4,121
ACP001314,1315,IE,Sales,2025-04-30,,,2026-04-30,2025,pending_observation,Senior Leader,Senior Leader,2025-04-30,false,outside_metric_population,,,,,,,,,,,,,,outside_metric_population,,,,,,,,,,,,,,outside_metric_population,,,,,,,,,,,,,,outside_metric_population,,,,,,,,,,,,,
ACP001316,1317,PL,Digital,2022-05-03,,,2023-05-03,2022,retained,Senior Leader,Senior Leader,2022-05-03,true,matched,3.0,2022-02-01,2022-02-28,2022-03-31,Eurostat-2022-03-31,https://ec.europa.eu/eurostat/documents/2995521/14358254/3-31032022-AP-EN.pdf,percent_labour_force,M,,unemployment_2022-03-31.pdf,9f5486bb7d2a7e590622bc8cf3cf8eb942c00debd0e460a82a816b60fa295427,4,64,matched,5.0550270472,2021-01-01,2021-12-31,2022-04-27,WDI-202204,https://api.worldbank.org/v2/sources/57/country/GRC;ROU;POL;ITA;IRL;BGR/series/FP.CPI.TOTL.ZG/time/YR2018;YR2019;YR2020;YR2021;YR2022;YR2023;YR2024;YR2025/version/202204/data?format=json&per_page=1000,percent_annual_change,A,,cpi_202204.json,f17ba4e86d26b38938d46c1face61717ad16ffd9bf3d6119933f5ba7d22c8162,,123,no_verified_historical_match,,,,,,,,,,,,,,matched,1.4,2021-10-01,2021-12-31,2022-03-17,Eurostat-2022-03-17,https://ec.europa.eu/eurostat/documents/2995521/14358242/3-17032022-BP-EN.pdf/3e6f6746-aa8d-b25c-7696-3912bf7ebd2c,percent_total_posts,Q,B-F,vacancies_2022-03-17.pdf,f4fbd74c61a2ebc7ddac7505031b036ad7ab671f4c7375ecd83c4068c6843a70,4,123
ACP001319,1320,GR,Supply Chain,2025-07-27,2025-10-23,,2026-07-27,2025,pending_observation,Senior Leader,Senior Leader,2025-07-27,false,outside_metric_population,,,,,,,,,,,,,,outside_metric_population,,,,,,,,,,,,,,outside_metric_population,,,,,,,,,,,,,,outside_metric_population,,,,,,,,,,,,,
ACP001329,1330,IT,Supply Chain,2022-03-14,,,2023-03-14,2022,retained,Senior Leader,Senior Leader,2022-03-14,true,stale,,,,,,,,,,,,,226,matched,-0.13770757391657,2020-01-01,2020-12-31,2022-02-15,WDI-202202,https://api.worldbank.org/v2/sources/57/country/GRC;ROU;POL;ITA;IRL;BGR/series/FP.CPI.TOTL.ZG/time/YR2018;YR2019;YR2020;YR2021;YR2022;YR2023;YR2024;YR2025/version/202202/data?format=json&per_page=1000,percent_annual_change,A,,cpi_202202.json,95ed0074fba0a2c4103a609664b64de192224526a3e77f88959b4a460c3a3161,,438,no_verified_historical_match,,,,,,,,,,,,,,stale,,,,,,,,,,,,,257
ACP001332,1333,BG,Finance,2022-07-09,2023-04-27,,2023-07-09,2022,left_before_milestone,Senior Leader,Senior Leader,2022-07-09,true,stale,,,,,,,,,,,,,131,matched,3.29774435299511,2021-01-01,2021-12-31,2022-07-01,WDI-202207,https://api.worldbank.org/v2/sources/57/country/GRC;ROU;POL;ITA;IRL;BGR/series/FP.CPI.TOTL.ZG/time/YR2018;YR2019;YR2020;YR2021;YR2022;YR2023;YR2024;YR2025/version/202207/data?format=json&per_page=1000,percent_annual_change,A,,cpi_202207.json,fcc394a0d05bfd87e45fc547aef5880c30345f851b8fb0eaa8012bebe91815eb,,190,no_verified_historical_match,,,,,,,,,,,,,,matched,0.6,2021-10-01,2021-12-31,2022-03-17,Eurostat-2022-03-17,https://ec.europa.eu/eurostat/documents/2995521/14358242/3-17032022-BP-EN.pdf/3e6f6746-aa8d-b25c-7696-3912bf7ebd2c,percent_total_posts,Q,B-F,vacancies_2022-03-17.pdf,f4fbd74c61a2ebc7ddac7505031b036ad7ab671f4c7375ecd83c4068c6843a70,4,190
ACP001338,1339,PL,Digital,2025-07-23,,,2026-07-23,2025,pending_observation,Senior Leader,Senior Leader,2025-07-23,false,outside_metric_population,,,,,,,,,,,,,,outside_metric_population,,,,,,,,,,,,,,outside_metric_population,,,,,,,,,,,,,,outside_metric_population,,,,,,,,,,,,,
ACP001343,1344,PL,Sales,2020-01-20,,,2021-01-20,2020,outside_objective_hire_period,Senior Leader,Senior Leader,2020-01-20,false,outside_metric_population,,,,,,,,,,,,,,outside_metric_population,,,,,,,,,,,,,,outside_metric_population,,,,,,,,,,,,,,outside_metric_population,,,,,,,,,,,,,
ACP001347,1348,GR,Digital,2024-01-09,,,2025-01-09,2024,retained,Senior Leader,Senior Leader,2024-01-09,true,stale,,,,,,,,,,,,,223,matched,9.64525981280632,2022-01-01,2022-12-31,2023-12-20,WDI-202312,https://api.worldbank.org/v2/sources/57/country/GRC;ROU;POL;ITA;IRL;BGR/series/FP.CPI.TOTL.ZG/time/YR2018;YR2019;YR2020;YR2021;YR2022;YR2023;YR2024;YR2025/version/202312/data?format=json&per_page=1000,percent_annual_change,A,,cpi_202312.json,018b9ac410fe4b61e0716a6659574061d9f7048eea1b955f22b00761c64ead29,,374,no_verified_historical_match,,,,,,,,,,,,,,matched,2.0,2023-07-01,2023-09-30,2023-12-18,Eurostat-2023-12-18,https://ec.europa.eu/eurostat/documents/2995521/18134838/3-18122023-AP-EN.pdf/8040054f-078e-391b-63a4-af98fcfe1679,percent_total_posts,Q,B-F,vacancies_2023-12-18.pdf,05dbfc215765fadb56eea071c8ca2b4801023528c3e203f36aa135b134d91ef8,5,101
ACP001353,1354,BG,Sales,2022-09-22,2022-12-09,,2023-09-22,2022,left_before_milestone,Senior Leader,Senior Leader,2022-09-22,true,stale,,,,,,,,,,,,,206,matched,3.29774435299511,2021-01-01,2021-12-31,2022-09-16,WDI-202209,https://api.worldbank.org/v2/sources/57/country/GRC;ROU;POL;ITA;IRL;BGR/series/FP.CPI.TOTL.ZG/time/YR2018;YR2019;YR2020;YR2021;YR2022;YR2023;YR2024;YR2025/version/202209/data?format=json&per_page=1000,percent_annual_change,A,,cpi_202209.json,8ab4e907a1d5a14b0333cddb83037df8a4527ce02dae1c134f1b8e624b35d4f7,,265,no_verified_historical_match,,,,,,,,,,,,,,matched,0.8,2022-04-01,2022-06-30,2022-09-16,Eurostat-2022-09-16,https://ec.europa.eu/eurostat/documents/2995521/14698147/3-16092022-BP-EN.pdf/ce89f62d-6e8e-e5ec-d542-203a42943b9c,percent_total_posts,Q,B-F,vacancies_2022-09-16.pdf,821390436d37d5c9ff098660d4be3edadbaaea98de5a07e86717696c7b2ed498,4,84
ACP001354,1355,IE,Supply Chain,2022-06-11,,,2023-06-11,2022,retained,Senior Leader,Senior Leader,2022-06-11,true,matched,5.2,2022-02-01,2022-02-28,2022-03-31,Eurostat-2022-03-31,https://ec.europa.eu/eurostat/documents/2995521/14358254/3-31032022-AP-EN.pdf,percent_labour_force,M,,unemployment_2022-03-31.pdf,9f5486bb7d2a7e590622bc8cf3cf8eb942c00debd0e460a82a816b60fa295427,4,103,matched,2.3581429624,2021-01-01,2021-12-31,2022-04-27,WDI-202204,https://api.worldbank.org/v2/sources/57/country/GRC;ROU;POL;ITA;IRL;BGR/series/FP.CPI.TOTL.ZG/time/YR2018;YR2019;YR2020;YR2021;YR2022;YR2023;YR2024;YR2025/version/202204/data?format=json&per_page=1000,percent_annual_change,A,,cpi_202204.json,f17ba4e86d26b38938d46c1face61717ad16ffd9bf3d6119933f5ba7d22c8162,,162,no_verified_historical_match,,,,,,,,,,,,,,matched,1.2,2021-10-01,2021-12-31,2022-03-17,Eurostat-2022-03-17,https://ec.europa.eu/eurostat/documents/2995521/14358242/3-17032022-BP-EN.pdf/3e6f6746-aa8d-b25c-7696-3912bf7ebd2c,percent_total_posts,Q,B-F,vacancies_2022-03-17.pdf,f4fbd74c61a2ebc7ddac7505031b036ad7ab671f4c7375ecd83c4068c6843a70,4,162
ACP001360,1361,,Digital,2025-11-05,,missing_or_unknown_country,2026-11-05,2025,pending_observation,Senior Leader,Senior Leader,2025-11-05,false,outside_metric_population,,,,,,,,,,,,,,outside_metric_population,,,,,,,,,,,,,,outside_metric_population,,,,,,,,,,,,,,outside_metric_population,,,,,,,,,,,,,
ACP001366,1367,BG,Supply Chain,2021-08-18,2023-04-13,,2022-08-18,2021,retained,Senior Leader,Senior Leader,2021-08-18,true,matched,6.0,2021-06-01,2021-06-30,2021-07-30,Eurostat-2021-07-30,https://ec.europa.eu/eurostat/documents/2995521/11563203/3-30072021-CP-EN.pdf/35dbf525-da32-809f-0f9d-cd36a271a760,percent_labour_force,M,,unemployment_2021-07-30.pdf,9d55bc819652e31d00bf44f98ef7d5ea27171d04fb903096ef036f13d3d0831f,4,49,matched,1.67244096855762,2020-01-01,2020-12-31,2021-07-01,WDI-202107,https://api.worldbank.org/v2/sources/57/country/GRC;ROU;POL;ITA;IRL;BGR/series/FP.CPI.TOTL.ZG/time/YR2018;YR2019;YR2020;YR2021;YR2022;YR2023;YR2024;YR2025/version/202107/data?format=json&per_page=1000,percent_annual_change,A,,cpi_202107.json,9c42a329eb3ace68b7b350d03bc69c7c92d48b227e9ccfac7f630ea38b82453f,,230,no_verified_historical_match,,,,,,,,,,,,,,no_verified_historical_match,,,,,,,,,,,,,
ACP001378,1379,BG,Digital,2023-05-30,2025-05-25,,2024-05-30,2023,retained,Senior Leader,Senior Leader,2023-05-30,true,matched,3.8,2023-02-01,2023-02-28,2023-03-31,Eurostat-2023-03-31,https://ec.europa.eu/eurostat/documents/2995521/16324762/3-31032023-BP-EN.pdf/4cb7a93a-bb55-923d-ec95-5fcb8073271c,percent_labour_force,M,,unemployment_2023-03-31.pdf,88c1b83fbbf202a433de6b307b3233e1382f223da32f1ba84835c6f57f525409,4,91,matched,3.29774435299511,2021-01-01,2021-12-31,2023-03-02,WDI-202303,https://api.worldbank.org/v2/sources/57/country/GRC;ROU;POL;ITA;IRL;BGR/series/FP.CPI.TOTL.ZG/time/YR2018;YR2019;YR2020;YR2021;YR2022;YR2023;YR2024;YR2025/version/202303/data?format=json&per_page=1000,percent_annual_change,A,,cpi_202303.json,c8515a665f59a521fe4b854c474869a12e16189c06f0fe994a9f3886a3e5ff97,,515,no_verified_historical_match,,,,,,,,,,,,,,matched,0.6,2022-10-01,2022-12-31,2023-03-20,Eurostat-2023-03-20,https://ec.europa.eu/eurostat/documents/2995521/16310170/3-20032023-BP-EN.pdf/94c96dce-5803-33ba-0173-afc9dc21e074,percent_total_posts,Q,B-F,vacancies_2023-03-20.pdf,110c184f0f29a527b8f679b871555f50dc5172ae010e9fa6055cea6853904180,4,150
ACP001385,1386,BG,Sales,2025-08-15,,,2026-08-15,2025,pending_observation,Senior Leader,Senior Leader,2025-08-15,false,outside_metric_population,,,,,,,,,,,,,,outside_metric_population,,,,,,,,,,,,,,outside_metric_population,,,,,,,,,,,,,,outside_metric_population,,,,,,,,,,,,,
ACP001387,1388,RO,Finance,2020-12-11,,,2021-12-11,2020,outside_objective_hire_period,Senior Leader,Senior Leader,2020-12-11,false,outside_metric_population,,,,,,,,,,,,,,outside_metric_population,,,,,,,,,,,,,,outside_metric_population,,,,,,,,,,,,,,outside_metric_population,,,,,,,,,,,,,
ACP001391,1392,PL,Sales,2023-09-15,,,2024-09-15,2023,retained,Senior Leader,Senior Leader,2023-09-15,true,matched,2.7,2023-05-01,2023-05-31,2023-06-30,Eurostat-2023-06-30,https://ec.europa.eu/eurostat/documents/2995521/17075197/3-30062023-BP-EN.pdf/ee3b1511-c710-4033-fc9a-aaf1c3d60241,percent_labour_force,M,,unemployment_2023-06-30.pdf,e9ca8e37b0db5f88d1d6f478fa6d1ebd3fe3db197cfcee4404a66ae66f35df0e,4,107,matched,5.05502704719268,2021-01-01,2021-12-31,2023-03-02,WDI-202303,https://api.worldbank.org/v2/sources/57/country/GRC;ROU;POL;ITA;IRL;BGR/series/FP.CPI.TOTL.ZG/time/YR2018;YR2019;YR2020;YR2021;YR2022;YR2023;YR2024;YR2025/version/202303/data?format=json&per_page=1000,percent_annual_change,A,,cpi_202303.json,c8515a665f59a521fe4b854c474869a12e16189c06f0fe994a9f3886a3e5ff97,,623,no_verified_historical_match,,,,,,,,,,,,,,matched,0.9,2023-04-01,2023-06-30,2023-09-14,Eurostat-2023-09-14,https://ec.europa.eu/eurostat/documents/2995521/17501484/3-14092023-AP-EN.pdf/ad3c84e2-fbbb-b3a8-b762-5e6996dfa08d,percent_total_posts,Q,B-F,vacancies_2023-09-14.pdf,293207132a798f154862cb18898de43d2f6d1da4efa027811aa9c0b897c7b22e,5,77
ACP001400,1401,RO,Finance,2020-02-20,2020-10-12,,2021-02-20,2020,outside_objective_hire_period,Senior Leader,Senior Leader,2020-02-20,false,outside_metric_population,,,,,,,,,,,,,,outside_metric_population,,,,,,,,,,,,,,outside_metric_population,,,,,,,,,,,,,,outside_metric_population,,,,,,,,,,,,,
ACP001420,1421,RO,Sales,2020-10-15,,,2021-10-15,2020,outside_objective_hire_period,Senior Leader,Senior Leader,2020-10-15,false,outside_metric_population,,,,,,,,,,,,,,outside_metric_population,,,,,,,,,,,,,,outside_metric_population,,,,,,,,,,,,,,outside_metric_population,,,,,,,,,,,,,
ACP001432,1433,GR,Digital,2020-05-20,,,2021-05-20,2020,outside_objective_hire_period,Senior Leader,Senior Leader,2020-05-20,false,outside_metric_population,,,,,,,,,,,,,,outside_metric_population,,,,,,,,,,,,,,outside_metric_population,,,,,,,,,,,,,,outside_metric_population,,,,,,,,,,,,,
ACP001438,1439,IE,Finance,2023-12-02,,,2024-12-02,2023,retained,Senior Leader,Senior Leader,2023-12-02,true,stale,,,,,,,,,,,,,185,matched,7.8073754099672,2022-01-01,2022-12-31,2023-09-20,WDI-202309,https://api.worldbank.org/v2/sources/57/country/GRC;ROU;POL;ITA;IRL;BGR/series/FP.CPI.TOTL.ZG/time/YR2018;YR2019;YR2020;YR2021;YR2022;YR2023;YR2024;YR2025/version/202309/data?format=json&per_page=1000,percent_annual_change,A,,cpi_202309.json,6ab34f46a2868e425d4ac98bd90071bae6bb20dd63f784b2142709f4f500be1c,,336,no_verified_historical_match,,,,,,,,,,,,,,matched,0.8,2023-04-01,2023-06-30,2023-09-14,Eurostat-2023-09-14,https://ec.europa.eu/eurostat/documents/2995521/17501484/3-14092023-AP-EN.pdf/ad3c84e2-fbbb-b3a8-b762-5e6996dfa08d,percent_total_posts,Q,B-F,vacancies_2023-09-14.pdf,293207132a798f154862cb18898de43d2f6d1da4efa027811aa9c0b897c7b22e,5,155
ACP001441,1442,GR,Supply Chain,2021-05-17,2025-06-06,,2022-05-17,2021,retained,Senior Leader,Senior Leader,2021-05-17,true,no_verified_historical_match,,,,,,,,,,,,,,matched,0.252978044454509,2019-01-01,2019-12-31,2021-04-26,WDI-202104,https://api.worldbank.org/v2/sources/57/country/GRC;ROU;POL;ITA;IRL;BGR/series/FP.CPI.TOTL.ZG/time/YR2018;YR2019;YR2020;YR2021;YR2022;YR2023;YR2024;YR2025/version/202104/data?format=json&per_page=1000,percent_annual_change,A,,cpi_202104.json,4b4a196c93cb74cf66506d8c5ec914d612b5413e3eef53cac5a1879ab20754e4,,503,no_verified_historical_match,,,,,,,,,,,,,,no_verified_historical_match,,,,,,,,,,,,,
ACP001445,1446,PL,Supply Chain,2020-01-31,,,2021-01-31,2020,outside_objective_hire_period,Senior Leader,Senior Leader,2020-01-31,false,outside_metric_population,,,,,,,,,,,,,,outside_metric_population,,,,,,,,,,,,,,outside_metric_population,,,,,,,,,,,,,,outside_metric_population,,,,,,,,,,,,,
ACP001449,1450,IT,Sales,2020-11-09,,,2021-11-09,2020,outside_objective_hire_period,Senior Leader,Senior Leader,2020-11-09,false,outside_metric_population,,,,,,,,,,,,,,outside_metric_population,,,,,,,,,,,,,,outside_metric_population,,,,,,,,,,,,,,outside_metric_population,,,,,,,,,,,,,
ACP001453,1454,RO,Finance,2023-08-31,,,2024-08-31,2023,retained,Senior Leader,Senior Leader,2023-08-31,true,matched,5.5,2023-05-01,2023-05-31,2023-06-30,Eurostat-2023-06-30,https://ec.europa.eu/eurostat/documents/2995521/17075197/3-30062023-BP-EN.pdf/ee3b1511-c710-4033-fc9a-aaf1c3d60241,percent_labour_force,M,,unemployment_2023-06-30.pdf,e9ca8e37b0db5f88d1d6f478fa6d1ebd3fe3db197cfcee4404a66ae66f35df0e,4,92,matched,5.05232876096582,2021-01-01,2021-12-31,2023-03-02,WDI-202303,https://api.worldbank.org/v2/sources/57/country/GRC;ROU;POL;ITA;IRL;BGR/series/FP.CPI.TOTL.ZG/time/YR2018;YR2019;YR2020;YR2021;YR2022;YR2023;YR2024;YR2025/version/202303/data?format=json&per_page=1000,percent_annual_change,A,,cpi_202303.json,c8515a665f59a521fe4b854c474869a12e16189c06f0fe994a9f3886a3e5ff97,,608,no_verified_historical_match,,,,,,,,,,,,,,stale,,,,,,,,,,,,,243
ACP001459,1460,RO,Supply Chain,2024-05-27,,,2025-05-27,2024,retained,Senior Leader,Senior Leader,2024-05-27,true,matched,5.3,2024-03-01,2024-03-31,2024-05-03,Eurostat-2024-05-03,https://ec.europa.eu/eurostat/web/products-euro-indicators/w/3-03052024-ap,percent_labour_force,M,,unemployment_20240503_ap.html,da98317419d6b155fb133505a1077ca95a79c83978233eba597037bc0086e998,,57,matched,13.7954887432521,2022-01-01,2022-12-31,2024-03-28,WDI-202403,https://api.worldbank.org/v2/sources/57/country/GRC;ROU;POL;ITA;IRL;BGR/series/FP.CPI.TOTL.ZG/time/YR2018;YR2019;YR2020;YR2021;YR2022;YR2023;YR2024;YR2025/version/202403/data?format=json&per_page=1000,percent_annual_change,A,,cpi_202403.json,0ca0709cbe1784e8236d24121a36ec2e0254b7cfb5a77654180fa00becf26527,,513,no_verified_historical_match,,,,,,,,,,,,,,matched,0.6,2023-10-01,2023-12-31,2024-03-15,Eurostat-2024-03-15,https://ec.europa.eu/eurostat/en/web/products-euro-indicators/w/3-15032024-ap,percent_total_posts,Q,B-F,vacancies_20240315_ap.html,c0549d20c8f89be00d83d0a6fb1b35f1975e90f54db1bfe1968979b6be479175,,148
ACP001461,1462,IT,Sales,2023-04-27,,,2024-04-27,2023,retained,Senior Leader,Senior Leader,2023-04-27,true,matched,8.0,2023-02-01,2023-02-28,2023-03-31,Eurostat-2023-03-31,https://ec.europa.eu/eurostat/documents/2995521/16324762/3-31032023-BP-EN.pdf/4cb7a93a-bb55-923d-ec95-5fcb8073271c,percent_labour_force,M,,unemployment_2023-03-31.pdf,88c1b83fbbf202a433de6b307b3233e1382f223da32f1ba84835c6f57f525409,4,58,matched,1.87378325762491,2021-01-01,2021-12-31,2023-03-02,WDI-202303,https://api.worldbank.org/v2/sources/57/country/GRC;ROU;POL;ITA;IRL;BGR/series/FP.CPI.TOTL.ZG/time/YR2018;YR2019;YR2020;YR2021;YR2022;YR2023;YR2024;YR2025/version/202303/data?format=json&per_page=1000,percent_annual_change,A,,cpi_202303.json,c8515a665f59a521fe4b854c474869a12e16189c06f0fe994a9f3886a3e5ff97,,482,no_verified_historical_match,,,,,,,,,,,,,,matched,2.1,2022-10-01,2022-12-31,2023-03-20,Eurostat-2023-03-20,https://ec.europa.eu/eurostat/documents/2995521/16310170/3-20032023-BP-EN.pdf/94c96dce-5803-33ba-0173-afc9dc21e074,percent_total_posts,Q,B-F,vacancies_2023-03-20.pdf,110c184f0f29a527b8f679b871555f50dc5172ae010e9fa6055cea6853904180,4,117
ACP001466,1467,IE,Supply Chain,2022-09-01,,,2023-09-01,2022,retained,Senior Leader,Senior Leader,2022-09-01,true,stale,,,,,,,,,,,,,185,matched,2.35814296241712,2021-01-01,2021-12-31,2022-07-01,WDI-202207,https://api.worldbank.org/v2/sources/57/country/GRC;ROU;POL;ITA;IRL;BGR/series/FP.CPI.TOTL.ZG/time/YR2018;YR2019;YR2020;YR2021;YR2022;YR2023;YR2024;YR2025/version/202207/data?format=json&per_page=1000,percent_annual_change,A,,cpi_202207.json,fcc394a0d05bfd87e45fc547aef5880c30345f851b8fb0eaa8012bebe91815eb,,244,no_verified_historical_match,,,,,,,,,,,,,,stale,,,,,,,,,,,,,244
ACP001467,1468,PL,Digital,2024-05-30,,,2025-05-30,2024,retained,Senior Leader,Senior Leader,2024-05-30,true,matched,2.9,2024-03-01,2024-03-31,2024-05-03,Eurostat-2024-05-03,https://ec.europa.eu/eurostat/web/products-euro-indicators/w/3-03052024-ap,percent_labour_force,M,,unemployment_20240503_ap.html,da98317419d6b155fb133505a1077ca95a79c83978233eba597037bc0086e998,,60,matched,14.4294507575758,2022-01-01,2022-12-31,2024-03-28,WDI-202403,https://api.worldbank.org/v2/sources/57/country/GRC;ROU;POL;ITA;IRL;BGR/series/FP.CPI.TOTL.ZG/time/YR2018;YR2019;YR2020;YR2021;YR2022;YR2023;YR2024;YR2025/version/202403/data?format=json&per_page=1000,percent_annual_change,A,,cpi_202403.json,0ca0709cbe1784e8236d24121a36ec2e0254b7cfb5a77654180fa00becf26527,,516,no_verified_historical_match,,,,,,,,,,,,,,matched,0.8,2023-10-01,2023-12-31,2024-03-15,Eurostat-2024-03-15,https://ec.europa.eu/eurostat/en/web/products-euro-indicators/w/3-15032024-ap,percent_total_posts,Q,B-F,vacancies_20240315_ap.html,c0549d20c8f89be00d83d0a6fb1b35f1975e90f54db1bfe1968979b6be479175,,151
ACP001473,1474,IT,Digital,2024-06-28,,,2025-06-28,2024,retained,Senior Leader,Senior Leader,2024-06-28,true,matched,6.9,2024-04-01,2024-04-30,2024-05-30,Eurostat-2024-05-30,https://ec.europa.eu/eurostat/web/products-euro-indicators/w/3-30052024-ap,percent_labour_force,M,,unemployment_20240530_ap.html,c25134b8ce4fe35b52fdb84a024bb2d0ce7f8213af3260482f66b31ff9f26fa5,,59,matched,8.20128991161718,2022-01-01,2022-12-31,2024-05-30,WDI-202405,https://api.worldbank.org/v2/sources/57/country/GRC;ROU;POL;ITA;IRL;BGR/series/FP.CPI.TOTL.ZG/time/YR2018;YR2019;YR2020;YR2021;YR2022;YR2023;YR2024;YR2025/version/202405/data?format=json&per_page=1000,percent_annual_change,A,,cpi_202405.json,07955449417718a49e2c4ed6d0d186a3d771aab77d70556bee4b1943cc5e88be,,545,no_verified_historical_match,,,,,,,,,,,,,,matched,2.4,2024-01-01,2024-03-31,2024-06-14,Eurostat-2024-06-14,https://ec.europa.eu/eurostat/en/web/products-euro-indicators/w/3-14062024-bp,percent_total_posts,Q,B-F,vacancies_20240614_bp.html,96d4319700a8b814eb5de1893e8accb0bd8ab202fcbdca2ec429160702d97c1a,,89
ACP001475,1476,IE,Sales,2022-06-07,,,2023-06-07,2022,retained,Senior Leader,Senior Leader,2022-06-07,true,matched,5.2,2022-02-01,2022-02-28,2022-03-31,Eurostat-2022-03-31,https://ec.europa.eu/eurostat/documents/2995521/14358254/3-31032022-AP-EN.pdf,percent_labour_force,M,,unemployment_2022-03-31.pdf,9f5486bb7d2a7e590622bc8cf3cf8eb942c00debd0e460a82a816b60fa295427,4,99,matched,2.3581429624,2021-01-01,2021-12-31,2022-04-27,WDI-202204,https://api.worldbank.org/v2/sources/57/country/GRC;ROU;POL;ITA;IRL;BGR/series/FP.CPI.TOTL.ZG/time/YR2018;YR2019;YR2020;YR2021;YR2022;YR2023;YR2024;YR2025/version/202204/data?format=json&per_page=1000,percent_annual_change,A,,cpi_202204.json,f17ba4e86d26b38938d46c1face61717ad16ffd9bf3d6119933f5ba7d22c8162,,158,no_verified_historical_match,,,,,,,,,,,,,,matched,1.2,2021-10-01,2021-12-31,2022-03-17,Eurostat-2022-03-17,https://ec.europa.eu/eurostat/documents/2995521/14358242/3-17032022-BP-EN.pdf/3e6f6746-aa8d-b25c-7696-3912bf7ebd2c,percent_total_posts,Q,B-F,vacancies_2022-03-17.pdf,f4fbd74c61a2ebc7ddac7505031b036ad7ab671f4c7375ecd83c4068c6843a70,4,158
ACP001481,1482,IT,Digital,2020-11-19,2021-05-12,,2021-11-19,2020,outside_objective_hire_period,Senior Leader,Senior Leader,2020-11-19,false,outside_metric_population,,,,,,,,,,,,,,outside_metric_population,,,,,,,,,,,,,,outside_metric_population,,,,,,,,,,,,,,outside_metric_population,,,,,,,,,,,,,
ACP001488,1489,RO,Finance,2023-09-09,,,2024-09-09,2023,retained,Senior Leader,Senior Leader,2023-09-09,true,matched,5.5,2023-05-01,2023-05-31,2023-06-30,Eurostat-2023-06-30,https://ec.europa.eu/eurostat/documents/2995521/17075197/3-30062023-BP-EN.pdf/ee3b1511-c710-4033-fc9a-aaf1c3d60241,percent_labour_force,M,,unemployment_2023-06-30.pdf,e9ca8e37b0db5f88d1d6f478fa6d1ebd3fe3db197cfcee4404a66ae66f35df0e,4,101,matched,5.05232876096582,2021-01-01,2021-12-31,2023-03-02,WDI-202303,https://api.worldbank.org/v2/sources/57/country/GRC;ROU;POL;ITA;IRL;BGR/series/FP.CPI.TOTL.ZG/time/YR2018;YR2019;YR2020;YR2021;YR2022;YR2023;YR2024;YR2025/version/202303/data?format=json&per_page=1000,percent_annual_change,A,,cpi_202303.json,c8515a665f59a521fe4b854c474869a12e16189c06f0fe994a9f3886a3e5ff97,,617,no_verified_historical_match,,,,,,,,,,,,,,stale,,,,,,,,,,,,,252
ACP001489,1490,IE,Supply Chain,2024-03-01,,,2025-03-01,2024,retained,Senior Leader,Senior Leader,2024-03-01,true,stale,,,,,,,,,,,,,275,matched,7.80737540996716,2022-01-01,2022-12-31,2023-12-20,WDI-202312,https://api.worldbank.org/v2/sources/57/country/GRC;ROU;POL;ITA;IRL;BGR/series/FP.CPI.TOTL.ZG/time/YR2018;YR2019;YR2020;YR2021;YR2022;YR2023;YR2024;YR2025/version/202312/data?format=json&per_page=1000,percent_annual_change,A,,cpi_202312.json,018b9ac410fe4b61e0716a6659574061d9f7048eea1b955f22b00761c64ead29,,426,no_verified_historical_match,,,,,,,,,,,,,,matched,0.7,2023-07-01,2023-09-30,2023-12-18,Eurostat-2023-12-18,https://ec.europa.eu/eurostat/documents/2995521/18134838/3-18122023-AP-EN.pdf/8040054f-078e-391b-63a4-af98fcfe1679,percent_total_posts,Q,B-F,vacancies_2023-12-18.pdf,05dbfc215765fadb56eea071c8ca2b4801023528c3e203f36aa135b134d91ef8,5,153
ACP001494,1495,IT,Sales,2023-08-16,2024-06-04,seniority_mapping_assumed,2024-08-16,2023,left_before_milestone,Senior Leader,Sr Mgmt,2023-08-16,true,matched,7.6,2023-05-01,2023-05-31,2023-06-30,Eurostat-2023-06-30,https://ec.europa.eu/eurostat/documents/2995521/17075197/3-30062023-BP-EN.pdf/ee3b1511-c710-4033-fc9a-aaf1c3d60241,percent_labour_force,M,,unemployment_2023-06-30.pdf,e9ca8e37b0db5f88d1d6f478fa6d1ebd3fe3db197cfcee4404a66ae66f35df0e,4,77,matched,1.87378325762491,2021-01-01,2021-12-31,2023-03-02,WDI-202303,https://api.worldbank.org/v2/sources/57/country/GRC;ROU;POL;ITA;IRL;BGR/series/FP.CPI.TOTL.ZG/time/YR2018;YR2019;YR2020;YR2021;YR2022;YR2023;YR2024;YR2025/version/202303/data?format=json&per_page=1000,percent_annual_change,A,,cpi_202303.json,c8515a665f59a521fe4b854c474869a12e16189c06f0fe994a9f3886a3e5ff97,,593,no_verified_historical_match,,,,,,,,,,,,,,matched,2.1,2022-10-01,2022-12-31,2023-03-20,Eurostat-2023-03-20,https://ec.europa.eu/eurostat/documents/2995521/16310170/3-20032023-BP-EN.pdf/94c96dce-5803-33ba-0173-afc9dc21e074,percent_total_posts,Q,B-F,vacancies_2023-03-20.pdf,110c184f0f29a527b8f679b871555f50dc5172ae010e9fa6055cea6853904180,4,228
ACP001502,1503,GR,Finance,2023-10-13,,,2024-10-13,2023,retained,Senior Leader,Senior Leader,2023-10-13,true,stale,,,,,,,,,,,,,135,matched,9.64525981280641,2022-01-01,2022-12-31,2023-09-20,WDI-202309,https://api.worldbank.org/v2/sources/57/country/GRC;ROU;POL;ITA;IRL;BGR/series/FP.CPI.TOTL.ZG/time/YR2018;YR2019;YR2020;YR2021;YR2022;YR2023;YR2024;YR2025/version/202309/data?format=json&per_page=1000,percent_annual_change,A,,cpi_202309.json,6ab34f46a2868e425d4ac98bd90071bae6bb20dd63f784b2142709f4f500be1c,,286,no_verified_historical_match,,,,,,,,,,,,,,matched,1.7,2023-04-01,2023-06-30,2023-09-14,Eurostat-2023-09-14,https://ec.europa.eu/eurostat/documents/2995521/17501484/3-14092023-AP-EN.pdf/ad3c84e2-fbbb-b3a8-b762-5e6996dfa08d,percent_total_posts,Q,B-F,vacancies_2023-09-14.pdf,293207132a798f154862cb18898de43d2f6d1da4efa027811aa9c0b897c7b22e,5,105
ACP001503,1504,RO,Sales,2022-09-28,,,2023-09-28,2022,retained,Senior Leader,Senior Leader,2022-09-28,true,stale,,,,,,,,,,,,,212,matched,5.05232876096582,2021-01-01,2021-12-31,2022-09-16,WDI-202209,https://api.worldbank.org/v2/sources/57/country/GRC;ROU;POL;ITA;IRL;BGR/series/FP.CPI.TOTL.ZG/time/YR2018;YR2019;YR2020;YR2021;YR2022;YR2023;YR2024;YR2025/version/202209/data?format=json&per_page=1000,percent_annual_change,A,,cpi_202209.json,8ab4e907a1d5a14b0333cddb83037df8a4527ce02dae1c134f1b8e624b35d4f7,,271,no_verified_historical_match,,,,,,,,,,,,,,matched,0.9,2022-04-01,2022-06-30,2022-09-16,Eurostat-2022-09-16,https://ec.europa.eu/eurostat/documents/2995521/14698147/3-16092022-BP-EN.pdf/ce89f62d-6e8e-e5ec-d542-203a42943b9c,percent_total_posts,Q,B-F,vacancies_2022-09-16.pdf,821390436d37d5c9ff098660d4be3edadbaaea98de5a07e86717696c7b2ed498,4,90
ACP001504,1505,BG,Digital,2022-04-12,2022-07-20,,2023-04-12,2022,left_before_milestone,Senior Leader,Senior Leader,2022-04-12,true,matched,4.4,2022-02-01,2022-02-28,2022-03-31,Eurostat-2022-03-31,https://ec.europa.eu/eurostat/documents/2995521/14358254/3-31032022-AP-EN.pdf,percent_labour_force,M,,unemployment_2022-03-31.pdf,9f5486bb7d2a7e590622bc8cf3cf8eb942c00debd0e460a82a816b60fa295427,4,43,matched,1.67244096855762,2020-01-01,2020-12-31,2022-02-15,WDI-202202,https://api.worldbank.org/v2/sources/57/country/GRC;ROU;POL;ITA;IRL;BGR/series/FP.CPI.TOTL.ZG/time/YR2018;YR2019;YR2020;YR2021;YR2022;YR2023;YR2024;YR2025/version/202202/data?format=json&per_page=1000,percent_annual_change,A,,cpi_202202.json,95ed0074fba0a2c4103a609664b64de192224526a3e77f88959b4a460c3a3161,,467,no_verified_historical_match,,,,,,,,,,,,,,matched,0.6,2021-10-01,2021-12-31,2022-03-17,Eurostat-2022-03-17,https://ec.europa.eu/eurostat/documents/2995521/14358242/3-17032022-BP-EN.pdf/3e6f6746-aa8d-b25c-7696-3912bf7ebd2c,percent_total_posts,Q,B-F,vacancies_2022-03-17.pdf,f4fbd74c61a2ebc7ddac7505031b036ad7ab671f4c7375ecd83c4068c6843a70,4,102
ACP001505,1506,RO,Supply Chain,2024-10-03,,,2025-10-03,2024,retained,Senior Leader,Senior Leader,2024-10-03,true,matched,5.5,2024-08-01,2024-08-31,2024-10-02,Eurostat-2024-10-02,https://ec.europa.eu/eurostat/web/products-euro-indicators/w/3-02102024-ap,percent_labour_force,M,,unemployment_20241002_ap.html,578899fb227bd5ad5295164be76d1630311178fd1e65ec08a90318b109c49680,,33,matched,10.3971874764996,2023-01-01,2023-12-31,2024-09-19,WDI-202409,https://api.worldbank.org/v2/sources/57/country/GRC;ROU;POL;ITA;IRL;BGR/series/FP.CPI.TOTL.ZG/time/YR2018;YR2019;YR2020;YR2021;YR2022;YR2023;YR2024;YR2025/version/202409/data?format=json&per_page=1000,percent_annual_change,A,,cpi_202409.json,88235d805dd49613431794b01d7a805fc71b43f46cf1e889f76362ccba6aef36,,277,no_verified_historical_match,,,,,,,,,,,,,,matched,0.7,2024-04-01,2024-06-30,2024-09-13,Eurostat-2024-09-13,https://ec.europa.eu/eurostat/en/web/products-euro-indicators/w/3-13092024-bp,percent_total_posts,Q,B-F,vacancies_20240913_bp.html,03eb21dd31fb35ca93563864769d20dd8f8cfcab355a0857e1a514d915014846,,95
ACP001519,1520,RO,Digital,2023-04-22,,,2024-04-22,2023,retained,Senior Leader,Senior Leader,2023-04-22,true,matched,5.5,2023-02-01,2023-02-28,2023-03-31,Eurostat-2023-03-31,https://ec.europa.eu/eurostat/documents/2995521/16324762/3-31032023-BP-EN.pdf/4cb7a93a-bb55-923d-ec95-5fcb8073271c,percent_labour_force,M,,unemployment_2023-03-31.pdf,88c1b83fbbf202a433de6b307b3233e1382f223da32f1ba84835c6f57f525409,4,53,matched,5.05232876096582,2021-01-01,2021-12-31,2023-03-02,WDI-202303,https://api.worldbank.org/v2/sources/57/country/GRC;ROU;POL;ITA;IRL;BGR/series/FP.CPI.TOTL.ZG/time/YR2018;YR2019;YR2020;YR2021;YR2022;YR2023;YR2024;YR2025/version/202303/data?format=json&per_page=1000,percent_annual_change,A,,cpi_202303.json,c8515a665f59a521fe4b854c474869a12e16189c06f0fe994a9f3886a3e5ff97,,477,no_verified_historical_match,,,,,,,,,,,,,,matched,0.8,2022-10-01,2022-12-31,2023-03-20,Eurostat-2023-03-20,https://ec.europa.eu/eurostat/documents/2995521/16310170/3-20032023-BP-EN.pdf/94c96dce-5803-33ba-0173-afc9dc21e074,percent_total_posts,Q,B-F,vacancies_2023-03-20.pdf,110c184f0f29a527b8f679b871555f50dc5172ae010e9fa6055cea6853904180,4,112
ACP001529,1530,IT,Supply Chain,2024-03-27,2025-01-06,,2025-03-27,2024,left_before_milestone,Senior Leader,Senior Leader,2024-03-27,true,matched,7.2,2024-01-01,2024-01-31,2024-03-01,Eurostat-2024-03-01,https://ec.europa.eu/eurostat/web/products-euro-indicators/w/3-01032024-bp,percent_labour_force,M,,unemployment_20240301_bp.html,7b9a73e013dd069c2677925a9eaf13d449fba91577fc7b67687dbe6d135786d8,,56,matched,8.20128991161718,2022-01-01,2022-12-31,2023-12-20,WDI-202312,https://api.worldbank.org/v2/sources/57/country/GRC;ROU;POL;ITA;IRL;BGR/series/FP.CPI.TOTL.ZG/time/YR2018;YR2019;YR2020;YR2021;YR2022;YR2023;YR2024;YR2025/version/202312/data?format=json&per_page=1000,percent_annual_change,A,,cpi_202312.json,018b9ac410fe4b61e0716a6659574061d9f7048eea1b955f22b00761c64ead29,,452,no_verified_historical_match,,,,,,,,,,,,,,matched,2.0,2023-10-01,2023-12-31,2024-03-15,Eurostat-2024-03-15,https://ec.europa.eu/eurostat/en/web/products-euro-indicators/w/3-15032024-ap,percent_total_posts,Q,B-F,vacancies_20240315_ap.html,c0549d20c8f89be00d83d0a6fb1b35f1975e90f54db1bfe1968979b6be479175,,87
ACP001549,1550,PL,Supply Chain,2022-07-30,,,2023-07-30,2022,retained,Senior Leader,Senior Leader,2022-07-30,true,stale,,,,,,,,,,,,,152,matched,5.05502704719268,2021-01-01,2021-12-31,2022-07-01,WDI-202207,https://api.worldbank.org/v2/sources/57/country/GRC;ROU;POL;ITA;IRL;BGR/series/FP.CPI.TOTL.ZG/time/YR2018;YR2019;YR2020;YR2021;YR2022;YR2023;YR2024;YR2025/version/202207/data?format=json&per_page=1000,percent_annual_change,A,,cpi_202207.json,fcc394a0d05bfd87e45fc547aef5880c30345f851b8fb0eaa8012bebe91815eb,,211,no_verified_historical_match,,,,,,,,,,,,,,matched,1.4,2021-10-01,2021-12-31,2022-03-17,Eurostat-2022-03-17,https://ec.europa.eu/eurostat/documents/2995521/14358242/3-17032022-BP-EN.pdf/3e6f6746-aa8d-b25c-7696-3912bf7ebd2c,percent_total_posts,Q,B-F,vacancies_2022-03-17.pdf,f4fbd74c61a2ebc7ddac7505031b036ad7ab671f4c7375ecd83c4068c6843a70,4,211
ACP001554,1555,PL,Supply Chain,2022-08-24,2023-02-14,,2023-08-24,2022,left_before_milestone,Senior Leader,Senior Leader,2022-08-24,true,stale,,,,,,,,,,,,,177,matched,5.05502704719268,2021-01-01,2021-12-31,2022-07-01,WDI-202207,https://api.worldbank.org/v2/sources/57/country/GRC;ROU;POL;ITA;IRL;BGR/series/FP.CPI.TOTL.ZG/time/YR2018;YR2019;YR2020;YR2021;YR2022;YR2023;YR2024;YR2025/version/202207/data?format=json&per_page=1000,percent_annual_change,A,,cpi_202207.json,fcc394a0d05bfd87e45fc547aef5880c30345f851b8fb0eaa8012bebe91815eb,,236,no_verified_historical_match,,,,,,,,,,,,,,matched,1.4,2021-10-01,2021-12-31,2022-03-17,Eurostat-2022-03-17,https://ec.europa.eu/eurostat/documents/2995521/14358242/3-17032022-BP-EN.pdf/3e6f6746-aa8d-b25c-7696-3912bf7ebd2c,percent_total_posts,Q,B-F,vacancies_2022-03-17.pdf,f4fbd74c61a2ebc7ddac7505031b036ad7ab671f4c7375ecd83c4068c6843a70,4,236
ACP001558,1559,IT,Supply Chain,2023-02-02,2024-11-03,,2024-02-02,2023,retained,Senior Leader,Senior Leader,2023-02-02,true,matched,7.8,2022-11-01,2022-11-30,2023-01-09,Eurostat-2023-01-09,https://ec.europa.eu/eurostat/documents/2995521/15725152/3-09012023-AP-EN.pdf,percent_labour_force,M,,unemployment_2023-01-09.pdf,b93b1c7cd2615570b2f70b4d5d6ead7dcdbaa61f2434ade3eab3738c4f044826,4,64,matched,1.87378325762491,2021-01-01,2021-12-31,2022-12-22,WDI-202212,https://api.worldbank.org/v2/sources/57/country/GRC;ROU;POL;ITA;IRL;BGR/series/FP.CPI.TOTL.ZG/time/YR2018;YR2019;YR2020;YR2021;YR2022;YR2023;YR2024;YR2025/version/202212/data?format=json&per_page=1000,percent_annual_change,A,,cpi_202212.json,9f9c53886164cc2ac3b8d887dc4a8b473bb32591611378a714bb37f361134272,,398,no_verified_historical_match,,,,,,,,,,,,,,matched,2.2,2022-04-01,2022-06-30,2022-09-16,Eurostat-2022-09-16,https://ec.europa.eu/eurostat/documents/2995521/14698147/3-16092022-BP-EN.pdf/ce89f62d-6e8e-e5ec-d542-203a42943b9c,percent_total_posts,Q,B-F,vacancies_2022-09-16.pdf,821390436d37d5c9ff098660d4be3edadbaaea98de5a07e86717696c7b2ed498,4,217
ACP001573,1574,IT,Supply Chain,2025-05-22,,,2026-05-22,2025,pending_observation,Senior Leader,Senior Leader,2025-05-22,false,outside_metric_population,,,,,,,,,,,,,,outside_metric_population,,,,,,,,,,,,,,outside_metric_population,,,,,,,,,,,,,,outside_metric_population,,,,,,,,,,,,,
ACP001577,1578,PL,Supply Chain,2025-08-01,,,2026-08-01,2025,pending_observation,Senior Leader,Senior Leader,2025-08-01,false,outside_metric_population,,,,,,,,,,,,,,outside_metric_population,,,,,,,,,,,,,,outside_metric_population,,,,,,,,,,,,,,outside_metric_population,,,,,,,,,,,,,
ACP001578,1579,PL,Finance,2022-05-14,,,2023-05-14,2022,retained,Senior Leader,Senior Leader,2022-05-14,true,matched,3.0,2022-02-01,2022-02-28,2022-03-31,Eurostat-2022-03-31,https://ec.europa.eu/eurostat/documents/2995521/14358254/3-31032022-AP-EN.pdf,percent_labour_force,M,,unemployment_2022-03-31.pdf,9f5486bb7d2a7e590622bc8cf3cf8eb942c00debd0e460a82a816b60fa295427,4,75,matched,5.0550270472,2021-01-01,2021-12-31,2022-04-27,WDI-202204,https://api.worldbank.org/v2/sources/57/country/GRC;ROU;POL;ITA;IRL;BGR/series/FP.CPI.TOTL.ZG/time/YR2018;YR2019;YR2020;YR2021;YR2022;YR2023;YR2024;YR2025/version/202204/data?format=json&per_page=1000,percent_annual_change,A,,cpi_202204.json,f17ba4e86d26b38938d46c1face61717ad16ffd9bf3d6119933f5ba7d22c8162,,134,no_verified_historical_match,,,,,,,,,,,,,,matched,1.4,2021-10-01,2021-12-31,2022-03-17,Eurostat-2022-03-17,https://ec.europa.eu/eurostat/documents/2995521/14358242/3-17032022-BP-EN.pdf/3e6f6746-aa8d-b25c-7696-3912bf7ebd2c,percent_total_posts,Q,B-F,vacancies_2022-03-17.pdf,f4fbd74c61a2ebc7ddac7505031b036ad7ab671f4c7375ecd83c4068c6843a70,4,134
ACP001579,1580,BG,Supply Chain,2025-10-20,,,2026-10-20,2025,pending_observation,Senior Leader,Senior Leader,2025-10-20,false,outside_metric_population,,,,,,,,,,,,,,outside_metric_population,,,,,,,,,,,,,,outside_metric_population,,,,,,,,,,,,,,outside_metric_population,,,,,,,,,,,,,
ACP001588,1589,BG,Finance,2022-03-13,,,2023-03-13,2022,retained,Senior Leader,Senior Leader,2022-03-13,true,stale,,,,,,,,,,,,,225,matched,1.67244096855762,2020-01-01,2020-12-31,2022-02-15,WDI-202202,https://api.worldbank.org/v2/sources/57/country/GRC;ROU;POL;ITA;IRL;BGR/series/FP.CPI.TOTL.ZG/time/YR2018;YR2019;YR2020;YR2021;YR2022;YR2023;YR2024;YR2025/version/202202/data?format=json&per_page=1000,percent_annual_change,A,,cpi_202202.json,95ed0074fba0a2c4103a609664b64de192224526a3e77f88959b4a460c3a3161,,437,no_verified_historical_match,,,,,,,,,,,,,,stale,,,,,,,,,,,,,256
ACP001592,1593,IE,Finance,2021-01-14,,,2022-01-14,2021,retained,Senior Leader,Senior Leader,2021-01-14,true,no_verified_historical_match,,,,,,,,,,,,,,matched,0.939044481054341,2019-01-01,2019-12-31,2020-12-16,WDI-202012,https://api.worldbank.org/v2/sources/57/country/GRC;ROU;POL;ITA;IRL;BGR/series/FP.CPI.TOTL.ZG/time/YR2018;YR2019;YR2020;YR2021;YR2022;YR2023;YR2024;YR2025/version/202012/data?format=json&per_page=1000,percent_annual_change,A,,cpi_202012.json,8ae40812de40275b0e50fbcfb8cfe94f4169ebfed5f5a0a1f3c7428328b36786,,380,no_verified_historical_match,,,,,,,,,,,,,,no_verified_historical_match,,,,,,,,,,,,,
ACP001594,1595,GR,Supply Chain,2022-05-19,,,2023-05-19,2022,retained,Senior Leader,Senior Leader,2022-05-19,true,matched,11.9,2022-02-01,2022-02-28,2022-03-31,Eurostat-2022-03-31,https://ec.europa.eu/eurostat/documents/2995521/14358254/3-31032022-AP-EN.pdf,percent_labour_force,M,,unemployment_2022-03-31.pdf,9f5486bb7d2a7e590622bc8cf3cf8eb942c00debd0e460a82a816b60fa295427,4,80,matched,1.2238250102,2021-01-01,2021-12-31,2022-04-27,WDI-202204,https://api.worldbank.org/v2/sources/57/country/GRC;ROU;POL;ITA;IRL;BGR/series/FP.CPI.TOTL.ZG/time/YR2018;YR2019;YR2020;YR2021;YR2022;YR2023;YR2024;YR2025/version/202204/data?format=json&per_page=1000,percent_annual_change,A,,cpi_202204.json,f17ba4e86d26b38938d46c1face61717ad16ffd9bf3d6119933f5ba7d22c8162,,139,no_verified_historical_match,,,,,,,,,,,,,,matched,1.8,2021-10-01,2021-12-31,2022-03-17,Eurostat-2022-03-17,https://ec.europa.eu/eurostat/documents/2995521/14358242/3-17032022-BP-EN.pdf/3e6f6746-aa8d-b25c-7696-3912bf7ebd2c,percent_total_posts,Q,B-F,vacancies_2022-03-17.pdf,f4fbd74c61a2ebc7ddac7505031b036ad7ab671f4c7375ecd83c4068c6843a70,4,139
ACP001620,1621,GR,Sales,2021-06-02,,,2022-06-02,2021,retained,Senior Leader,Senior Leader,2021-06-02,true,no_verified_historical_match,,,,,,,,,,,,,,matched,-1.24795187701348,2020-01-01,2020-12-31,2021-05-25,WDI-202105,https://api.worldbank.org/v2/sources/57/country/GRC;ROU;POL;ITA;IRL;BGR/series/FP.CPI.TOTL.ZG/time/YR2018;YR2019;YR2020;YR2021;YR2022;YR2023;YR2024;YR2025/version/202105/data?format=json&per_page=1000,percent_annual_change,A,,cpi_202105.json,a8ec151a5888a7d3004bf9ae7f3417e50c5750f9df29d9d7bb93a2278c59a9f3,,153,no_verified_historical_match,,,,,,,,,,,,,,no_verified_historical_match,,,,,,,,,,,,,
ACP001624,1625,PL,Finance,2025-08-20,,,2026-08-20,2025,pending_observation,Senior Leader,Senior Leader,2025-08-20,false,outside_metric_population,,,,,,,,,,,,,,outside_metric_population,,,,,,,,,,,,,,outside_metric_population,,,,,,,,,,,,,,outside_metric_population,,,,,,,,,,,,,
ACP001625,1626,IT,Digital,2023-10-05,2024-02-22,,2024-10-05,2023,left_before_milestone,Senior Leader,Senior Leader,2023-10-05,true,stale,,,,,,,,,,,,,127,matched,8.20128991161718,2022-01-01,2022-12-31,2023-09-20,WDI-202309,https://api.worldbank.org/v2/sources/57/country/GRC;ROU;POL;ITA;IRL;BGR/series/FP.CPI.TOTL.ZG/time/YR2018;YR2019;YR2020;YR2021;YR2022;YR2023;YR2024;YR2025/version/202309/data?format=json&per_page=1000,percent_annual_change,A,,cpi_202309.json,6ab34f46a2868e425d4ac98bd90071bae6bb20dd63f784b2142709f4f500be1c,,278,no_verified_historical_match,,,,,,,,,,,,,,matched,2.3,2023-04-01,2023-06-30,2023-09-14,Eurostat-2023-09-14,https://ec.europa.eu/eurostat/documents/2995521/17501484/3-14092023-AP-EN.pdf/ad3c84e2-fbbb-b3a8-b762-5e6996dfa08d,percent_total_posts,Q,B-F,vacancies_2023-09-14.pdf,293207132a798f154862cb18898de43d2f6d1da4efa027811aa9c0b897c7b22e,5,97
ACP001631,1632,RO,Supply Chain,2023-04-03,,,2024-04-03,2023,retained,Senior Leader,Senior Leader,2023-04-03,true,matched,5.5,2023-02-01,2023-02-28,2023-03-31,Eurostat-2023-03-31,https://ec.europa.eu/eurostat/documents/2995521/16324762/3-31032023-BP-EN.pdf/4cb7a93a-bb55-923d-ec95-5fcb8073271c,percent_labour_force,M,,unemployment_2023-03-31.pdf,88c1b83fbbf202a433de6b307b3233e1382f223da32f1ba84835c6f57f525409,4,34,matched,5.05232876096582,2021-01-01,2021-12-31,2023-03-02,WDI-202303,https://api.worldbank.org/v2/sources/57/country/GRC;ROU;POL;ITA;IRL;BGR/series/FP.CPI.TOTL.ZG/time/YR2018;YR2019;YR2020;YR2021;YR2022;YR2023;YR2024;YR2025/version/202303/data?format=json&per_page=1000,percent_annual_change,A,,cpi_202303.json,c8515a665f59a521fe4b854c474869a12e16189c06f0fe994a9f3886a3e5ff97,,458,no_verified_historical_match,,,,,,,,,,,,,,matched,0.8,2022-10-01,2022-12-31,2023-03-20,Eurostat-2023-03-20,https://ec.europa.eu/eurostat/documents/2995521/16310170/3-20032023-BP-EN.pdf/94c96dce-5803-33ba-0173-afc9dc21e074,percent_total_posts,Q,B-F,vacancies_2023-03-20.pdf,110c184f0f29a527b8f679b871555f50dc5172ae010e9fa6055cea6853904180,4,93
ACP001640,1641,IT,Sales,2023-03-23,,,2024-03-23,2023,retained,Senior Leader,Senior Leader,2023-03-23,true,matched,7.8,2022-11-01,2022-11-30,2023-01-09,Eurostat-2023-01-09,https://ec.europa.eu/eurostat/documents/2995521/15725152/3-09012023-AP-EN.pdf,percent_labour_force,M,,unemployment_2023-01-09.pdf,b93b1c7cd2615570b2f70b4d5d6ead7dcdbaa61f2434ade3eab3738c4f044826,4,113,matched,1.87378325762491,2021-01-01,2021-12-31,2023-03-02,WDI-202303,https://api.worldbank.org/v2/sources/57/country/GRC;ROU;POL;ITA;IRL;BGR/series/FP.CPI.TOTL.ZG/time/YR2018;YR2019;YR2020;YR2021;YR2022;YR2023;YR2024;YR2025/version/202303/data?format=json&per_page=1000,percent_annual_change,A,,cpi_202303.json,c8515a665f59a521fe4b854c474869a12e16189c06f0fe994a9f3886a3e5ff97,,447,no_verified_historical_match,,,,,,,,,,,,,,matched,2.1,2022-10-01,2022-12-31,2023-03-20,Eurostat-2023-03-20,https://ec.europa.eu/eurostat/documents/2995521/16310170/3-20032023-BP-EN.pdf/94c96dce-5803-33ba-0173-afc9dc21e074,percent_total_posts,Q,B-F,vacancies_2023-03-20.pdf,110c184f0f29a527b8f679b871555f50dc5172ae010e9fa6055cea6853904180,4,82
ACP001645,1646,RO,Sales,2021-12-07,,,2022-12-07,2021,retained,Senior Leader,Senior Leader,2021-12-07,true,stale,,,,,,,,,,,,,129,matched,2.63107311184752,2020-01-01,2020-12-31,2021-09-15,WDI-202109,https://api.worldbank.org/v2/sources/57/country/GRC;ROU;POL;ITA;IRL;BGR/series/FP.CPI.TOTL.ZG/time/YR2018;YR2019;YR2020;YR2021;YR2022;YR2023;YR2024;YR2025/version/202109/data?format=json&per_page=1000,percent_annual_change,A,,cpi_202109.json,bfbad5bb4ffa9e5ada29f2e24bed493bed512c3b4a14f95b02f27519848b2d9c,,341,no_verified_historical_match,,,,,,,,,,,,,,matched,0.7,2021-04-01,2021-06-30,2021-09-16,Eurostat-2021-09-16,https://ec.europa.eu/eurostat/documents/2995521/11563271/3-16092021-BP-EN.pdf/7b7d4725-1228-b221-33bb-85562d6c58fe,percent_total_posts,Q,B-F,vacancies_2021-09-16.pdf,2ab7593d12beeaafcc0c7614a5c75a1abca9a78ead0f3e3b9ba84a8b972ad51c,4,160
ACP001651,1652,PL,Finance,2023-08-26,,,2024-08-26,2023,retained,Senior Leader,Senior Leader,2023-08-26,true,matched,2.7,2023-05-01,2023-05-31,2023-06-30,Eurostat-2023-06-30,https://ec.europa.eu/eurostat/documents/2995521/17075197/3-30062023-BP-EN.pdf/ee3b1511-c710-4033-fc9a-aaf1c3d60241,percent_labour_force,M,,unemployment_2023-06-30.pdf,e9ca8e37b0db5f88d1d6f478fa6d1ebd3fe3db197cfcee4404a66ae66f35df0e,4,87,matched,5.05502704719268,2021-01-01,2021-12-31,2023-03-02,WDI-202303,https://api.worldbank.org/v2/sources/57/country/GRC;ROU;POL;ITA;IRL;BGR/series/FP.CPI.TOTL.ZG/time/YR2018;YR2019;YR2020;YR2021;YR2022;YR2023;YR2024;YR2025/version/202303/data?format=json&per_page=1000,percent_annual_change,A,,cpi_202303.json,c8515a665f59a521fe4b854c474869a12e16189c06f0fe994a9f3886a3e5ff97,,603,no_verified_historical_match,,,,,,,,,,,,,,matched,1.0,2022-10-01,2022-12-31,2023-03-20,Eurostat-2023-03-20,https://ec.europa.eu/eurostat/documents/2995521/16310170/3-20032023-BP-EN.pdf/94c96dce-5803-33ba-0173-afc9dc21e074,percent_total_posts,Q,B-F,vacancies_2023-03-20.pdf,110c184f0f29a527b8f679b871555f50dc5172ae010e9fa6055cea6853904180,4,238
ACP001654,1655,GR,Sales,2025-09-01,,,2026-09-01,2025,pending_observation,Senior Leader,Senior Leader,2025-09-01,false,outside_metric_population,,,,,,,,,,,,,,outside_metric_population,,,,,,,,,,,,,,outside_metric_population,,,,,,,,,,,,,,outside_metric_population,,,,,,,,,,,,,
ACP001657,1658,IE,Supply Chain,2024-05-06,,,2025-05-06,2024,retained,Senior Leader,Senior Leader,2024-05-06,true,matched,4.3,2024-03-01,2024-03-31,2024-05-03,Eurostat-2024-05-03,https://ec.europa.eu/eurostat/web/products-euro-indicators/w/3-03052024-ap,percent_labour_force,M,,unemployment_20240503_ap.html,da98317419d6b155fb133505a1077ca95a79c83978233eba597037bc0086e998,,36,matched,7.80737540996716,2022-01-01,2022-12-31,2024-03-28,WDI-202403,https://api.worldbank.org/v2/sources/57/country/GRC;ROU;POL;ITA;IRL;BGR/series/FP.CPI.TOTL.ZG/time/YR2018;YR2019;YR2020;YR2021;YR2022;YR2023;YR2024;YR2025/version/202403/data?format=json&per_page=1000,percent_annual_change,A,,cpi_202403.json,0ca0709cbe1784e8236d24121a36ec2e0254b7cfb5a77654180fa00becf26527,,492,no_verified_historical_match,,,,,,,,,,,,,,matched,0.7,2023-10-01,2023-12-31,2024-03-15,Eurostat-2024-03-15,https://ec.europa.eu/eurostat/en/web/products-euro-indicators/w/3-15032024-ap,percent_total_posts,Q,B-F,vacancies_20240315_ap.html,c0549d20c8f89be00d83d0a6fb1b35f1975e90f54db1bfe1968979b6be479175,,127
ACP001659,1660,PL,Finance,2020-04-28,,,2021-04-28,2020,outside_objective_hire_period,Senior Leader,Senior Leader,2020-04-28,false,outside_metric_population,,,,,,,,,,,,,,outside_metric_population,,,,,,,,,,,,,,outside_metric_population,,,,,,,,,,,,,,outside_metric_population,,,,,,,,,,,,,
ACP001660,1661,GR,Supply Chain,2022-05-10,,,2023-05-10,2022,retained,Senior Leader,Senior Leader,2022-05-10,true,matched,11.9,2022-02-01,2022-02-28,2022-03-31,Eurostat-2022-03-31,https://ec.europa.eu/eurostat/documents/2995521/14358254/3-31032022-AP-EN.pdf,percent_labour_force,M,,unemployment_2022-03-31.pdf,9f5486bb7d2a7e590622bc8cf3cf8eb942c00debd0e460a82a816b60fa295427,4,71,matched,1.2238250102,2021-01-01,2021-12-31,2022-04-27,WDI-202204,https://api.worldbank.org/v2/sources/57/country/GRC;ROU;POL;ITA;IRL;BGR/series/FP.CPI.TOTL.ZG/time/YR2018;YR2019;YR2020;YR2021;YR2022;YR2023;YR2024;YR2025/version/202204/data?format=json&per_page=1000,percent_annual_change,A,,cpi_202204.json,f17ba4e86d26b38938d46c1face61717ad16ffd9bf3d6119933f5ba7d22c8162,,130,no_verified_historical_match,,,,,,,,,,,,,,matched,1.8,2021-10-01,2021-12-31,2022-03-17,Eurostat-2022-03-17,https://ec.europa.eu/eurostat/documents/2995521/14358242/3-17032022-BP-EN.pdf/3e6f6746-aa8d-b25c-7696-3912bf7ebd2c,percent_total_posts,Q,B-F,vacancies_2022-03-17.pdf,f4fbd74c61a2ebc7ddac7505031b036ad7ab671f4c7375ecd83c4068c6843a70,4,130
ACP001663,1664,GR,Finance,2020-10-08,,,2021-10-08,2020,outside_objective_hire_period,Senior Leader,Senior Leader,2020-10-08,false,outside_metric_population,,,,,,,,,,,,,,outside_metric_population,,,,,,,,,,,,,,outside_metric_population,,,,,,,,,,,,,,outside_metric_population,,,,,,,,,,,,,
ACP001667,1668,GR,Finance,2021-05-08,2021-07-26,,2022-05-08,2021,left_before_milestone,Senior Leader,Senior Leader,2021-05-08,true,no_verified_historical_match,,,,,,,,,,,,,,matched,0.252978044454509,2019-01-01,2019-12-31,2021-04-26,WDI-202104,https://api.worldbank.org/v2/sources/57/country/GRC;ROU;POL;ITA;IRL;BGR/series/FP.CPI.TOTL.ZG/time/YR2018;YR2019;YR2020;YR2021;YR2022;YR2023;YR2024;YR2025/version/202104/data?format=json&per_page=1000,percent_annual_change,A,,cpi_202104.json,4b4a196c93cb74cf66506d8c5ec914d612b5413e3eef53cac5a1879ab20754e4,,494,no_verified_historical_match,,,,,,,,,,,,,,no_verified_historical_match,,,,,,,,,,,,,
ACP001671,1672,IE,Digital,2020-07-29,2020-12-20,,2021-07-29,2020,outside_objective_hire_period,Senior Leader,Senior Leader,2020-07-29,false,outside_metric_population,,,,,,,,,,,,,,outside_metric_population,,,,,,,,,,,,,,outside_metric_population,,,,,,,,,,,,,,outside_metric_population,,,,,,,,,,,,,
ACP001672,1673,GR,Supply Chain,2021-02-05,,,2022-02-05,2021,retained,Senior Leader,Senior Leader,2021-02-05,true,no_verified_historical_match,,,,,,,,,,,,,,matched,0.252978044454509,2019-01-01,2019-12-31,2020-12-16,WDI-202012,https://api.worldbank.org/v2/sources/57/country/GRC;ROU;POL;ITA;IRL;BGR/series/FP.CPI.TOTL.ZG/time/YR2018;YR2019;YR2020;YR2021;YR2022;YR2023;YR2024;YR2025/version/202012/data?format=json&per_page=1000,percent_annual_change,A,,cpi_202012.json,8ae40812de40275b0e50fbcfb8cfe94f4169ebfed5f5a0a1f3c7428328b36786,,402,no_verified_historical_match,,,,,,,,,,,,,,no_verified_historical_match,,,,,,,,,,,,,
ACP001680,1681,RO,Sales,2020-11-20,2024-07-18,,2021-11-20,2020,outside_objective_hire_period,Senior Leader,Senior Leader,2020-11-20,false,outside_metric_population,,,,,,,,,,,,,,outside_metric_population,,,,,,,,,,,,,,outside_metric_population,,,,,,,,,,,,,,outside_metric_population,,,,,,,,,,,,,
ACP001682,1683,BG,Sales,2023-02-12,,,2024-02-12,2023,retained,Senior Leader,Senior Leader,2023-02-12,true,matched,4.0,2022-11-01,2022-11-30,2023-01-09,Eurostat-2023-01-09,https://ec.europa.eu/eurostat/documents/2995521/15725152/3-09012023-AP-EN.pdf,percent_labour_force,M,,unemployment_2023-01-09.pdf,b93b1c7cd2615570b2f70b4d5d6ead7dcdbaa61f2434ade3eab3738c4f044826,4,74,matched,3.29774435299511,2021-01-01,2021-12-31,2022-12-22,WDI-202212,https://api.worldbank.org/v2/sources/57/country/GRC;ROU;POL;ITA;IRL;BGR/series/FP.CPI.TOTL.ZG/time/YR2018;YR2019;YR2020;YR2021;YR2022;YR2023;YR2024;YR2025/version/202212/data?format=json&per_page=1000,percent_annual_change,A,,cpi_202212.json,9f9c53886164cc2ac3b8d887dc4a8b473bb32591611378a714bb37f361134272,,408,no_verified_historical_match,,,,,,,,,,,,,,matched,0.8,2022-04-01,2022-06-30,2022-09-16,Eurostat-2022-09-16,https://ec.europa.eu/eurostat/documents/2995521/14698147/3-16092022-BP-EN.pdf/ce89f62d-6e8e-e5ec-d542-203a42943b9c,percent_total_posts,Q,B-F,vacancies_2022-09-16.pdf,821390436d37d5c9ff098660d4be3edadbaaea98de5a07e86717696c7b2ed498,4,227
ACP001689,1690,GR,Sales,2021-11-15,2022-05-27,,2022-11-15,2021,left_before_milestone,Senior Leader,Senior Leader,2021-11-15,true,matched,14.6,2021-07-01,2021-07-31,2021-09-01,Eurostat-2021-09-01,https://ec.europa.eu/eurostat/documents/2995521/11563247/3-01092021-AP-EN.pdf,percent_labour_force,M,,unemployment_2021-09-01.pdf,6819f5d932eb306f8eb6356a683481f6060650786d798fc033872c283629faa2,4,107,matched,-1.24795187701348,2020-01-01,2020-12-31,2021-09-15,WDI-202109,https://api.worldbank.org/v2/sources/57/country/GRC;ROU;POL;ITA;IRL;BGR/series/FP.CPI.TOTL.ZG/time/YR2018;YR2019;YR2020;YR2021;YR2022;YR2023;YR2024;YR2025/version/202109/data?format=json&per_page=1000,percent_annual_change,A,,cpi_202109.json,bfbad5bb4ffa9e5ada29f2e24bed493bed512c3b4a14f95b02f27519848b2d9c,,319,no_verified_historical_match,,,,,,,,,,,,,,matched,0.4,2021-01-01,2021-03-31,2021-09-16,Eurostat-2021-09-16,https://ec.europa.eu/eurostat/documents/2995521/11563271/3-16092021-BP-EN.pdf/7b7d4725-1228-b221-33bb-85562d6c58fe,percent_total_posts,Q,B-F,vacancies_2021-09-16.pdf,2ab7593d12beeaafcc0c7614a5c75a1abca9a78ead0f3e3b9ba84a8b972ad51c,4,229
ACP001695,1696,IT,Digital,2020-09-09,,,2021-09-09,2020,outside_objective_hire_period,Senior Leader,Senior Leader,2020-09-09,false,outside_metric_population,,,,,,,,,,,,,,outside_metric_population,,,,,,,,,,,,,,outside_metric_population,,,,,,,,,,,,,,outside_metric_population,,,,,,,,,,,,,
ACP001697,1698,BG,Sales,2022-04-27,2023-03-20,,2023-04-27,2022,left_before_milestone,Senior Leader,Senior Leader,2022-04-27,true,matched,4.4,2022-02-01,2022-02-28,2022-03-31,Eurostat-2022-03-31,https://ec.europa.eu/eurostat/documents/2995521/14358254/3-31032022-AP-EN.pdf,percent_labour_force,M,,unemployment_2022-03-31.pdf,9f5486bb7d2a7e590622bc8cf3cf8eb942c00debd0e460a82a816b60fa295427,4,58,matched,1.67244096855762,2020-01-01,2020-12-31,2022-02-15,WDI-202202,https://api.worldbank.org/v2/sources/57/country/GRC;ROU;POL;ITA;IRL;BGR/series/FP.CPI.TOTL.ZG/time/YR2018;YR2019;YR2020;YR2021;YR2022;YR2023;YR2024;YR2025/version/202202/data?format=json&per_page=1000,percent_annual_change,A,,cpi_202202.json,95ed0074fba0a2c4103a609664b64de192224526a3e77f88959b4a460c3a3161,,482,no_verified_historical_match,,,,,,,,,,,,,,matched,0.6,2021-10-01,2021-12-31,2022-03-17,Eurostat-2022-03-17,https://ec.europa.eu/eurostat/documents/2995521/14358242/3-17032022-BP-EN.pdf/3e6f6746-aa8d-b25c-7696-3912bf7ebd2c,percent_total_posts,Q,B-F,vacancies_2022-03-17.pdf,f4fbd74c61a2ebc7ddac7505031b036ad7ab671f4c7375ecd83c4068c6843a70,4,117
ACP001699,1700,IT,Sales,2020-03-07,2023-12-21,,2021-03-07,2020,outside_objective_hire_period,Senior Leader,Senior Leader,2020-03-07,false,outside_metric_population,,,,,,,,,,,,,,outside_metric_population,,,,,,,,,,,,,,outside_metric_population,,,,,,,,,,,,,,outside_metric_population,,,,,,,,,,,,,
ACP001701,1702,IE,Supply Chain,2020-05-21,2022-10-11,,2021-05-21,2020,outside_objective_hire_period,Senior Leader,Senior Leader,2020-05-21,false,outside_metric_population,,,,,,,,,,,,,,outside_metric_population,,,,,,,,,,,,,,outside_metric_population,,,,,,,,,,,,,,outside_metric_population,,,,,,,,,,,,,
ACP001704,1705,PL,Supply Chain,2021-09-24,,,2022-09-24,2021,retained,Senior Leader,Senior Leader,2021-09-24,true,matched,3.4,2021-07-01,2021-07-31,2021-09-01,Eurostat-2021-09-01,https://ec.europa.eu/eurostat/documents/2995521/11563247/3-01092021-AP-EN.pdf,percent_labour_force,M,,unemployment_2021-09-01.pdf,6819f5d932eb306f8eb6356a683481f6060650786d798fc033872c283629faa2,4,55,matched,3.3744697261859,2020-01-01,2020-12-31,2021-09-15,WDI-202109,https://api.worldbank.org/v2/sources/57/country/GRC;ROU;POL;ITA;IRL;BGR/series/FP.CPI.TOTL.ZG/time/YR2018;YR2019;YR2020;YR2021;YR2022;YR2023;YR2024;YR2025/version/202109/data?format=json&per_page=1000,percent_annual_change,A,,cpi_202109.json,bfbad5bb4ffa9e5ada29f2e24bed493bed512c3b4a14f95b02f27519848b2d9c,,267,no_verified_historical_match,,,,,,,,,,,,,,matched,1.4,2021-04-01,2021-06-30,2021-09-16,Eurostat-2021-09-16,https://ec.europa.eu/eurostat/documents/2995521/11563271/3-16092021-BP-EN.pdf/7b7d4725-1228-b221-33bb-85562d6c58fe,percent_total_posts,Q,B-F,vacancies_2021-09-16.pdf,2ab7593d12beeaafcc0c7614a5c75a1abca9a78ead0f3e3b9ba84a8b972ad51c,4,86
ACP001710,1711,GR,Finance,2024-04-18,,,2025-04-18,2024,retained,Senior Leader,Senior Leader,2024-04-18,true,matched,11.0,2024-02-01,2024-02-29,2024-04-03,Eurostat-2024-04-03,https://ec.europa.eu/eurostat/web/products-euro-indicators/w/3-03042024-bp,percent_labour_force,M,,unemployment_20240403_bp.html,aba9a09ce0c365d75882f063afe6f73cf7c507a6100852333139be60deb34956,,49,matched,9.64525981280632,2022-01-01,2022-12-31,2024-03-28,WDI-202403,https://api.worldbank.org/v2/sources/57/country/GRC;ROU;POL;ITA;IRL;BGR/series/FP.CPI.TOTL.ZG/time/YR2018;YR2019;YR2020;YR2021;YR2022;YR2023;YR2024;YR2025/version/202403/data?format=json&per_page=1000,percent_annual_change,A,,cpi_202403.json,0ca0709cbe1784e8236d24121a36ec2e0254b7cfb5a77654180fa00becf26527,,474,no_verified_historical_match,,,,,,,,,,,,,,matched,2.2,2023-10-01,2023-12-31,2024-03-15,Eurostat-2024-03-15,https://ec.europa.eu/eurostat/en/web/products-euro-indicators/w/3-15032024-ap,percent_total_posts,Q,B-F,vacancies_20240315_ap.html,c0549d20c8f89be00d83d0a6fb1b35f1975e90f54db1bfe1968979b6be479175,,109
ACP001714,1715,IT,Finance,2023-11-01,,,2024-11-01,2023,retained,Senior Leader,Senior Leader,2023-11-01,true,stale,,,,,,,,,,,,,154,matched,8.20128991161718,2022-01-01,2022-12-31,2023-09-20,WDI-202309,https://api.worldbank.org/v2/sources/57/country/GRC;ROU;POL;ITA;IRL;BGR/series/FP.CPI.TOTL.ZG/time/YR2018;YR2019;YR2020;YR2021;YR2022;YR2023;YR2024;YR2025/version/202309/data?format=json&per_page=1000,percent_annual_change,A,,cpi_202309.json,6ab34f46a2868e425d4ac98bd90071bae6bb20dd63f784b2142709f4f500be1c,,305,no_verified_historical_match,,,,,,,,,,,,,,matched,2.3,2023-04-01,2023-06-30,2023-09-14,Eurostat-2023-09-14,https://ec.europa.eu/eurostat/documents/2995521/17501484/3-14092023-AP-EN.pdf/ad3c84e2-fbbb-b3a8-b762-5e6996dfa08d,percent_total_posts,Q,B-F,vacancies_2023-09-14.pdf,293207132a798f154862cb18898de43d2f6d1da4efa027811aa9c0b897c7b22e,5,124
ACP001715,1716,BG,Digital,2020-05-30,,,2021-05-30,2020,outside_objective_hire_period,Senior Leader,Senior Leader,2020-05-30,false,outside_metric_population,,,,,,,,,,,,,,outside_metric_population,,,,,,,,,,,,,,outside_metric_population,,,,,,,,,,,,,,outside_metric_population,,,,,,,,,,,,,
ACP001723,1724,IE,Digital,2020-06-03,,,2021-06-03,2020,outside_objective_hire_period,Senior Leader,Senior Leader,2020-06-03,false,outside_metric_population,,,,,,,,,,,,,,outside_metric_population,,,,,,,,,,,,,,outside_metric_population,,,,,,,,,,,,,,outside_metric_population,,,,,,,,,,,,,
ACP001725,1726,BG,Digital,2022-12-15,,,2023-12-15,2022,retained,Senior Leader,Senior Leader,2022-12-15,true,stale,,,,,,,,,,,,,290,matched,3.29774435299511,2021-01-01,2021-12-31,2022-09-16,WDI-202209,https://api.worldbank.org/v2/sources/57/country/GRC;ROU;POL;ITA;IRL;BGR/series/FP.CPI.TOTL.ZG/time/YR2018;YR2019;YR2020;YR2021;YR2022;YR2023;YR2024;YR2025/version/202209/data?format=json&per_page=1000,percent_annual_change,A,,cpi_202209.json,8ab4e907a1d5a14b0333cddb83037df8a4527ce02dae1c134f1b8e624b35d4f7,,349,no_verified_historical_match,,,,,,,,,,,,,,matched,0.8,2022-04-01,2022-06-30,2022-09-16,Eurostat-2022-09-16,https://ec.europa.eu/eurostat/documents/2995521/14698147/3-16092022-BP-EN.pdf/ce89f62d-6e8e-e5ec-d542-203a42943b9c,percent_total_posts,Q,B-F,vacancies_2022-09-16.pdf,821390436d37d5c9ff098660d4be3edadbaaea98de5a07e86717696c7b2ed498,4,168
ACP001726,1727,GR,Digital,2021-06-27,2023-05-21,seniority_mapping_assumed,2022-06-27,2021,retained,Senior Leader,Sr Mgmt,2021-06-27,true,no_verified_historical_match,,,,,,,,,,,,,,matched,-1.24795187701348,2020-01-01,2020-12-31,2021-05-25,WDI-202105,https://api.worldbank.org/v2/sources/57/country/GRC;ROU;POL;ITA;IRL;BGR/series/FP.CPI.TOTL.ZG/time/YR2018;YR2019;YR2020;YR2021;YR2022;YR2023;YR2024;YR2025/version/202105/data?format=json&per_page=1000,percent_annual_change,A,,cpi_202105.json,a8ec151a5888a7d3004bf9ae7f3417e50c5750f9df29d9d7bb93a2278c59a9f3,,178,no_verified_historical_match,,,,,,,,,,,,,,no_verified_historical_match,,,,,,,,,,,,,
ACP001742,1743,GR,Finance,2022-05-28,,,2023-05-28,2022,retained,Senior Leader,Senior Leader,2022-05-28,true,matched,11.9,2022-02-01,2022-02-28,2022-03-31,Eurostat-2022-03-31,https://ec.europa.eu/eurostat/documents/2995521/14358254/3-31032022-AP-EN.pdf,percent_labour_force,M,,unemployment_2022-03-31.pdf,9f5486bb7d2a7e590622bc8cf3cf8eb942c00debd0e460a82a816b60fa295427,4,89,matched,1.2238250102,2021-01-01,2021-12-31,2022-04-27,WDI-202204,https://api.worldbank.org/v2/sources/57/country/GRC;ROU;POL;ITA;IRL;BGR/series/FP.CPI.TOTL.ZG/time/YR2018;YR2019;YR2020;YR2021;YR2022;YR2023;YR2024;YR2025/version/202204/data?format=json&per_page=1000,percent_annual_change,A,,cpi_202204.json,f17ba4e86d26b38938d46c1face61717ad16ffd9bf3d6119933f5ba7d22c8162,,148,no_verified_historical_match,,,,,,,,,,,,,,matched,1.8,2021-10-01,2021-12-31,2022-03-17,Eurostat-2022-03-17,https://ec.europa.eu/eurostat/documents/2995521/14358242/3-17032022-BP-EN.pdf/3e6f6746-aa8d-b25c-7696-3912bf7ebd2c,percent_total_posts,Q,B-F,vacancies_2022-03-17.pdf,f4fbd74c61a2ebc7ddac7505031b036ad7ab671f4c7375ecd83c4068c6843a70,4,148
ACP001746,1747,GR,Supply Chain,2021-07-31,2021-12-29,,2022-07-31,2021,left_before_milestone,Senior Leader,Senior Leader,2021-07-31,true,matched,15.1,2021-06-01,2021-06-30,2021-07-30,Eurostat-2021-07-30,https://ec.europa.eu/eurostat/documents/2995521/11563203/3-30072021-CP-EN.pdf/35dbf525-da32-809f-0f9d-cd36a271a760,percent_labour_force,M,,unemployment_2021-07-30.pdf,9d55bc819652e31d00bf44f98ef7d5ea27171d04fb903096ef036f13d3d0831f,4,31,matched,-1.24795187701348,2020-01-01,2020-12-31,2021-07-01,WDI-202107,https://api.worldbank.org/v2/sources/57/country/GRC;ROU;POL;ITA;IRL;BGR/series/FP.CPI.TOTL.ZG/time/YR2018;YR2019;YR2020;YR2021;YR2022;YR2023;YR2024;YR2025/version/202107/data?format=json&per_page=1000,percent_annual_change,A,,cpi_202107.json,9c42a329eb3ace68b7b350d03bc69c7c92d48b227e9ccfac7f630ea38b82453f,,212,no_verified_historical_match,,,,,,,,,,,,,,no_verified_historical_match,,,,,,,,,,,,,
ACP001757,1758,IE,Sales,2022-01-29,,,2023-01-29,2022,retained,Senior Leader,Senior Leader,2022-01-29,true,stale,,,,,,,,,,,,,182,matched,-0.334584625428444,2020-01-01,2020-12-31,2021-12-16,WDI-202112,https://api.worldbank.org/v2/sources/57/country/GRC;ROU;POL;ITA;IRL;BGR/series/FP.CPI.TOTL.ZG/time/YR2018;YR2019;YR2020;YR2021;YR2022;YR2023;YR2024;YR2025/version/202112/data?format=json&per_page=1000,percent_annual_change,A,,cpi_202112.json,d6b51a93d682aa37bb09bf2fda0951e15c0558aa1a654f4e1ef4ef0687a87340,,394,no_verified_historical_match,,,,,,,,,,,,,,stale,,,,,,,,,,,,,304
ACP001758,1759,IE,Supply Chain,2023-04-06,2023-07-13,,2024-04-06,2023,left_before_milestone,Senior Leader,Senior Leader,2023-04-06,true,matched,4.3,2023-02-01,2023-02-28,2023-03-31,Eurostat-2023-03-31,https://ec.europa.eu/eurostat/documents/2995521/16324762/3-31032023-BP-EN.pdf/4cb7a93a-bb55-923d-ec95-5fcb8073271c,percent_labour_force,M,,unemployment_2023-03-31.pdf,88c1b83fbbf202a433de6b307b3233e1382f223da32f1ba84835c6f57f525409,4,37,matched,2.35814296241712,2021-01-01,2021-12-31,2023-03-02,WDI-202303,https://api.worldbank.org/v2/sources/57/country/GRC;ROU;POL;ITA;IRL;BGR/series/FP.CPI.TOTL.ZG/time/YR2018;YR2019;YR2020;YR2021;YR2022;YR2023;YR2024;YR2025/version/202303/data?format=json&per_page=1000,percent_annual_change,A,,cpi_202303.json,c8515a665f59a521fe4b854c474869a12e16189c06f0fe994a9f3886a3e5ff97,,461,no_verified_historical_match,,,,,,,,,,,,,,matched,0.9,2022-10-01,2022-12-31,2023-03-20,Eurostat-2023-03-20,https://ec.europa.eu/eurostat/documents/2995521/16310170/3-20032023-BP-EN.pdf/94c96dce-5803-33ba-0173-afc9dc21e074,percent_total_posts,Q,B-F,vacancies_2023-03-20.pdf,110c184f0f29a527b8f679b871555f50dc5172ae010e9fa6055cea6853904180,4,96
ACP001763,1764,IT,Supply Chain,,,missing_hire_date,,unknown,excluded_invalid_dates,Senior Leader,Senior Leader,,false,outside_metric_population,,,,,,,,,,,,,,outside_metric_population,,,,,,,,,,,,,,outside_metric_population,,,,,,,,,,,,,,outside_metric_population,,,,,,,,,,,,,
ACP001773,1774,RO,Supply Chain,2020-08-02,2023-06-21,,2021-08-02,2020,outside_objective_hire_period,Senior Leader,Senior Leader,2020-08-02,false,outside_metric_population,,,,,,,,,,,,,,outside_metric_population,,,,,,,,,,,,,,outside_metric_population,,,,,,,,,,,,,,outside_metric_population,,,,,,,,,,,,,
ACP001780,1781,RO,Sales,2022-01-21,2023-09-05,,2023-01-21,2022,retained,Senior Leader,Senior Leader,2022-01-21,true,stale,,,,,,,,,,,,,174,matched,2.63107311184752,2020-01-01,2020-12-31,2021-12-16,WDI-202112,https://api.worldbank.org/v2/sources/57/country/GRC;ROU;POL;ITA;IRL;BGR/series/FP.CPI.TOTL.ZG/time/YR2018;YR2019;YR2020;YR2021;YR2022;YR2023;YR2024;YR2025/version/202112/data?format=json&per_page=1000,percent_annual_change,A,,cpi_202112.json,d6b51a93d682aa37bb09bf2fda0951e15c0558aa1a654f4e1ef4ef0687a87340,,386,no_verified_historical_match,,,,,,,,,,,,,,matched,0.7,2021-04-01,2021-06-30,2021-09-16,Eurostat-2021-09-16,https://ec.europa.eu/eurostat/documents/2995521/11563271/3-16092021-BP-EN.pdf/7b7d4725-1228-b221-33bb-85562d6c58fe,percent_total_posts,Q,B-F,vacancies_2021-09-16.pdf,2ab7593d12beeaafcc0c7614a5c75a1abca9a78ead0f3e3b9ba84a8b972ad51c,4,205
ACP001797,1798,BG,Supply Chain,2023-05-28,,,2024-05-28,2023,retained,Senior Leader,Senior Leader,2023-05-28,true,matched,3.8,2023-02-01,2023-02-28,2023-03-31,Eurostat-2023-03-31,https://ec.europa.eu/eurostat/documents/2995521/16324762/3-31032023-BP-EN.pdf/4cb7a93a-bb55-923d-ec95-5fcb8073271c,percent_labour_force,M,,unemployment_2023-03-31.pdf,88c1b83fbbf202a433de6b307b3233e1382f223da32f1ba84835c6f57f525409,4,89,matched,3.29774435299511,2021-01-01,2021-12-31,2023-03-02,WDI-202303,https://api.worldbank.org/v2/sources/57/country/GRC;ROU;POL;ITA;IRL;BGR/series/FP.CPI.TOTL.ZG/time/YR2018;YR2019;YR2020;YR2021;YR2022;YR2023;YR2024;YR2025/version/202303/data?format=json&per_page=1000,percent_annual_change,A,,cpi_202303.json,c8515a665f59a521fe4b854c474869a12e16189c06f0fe994a9f3886a3e5ff97,,513,no_verified_historical_match,,,,,,,,,,,,,,matched,0.6,2022-10-01,2022-12-31,2023-03-20,Eurostat-2023-03-20,https://ec.europa.eu/eurostat/documents/2995521/16310170/3-20032023-BP-EN.pdf/94c96dce-5803-33ba-0173-afc9dc21e074,percent_total_posts,Q,B-F,vacancies_2023-03-20.pdf,110c184f0f29a527b8f679b871555f50dc5172ae010e9fa6055cea6853904180,4,148
ACP001805,1806,RO,Finance,2022-03-12,2022-04-29,,2023-03-12,2022,left_before_milestone,Senior Leader,Senior Leader,2022-03-12,true,stale,,,,,,,,,,,,,224,matched,2.63107311184752,2020-01-01,2020-12-31,2022-02-15,WDI-202202,https://api.worldbank.org/v2/sources/57/country/GRC;ROU;POL;ITA;IRL;BGR/series/FP.CPI.TOTL.ZG/time/YR2018;YR2019;YR2020;YR2021;YR2022;YR2023;YR2024;YR2025/version/202202/data?format=json&per_page=1000,percent_annual_change,A,,cpi_202202.json,95ed0074fba0a2c4103a609664b64de192224526a3e77f88959b4a460c3a3161,,436,no_verified_historical_match,,,,,,,,,,,,,,stale,,,,,,,,,,,,,255
ACP001808,1809,GR,Digital,2022-07-08,,,2023-07-08,2022,retained,Senior Leader,Senior Leader,2022-07-08,true,stale,,,,,,,,,,,,,130,matched,1.22382501019855,2021-01-01,2021-12-31,2022-07-01,WDI-202207,https://api.worldbank.org/v2/sources/57/country/GRC;ROU;POL;ITA;IRL;BGR/series/FP.CPI.TOTL.ZG/time/YR2018;YR2019;YR2020;YR2021;YR2022;YR2023;YR2024;YR2025/version/202207/data?format=json&per_page=1000,percent_annual_change,A,,cpi_202207.json,fcc394a0d05bfd87e45fc547aef5880c30345f851b8fb0eaa8012bebe91815eb,,189,no_verified_historical_match,,,,,,,,,,,,,,matched,1.8,2021-10-01,2021-12-31,2022-03-17,Eurostat-2022-03-17,https://ec.europa.eu/eurostat/documents/2995521/14358242/3-17032022-BP-EN.pdf/3e6f6746-aa8d-b25c-7696-3912bf7ebd2c,percent_total_posts,Q,B-F,vacancies_2022-03-17.pdf,f4fbd74c61a2ebc7ddac7505031b036ad7ab671f4c7375ecd83c4068c6843a70,4,189
ACP001812,1813,IT,Digital,2021-09-11,2022-08-25,,2022-09-11,2021,left_before_milestone,Senior Leader,Senior Leader,2021-09-11,true,matched,9.3,2021-07-01,2021-07-31,2021-09-01,Eurostat-2021-09-01,https://ec.europa.eu/eurostat/documents/2995521/11563247/3-01092021-AP-EN.pdf,percent_labour_force,M,,unemployment_2021-09-01.pdf,6819f5d932eb306f8eb6356a683481f6060650786d798fc033872c283629faa2,4,42,matched,-0.13770757391657,2020-01-01,2020-12-31,2021-07-01,WDI-202107,https://api.worldbank.org/v2/sources/57/country/GRC;ROU;POL;ITA;IRL;BGR/series/FP.CPI.TOTL.ZG/time/YR2018;YR2019;YR2020;YR2021;YR2022;YR2023;YR2024;YR2025/version/202107/data?format=json&per_page=1000,percent_annual_change,A,,cpi_202107.json,9c42a329eb3ace68b7b350d03bc69c7c92d48b227e9ccfac7f630ea38b82453f,,254,no_verified_historical_match,,,,,,,,,,,,,,no_verified_historical_match,,,,,,,,,,,,,
ACP001839,1840,PL,Supply Chain,2021-10-19,,,2022-10-19,2021,retained,Senior Leader,Senior Leader,2021-10-19,true,matched,3.4,2021-07-01,2021-07-31,2021-09-01,Eurostat-2021-09-01,https://ec.europa.eu/eurostat/documents/2995521/11563247/3-01092021-AP-EN.pdf,percent_labour_force,M,,unemployment_2021-09-01.pdf,6819f5d932eb306f8eb6356a683481f6060650786d798fc033872c283629faa2,4,80,matched,3.3744697261859,2020-01-01,2020-12-31,2021-09-15,WDI-202109,https://api.worldbank.org/v2/sources/57/country/GRC;ROU;POL;ITA;IRL;BGR/series/FP.CPI.TOTL.ZG/time/YR2018;YR2019;YR2020;YR2021;YR2022;YR2023;YR2024;YR2025/version/202109/data?format=json&per_page=1000,percent_annual_change,A,,cpi_202109.json,bfbad5bb4ffa9e5ada29f2e24bed493bed512c3b4a14f95b02f27519848b2d9c,,292,no_verified_historical_match,,,,,,,,,,,,,,matched,1.4,2021-04-01,2021-06-30,2021-09-16,Eurostat-2021-09-16,https://ec.europa.eu/eurostat/documents/2995521/11563271/3-16092021-BP-EN.pdf/7b7d4725-1228-b221-33bb-85562d6c58fe,percent_total_posts,Q,B-F,vacancies_2021-09-16.pdf,2ab7593d12beeaafcc0c7614a5c75a1abca9a78ead0f3e3b9ba84a8b972ad51c,4,111
ACP001841,1842,IE,Digital,2021-09-22,,,2022-09-22,2021,retained,Senior Leader,Senior Leader,2021-09-22,true,matched,6.5,2021-07-01,2021-07-31,2021-09-01,Eurostat-2021-09-01,https://ec.europa.eu/eurostat/documents/2995521/11563247/3-01092021-AP-EN.pdf,percent_labour_force,M,,unemployment_2021-09-01.pdf,6819f5d932eb306f8eb6356a683481f6060650786d798fc033872c283629faa2,4,53,matched,-0.334584625428444,2020-01-01,2020-12-31,2021-09-15,WDI-202109,https://api.worldbank.org/v2/sources/57/country/GRC;ROU;POL;ITA;IRL;BGR/series/FP.CPI.TOTL.ZG/time/YR2018;YR2019;YR2020;YR2021;YR2022;YR2023;YR2024;YR2025/version/202109/data?format=json&per_page=1000,percent_annual_change,A,,cpi_202109.json,bfbad5bb4ffa9e5ada29f2e24bed493bed512c3b4a14f95b02f27519848b2d9c,,265,no_verified_historical_match,,,,,,,,,,,,,,matched,0.7,2021-01-01,2021-03-31,2021-09-16,Eurostat-2021-09-16,https://ec.europa.eu/eurostat/documents/2995521/11563271/3-16092021-BP-EN.pdf/7b7d4725-1228-b221-33bb-85562d6c58fe,percent_total_posts,Q,B-F,vacancies_2021-09-16.pdf,2ab7593d12beeaafcc0c7614a5c75a1abca9a78ead0f3e3b9ba84a8b972ad51c,4,175
ACP001848,1849,RO,Digital,2023-07-31,,,2024-07-31,2023,retained,Senior Leader,Senior Leader,2023-07-31,true,matched,5.5,2023-05-01,2023-05-31,2023-06-30,Eurostat-2023-06-30,https://ec.europa.eu/eurostat/documents/2995521/17075197/3-30062023-BP-EN.pdf/ee3b1511-c710-4033-fc9a-aaf1c3d60241,percent_labour_force,M,,unemployment_2023-06-30.pdf,e9ca8e37b0db5f88d1d6f478fa6d1ebd3fe3db197cfcee4404a66ae66f35df0e,4,61,matched,5.05232876096582,2021-01-01,2021-12-31,2023-03-02,WDI-202303,https://api.worldbank.org/v2/sources/57/country/GRC;ROU;POL;ITA;IRL;BGR/series/FP.CPI.TOTL.ZG/time/YR2018;YR2019;YR2020;YR2021;YR2022;YR2023;YR2024;YR2025/version/202303/data?format=json&per_page=1000,percent_annual_change,A,,cpi_202303.json,c8515a665f59a521fe4b854c474869a12e16189c06f0fe994a9f3886a3e5ff97,,577,no_verified_historical_match,,,,,,,,,,,,,,matched,0.8,2022-10-01,2022-12-31,2023-03-20,Eurostat-2023-03-20,https://ec.europa.eu/eurostat/documents/2995521/16310170/3-20032023-BP-EN.pdf/94c96dce-5803-33ba-0173-afc9dc21e074,percent_total_posts,Q,B-F,vacancies_2023-03-20.pdf,110c184f0f29a527b8f679b871555f50dc5172ae010e9fa6055cea6853904180,4,212
ACP001851,1852,GR,Digital,2024-03-26,,,2025-03-26,2024,retained,Senior Leader,Senior Leader,2024-03-26,true,matched,10.4,2024-01-01,2024-01-31,2024-03-01,Eurostat-2024-03-01,https://ec.europa.eu/eurostat/web/products-euro-indicators/w/3-01032024-bp,percent_labour_force,M,,unemployment_20240301_bp.html,7b9a73e013dd069c2677925a9eaf13d449fba91577fc7b67687dbe6d135786d8,,55,matched,9.64525981280632,2022-01-01,2022-12-31,2023-12-20,WDI-202312,https://api.worldbank.org/v2/sources/57/country/GRC;ROU;POL;ITA;IRL;BGR/series/FP.CPI.TOTL.ZG/time/YR2018;YR2019;YR2020;YR2021;YR2022;YR2023;YR2024;YR2025/version/202312/data?format=json&per_page=1000,percent_annual_change,A,,cpi_202312.json,018b9ac410fe4b61e0716a6659574061d9f7048eea1b955f22b00761c64ead29,,451,no_verified_historical_match,,,,,,,,,,,,,,matched,2.2,2023-10-01,2023-12-31,2024-03-15,Eurostat-2024-03-15,https://ec.europa.eu/eurostat/en/web/products-euro-indicators/w/3-15032024-ap,percent_total_posts,Q,B-F,vacancies_20240315_ap.html,c0549d20c8f89be00d83d0a6fb1b35f1975e90f54db1bfe1968979b6be479175,,86
ACP001890,1891,PL,Supply Chain,2024-10-27,,,2025-10-27,2024,retained,Senior Leader,Senior Leader,2024-10-27,true,matched,2.9,2024-08-01,2024-08-31,2024-10-02,Eurostat-2024-10-02,https://ec.europa.eu/eurostat/web/products-euro-indicators/w/3-02102024-ap,percent_labour_force,M,,unemployment_20241002_ap.html,578899fb227bd5ad5295164be76d1630311178fd1e65ec08a90318b109c49680,,57,matched,11.5289127961105,2023-01-01,2023-12-31,2024-10-24,WDI-202410,https://api.worldbank.org/v2/sources/57/country/GRC;ROU;POL;ITA;IRL;BGR/series/FP.CPI.TOTL.ZG/time/YR2018;YR2019;YR2020;YR2021;YR2022;YR2023;YR2024;YR2025/version/202410/data?format=json&per_page=1000,percent_annual_change,A,,cpi_202410.json,7a979aa1593c234d11d26b1e10d9bf48821b19bb0c6d984d799a71d6658deb99,,301,no_verified_historical_match,,,,,,,,,,,,,,matched,1.1,2024-04-01,2024-06-30,2024-09-13,Eurostat-2024-09-13,https://ec.europa.eu/eurostat/en/web/products-euro-indicators/w/3-13092024-bp,percent_total_posts,Q,B-F,vacancies_20240913_bp.html,03eb21dd31fb35ca93563864769d20dd8f8cfcab355a0857e1a514d915014846,,119
ACP001894,1895,PL,Finance,2020-05-12,2021-01-29,,2021-05-12,2020,outside_objective_hire_period,Senior Leader,Senior Leader,2020-05-12,false,outside_metric_population,,,,,,,,,,,,,,outside_metric_population,,,,,,,,,,,,,,outside_metric_population,,,,,,,,,,,,,,outside_metric_population,,,,,,,,,,,,,
ACP001903,1904,BG,Supply Chain,2021-09-18,,,2022-09-18,2021,retained,Senior Leader,Senior Leader,2021-09-18,true,matched,5.9,2021-07-01,2021-07-31,2021-09-01,Eurostat-2021-09-01,https://ec.europa.eu/eurostat/documents/2995521/11563247/3-01092021-AP-EN.pdf,percent_labour_force,M,,unemployment_2021-09-01.pdf,6819f5d932eb306f8eb6356a683481f6060650786d798fc033872c283629faa2,4,49,matched,1.67244096855762,2020-01-01,2020-12-31,2021-09-15,WDI-202109,https://api.worldbank.org/v2/sources/57/country/GRC;ROU;POL;ITA;IRL;BGR/series/FP.CPI.TOTL.ZG/time/YR2018;YR2019;YR2020;YR2021;YR2022;YR2023;YR2024;YR2025/version/202109/data?format=json&per_page=1000,percent_annual_change,A,,cpi_202109.json,bfbad5bb4ffa9e5ada29f2e24bed493bed512c3b4a14f95b02f27519848b2d9c,,261,no_verified_historical_match,,,,,,,,,,,,,,matched,0.8,2021-04-01,2021-06-30,2021-09-16,Eurostat-2021-09-16,https://ec.europa.eu/eurostat/documents/2995521/11563271/3-16092021-BP-EN.pdf/7b7d4725-1228-b221-33bb-85562d6c58fe,percent_total_posts,Q,B-F,vacancies_2021-09-16.pdf,2ab7593d12beeaafcc0c7614a5c75a1abca9a78ead0f3e3b9ba84a8b972ad51c,4,80
ACP001906,1907,GR,Supply Chain,2022-05-08,,,2023-05-08,2022,retained,Senior Leader,Senior Leader,2022-05-08,true,matched,11.9,2022-02-01,2022-02-28,2022-03-31,Eurostat-2022-03-31,https://ec.europa.eu/eurostat/documents/2995521/14358254/3-31032022-AP-EN.pdf,percent_labour_force,M,,unemployment_2022-03-31.pdf,9f5486bb7d2a7e590622bc8cf3cf8eb942c00debd0e460a82a816b60fa295427,4,69,matched,1.2238250102,2021-01-01,2021-12-31,2022-04-27,WDI-202204,https://api.worldbank.org/v2/sources/57/country/GRC;ROU;POL;ITA;IRL;BGR/series/FP.CPI.TOTL.ZG/time/YR2018;YR2019;YR2020;YR2021;YR2022;YR2023;YR2024;YR2025/version/202204/data?format=json&per_page=1000,percent_annual_change,A,,cpi_202204.json,f17ba4e86d26b38938d46c1face61717ad16ffd9bf3d6119933f5ba7d22c8162,,128,no_verified_historical_match,,,,,,,,,,,,,,matched,1.8,2021-10-01,2021-12-31,2022-03-17,Eurostat-2022-03-17,https://ec.europa.eu/eurostat/documents/2995521/14358242/3-17032022-BP-EN.pdf/3e6f6746-aa8d-b25c-7696-3912bf7ebd2c,percent_total_posts,Q,B-F,vacancies_2022-03-17.pdf,f4fbd74c61a2ebc7ddac7505031b036ad7ab671f4c7375ecd83c4068c6843a70,4,128
ACP001911,1912,GR,Finance,2020-07-05,,,2021-07-05,2020,outside_objective_hire_period,Senior Leader,Senior Leader,2020-07-05,false,outside_metric_population,,,,,,,,,,,,,,outside_metric_population,,,,,,,,,,,,,,outside_metric_population,,,,,,,,,,,,,,outside_metric_population,,,,,,,,,,,,,
ACP001912,1913,GR,Digital,2021-10-05,2022-01-04,,2022-10-05,2021,left_before_milestone,Senior Leader,Senior Leader,2021-10-05,true,matched,14.6,2021-07-01,2021-07-31,2021-09-01,Eurostat-2021-09-01,https://ec.europa.eu/eurostat/documents/2995521/11563247/3-01092021-AP-EN.pdf,percent_labour_force,M,,unemployment_2021-09-01.pdf,6819f5d932eb306f8eb6356a683481f6060650786d798fc033872c283629faa2,4,66,matched,-1.24795187701348,2020-01-01,2020-12-31,2021-09-15,WDI-202109,https://api.worldbank.org/v2/sources/57/country/GRC;ROU;POL;ITA;IRL;BGR/series/FP.CPI.TOTL.ZG/time/YR2018;YR2019;YR2020;YR2021;YR2022;YR2023;YR2024;YR2025/version/202109/data?format=json&per_page=1000,percent_annual_change,A,,cpi_202109.json,bfbad5bb4ffa9e5ada29f2e24bed493bed512c3b4a14f95b02f27519848b2d9c,,278,no_verified_historical_match,,,,,,,,,,,,,,matched,0.4,2021-01-01,2021-03-31,2021-09-16,Eurostat-2021-09-16,https://ec.europa.eu/eurostat/documents/2995521/11563271/3-16092021-BP-EN.pdf/7b7d4725-1228-b221-33bb-85562d6c58fe,percent_total_posts,Q,B-F,vacancies_2021-09-16.pdf,2ab7593d12beeaafcc0c7614a5c75a1abca9a78ead0f3e3b9ba84a8b972ad51c,4,188
ACP001919,1920,IT,Finance,2025-04-17,,,2026-04-17,2025,pending_observation,Senior Leader,Senior Leader,2025-04-17,false,outside_metric_population,,,,,,,,,,,,,,outside_metric_population,,,,,,,,,,,,,,outside_metric_population,,,,,,,,,,,,,,outside_metric_population,,,,,,,,,,,,,
ACP001922,1923,BG,Sales,2021-11-09,2022-03-27,,2022-11-09,2021,left_before_milestone,Senior Leader,Senior Leader,2021-11-09,true,matched,5.9,2021-07-01,2021-07-31,2021-09-01,Eurostat-2021-09-01,https://ec.europa.eu/eurostat/documents/2995521/11563247/3-01092021-AP-EN.pdf,percent_labour_force,M,,unemployment_2021-09-01.pdf,6819f5d932eb306f8eb6356a683481f6060650786d798fc033872c283629faa2,4,101,matched,1.67244096855762,2020-01-01,2020-12-31,2021-09-15,WDI-202109,https://api.worldbank.org/v2/sources/57/country/GRC;ROU;POL;ITA;IRL;BGR/series/FP.CPI.TOTL.ZG/time/YR2018;YR2019;YR2020;YR2021;YR2022;YR2023;YR2024;YR2025/version/202109/data?format=json&per_page=1000,percent_annual_change,A,,cpi_202109.json,bfbad5bb4ffa9e5ada29f2e24bed493bed512c3b4a14f95b02f27519848b2d9c,,313,no_verified_historical_match,,,,,,,,,,,,,,matched,0.8,2021-04-01,2021-06-30,2021-09-16,Eurostat-2021-09-16,https://ec.europa.eu/eurostat/documents/2995521/11563271/3-16092021-BP-EN.pdf/7b7d4725-1228-b221-33bb-85562d6c58fe,percent_total_posts,Q,B-F,vacancies_2021-09-16.pdf,2ab7593d12beeaafcc0c7614a5c75a1abca9a78ead0f3e3b9ba84a8b972ad51c,4,132
ACP001925,1926,IT,Digital,2024-04-27,,,2025-04-27,2024,retained,Senior Leader,Senior Leader,2024-04-27,true,matched,7.5,2024-02-01,2024-02-29,2024-04-03,Eurostat-2024-04-03,https://ec.europa.eu/eurostat/web/products-euro-indicators/w/3-03042024-bp,percent_labour_force,M,,unemployment_20240403_bp.html,aba9a09ce0c365d75882f063afe6f73cf7c507a6100852333139be60deb34956,,58,matched,8.20128991161718,2022-01-01,2022-12-31,2024-03-28,WDI-202403,https://api.worldbank.org/v2/sources/57/country/GRC;ROU;POL;ITA;IRL;BGR/series/FP.CPI.TOTL.ZG/time/YR2018;YR2019;YR2020;YR2021;YR2022;YR2023;YR2024;YR2025/version/202403/data?format=json&per_page=1000,percent_annual_change,A,,cpi_202403.json,0ca0709cbe1784e8236d24121a36ec2e0254b7cfb5a77654180fa00becf26527,,483,no_verified_historical_match,,,,,,,,,,,,,,matched,2.0,2023-10-01,2023-12-31,2024-03-15,Eurostat-2024-03-15,https://ec.europa.eu/eurostat/en/web/products-euro-indicators/w/3-15032024-ap,percent_total_posts,Q,B-F,vacancies_20240315_ap.html,c0549d20c8f89be00d83d0a6fb1b35f1975e90f54db1bfe1968979b6be479175,,118
ACP001927,1928,IT,Digital,2022-03-03,,,2023-03-03,2022,retained,Senior Leader,Senior Leader,2022-03-03,true,stale,,,,,,,,,,,,,215,matched,-0.13770757391657,2020-01-01,2020-12-31,2022-02-15,WDI-202202,https://api.worldbank.org/v2/sources/57/country/GRC;ROU;POL;ITA;IRL;BGR/series/FP.CPI.TOTL.ZG/time/YR2018;YR2019;YR2020;YR2021;YR2022;YR2023;YR2024;YR2025/version/202202/data?format=json&per_page=1000,percent_annual_change,A,,cpi_202202.json,95ed0074fba0a2c4103a609664b64de192224526a3e77f88959b4a460c3a3161,,427,no_verified_historical_match,,,,,,,,,,,,,,stale,,,,,,,,,,,,,246
ACP001934,1935,RO,Sales,2024-11-14,2024-12-30,,2025-11-14,2024,left_before_milestone,Senior Leader,Senior Leader,2024-11-14,true,matched,5.5,2024-09-01,2024-09-30,2024-10-31,Eurostat-2024-10-31,https://ec.europa.eu/eurostat/web/products-euro-indicators/w/3-31102024-bp,percent_labour_force,M,,unemployment_20241031_bp.html,1452c8c1b4e8d641e572917734b810fc284e176473a532eb85adedde19625149,,45,matched,10.3971874764996,2023-01-01,2023-12-31,2024-11-13,WDI-202411,https://api.worldbank.org/v2/sources/57/country/GRC;ROU;POL;ITA;IRL;BGR/series/FP.CPI.TOTL.ZG/time/YR2018;YR2019;YR2020;YR2021;YR2022;YR2023;YR2024;YR2025/version/202411/data?format=json&per_page=1000,percent_annual_change,A,,cpi_202411.json,1cec9a0d385bd81fef531abeb8fef399fe2cf4013d5ee9a6e76f9da553886c22,,319,no_verified_historical_match,,,,,,,,,,,,,,matched,0.7,2024-04-01,2024-06-30,2024-09-13,Eurostat-2024-09-13,https://ec.europa.eu/eurostat/en/web/products-euro-indicators/w/3-13092024-bp,percent_total_posts,Q,B-F,vacancies_20240913_bp.html,03eb21dd31fb35ca93563864769d20dd8f8cfcab355a0857e1a514d915014846,,137
ACP001940,1941,PL,Finance,2021-11-23,2022-08-18,,2022-11-23,2021,left_before_milestone,Senior Leader,Senior Leader,2021-11-23,true,matched,3.4,2021-07-01,2021-07-31,2021-09-01,Eurostat-2021-09-01,https://ec.europa.eu/eurostat/documents/2995521/11563247/3-01092021-AP-EN.pdf,percent_labour_force,M,,unemployment_2021-09-01.pdf,6819f5d932eb306f8eb6356a683481f6060650786d798fc033872c283629faa2,4,115,matched,3.3744697261859,2020-01-01,2020-12-31,2021-09-15,WDI-202109,https://api.worldbank.org/v2/sources/57/country/GRC;ROU;POL;ITA;IRL;BGR/series/FP.CPI.TOTL.ZG/time/YR2018;YR2019;YR2020;YR2021;YR2022;YR2023;YR2024;YR2025/version/202109/data?format=json&per_page=1000,percent_annual_change,A,,cpi_202109.json,bfbad5bb4ffa9e5ada29f2e24bed493bed512c3b4a14f95b02f27519848b2d9c,,327,no_verified_historical_match,,,,,,,,,,,,,,matched,1.4,2021-04-01,2021-06-30,2021-09-16,Eurostat-2021-09-16,https://ec.europa.eu/eurostat/documents/2995521/11563271/3-16092021-BP-EN.pdf/7b7d4725-1228-b221-33bb-85562d6c58fe,percent_total_posts,Q,B-F,vacancies_2021-09-16.pdf,2ab7593d12beeaafcc0c7614a5c75a1abca9a78ead0f3e3b9ba84a8b972ad51c,4,146
ACP001954,1955,IE,Digital,2022-04-22,2023-06-23,,2023-04-22,2022,retained,Senior Leader,Senior Leader,2022-04-22,true,matched,5.2,2022-02-01,2022-02-28,2022-03-31,Eurostat-2022-03-31,https://ec.europa.eu/eurostat/documents/2995521/14358254/3-31032022-AP-EN.pdf,percent_labour_force,M,,unemployment_2022-03-31.pdf,9f5486bb7d2a7e590622bc8cf3cf8eb942c00debd0e460a82a816b60fa295427,4,53,matched,-0.334584625428444,2020-01-01,2020-12-31,2022-02-15,WDI-202202,https://api.worldbank.org/v2/sources/57/country/GRC;ROU;POL;ITA;IRL;BGR/series/FP.CPI.TOTL.ZG/time/YR2018;YR2019;YR2020;YR2021;YR2022;YR2023;YR2024;YR2025/version/202202/data?format=json&per_page=1000,percent_annual_change,A,,cpi_202202.json,95ed0074fba0a2c4103a609664b64de192224526a3e77f88959b4a460c3a3161,,477,no_verified_historical_match,,,,,,,,,,,,,,matched,1.2,2021-10-01,2021-12-31,2022-03-17,Eurostat-2022-03-17,https://ec.europa.eu/eurostat/documents/2995521/14358242/3-17032022-BP-EN.pdf/3e6f6746-aa8d-b25c-7696-3912bf7ebd2c,percent_total_posts,Q,B-F,vacancies_2022-03-17.pdf,f4fbd74c61a2ebc7ddac7505031b036ad7ab671f4c7375ecd83c4068c6843a70,4,112
ACP001956,1957,BG,Finance,2025-05-06,,,2026-05-06,2025,pending_observation,Senior Leader,Senior Leader,2025-05-06,false,outside_metric_population,,,,,,,,,,,,,,outside_metric_population,,,,,,,,,,,,,,outside_metric_population,,,,,,,,,,,,,,outside_metric_population,,,,,,,,,,,,,
ACP001958,1959,BG,Sales,2020-10-14,,seniority_mapping_assumed,2021-10-14,2020,outside_objective_hire_period,Senior Leader,Sr Mgmt,2020-10-14,false,outside_metric_population,,,,,,,,,,,,,,outside_metric_population,,,,,,,,,,,,,,outside_metric_population,,,,,,,,,,,,,,outside_metric_population,,,,,,,,,,,,,
ACP001965,1966,BG,Supply Chain,2024-02-25,2024-05-11,,2025-02-25,2024,left_before_milestone,Senior Leader,Senior Leader,2024-02-25,true,stale,,,,,,,,,,,,,270,matched,15.3252589264366,2022-01-01,2022-12-31,2023-12-20,WDI-202312,https://api.worldbank.org/v2/sources/57/country/GRC;ROU;POL;ITA;IRL;BGR/series/FP.CPI.TOTL.ZG/time/YR2018;YR2019;YR2020;YR2021;YR2022;YR2023;YR2024;YR2025/version/202312/data?format=json&per_page=1000,percent_annual_change,A,,cpi_202312.json,018b9ac410fe4b61e0716a6659574061d9f7048eea1b955f22b00761c64ead29,,421,no_verified_historical_match,,,,,,,,,,,,,,matched,0.7,2023-07-01,2023-09-30,2023-12-18,Eurostat-2023-12-18,https://ec.europa.eu/eurostat/documents/2995521/18134838/3-18122023-AP-EN.pdf/8040054f-078e-391b-63a4-af98fcfe1679,percent_total_posts,Q,B-F,vacancies_2023-12-18.pdf,05dbfc215765fadb56eea071c8ca2b4801023528c3e203f36aa135b134d91ef8,5,148
ACP001982,1983,GR,Supply Chain,2022-08-01,,,2023-08-01,2022,retained,Senior Leader,Senior Leader,2022-08-01,true,stale,,,,,,,,,,,,,154,matched,1.22382501019855,2021-01-01,2021-12-31,2022-07-01,WDI-202207,https://api.worldbank.org/v2/sources/57/country/GRC;ROU;POL;ITA;IRL;BGR/series/FP.CPI.TOTL.ZG/time/YR2018;YR2019;YR2020;YR2021;YR2022;YR2023;YR2024;YR2025/version/202207/data?format=json&per_page=1000,percent_annual_change,A,,cpi_202207.json,fcc394a0d05bfd87e45fc547aef5880c30345f851b8fb0eaa8012bebe91815eb,,213,no_verified_historical_match,,,,,,,,,,,,,,matched,1.8,2021-10-01,2021-12-31,2022-03-17,Eurostat-2022-03-17,https://ec.europa.eu/eurostat/documents/2995521/14358242/3-17032022-BP-EN.pdf/3e6f6746-aa8d-b25c-7696-3912bf7ebd2c,percent_total_posts,Q,B-F,vacancies_2022-03-17.pdf,f4fbd74c61a2ebc7ddac7505031b036ad7ab671f4c7375ecd83c4068c6843a70,4,213
ACP001989,1990,RO,Finance,2022-10-13,2023-06-25,,2023-10-13,2022,left_before_milestone,Senior Leader,Senior Leader,2022-10-13,true,stale,,,,,,,,,,,,,227,matched,5.05232876096582,2021-01-01,2021-12-31,2022-09-16,WDI-202209,https://api.worldbank.org/v2/sources/57/country/GRC;ROU;POL;ITA;IRL;BGR/series/FP.CPI.TOTL.ZG/time/YR2018;YR2019;YR2020;YR2021;YR2022;YR2023;YR2024;YR2025/version/202209/data?format=json&per_page=1000,percent_annual_change,A,,cpi_202209.json,8ab4e907a1d5a14b0333cddb83037df8a4527ce02dae1c134f1b8e624b35d4f7,,286,no_verified_historical_match,,,,,,,,,,,,,,matched,0.9,2022-04-01,2022-06-30,2022-09-16,Eurostat-2022-09-16,https://ec.europa.eu/eurostat/documents/2995521/14698147/3-16092022-BP-EN.pdf/ce89f62d-6e8e-e5ec-d542-203a42943b9c,percent_total_posts,Q,B-F,vacancies_2022-09-16.pdf,821390436d37d5c9ff098660d4be3edadbaaea98de5a07e86717696c7b2ed498,4,105
ACP001991,1992,PL,Supply Chain,2023-03-08,2023-05-04,,2024-03-08,2023,left_before_milestone,Senior Leader,Senior Leader,2023-03-08,true,matched,3.0,2022-11-01,2022-11-30,2023-01-09,Eurostat-2023-01-09,https://ec.europa.eu/eurostat/documents/2995521/15725152/3-09012023-AP-EN.pdf,percent_labour_force,M,,unemployment_2023-01-09.pdf,b93b1c7cd2615570b2f70b4d5d6ead7dcdbaa61f2434ade3eab3738c4f044826,4,98,matched,5.05502704719268,2021-01-01,2021-12-31,2023-03-02,WDI-202303,https://api.worldbank.org/v2/sources/57/country/GRC;ROU;POL;ITA;IRL;BGR/series/FP.CPI.TOTL.ZG/time/YR2018;YR2019;YR2020;YR2021;YR2022;YR2023;YR2024;YR2025/version/202303/data?format=json&per_page=1000,percent_annual_change,A,,cpi_202303.json,c8515a665f59a521fe4b854c474869a12e16189c06f0fe994a9f3886a3e5ff97,,432,no_verified_historical_match,,,,,,,,,,,,,,stale,,,,,,,,,,,,,251
ACP001994,1995,IE,Supply Chain,2020-07-31,,,2021-07-31,2020,outside_objective_hire_period,Senior Leader,Senior Leader,2020-07-31,false,outside_metric_population,,,,,,,,,,,,,,outside_metric_population,,,,,,,,,,,,,,outside_metric_population,,,,,,,,,,,,,,outside_metric_population,,,,,,,,,,,,,
ACP002015,2016,BG,Digital,2020-11-12,,,2021-11-12,2020,outside_objective_hire_period,Senior Leader,Senior Leader,2020-11-12,false,outside_metric_population,,,,,,,,,,,,,,outside_metric_population,,,,,,,,,,,,,,outside_metric_population,,,,,,,,,,,,,,outside_metric_population,,,,,,,,,,,,,
ACP002017,2018,PL,Finance,2020-07-25,,,2021-07-25,2020,outside_objective_hire_period,Senior Leader,Senior Leader,2020-07-25,false,outside_metric_population,,,,,,,,,,,,,,outside_metric_population,,,,,,,,,,,,,,outside_metric_population,,,,,,,,,,,,,,outside_metric_population,,,,,,,,,,,,,
ACP002025,2026,RO,Digital,2021-11-04,2025-10-30,,2022-11-04,2021,retained,Senior Leader,Senior Leader,2021-11-04,true,matched,5.1,2021-07-01,2021-07-31,2021-09-01,Eurostat-2021-09-01,https://ec.europa.eu/eurostat/documents/2995521/11563247/3-01092021-AP-EN.pdf,percent_labour_force,M,,unemployment_2021-09-01.pdf,6819f5d932eb306f8eb6356a683481f6060650786d798fc033872c283629faa2,4,96,matched,2.63107311184752,2020-01-01,2020-12-31,2021-09-15,WDI-202109,https://api.worldbank.org/v2/sources/57/country/GRC;ROU;POL;ITA;IRL;BGR/series/FP.CPI.TOTL.ZG/time/YR2018;YR2019;YR2020;YR2021;YR2022;YR2023;YR2024;YR2025/version/202109/data?format=json&per_page=1000,percent_annual_change,A,,cpi_202109.json,bfbad5bb4ffa9e5ada29f2e24bed493bed512c3b4a14f95b02f27519848b2d9c,,308,no_verified_historical_match,,,,,,,,,,,,,,matched,0.7,2021-04-01,2021-06-30,2021-09-16,Eurostat-2021-09-16,https://ec.europa.eu/eurostat/documents/2995521/11563271/3-16092021-BP-EN.pdf/7b7d4725-1228-b221-33bb-85562d6c58fe,percent_total_posts,Q,B-F,vacancies_2021-09-16.pdf,2ab7593d12beeaafcc0c7614a5c75a1abca9a78ead0f3e3b9ba84a8b972ad51c,4,127
ACP002037,2038,RO,Sales,2021-08-26,,,2022-08-26,2021,retained,Senior Leader,Senior Leader,2021-08-26,true,matched,5.2,2021-06-01,2021-06-30,2021-07-30,Eurostat-2021-07-30,https://ec.europa.eu/eurostat/documents/2995521/11563203/3-30072021-CP-EN.pdf/35dbf525-da32-809f-0f9d-cd36a271a760,percent_labour_force,M,,unemployment_2021-07-30.pdf,9d55bc819652e31d00bf44f98ef7d5ea27171d04fb903096ef036f13d3d0831f,4,57,matched,2.63107311184752,2020-01-01,2020-12-31,2021-07-01,WDI-202107,https://api.worldbank.org/v2/sources/57/country/GRC;ROU;POL;ITA;IRL;BGR/series/FP.CPI.TOTL.ZG/time/YR2018;YR2019;YR2020;YR2021;YR2022;YR2023;YR2024;YR2025/version/202107/data?format=json&per_page=1000,percent_annual_change,A,,cpi_202107.json,9c42a329eb3ace68b7b350d03bc69c7c92d48b227e9ccfac7f630ea38b82453f,,238,no_verified_historical_match,,,,,,,,,,,,,,no_verified_historical_match,,,,,,,,,,,,,
ACP002039,2040,IT,Digital,2021-10-08,,,2022-10-08,2021,retained,Senior Leader,Senior Leader,2021-10-08,true,matched,9.3,2021-07-01,2021-07-31,2021-09-01,Eurostat-2021-09-01,https://ec.europa.eu/eurostat/documents/2995521/11563247/3-01092021-AP-EN.pdf,percent_labour_force,M,,unemployment_2021-09-01.pdf,6819f5d932eb306f8eb6356a683481f6060650786d798fc033872c283629faa2,4,69,matched,-0.13770757391657,2020-01-01,2020-12-31,2021-09-15,WDI-202109,https://api.worldbank.org/v2/sources/57/country/GRC;ROU;POL;ITA;IRL;BGR/series/FP.CPI.TOTL.ZG/time/YR2018;YR2019;YR2020;YR2021;YR2022;YR2023;YR2024;YR2025/version/202109/data?format=json&per_page=1000,percent_annual_change,A,,cpi_202109.json,bfbad5bb4ffa9e5ada29f2e24bed493bed512c3b4a14f95b02f27519848b2d9c,,281,no_verified_historical_match,,,,,,,,,,,,,,matched,1.7,2021-04-01,2021-06-30,2021-09-16,Eurostat-2021-09-16,https://ec.europa.eu/eurostat/documents/2995521/11563271/3-16092021-BP-EN.pdf/7b7d4725-1228-b221-33bb-85562d6c58fe,percent_total_posts,Q,B-F,vacancies_2021-09-16.pdf,2ab7593d12beeaafcc0c7614a5c75a1abca9a78ead0f3e3b9ba84a8b972ad51c,4,100
ACP002043,2044,GR,Sales,2021-10-04,,,2022-10-04,2021,retained,Senior Leader,Senior Leader,2021-10-04,true,matched,14.6,2021-07-01,2021-07-31,2021-09-01,Eurostat-2021-09-01,https://ec.europa.eu/eurostat/documents/2995521/11563247/3-01092021-AP-EN.pdf,percent_labour_force,M,,unemployment_2021-09-01.pdf,6819f5d932eb306f8eb6356a683481f6060650786d798fc033872c283629faa2,4,65,matched,-1.24795187701348,2020-01-01,2020-12-31,2021-09-15,WDI-202109,https://api.worldbank.org/v2/sources/57/country/GRC;ROU;POL;ITA;IRL;BGR/series/FP.CPI.TOTL.ZG/time/YR2018;YR2019;YR2020;YR2021;YR2022;YR2023;YR2024;YR2025/version/202109/data?format=json&per_page=1000,percent_annual_change,A,,cpi_202109.json,bfbad5bb4ffa9e5ada29f2e24bed493bed512c3b4a14f95b02f27519848b2d9c,,277,no_verified_historical_match,,,,,,,,,,,,,,matched,0.4,2021-01-01,2021-03-31,2021-09-16,Eurostat-2021-09-16,https://ec.europa.eu/eurostat/documents/2995521/11563271/3-16092021-BP-EN.pdf/7b7d4725-1228-b221-33bb-85562d6c58fe,percent_total_posts,Q,B-F,vacancies_2021-09-16.pdf,2ab7593d12beeaafcc0c7614a5c75a1abca9a78ead0f3e3b9ba84a8b972ad51c,4,187
ACP002046,2047,IE,Sales,2024-08-15,2025-11-28,,2025-08-15,2024,retained,Senior Leader,Senior Leader,2024-08-15,true,matched,4.2,2024-06-01,2024-06-30,2024-08-01,Eurostat-2024-08-01,https://ec.europa.eu/eurostat/web/products-euro-indicators/w/3-01082024-ap,percent_labour_force,M,,unemployment_20240801_ap.html,6749b8a018bcb79faec61bdef1000036ec78a3920f882d001538eeba551c5c56,,46,matched,6.29942487419125,2023-01-01,2023-12-31,2024-07-01,WDI-202407,https://api.worldbank.org/v2/sources/57/country/GRC;ROU;POL;ITA;IRL;BGR/series/FP.CPI.TOTL.ZG/time/YR2018;YR2019;YR2020;YR2021;YR2022;YR2023;YR2024;YR2025/version/202407/data?format=json&per_page=1000,percent_annual_change,A,,cpi_202407.json,eb408a1a73bb606a3a34434999a392d4679c043a0d7277dd8202953e5c7a44b8,,228,no_verified_historical_match,,,,,,,,,,,,,,matched,1.0,2024-01-01,2024-03-31,2024-06-14,Eurostat-2024-06-14,https://ec.europa.eu/eurostat/en/web/products-euro-indicators/w/3-14062024-bp,percent_total_posts,Q,B-F,vacancies_20240614_bp.html,96d4319700a8b814eb5de1893e8accb0bd8ab202fcbdca2ec429160702d97c1a,,137
ACP002065,2066,GR,Finance,2023-10-22,,country_alias_mapped,2024-10-22,2023,retained,Senior Leader,Senior Leader,2023-10-22,true,stale,,,,,,,,,,,,,144,matched,9.64525981280641,2022-01-01,2022-12-31,2023-09-20,WDI-202309,https://api.worldbank.org/v2/sources/57/country/GRC;ROU;POL;ITA;IRL;BGR/series/FP.CPI.TOTL.ZG/time/YR2018;YR2019;YR2020;YR2021;YR2022;YR2023;YR2024;YR2025/version/202309/data?format=json&per_page=1000,percent_annual_change,A,,cpi_202309.json,6ab34f46a2868e425d4ac98bd90071bae6bb20dd63f784b2142709f4f500be1c,,295,no_verified_historical_match,,,,,,,,,,,,,,matched,1.7,2023-04-01,2023-06-30,2023-09-14,Eurostat-2023-09-14,https://ec.europa.eu/eurostat/documents/2995521/17501484/3-14092023-AP-EN.pdf/ad3c84e2-fbbb-b3a8-b762-5e6996dfa08d,percent_total_posts,Q,B-F,vacancies_2023-09-14.pdf,293207132a798f154862cb18898de43d2f6d1da4efa027811aa9c0b897c7b22e,5,114
ACP002075,2076,GR,Supply Chain,2025-08-26,2025-11-06,,2026-08-26,2025,pending_observation,Senior Leader,Senior Leader,2025-08-26,false,outside_metric_population,,,,,,,,,,,,,,outside_metric_population,,,,,,,,,,,,,,outside_metric_population,,,,,,,,,,,,,,outside_metric_population,,,,,,,,,,,,,
ACP002082,2083,PL,Finance,2022-08-20,2023-06-11,,2023-08-20,2022,left_before_milestone,Senior Leader,Senior Leader,2022-08-20,true,stale,,,,,,,,,,,,,173,matched,5.05502704719268,2021-01-01,2021-12-31,2022-07-01,WDI-202207,https://api.worldbank.org/v2/sources/57/country/GRC;ROU;POL;ITA;IRL;BGR/series/FP.CPI.TOTL.ZG/time/YR2018;YR2019;YR2020;YR2021;YR2022;YR2023;YR2024;YR2025/version/202207/data?format=json&per_page=1000,percent_annual_change,A,,cpi_202207.json,fcc394a0d05bfd87e45fc547aef5880c30345f851b8fb0eaa8012bebe91815eb,,232,no_verified_historical_match,,,,,,,,,,,,,,matched,1.4,2021-10-01,2021-12-31,2022-03-17,Eurostat-2022-03-17,https://ec.europa.eu/eurostat/documents/2995521/14358242/3-17032022-BP-EN.pdf/3e6f6746-aa8d-b25c-7696-3912bf7ebd2c,percent_total_posts,Q,B-F,vacancies_2022-03-17.pdf,f4fbd74c61a2ebc7ddac7505031b036ad7ab671f4c7375ecd83c4068c6843a70,4,232
ACP002088,2089,IT,Supply Chain,2021-01-09,2024-03-01,,2022-01-09,2021,retained,Senior Leader,Senior Leader,2021-01-09,true,no_verified_historical_match,,,,,,,,,,,,,,matched,0.611246943765291,2019-01-01,2019-12-31,2020-12-16,WDI-202012,https://api.worldbank.org/v2/sources/57/country/GRC;ROU;POL;ITA;IRL;BGR/series/FP.CPI.TOTL.ZG/time/YR2018;YR2019;YR2020;YR2021;YR2022;YR2023;YR2024;YR2025/version/202012/data?format=json&per_page=1000,percent_annual_change,A,,cpi_202012.json,8ae40812de40275b0e50fbcfb8cfe94f4169ebfed5f5a0a1f3c7428328b36786,,375,no_verified_historical_match,,,,,,,,,,,,,,no_verified_historical_match,,,,,,,,,,,,,
ACP002108,2109,RO,Digital,2024-07-23,,,2025-07-23,2024,retained,Senior Leader,Senior Leader,2024-07-23,true,matched,5.4,2024-05-01,2024-05-31,2024-07-02,Eurostat-2024-07-02,https://ec.europa.eu/eurostat/web/products-euro-indicators/w/3-02072024-bp,percent_labour_force,M,,unemployment_20240702_bp.html,233eab3829fccbff66872dcb95e1bf942e0b8dddce1461e08e5e52c9e8e6a714,,53,matched,10.3971874764996,2023-01-01,2023-12-31,2024-07-01,WDI-202407,https://api.worldbank.org/v2/sources/57/country/GRC;ROU;POL;ITA;IRL;BGR/series/FP.CPI.TOTL.ZG/time/YR2018;YR2019;YR2020;YR2021;YR2022;YR2023;YR2024;YR2025/version/202407/data?format=json&per_page=1000,percent_annual_change,A,,cpi_202407.json,eb408a1a73bb606a3a34434999a392d4679c043a0d7277dd8202953e5c7a44b8,,205,no_verified_historical_match,,,,,,,,,,,,,,matched,0.7,2024-01-01,2024-03-31,2024-06-14,Eurostat-2024-06-14,https://ec.europa.eu/eurostat/en/web/products-euro-indicators/w/3-14062024-bp,percent_total_posts,Q,B-F,vacancies_20240614_bp.html,96d4319700a8b814eb5de1893e8accb0bd8ab202fcbdca2ec429160702d97c1a,,114
ACP002112,2113,IT,Finance,2024-09-11,,,2025-09-11,2024,retained,Senior Leader,Senior Leader,2024-09-11,true,matched,6.5,2024-07-01,2024-07-31,2024-08-30,Eurostat-2024-08-30,https://ec.europa.eu/eurostat/web/products-euro-indicators/w/3-30082024-bp,percent_labour_force,M,,unemployment_20240830_bp.html,e97569bd9d4e40943198f199c1da29759854ba08b25d8e550966f5c45607d1c3,,42,matched,5.62219442195901,2023-01-01,2023-12-31,2024-07-01,WDI-202407,https://api.worldbank.org/v2/sources/57/country/GRC;ROU;POL;ITA;IRL;BGR/series/FP.CPI.TOTL.ZG/time/YR2018;YR2019;YR2020;YR2021;YR2022;YR2023;YR2024;YR2025/version/202407/data?format=json&per_page=1000,percent_annual_change,A,,cpi_202407.json,eb408a1a73bb606a3a34434999a392d4679c043a0d7277dd8202953e5c7a44b8,,255,no_verified_historical_match,,,,,,,,,,,,,,matched,2.4,2024-01-01,2024-03-31,2024-06-14,Eurostat-2024-06-14,https://ec.europa.eu/eurostat/en/web/products-euro-indicators/w/3-14062024-bp,percent_total_posts,Q,B-F,vacancies_20240614_bp.html,96d4319700a8b814eb5de1893e8accb0bd8ab202fcbdca2ec429160702d97c1a,,164
ACP002120,2121,PL,Finance,2024-10-01,2025-09-21,,2025-10-01,2024,left_before_milestone,Senior Leader,Senior Leader,2024-10-01,true,matched,2.9,2024-07-01,2024-07-31,2024-08-30,Eurostat-2024-08-30,https://ec.europa.eu/eurostat/web/products-euro-indicators/w/3-30082024-bp,percent_labour_force,M,,unemployment_20240830_bp.html,e97569bd9d4e40943198f199c1da29759854ba08b25d8e550966f5c45607d1c3,,62,matched,11.5289127961105,2023-01-01,2023-12-31,2024-09-19,WDI-202409,https://api.worldbank.org/v2/sources/57/country/GRC;ROU;POL;ITA;IRL;BGR/series/FP.CPI.TOTL.ZG/time/YR2018;YR2019;YR2020;YR2021;YR2022;YR2023;YR2024;YR2025/version/202409/data?format=json&per_page=1000,percent_annual_change,A,,cpi_202409.json,88235d805dd49613431794b01d7a805fc71b43f46cf1e889f76362ccba6aef36,,275,no_verified_historical_match,,,,,,,,,,,,,,matched,1.1,2024-04-01,2024-06-30,2024-09-13,Eurostat-2024-09-13,https://ec.europa.eu/eurostat/en/web/products-euro-indicators/w/3-13092024-bp,percent_total_posts,Q,B-F,vacancies_20240913_bp.html,03eb21dd31fb35ca93563864769d20dd8f8cfcab355a0857e1a514d915014846,,93
ACP002134,2135,GR,Supply Chain,2022-04-04,,,2023-04-04,2022,retained,Senior Leader,Senior Leader,2022-04-04,true,matched,11.9,2022-02-01,2022-02-28,2022-03-31,Eurostat-2022-03-31,https://ec.europa.eu/eurostat/documents/2995521/14358254/3-31032022-AP-EN.pdf,percent_labour_force,M,,unemployment_2022-03-31.pdf,9f5486bb7d2a7e590622bc8cf3cf8eb942c00debd0e460a82a816b60fa295427,4,35,matched,-1.24795187701348,2020-01-01,2020-12-31,2022-02-15,WDI-202202,https://api.worldbank.org/v2/sources/57/country/GRC;ROU;POL;ITA;IRL;BGR/series/FP.CPI.TOTL.ZG/time/YR2018;YR2019;YR2020;YR2021;YR2022;YR2023;YR2024;YR2025/version/202202/data?format=json&per_page=1000,percent_annual_change,A,,cpi_202202.json,95ed0074fba0a2c4103a609664b64de192224526a3e77f88959b4a460c3a3161,,459,no_verified_historical_match,,,,,,,,,,,,,,matched,1.8,2021-10-01,2021-12-31,2022-03-17,Eurostat-2022-03-17,https://ec.europa.eu/eurostat/documents/2995521/14358242/3-17032022-BP-EN.pdf/3e6f6746-aa8d-b25c-7696-3912bf7ebd2c,percent_total_posts,Q,B-F,vacancies_2022-03-17.pdf,f4fbd74c61a2ebc7ddac7505031b036ad7ab671f4c7375ecd83c4068c6843a70,4,94
ACP002158,2159,IE,Finance,2023-01-31,,,2024-01-31,2023,retained,Senior Leader,Senior Leader,2023-01-31,true,matched,4.4,2022-11-01,2022-11-30,2023-01-09,Eurostat-2023-01-09,https://ec.europa.eu/eurostat/documents/2995521/15725152/3-09012023-AP-EN.pdf,percent_labour_force,M,,unemployment_2023-01-09.pdf,b93b1c7cd2615570b2f70b4d5d6ead7dcdbaa61f2434ade3eab3738c4f044826,4,62,matched,2.35814296241712,2021-01-01,2021-12-31,2022-12-22,WDI-202212,https://api.worldbank.org/v2/sources/57/country/GRC;ROU;POL;ITA;IRL;BGR/series/FP.CPI.TOTL.ZG/time/YR2018;YR2019;YR2020;YR2021;YR2022;YR2023;YR2024;YR2025/version/202212/data?format=json&per_page=1000,percent_annual_change,A,,cpi_202212.json,9f9c53886164cc2ac3b8d887dc4a8b473bb32591611378a714bb37f361134272,,396,no_verified_historical_match,,,,,,,,,,,,,,matched,1.2,2022-04-01,2022-06-30,2022-09-16,Eurostat-2022-09-16,https://ec.europa.eu/eurostat/documents/2995521/14698147/3-16092022-BP-EN.pdf/ce89f62d-6e8e-e5ec-d542-203a42943b9c,percent_total_posts,Q,B-F,vacancies_2022-09-16.pdf,821390436d37d5c9ff098660d4be3edadbaaea98de5a07e86717696c7b2ed498,4,215
ACP002160,2161,GR,Digital,2022-10-14,,,2023-10-14,2022,retained,Senior Leader,Senior Leader,2022-10-14,true,stale,,,,,,,,,,,,,228,matched,1.22382501019855,2021-01-01,2021-12-31,2022-09-16,WDI-202209,https://api.worldbank.org/v2/sources/57/country/GRC;ROU;POL;ITA;IRL;BGR/series/FP.CPI.TOTL.ZG/time/YR2018;YR2019;YR2020;YR2021;YR2022;YR2023;YR2024;YR2025/version/202209/data?format=json&per_page=1000,percent_annual_change,A,,cpi_202209.json,8ab4e907a1d5a14b0333cddb83037df8a4527ce02dae1c134f1b8e624b35d4f7,,287,no_verified_historical_match,,,,,,,,,,,,,,matched,0.7,2022-04-01,2022-06-30,2022-09-16,Eurostat-2022-09-16,https://ec.europa.eu/eurostat/documents/2995521/14698147/3-16092022-BP-EN.pdf/ce89f62d-6e8e-e5ec-d542-203a42943b9c,percent_total_posts,Q,B-F,vacancies_2022-09-16.pdf,821390436d37d5c9ff098660d4be3edadbaaea98de5a07e86717696c7b2ed498,4,106
ACP002163,2164,IT,Supply Chain,2021-09-06,,,2022-09-06,2021,retained,Senior Leader,Senior Leader,2021-09-06,true,matched,9.3,2021-07-01,2021-07-31,2021-09-01,Eurostat-2021-09-01,https://ec.europa.eu/eurostat/documents/2995521/11563247/3-01092021-AP-EN.pdf,percent_labour_force,M,,unemployment_2021-09-01.pdf,6819f5d932eb306f8eb6356a683481f6060650786d798fc033872c283629faa2,4,37,matched,-0.13770757391657,2020-01-01,2020-12-31,2021-07-01,WDI-202107,https://api.worldbank.org/v2/sources/57/country/GRC;ROU;POL;ITA;IRL;BGR/series/FP.CPI.TOTL.ZG/time/YR2018;YR2019;YR2020;YR2021;YR2022;YR2023;YR2024;YR2025/version/202107/data?format=json&per_page=1000,percent_annual_change,A,,cpi_202107.json,9c42a329eb3ace68b7b350d03bc69c7c92d48b227e9ccfac7f630ea38b82453f,,249,no_verified_historical_match,,,,,,,,,,,,,,no_verified_historical_match,,,,,,,,,,,,,
ACP002164,2165,BG,Digital,2022-09-24,,,2023-09-24,2022,retained,Senior Leader,Senior Leader,2022-09-24,true,stale,,,,,,,,,,,,,208,matched,3.29774435299511,2021-01-01,2021-12-31,2022-09-16,WDI-202209,https://api.worldbank.org/v2/sources/57/country/GRC;ROU;POL;ITA;IRL;BGR/series/FP.CPI.TOTL.ZG/time/YR2018;YR2019;YR2020;YR2021;YR2022;YR2023;YR2024;YR2025/version/202209/data?format=json&per_page=1000,percent_annual_change,A,,cpi_202209.json,8ab4e907a1d5a14b0333cddb83037df8a4527ce02dae1c134f1b8e624b35d4f7,,267,no_verified_historical_match,,,,,,,,,,,,,,matched,0.8,2022-04-01,2022-06-30,2022-09-16,Eurostat-2022-09-16,https://ec.europa.eu/eurostat/documents/2995521/14698147/3-16092022-BP-EN.pdf/ce89f62d-6e8e-e5ec-d542-203a42943b9c,percent_total_posts,Q,B-F,vacancies_2022-09-16.pdf,821390436d37d5c9ff098660d4be3edadbaaea98de5a07e86717696c7b2ed498,4,86
ACP002165,2166,BG,Sales,2021-07-01,,,2022-07-01,2021,retained,Senior Leader,Senior Leader,2021-07-01,true,no_verified_historical_match,,,,,,,,,,,,,,matched,1.67341201429255,2020-01-01,2020-12-31,2021-05-25,WDI-202105,https://api.worldbank.org/v2/sources/57/country/GRC;ROU;POL;ITA;IRL;BGR/series/FP.CPI.TOTL.ZG/time/YR2018;YR2019;YR2020;YR2021;YR2022;YR2023;YR2024;YR2025/version/202105/data?format=json&per_page=1000,percent_annual_change,A,,cpi_202105.json,a8ec151a5888a7d3004bf9ae7f3417e50c5750f9df29d9d7bb93a2278c59a9f3,,182,no_verified_historical_match,,,,,,,,,,,,,,no_verified_historical_match,,,,,,,,,,,,,
ACP002170,2171,IE,Digital,2021-02-23,,,2022-02-23,2021,retained,Senior Leader,Senior Leader,2021-02-23,true,no_verified_historical_match,,,,,,,,,,,,,,matched,0.939044481054341,2019-01-01,2019-12-31,2021-02-17,WDI-202102,https://api.worldbank.org/v2/sources/57/country/GRC;ROU;POL;ITA;IRL;BGR/series/FP.CPI.TOTL.ZG/time/YR2018;YR2019;YR2020;YR2021;YR2022;YR2023;YR2024;YR2025/version/202102/data?format=json&per_page=1000,percent_annual_change,A,,cpi_202102.json,9780f666dc925db5eab6033f7d8e9cc0ea22ac804694e5d7506eb884486ba56d,,420,no_verified_historical_match,,,,,,,,,,,,,,no_verified_historical_match,,,,,,,,,,,,,
ACP002187,2188,BG,Supply Chain,2024-11-01,,,2025-11-01,2024,retained,Senior Leader,Senior Leader,2024-11-01,true,matched,4.0,2024-09-01,2024-09-30,2024-10-31,Eurostat-2024-10-31,https://ec.europa.eu/eurostat/web/products-euro-indicators/w/3-31102024-bp,percent_labour_force,M,,unemployment_20241031_bp.html,1452c8c1b4e8d641e572917734b810fc284e176473a532eb85adedde19625149,,32,matched,9.44284140088564,2023-01-01,2023-12-31,2024-10-24,WDI-202410,https://api.worldbank.org/v2/sources/57/country/GRC;ROU;POL;ITA;IRL;BGR/series/FP.CPI.TOTL.ZG/time/YR2018;YR2019;YR2020;YR2021;YR2022;YR2023;YR2024;YR2025/version/202410/data?format=json&per_page=1000,percent_annual_change,A,,cpi_202410.json,7a979aa1593c234d11d26b1e10d9bf48821b19bb0c6d984d799a71d6658deb99,,306,no_verified_historical_match,,,,,,,,,,,,,,matched,0.7,2024-04-01,2024-06-30,2024-09-13,Eurostat-2024-09-13,https://ec.europa.eu/eurostat/en/web/products-euro-indicators/w/3-13092024-bp,percent_total_posts,Q,B-F,vacancies_20240913_bp.html,03eb21dd31fb35ca93563864769d20dd8f8cfcab355a0857e1a514d915014846,,124
ACP002190,2191,BG,Supply Chain,2022-04-25,,seniority_mapping_assumed,2023-04-25,2022,retained,Senior Leader,Sr Mgmt,2022-04-25,true,matched,4.4,2022-02-01,2022-02-28,2022-03-31,Eurostat-2022-03-31,https://ec.europa.eu/eurostat/documents/2995521/14358254/3-31032022-AP-EN.pdf,percent_labour_force,M,,unemployment_2022-03-31.pdf,9f5486bb7d2a7e590622bc8cf3cf8eb942c00debd0e460a82a816b60fa295427,4,56,matched,1.67244096855762,2020-01-01,2020-12-31,2022-02-15,WDI-202202,https://api.worldbank.org/v2/sources/57/country/GRC;ROU;POL;ITA;IRL;BGR/series/FP.CPI.TOTL.ZG/time/YR2018;YR2019;YR2020;YR2021;YR2022;YR2023;YR2024;YR2025/version/202202/data?format=json&per_page=1000,percent_annual_change,A,,cpi_202202.json,95ed0074fba0a2c4103a609664b64de192224526a3e77f88959b4a460c3a3161,,480,no_verified_historical_match,,,,,,,,,,,,,,matched,0.6,2021-10-01,2021-12-31,2022-03-17,Eurostat-2022-03-17,https://ec.europa.eu/eurostat/documents/2995521/14358242/3-17032022-BP-EN.pdf/3e6f6746-aa8d-b25c-7696-3912bf7ebd2c,percent_total_posts,Q,B-F,vacancies_2022-03-17.pdf,f4fbd74c61a2ebc7ddac7505031b036ad7ab671f4c7375ecd83c4068c6843a70,4,115
ACP002191,2192,IT,Digital,2020-08-08,,,2021-08-08,2020,outside_objective_hire_period,Senior Leader,Senior Leader,2020-08-08,false,outside_metric_population,,,,,,,,,,,,,,outside_metric_population,,,,,,,,,,,,,,outside_metric_population,,,,,,,,,,,,,,outside_metric_population,,,,,,,,,,,,,
ACP002202,2203,GR,Finance,2025-02-17,2025-07-30,,2026-02-17,2025,pending_observation,Senior Leader,Senior Leader,2025-02-17,false,outside_metric_population,,,,,,,,,,,,,,outside_metric_population,,,,,,,,,,,,,,outside_metric_population,,,,,,,,,,,,,,outside_metric_population,,,,,,,,,,,,,
ACP002217,2218,BG,Finance,2022-01-25,,,2023-01-25,2022,retained,Senior Leader,Senior Leader,2022-01-25,true,stale,,,,,,,,,,,,,178,matched,1.67244096855762,2020-01-01,2020-12-31,2021-12-16,WDI-202112,https://api.worldbank.org/v2/sources/57/country/GRC;ROU;POL;ITA;IRL;BGR/series/FP.CPI.TOTL.ZG/time/YR2018;YR2019;YR2020;YR2021;YR2022;YR2023;YR2024;YR2025/version/202112/data?format=json&per_page=1000,percent_annual_change,A,,cpi_202112.json,d6b51a93d682aa37bb09bf2fda0951e15c0558aa1a654f4e1ef4ef0687a87340,,390,no_verified_historical_match,,,,,,,,,,,,,,matched,0.8,2021-04-01,2021-06-30,2021-09-16,Eurostat-2021-09-16,https://ec.europa.eu/eurostat/documents/2995521/11563271/3-16092021-BP-EN.pdf/7b7d4725-1228-b221-33bb-85562d6c58fe,percent_total_posts,Q,B-F,vacancies_2021-09-16.pdf,2ab7593d12beeaafcc0c7614a5c75a1abca9a78ead0f3e3b9ba84a8b972ad51c,4,209
ACP002223,2224,BG,Supply Chain,2022-02-04,,,2023-02-04,2022,retained,Senior Leader,Senior Leader,2022-02-04,true,stale,,,,,,,,,,,,,188,matched,1.67244096855762,2020-01-01,2020-12-31,2021-12-16,WDI-202112,https://api.worldbank.org/v2/sources/57/country/GRC;ROU;POL;ITA;IRL;BGR/series/FP.CPI.TOTL.ZG/time/YR2018;YR2019;YR2020;YR2021;YR2022;YR2023;YR2024;YR2025/version/202112/data?format=json&per_page=1000,percent_annual_change,A,,cpi_202112.json,d6b51a93d682aa37bb09bf2fda0951e15c0558aa1a654f4e1ef4ef0687a87340,,400,no_verified_historical_match,,,,,,,,,,,,,,matched,0.8,2021-04-01,2021-06-30,2021-09-16,Eurostat-2021-09-16,https://ec.europa.eu/eurostat/documents/2995521/11563271/3-16092021-BP-EN.pdf/7b7d4725-1228-b221-33bb-85562d6c58fe,percent_total_posts,Q,B-F,vacancies_2021-09-16.pdf,2ab7593d12beeaafcc0c7614a5c75a1abca9a78ead0f3e3b9ba84a8b972ad51c,4,219
ACP002227,2228,IT,Digital,2024-04-14,2025-04-15,,2025-04-14,2024,retained,Senior Leader,Senior Leader,2024-04-14,true,matched,7.5,2024-02-01,2024-02-29,2024-04-03,Eurostat-2024-04-03,https://ec.europa.eu/eurostat/web/products-euro-indicators/w/3-03042024-bp,percent_labour_force,M,,unemployment_20240403_bp.html,aba9a09ce0c365d75882f063afe6f73cf7c507a6100852333139be60deb34956,,45,matched,8.20128991161718,2022-01-01,2022-12-31,2024-03-28,WDI-202403,https://api.worldbank.org/v2/sources/57/country/GRC;ROU;POL;ITA;IRL;BGR/series/FP.CPI.TOTL.ZG/time/YR2018;YR2019;YR2020;YR2021;YR2022;YR2023;YR2024;YR2025/version/202403/data?format=json&per_page=1000,percent_annual_change,A,,cpi_202403.json,0ca0709cbe1784e8236d24121a36ec2e0254b7cfb5a77654180fa00becf26527,,470,no_verified_historical_match,,,,,,,,,,,,,,matched,2.0,2023-10-01,2023-12-31,2024-03-15,Eurostat-2024-03-15,https://ec.europa.eu/eurostat/en/web/products-euro-indicators/w/3-15032024-ap,percent_total_posts,Q,B-F,vacancies_20240315_ap.html,c0549d20c8f89be00d83d0a6fb1b35f1975e90f54db1bfe1968979b6be479175,,105
ACP002228,2229,IT,Digital,2023-07-04,,,2024-07-04,2023,retained,Senior Leader,Senior Leader,2023-07-04,true,matched,7.6,2023-05-01,2023-05-31,2023-06-30,Eurostat-2023-06-30,https://ec.europa.eu/eurostat/documents/2995521/17075197/3-30062023-BP-EN.pdf/ee3b1511-c710-4033-fc9a-aaf1c3d60241,percent_labour_force,M,,unemployment_2023-06-30.pdf,e9ca8e37b0db5f88d1d6f478fa6d1ebd3fe3db197cfcee4404a66ae66f35df0e,4,34,matched,1.87378325762491,2021-01-01,2021-12-31,2023-03-02,WDI-202303,https://api.worldbank.org/v2/sources/57/country/GRC;ROU;POL;ITA;IRL;BGR/series/FP.CPI.TOTL.ZG/time/YR2018;YR2019;YR2020;YR2021;YR2022;YR2023;YR2024;YR2025/version/202303/data?format=json&per_page=1000,percent_annual_change,A,,cpi_202303.json,c8515a665f59a521fe4b854c474869a12e16189c06f0fe994a9f3886a3e5ff97,,550,no_verified_historical_match,,,,,,,,,,,,,,matched,2.1,2022-10-01,2022-12-31,2023-03-20,Eurostat-2023-03-20,https://ec.europa.eu/eurostat/documents/2995521/16310170/3-20032023-BP-EN.pdf/94c96dce-5803-33ba-0173-afc9dc21e074,percent_total_posts,Q,B-F,vacancies_2023-03-20.pdf,110c184f0f29a527b8f679b871555f50dc5172ae010e9fa6055cea6853904180,4,185
ACP002229,2230,PL,Supply Chain,2021-12-06,2022-01-08,,2022-12-06,2021,left_before_milestone,Senior Leader,Senior Leader,2021-12-06,true,stale,,,,,,,,,,,,,128,matched,3.3744697261859,2020-01-01,2020-12-31,2021-09-15,WDI-202109,https://api.worldbank.org/v2/sources/57/country/GRC;ROU;POL;ITA;IRL;BGR/series/FP.CPI.TOTL.ZG/time/YR2018;YR2019;YR2020;YR2021;YR2022;YR2023;YR2024;YR2025/version/202109/data?format=json&per_page=1000,percent_annual_change,A,,cpi_202109.json,bfbad5bb4ffa9e5ada29f2e24bed493bed512c3b4a14f95b02f27519848b2d9c,,340,no_verified_historical_match,,,,,,,,,,,,,,matched,1.4,2021-04-01,2021-06-30,2021-09-16,Eurostat-2021-09-16,https://ec.europa.eu/eurostat/documents/2995521/11563271/3-16092021-BP-EN.pdf/7b7d4725-1228-b221-33bb-85562d6c58fe,percent_total_posts,Q,B-F,vacancies_2021-09-16.pdf,2ab7593d12beeaafcc0c7614a5c75a1abca9a78ead0f3e3b9ba84a8b972ad51c,4,159
ACP002233,2234,PL,Finance,2020-10-29,,,2021-10-29,2020,outside_objective_hire_period,Senior Leader,Senior Leader,2020-10-29,false,outside_metric_population,,,,,,,,,,,,,,outside_metric_population,,,,,,,,,,,,,,outside_metric_population,,,,,,,,,,,,,,outside_metric_population,,,,,,,,,,,,,
ACP002239,2240,GR,Sales,2023-09-28,,,2024-09-28,2023,retained,Senior Leader,Senior Leader,2023-09-28,true,matched,10.8,2023-05-01,2023-05-31,2023-06-30,Eurostat-2023-06-30,https://ec.europa.eu/eurostat/documents/2995521/17075197/3-30062023-BP-EN.pdf/ee3b1511-c710-4033-fc9a-aaf1c3d60241,percent_labour_force,M,,unemployment_2023-06-30.pdf,e9ca8e37b0db5f88d1d6f478fa6d1ebd3fe3db197cfcee4404a66ae66f35df0e,4,120,matched,9.64525981280641,2022-01-01,2022-12-31,2023-09-20,WDI-202309,https://api.worldbank.org/v2/sources/57/country/GRC;ROU;POL;ITA;IRL;BGR/series/FP.CPI.TOTL.ZG/time/YR2018;YR2019;YR2020;YR2021;YR2022;YR2023;YR2024;YR2025/version/202309/data?format=json&per_page=1000,percent_annual_change,A,,cpi_202309.json,6ab34f46a2868e425d4ac98bd90071bae6bb20dd63f784b2142709f4f500be1c,,271,no_verified_historical_match,,,,,,,,,,,,,,matched,1.7,2023-04-01,2023-06-30,2023-09-14,Eurostat-2023-09-14,https://ec.europa.eu/eurostat/documents/2995521/17501484/3-14092023-AP-EN.pdf/ad3c84e2-fbbb-b3a8-b762-5e6996dfa08d,percent_total_posts,Q,B-F,vacancies_2023-09-14.pdf,293207132a798f154862cb18898de43d2f6d1da4efa027811aa9c0b897c7b22e,5,90
ACP002248,2249,BG,Finance,2025-03-24,,,2026-03-24,2025,pending_observation,Senior Leader,Senior Leader,2025-03-24,false,outside_metric_population,,,,,,,,,,,,,,outside_metric_population,,,,,,,,,,,,,,outside_metric_population,,,,,,,,,,,,,,outside_metric_population,,,,,,,,,,,,,
ACP002249,2250,GR,Sales,2021-05-26,,,2022-05-26,2021,retained,Senior Leader,Senior Leader,2021-05-26,true,no_verified_historical_match,,,,,,,,,,,,,,matched,-1.24795187701348,2020-01-01,2020-12-31,2021-05-25,WDI-202105,https://api.worldbank.org/v2/sources/57/country/GRC;ROU;POL;ITA;IRL;BGR/series/FP.CPI.TOTL.ZG/time/YR2018;YR2019;YR2020;YR2021;YR2022;YR2023;YR2024;YR2025/version/202105/data?format=json&per_page=1000,percent_annual_change,A,,cpi_202105.json,a8ec151a5888a7d3004bf9ae7f3417e50c5750f9df29d9d7bb93a2278c59a9f3,,146,no_verified_historical_match,,,,,,,,,,,,,,no_verified_historical_match,,,,,,,,,,,,,
ACP002251,2252,GR,Finance,2025-07-29,,,2026-07-29,2025,pending_observation,Senior Leader,Senior Leader,2025-07-29,false,outside_metric_population,,,,,,,,,,,,,,outside_metric_population,,,,,,,,,,,,,,outside_metric_population,,,,,,,,,,,,,,outside_metric_population,,,,,,,,,,,,,
ACP002254,2255,BG,Sales,2021-01-05,,,2022-01-05,2021,retained,Senior Leader,Senior Leader,2021-01-05,true,no_verified_historical_match,,,,,,,,,,,,,,matched,3.10372944796774,2019-01-01,2019-12-31,2020-12-16,WDI-202012,https://api.worldbank.org/v2/sources/57/country/GRC;ROU;POL;ITA;IRL;BGR/series/FP.CPI.TOTL.ZG/time/YR2018;YR2019;YR2020;YR2021;YR2022;YR2023;YR2024;YR2025/version/202012/data?format=json&per_page=1000,percent_annual_change,A,,cpi_202012.json,8ae40812de40275b0e50fbcfb8cfe94f4169ebfed5f5a0a1f3c7428328b36786,,371,no_verified_historical_match,,,,,,,,,,,,,,no_verified_historical_match,,,,,,,,,,,,,
ACP002279,2280,PL,Supply Chain,2025-11-28,,,2026-11-28,2025,pending_observation,Senior Leader,Senior Leader,2025-11-28,false,outside_metric_population,,,,,,,,,,,,,,outside_metric_population,,,,,,,,,,,,,,outside_metric_population,,,,,,,,,,,,,,outside_metric_population,,,,,,,,,,,,,
ACP002290,2291,GR,Digital,2025-09-05,,,2026-09-05,2025,pending_observation,Senior Leader,Senior Leader,2025-09-05,false,outside_metric_population,,,,,,,,,,,,,,outside_metric_population,,,,,,,,,,,,,,outside_metric_population,,,,,,,,,,,,,,outside_metric_population,,,,,,,,,,,,,
ACP002291,2292,IE,Sales,2022-12-09,2024-03-22,,2023-12-09,2022,retained,Senior Leader,Senior Leader,2022-12-09,true,stale,,,,,,,,,,,,,284,matched,2.35814296241712,2021-01-01,2021-12-31,2022-09-16,WDI-202209,https://api.worldbank.org/v2/sources/57/country/GRC;ROU;POL;ITA;IRL;BGR/series/FP.CPI.TOTL.ZG/time/YR2018;YR2019;YR2020;YR2021;YR2022;YR2023;YR2024;YR2025/version/202209/data?format=json&per_page=1000,percent_annual_change,A,,cpi_202209.json,8ab4e907a1d5a14b0333cddb83037df8a4527ce02dae1c134f1b8e624b35d4f7,,343,no_verified_historical_match,,,,,,,,,,,,,,matched,1.2,2022-04-01,2022-06-30,2022-09-16,Eurostat-2022-09-16,https://ec.europa.eu/eurostat/documents/2995521/14698147/3-16092022-BP-EN.pdf/ce89f62d-6e8e-e5ec-d542-203a42943b9c,percent_total_posts,Q,B-F,vacancies_2022-09-16.pdf,821390436d37d5c9ff098660d4be3edadbaaea98de5a07e86717696c7b2ed498,4,162
ACP002294,2295,IT,Sales,2024-06-12,,,2025-06-12,2024,retained,Senior Leader,Senior Leader,2024-06-12,true,matched,6.9,2024-04-01,2024-04-30,2024-05-30,Eurostat-2024-05-30,https://ec.europa.eu/eurostat/web/products-euro-indicators/w/3-30052024-ap,percent_labour_force,M,,unemployment_20240530_ap.html,c25134b8ce4fe35b52fdb84a024bb2d0ce7f8213af3260482f66b31ff9f26fa5,,43,matched,8.20128991161718,2022-01-01,2022-12-31,2024-05-30,WDI-202405,https://api.worldbank.org/v2/sources/57/country/GRC;ROU;POL;ITA;IRL;BGR/series/FP.CPI.TOTL.ZG/time/YR2018;YR2019;YR2020;YR2021;YR2022;YR2023;YR2024;YR2025/version/202405/data?format=json&per_page=1000,percent_annual_change,A,,cpi_202405.json,07955449417718a49e2c4ed6d0d186a3d771aab77d70556bee4b1943cc5e88be,,529,no_verified_historical_match,,,,,,,,,,,,,,matched,2.0,2023-10-01,2023-12-31,2024-03-15,Eurostat-2024-03-15,https://ec.europa.eu/eurostat/en/web/products-euro-indicators/w/3-15032024-ap,percent_total_posts,Q,B-F,vacancies_20240315_ap.html,c0549d20c8f89be00d83d0a6fb1b35f1975e90f54db1bfe1968979b6be479175,,164
ACP002297,2298,BG,Sales,2023-06-03,2023-09-10,,2024-06-03,2023,left_before_milestone,Senior Leader,Senior Leader,2023-06-03,true,matched,3.8,2023-02-01,2023-02-28,2023-03-31,Eurostat-2023-03-31,https://ec.europa.eu/eurostat/documents/2995521/16324762/3-31032023-BP-EN.pdf/4cb7a93a-bb55-923d-ec95-5fcb8073271c,percent_labour_force,M,,unemployment_2023-03-31.pdf,88c1b83fbbf202a433de6b307b3233e1382f223da32f1ba84835c6f57f525409,4,95,matched,3.29774435299511,2021-01-01,2021-12-31,2023-03-02,WDI-202303,https://api.worldbank.org/v2/sources/57/country/GRC;ROU;POL;ITA;IRL;BGR/series/FP.CPI.TOTL.ZG/time/YR2018;YR2019;YR2020;YR2021;YR2022;YR2023;YR2024;YR2025/version/202303/data?format=json&per_page=1000,percent_annual_change,A,,cpi_202303.json,c8515a665f59a521fe4b854c474869a12e16189c06f0fe994a9f3886a3e5ff97,,519,no_verified_historical_match,,,,,,,,,,,,,,matched,0.6,2022-10-01,2022-12-31,2023-03-20,Eurostat-2023-03-20,https://ec.europa.eu/eurostat/documents/2995521/16310170/3-20032023-BP-EN.pdf/94c96dce-5803-33ba-0173-afc9dc21e074,percent_total_posts,Q,B-F,vacancies_2023-03-20.pdf,110c184f0f29a527b8f679b871555f50dc5172ae010e9fa6055cea6853904180,4,154
ACP002305,2306,GR,Finance,2022-04-24,,,2023-04-24,2022,retained,Senior Leader,Senior Leader,2022-04-24,true,matched,11.9,2022-02-01,2022-02-28,2022-03-31,Eurostat-2022-03-31,https://ec.europa.eu/eurostat/documents/2995521/14358254/3-31032022-AP-EN.pdf,percent_labour_force,M,,unemployment_2022-03-31.pdf,9f5486bb7d2a7e590622bc8cf3cf8eb942c00debd0e460a82a816b60fa295427,4,55,matched,-1.24795187701348,2020-01-01,2020-12-31,2022-02-15,WDI-202202,https://api.worldbank.org/v2/sources/57/country/GRC;ROU;POL;ITA;IRL;BGR/series/FP.CPI.TOTL.ZG/time/YR2018;YR2019;YR2020;YR2021;YR2022;YR2023;YR2024;YR2025/version/202202/data?format=json&per_page=1000,percent_annual_change,A,,cpi_202202.json,95ed0074fba0a2c4103a609664b64de192224526a3e77f88959b4a460c3a3161,,479,no_verified_historical_match,,,,,,,,,,,,,,matched,1.8,2021-10-01,2021-12-31,2022-03-17,Eurostat-2022-03-17,https://ec.europa.eu/eurostat/documents/2995521/14358242/3-17032022-BP-EN.pdf/3e6f6746-aa8d-b25c-7696-3912bf7ebd2c,percent_total_posts,Q,B-F,vacancies_2022-03-17.pdf,f4fbd74c61a2ebc7ddac7505031b036ad7ab671f4c7375ecd83c4068c6843a70,4,114
ACP002308,2309,GR,Sales,2024-06-04,2025-02-10,,2025-06-04,2024,left_before_milestone,Senior Leader,Senior Leader,2024-06-04,true,matched,10.8,2024-04-01,2024-04-30,2024-05-30,Eurostat-2024-05-30,https://ec.europa.eu/eurostat/web/products-euro-indicators/w/3-30052024-ap,percent_labour_force,M,,unemployment_20240530_ap.html,c25134b8ce4fe35b52fdb84a024bb2d0ce7f8213af3260482f66b31ff9f26fa5,,35,matched,9.64525981280632,2022-01-01,2022-12-31,2024-05-30,WDI-202405,https://api.worldbank.org/v2/sources/57/country/GRC;ROU;POL;ITA;IRL;BGR/series/FP.CPI.TOTL.ZG/time/YR2018;YR2019;YR2020;YR2021;YR2022;YR2023;YR2024;YR2025/version/202405/data?format=json&per_page=1000,percent_annual_change,A,,cpi_202405.json,07955449417718a49e2c4ed6d0d186a3d771aab77d70556bee4b1943cc5e88be,,521,no_verified_historical_match,,,,,,,,,,,,,,matched,2.2,2023-10-01,2023-12-31,2024-03-15,Eurostat-2024-03-15,https://ec.europa.eu/eurostat/en/web/products-euro-indicators/w/3-15032024-ap,percent_total_posts,Q,B-F,vacancies_20240315_ap.html,c0549d20c8f89be00d83d0a6fb1b35f1975e90f54db1bfe1968979b6be479175,,156
ACP002313,2314,RO,Supply Chain,2022-10-31,,,2023-10-31,2022,retained,Senior Leader,Senior Leader,2022-10-31,true,stale,,,,,,,,,,,,,245,matched,5.05232876096582,2021-01-01,2021-12-31,2022-09-16,WDI-202209,https://api.worldbank.org/v2/sources/57/country/GRC;ROU;POL;ITA;IRL;BGR/series/FP.CPI.TOTL.ZG/time/YR2018;YR2019;YR2020;YR2021;YR2022;YR2023;YR2024;YR2025/version/202209/data?format=json&per_page=1000,percent_annual_change,A,,cpi_202209.json,8ab4e907a1d5a14b0333cddb83037df8a4527ce02dae1c134f1b8e624b35d4f7,,304,no_verified_historical_match,,,,,,,,,,,,,,matched,0.9,2022-04-01,2022-06-30,2022-09-16,Eurostat-2022-09-16,https://ec.europa.eu/eurostat/documents/2995521/14698147/3-16092022-BP-EN.pdf/ce89f62d-6e8e-e5ec-d542-203a42943b9c,percent_total_posts,Q,B-F,vacancies_2022-09-16.pdf,821390436d37d5c9ff098660d4be3edadbaaea98de5a07e86717696c7b2ed498,4,123
ACP002319,2320,IT,Finance,2022-08-10,,,2023-08-10,2022,retained,Senior Leader,Senior Leader,2022-08-10,true,stale,,,,,,,,,,,,,163,matched,1.87378325762491,2021-01-01,2021-12-31,2022-07-01,WDI-202207,https://api.worldbank.org/v2/sources/57/country/GRC;ROU;POL;ITA;IRL;BGR/series/FP.CPI.TOTL.ZG/time/YR2018;YR2019;YR2020;YR2021;YR2022;YR2023;YR2024;YR2025/version/202207/data?format=json&per_page=1000,percent_annual_change,A,,cpi_202207.json,fcc394a0d05bfd87e45fc547aef5880c30345f851b8fb0eaa8012bebe91815eb,,222,no_verified_historical_match,,,,,,,,,,,,,,matched,1.9,2021-10-01,2021-12-31,2022-03-17,Eurostat-2022-03-17,https://ec.europa.eu/eurostat/documents/2995521/14358242/3-17032022-BP-EN.pdf/3e6f6746-aa8d-b25c-7696-3912bf7ebd2c,percent_total_posts,Q,B-F,vacancies_2022-03-17.pdf,f4fbd74c61a2ebc7ddac7505031b036ad7ab671f4c7375ecd83c4068c6843a70,4,222
ACP002325,2326,GR,Supply Chain,2023-06-15,,,2024-06-15,2023,retained,Senior Leader,Senior Leader,2023-06-15,true,matched,11.4,2023-02-01,2023-02-28,2023-03-31,Eurostat-2023-03-31,https://ec.europa.eu/eurostat/documents/2995521/16324762/3-31032023-BP-EN.pdf/4cb7a93a-bb55-923d-ec95-5fcb8073271c,percent_labour_force,M,,unemployment_2023-03-31.pdf,88c1b83fbbf202a433de6b307b3233e1382f223da32f1ba84835c6f57f525409,4,107,matched,1.22382501019855,2021-01-01,2021-12-31,2023-03-02,WDI-202303,https://api.worldbank.org/v2/sources/57/country/GRC;ROU;POL;ITA;IRL;BGR/series/FP.CPI.TOTL.ZG/time/YR2018;YR2019;YR2020;YR2021;YR2022;YR2023;YR2024;YR2025/version/202303/data?format=json&per_page=1000,percent_annual_change,A,,cpi_202303.json,c8515a665f59a521fe4b854c474869a12e16189c06f0fe994a9f3886a3e5ff97,,531,no_verified_historical_match,,,,,,,,,,,,,,matched,1.7,2022-10-01,2022-12-31,2023-03-20,Eurostat-2023-03-20,https://ec.europa.eu/eurostat/documents/2995521/16310170/3-20032023-BP-EN.pdf/94c96dce-5803-33ba-0173-afc9dc21e074,percent_total_posts,Q,B-F,vacancies_2023-03-20.pdf,110c184f0f29a527b8f679b871555f50dc5172ae010e9fa6055cea6853904180,4,166
ACP002326,2327,GR,Digital,2024-10-20,,,2025-10-20,2024,retained,Senior Leader,Senior Leader,2024-10-20,true,matched,9.5,2024-08-01,2024-08-31,2024-10-02,Eurostat-2024-10-02,https://ec.europa.eu/eurostat/web/products-euro-indicators/w/3-02102024-ap,percent_labour_force,M,,unemployment_20241002_ap.html,578899fb227bd5ad5295164be76d1630311178fd1e65ec08a90318b109c49680,,50,matched,3.46480128513405,2023-01-01,2023-12-31,2024-09-19,WDI-202409,https://api.worldbank.org/v2/sources/57/country/GRC;ROU;POL;ITA;IRL;BGR/series/FP.CPI.TOTL.ZG/time/YR2018;YR2019;YR2020;YR2021;YR2022;YR2023;YR2024;YR2025/version/202409/data?format=json&per_page=1000,percent_annual_change,A,,cpi_202409.json,88235d805dd49613431794b01d7a805fc71b43f46cf1e889f76362ccba6aef36,,294,no_verified_historical_match,,,,,,,,,,,,,,matched,2.2,2024-04-01,2024-06-30,2024-09-13,Eurostat-2024-09-13,https://ec.europa.eu/eurostat/en/web/products-euro-indicators/w/3-13092024-bp,percent_total_posts,Q,B-F,vacancies_20240913_bp.html,03eb21dd31fb35ca93563864769d20dd8f8cfcab355a0857e1a514d915014846,,112
ACP002327,2328,RO,Supply Chain,2023-01-21,,,2024-01-21,2023,retained,Senior Leader,Senior Leader,2023-01-21,true,matched,5.4,2022-11-01,2022-11-30,2023-01-09,Eurostat-2023-01-09,https://ec.europa.eu/eurostat/documents/2995521/15725152/3-09012023-AP-EN.pdf,percent_labour_force,M,,unemployment_2023-01-09.pdf,b93b1c7cd2615570b2f70b4d5d6ead7dcdbaa61f2434ade3eab3738c4f044826,4,52,matched,5.05232876096582,2021-01-01,2021-12-31,2022-12-22,WDI-202212,https://api.worldbank.org/v2/sources/57/country/GRC;ROU;POL;ITA;IRL;BGR/series/FP.CPI.TOTL.ZG/time/YR2018;YR2019;YR2020;YR2021;YR2022;YR2023;YR2024;YR2025/version/202212/data?format=json&per_page=1000,percent_annual_change,A,,cpi_202212.json,9f9c53886164cc2ac3b8d887dc4a8b473bb32591611378a714bb37f361134272,,386,no_verified_historical_match,,,,,,,,,,,,,,matched,0.9,2022-04-01,2022-06-30,2022-09-16,Eurostat-2022-09-16,https://ec.europa.eu/eurostat/documents/2995521/14698147/3-16092022-BP-EN.pdf/ce89f62d-6e8e-e5ec-d542-203a42943b9c,percent_total_posts,Q,B-F,vacancies_2022-09-16.pdf,821390436d37d5c9ff098660d4be3edadbaaea98de5a07e86717696c7b2ed498,4,205
ACP002354,2355,GR,Finance,2023-06-24,,,2024-06-24,2023,retained,Senior Leader,Senior Leader,2023-06-24,true,matched,11.4,2023-02-01,2023-02-28,2023-03-31,Eurostat-2023-03-31,https://ec.europa.eu/eurostat/documents/2995521/16324762/3-31032023-BP-EN.pdf/4cb7a93a-bb55-923d-ec95-5fcb8073271c,percent_labour_force,M,,unemployment_2023-03-31.pdf,88c1b83fbbf202a433de6b307b3233e1382f223da32f1ba84835c6f57f525409,4,116,matched,1.22382501019855,2021-01-01,2021-12-31,2023-03-02,WDI-202303,https://api.worldbank.org/v2/sources/57/country/GRC;ROU;POL;ITA;IRL;BGR/series/FP.CPI.TOTL.ZG/time/YR2018;YR2019;YR2020;YR2021;YR2022;YR2023;YR2024;YR2025/version/202303/data?format=json&per_page=1000,percent_annual_change,A,,cpi_202303.json,c8515a665f59a521fe4b854c474869a12e16189c06f0fe994a9f3886a3e5ff97,,540,no_verified_historical_match,,,,,,,,,,,,,,matched,1.7,2022-10-01,2022-12-31,2023-03-20,Eurostat-2023-03-20,https://ec.europa.eu/eurostat/documents/2995521/16310170/3-20032023-BP-EN.pdf/94c96dce-5803-33ba-0173-afc9dc21e074,percent_total_posts,Q,B-F,vacancies_2023-03-20.pdf,110c184f0f29a527b8f679b871555f50dc5172ae010e9fa6055cea6853904180,4,175
ACP002356,2357,RO,Digital,2022-01-26,,,2023-01-26,2022,retained,Senior Leader,Senior Leader,2022-01-26,true,stale,,,,,,,,,,,,,179,matched,2.63107311184752,2020-01-01,2020-12-31,2021-12-16,WDI-202112,https://api.worldbank.org/v2/sources/57/country/GRC;ROU;POL;ITA;IRL;BGR/series/FP.CPI.TOTL.ZG/time/YR2018;YR2019;YR2020;YR2021;YR2022;YR2023;YR2024;YR2025/version/202112/data?format=json&per_page=1000,percent_annual_change,A,,cpi_202112.json,d6b51a93d682aa37bb09bf2fda0951e15c0558aa1a654f4e1ef4ef0687a87340,,391,no_verified_historical_match,,,,,,,,,,,,,,matched,0.7,2021-04-01,2021-06-30,2021-09-16,Eurostat-2021-09-16,https://ec.europa.eu/eurostat/documents/2995521/11563271/3-16092021-BP-EN.pdf/7b7d4725-1228-b221-33bb-85562d6c58fe,percent_total_posts,Q,B-F,vacancies_2021-09-16.pdf,2ab7593d12beeaafcc0c7614a5c75a1abca9a78ead0f3e3b9ba84a8b972ad51c,4,210
ACP002363,2364,IT,Sales,2024-06-19,,,2025-06-19,2024,retained,Senior Leader,Senior Leader,2024-06-19,true,matched,6.9,2024-04-01,2024-04-30,2024-05-30,Eurostat-2024-05-30,https://ec.europa.eu/eurostat/web/products-euro-indicators/w/3-30052024-ap,percent_labour_force,M,,unemployment_20240530_ap.html,c25134b8ce4fe35b52fdb84a024bb2d0ce7f8213af3260482f66b31ff9f26fa5,,50,matched,8.20128991161718,2022-01-01,2022-12-31,2024-05-30,WDI-202405,https://api.worldbank.org/v2/sources/57/country/GRC;ROU;POL;ITA;IRL;BGR/series/FP.CPI.TOTL.ZG/time/YR2018;YR2019;YR2020;YR2021;YR2022;YR2023;YR2024;YR2025/version/202405/data?format=json&per_page=1000,percent_annual_change,A,,cpi_202405.json,07955449417718a49e2c4ed6d0d186a3d771aab77d70556bee4b1943cc5e88be,,536,no_verified_historical_match,,,,,,,,,,,,,,matched,2.4,2024-01-01,2024-03-31,2024-06-14,Eurostat-2024-06-14,https://ec.europa.eu/eurostat/en/web/products-euro-indicators/w/3-14062024-bp,percent_total_posts,Q,B-F,vacancies_20240614_bp.html,96d4319700a8b814eb5de1893e8accb0bd8ab202fcbdca2ec429160702d97c1a,,80
ACP002369,2370,RO,Sales,2025-07-06,,,2026-07-06,2025,pending_observation,Senior Leader,Senior Leader,2025-07-06,false,outside_metric_population,,,,,,,,,,,,,,outside_metric_population,,,,,,,,,,,,,,outside_metric_population,,,,,,,,,,,,,,outside_metric_population,,,,,,,,,,,,,
ACP002382,2383,IE,Supply Chain,2020-02-14,2021-01-16,,2021-02-14,2020,outside_objective_hire_period,Senior Leader,Senior Leader,2020-02-14,false,outside_metric_population,,,,,,,,,,,,,,outside_metric_population,,,,,,,,,,,,,,outside_metric_population,,,,,,,,,,,,,,outside_metric_population,,,,,,,,,,,,,
ACP002384,2385,GR,Supply Chain,2025-06-27,,,2026-06-27,2025,pending_observation,Senior Leader,Senior Leader,2025-06-27,false,outside_metric_population,,,,,,,,,,,,,,outside_metric_population,,,,,,,,,,,,,,outside_metric_population,,,,,,,,,,,,,,outside_metric_population,,,,,,,,,,,,,
ACP002396,2397,RO,Supply Chain,2020-11-22,,,2021-11-22,2020,outside_objective_hire_period,Senior Leader,Senior Leader,2020-11-22,false,outside_metric_population,,,,,,,,,,,,,,outside_metric_population,,,,,,,,,,,,,,outside_metric_population,,,,,,,,,,,,,,outside_metric_population,,,,,,,,,,,,,
